"RESOURCE ID","RESOURCE NAME","RESOURCEBID_SEQ","n_matches","mean_pct_err","score"
"BIGCRK_2_EXESWD","BIG CREEK HYDRO PROJECT PSP",166600,434,0.023337688426183,423.871443223037
"BIGCRK_2_EXESWD","BIG CREEK HYDRO PROJECT PSP",653256,183,0.0310505463763146,177.317750013134
"ELCAJN_6_EB1BT1","Eastern BESS 1",372178,155,0,155
"BIGCRK_2_EXESWD","BIG CREEK HYDRO PROJECT PSP",203842,159,0.031705502185073,153.958825152573
"BIGCRK_2_EXESWD","BIG CREEK HYDRO PROJECT PSP",985335,157,0.0358177561942413,151.376612277504
"OCOTLO_6_OCWSB1","Ocotillo Wells Solar and BESS",729047,129,0.0303030303030303,125.090909090909
"ELCAJN_6_EB1BT1","Eastern BESS 1",981846,108,0.0290215648548982,104.865670995671
"ELCAJN_6_EB1BT1","Eastern BESS 1",185580,101,0.0230178274970354,98.6751994227994
"ELCAJN_6_EB1BT1","Eastern BESS 1",397134,86,0.0113552468203631,85.0234487734488
"HYTTHM_2_UNITS","HYATT-THERMALITO PUMP-GEN (AGGREGATE)",952796,86,0.0194645151090228,84.326051700624
"BUCKCK_7_PL1X2","BUCKS CREEK AGGREGATE",497303,77,0.00016922471467926,76.9869696969697
"BIGCRK_2_EXESWD","BIG CREEK HYDRO PROJECT PSP",201337,77,0.0214931703677757,75.3450258816813
"LCKHT1_2_LH1SR1","Lockhart Solar 1 PV",858777,71,0.0246098717022598,69.2526991091396
"LCKHT1_2_LH1SR1","Lockhart Solar 1 PV",127688,71,0.0246098717022598,69.2526991091396
"LCKHT1_2_LH1SR1","Lockhart Solar 1 PV",140547,71,0.0246098717022598,69.2526991091396
"LCKHT1_2_LH1SR1","Lockhart Solar 1 PV",206601,71,0.0246098717022598,69.2526991091396
"LCKHT1_2_LH1SR1","Lockhart Solar 1 PV",104756,71,0.0246098717022598,69.2526991091396
"LCKHT1_2_LH1SR1","Lockhart Solar 1 PV",690855,71,0.0246098717022598,69.2526991091396
"LCKHT1_2_LH1SR1","Lockhart Solar 1 PV",118774,71,0.0246098717022598,69.2526991091396
"LCKHT1_2_LH1SR1","Lockhart Solar 1 PV",151431,71,0.0246421344841198,69.2504084516275
"LCKHT1_2_LH1SR1","Lockhart Solar 1 PV",327142,66,0.0241721237302251,64.4046398338051
"ELCAJN_6_EB1BT1","Eastern BESS 1",101989,65,0.0228747221770478,63.5131430584919
"ELCAJN_6_EB1BT1","Eastern BESS 1",851181,62,0.0249039938556068,60.4559523809524
"LCKHT1_2_LH1SR1","Lockhart Solar 1 PV",140316,56,0.0261446052370975,54.5359021067225
"ELCAJN_6_EB1BT1","Eastern BESS 1",198136,54,0.0207050562606118,52.881926961927
"LCKHT1_2_LH1SR1","Lockhart Solar 1 PV",178559,52,0.027299365885376,50.5804329739604
"ELCAJN_6_EB1BT1","Eastern BESS 1",463668,51,0.0265538078479255,49.6457557997558
"LCKHT1_2_LH1SR1","Lockhart Solar 1 PV",105576,46,0.0249240597032855,44.8534932536489
"HUMBPP_6_UNITS","Humboldt Bay Generating Station 1",670863,45,0.0251628764597418,43.8676705593116
"LCKHT1_2_LH1SR1","Lockhart Solar 1 PV",655017,45,0.0261822980550836,43.8217965875212
"HYTTHM_2_UNITS","HYATT-THERMALITO PUMP-GEN (AGGREGATE)",723251,45,0.0318993979607592,43.5645270917658
"LCKHT1_2_LH1SR1","Lockhart Solar 1 PV",650623,43,0.0128860758440396,42.4458987387063
"LCKHT1_2_LH1SR1","Lockhart Solar 1 PV",956532,43,0.0153074438503498,42.341779914435
"LCKHT1_2_LH1SR1","Lockhart Solar 1 PV",105870,43,0.0266961106298636,41.8520672429159
"LCKHT1_2_LH1SR1","Lockhart Solar 1 PV",615344,42,0.0252893920952452,40.9378455319997
"LCKHT1_2_LH1SR1","Lockhart Solar 1 PV",157358,42,0.0269588836110379,40.8677268883364
"LCKHT1_2_LH1SR1","Lockhart Solar 1 PV",264638,41,0.0253460824770904,39.9608106184393
"LCKHT1_2_LH1SR1","Lockhart Solar 1 PV",288336,41,0.0257679136830334,39.9435155389956
"DRACKR_2_DSUBT1","Dracker Solar Unit 1 BESS",140316,40,0.0206834302751372,39.1726627889945
"LCKHT1_2_LH1SR1","Lockhart Solar 1 PV",172299,40,0.0216797740994089,39.1328090360236
"DRACKR_2_DSUBT1","Dracker Solar Unit 1 BESS",917893,39,0.0200756612315125,38.217049211971
"HUMBPP_6_UNITS","Humboldt Bay Generating Station 1",854844,39,0.0316391659968796,37.7660725261217
"DRACKR_2_DSUBT1","Dracker Solar Unit 1 BESS",145917,39,0.0317300184765444,37.7625292794148
"ELCAJN_6_EB1BT1","Eastern BESS 1",964607,38,0.0243474063947748,37.0747985569986
"HUMBPP_6_UNITS","Humboldt Bay Generating Station 1",118279,37,0.0243259854814864,36.099938537185
"LCKHT1_2_LH1SR1","Lockhart Solar 1 PV",751688,36,0.0202520649664681,35.2709256612072
"DRACKR_2_DSUBT1","Dracker Solar Unit 1 BESS",131675,36,0.0225563891109409,35.1879699920061
"HUMBPP_6_UNITS","Humboldt Bay Generating Station 1",187185,36,0.030891893737622,34.8878918254456
"HUMBPP_6_UNITS","Humboldt Bay Generating Station 1",581281,35,0.0228817279831416,34.19913952059
"LCKHT1_2_LH1SR1","Lockhart Solar 1 PV",237420,35,0.025663689979802,34.1017708507069
"LCKHT1_2_LH1SR1","Lockhart Solar 1 PV",705142,35,0.0302192634363687,33.9423257797271
"DRACKR_2_DSUBT1","Dracker Solar Unit 1 BESS",237420,34,0.0212397388902827,33.2778488777304
"OCOTLO_6_OCWSB1","Ocotillo Wells Solar and BESS",480008,34,0.0303030303030303,32.969696969697
"HUMBPP_6_UNITS","Humboldt Bay Generating Station 1",905955,33,0.0229945428470321,32.2411800860479
"HUMBPP_6_UNITS","Humboldt Bay Generating Station 1",360176,33,0.0254269803132741,32.160909649662
"ELCAJN_6_EB1BT1","Eastern BESS 1",272597,33,0.0283549783549784,32.0642857142857
"HUMBPP_1_UNITS3","Humboldt Bay Generating Station 3",133308,33,0.0400075948081334,31.6797493713316
"DRACKR_2_DSUBT1","Dracker Solar Unit 1 BESS",236353,32,0.0221934720047409,31.2898088958483
"ELCAJN_6_EB1BT1","Eastern BESS 1",174381,32,0.0261966173361522,31.1617082452431
"HUMBPP_6_UNITS","Humboldt Bay Generating Station 1",131041,32,0.0269322372464659,31.1381684081131
"HUMBPP_6_UNITS","Humboldt Bay Generating Station 1",851143,32,0.032997848801475,30.9440688383528
"HIDSRT_2_UNITS","HIGH DESERT POWER PROJECT AGGREGATE",203842,31,0.0150166528932111,30.5344837603105
"HIDSRT_2_UNITS","HIGH DESERT POWER PROJECT AGGREGATE",166600,31,0.0195658862513017,30.3934575262096
"HUMBPP_1_UNITS3","Humboldt Bay Generating Station 3",236353,31,0.0243802499487809,30.2442122515878
"HUMBPP_6_UNITS","Humboldt Bay Generating Station 1",941221,30,0.0221184183568941,29.3364474492932
"HIDSRT_2_UNITS","HIGH DESERT POWER PROJECT AGGREGATE",723251,29,0.0201307672807874,28.4162077488572
"DRACKR_2_DSUBT1","Dracker Solar Unit 1 BESS",131816,28,0.0300080711392625,27.1597740081006
"HUMBPP_6_UNITS","Humboldt Bay Generating Station 1",152145,27,0.0246795966218216,26.3336508912108
"HUMBPP_6_UNITS","Humboldt Bay Generating Station 1",139204,27,0.032532799138003,26.1216144232739
"SUNCAT_2_A1BBT1","Arlington Solar Unit 1B BESS",615344,26,0.0273483713410988,25.2889423451314
"DRACKR_2_DSUBT1","Dracker Solar Unit 1 BESS",133308,26,0.0366236547656982,25.0477849760918
"ELCAJN_6_EB1BT1","Eastern BESS 1",696630,25,0.008,24.8
"HUMBPP_6_UNITS","Humboldt Bay Generating Station 1",202220,25,0.0234492931776275,24.4137676705593
"OCOTLO_6_OCWSB1","Ocotillo Wells Solar and BESS",710387,25,0.0248775757575758,24.3780606060606
"DVLCYN_1_UNITS","DEVIL CANYON HYDRO UNITS 1-4 AGGREGATE",319098,25,0.025597022556391,24.3600744360902
"HUMBPP_6_UNITS","Humboldt Bay Generating Station 1",754907,25,0.0255980331899201,24.360049170252
"DRACKR_2_DSUBT1","Dracker Solar Unit 1 BESS",907297,25,0.0265244076100072,24.3368898097498
"OCOTLO_6_OCWSB1","Ocotillo Wells Solar and BESS",148758,25,0.0273866666666667,24.3153333333333
"HUMBPP_6_UNITS","Humboldt Bay Generating Station 1",181382,25,0.0287105101413645,24.2822372464659
"HUMBPP_6_UNITS","Humboldt Bay Generating Station 1",896410,24,0.023898791231305,23.4264290104487
"VALTNE_2_TRSBT1","Tropico Solar",650623,23,0.0125,22.7125
"VALTNE_2_TRSBT1","Tropico Solar",858777,23,0.015625,22.640625
"VALTNE_2_TRSBT1","Tropico Solar",127688,23,0.015625,22.640625
"VALTNE_2_TRSBT1","Tropico Solar",206601,23,0.015625,22.640625
"VALTNE_2_TRSBT1","Tropico Solar",104756,23,0.015625,22.640625
"VALTNE_2_TRSBT1","Tropico Solar",690855,23,0.015625,22.640625
"VALTNE_2_TRSBT1","Tropico Solar",118774,23,0.015625,22.640625
"VALTNE_2_TRSBT1","Tropico Solar",956532,23,0.016875,22.611875
"DVLCYN_1_UNITS","DEVIL CANYON HYDRO UNITS 1-4 AGGREGATE",705107,23,0.0213767892062171,22.508333848257
"OCOTLO_6_OCWSB1","Ocotillo Wells Solar and BESS",841533,23,0.0273886693017128,22.3700606060606
"HUMBPP_6_UNITS","Humboldt Bay Generating Station 1",147614,22,0.0257585070123484,21.4333128457283
"HUMBPP_6_UNITS","Humboldt Bay Generating Station 1",182435,22,0.0277327671304315,21.3898791231305
"LCKHT1_2_LH1SR1","Lockhart Solar 1 PV",694071,22,0.027874134320975,21.3867690449385
"HUMBPP_6_UNITS","Humboldt Bay Generating Station 1",389995,21,0.0229753856059942,20.5175169022741
"LCKHT1_2_LH1SR1","Lockhart Solar 1 PV",116825,21,0.0298871255416708,20.3723703636249
"DVLCYN_1_UNITS","DEVIL CANYON HYDRO UNITS 1-4 AGGREGATE",178320,21,0.0310909090909091,20.3470909090909
"LCKHT1_2_LH1SR1","Lockhart Solar 1 PV",131675,21,0.0323261858349578,20.3211500974659
"SUNCAT_2_A1BBT1","Arlington Solar Unit 1B BESS",705142,21,0.0324005016018782,20.3195894663606
"DRACKR_2_DSUBT1","Dracker Solar Unit 1 BESS",858777,21,0.0366054433606039,20.2312856894273
"DRACKR_2_DSUBT1","Dracker Solar Unit 1 BESS",140547,21,0.0366054433606039,20.2312856894273
"DRACKR_2_DSUBT1","Dracker Solar Unit 1 BESS",206601,21,0.0366054433606039,20.2312856894273
"DRACKR_2_DSUBT1","Dracker Solar Unit 1 BESS",104756,21,0.0366054433606039,20.2312856894273
"DRACKR_2_DSUBT1","Dracker Solar Unit 1 BESS",690855,21,0.0366054433606039,20.2312856894273
"DRACKR_2_DSUBT1","Dracker Solar Unit 1 BESS",118774,21,0.0366054433606039,20.2312856894273
"ELCAJN_6_EB1BT1","Eastern BESS 1",950405,21,0.0385714285714285,20.19
"SUNCAT_2_A1BBT1","Arlington Solar Unit 1B BESS",133308,20,0.0187135614506128,19.6257287709877
"DVLCYN_1_UNITS","DEVIL CANYON HYDRO UNITS 1-4 AGGREGATE",289323,20,0.022407561255595,19.5518487748881
"SUNCAT_2_A1BBT1","Arlington Solar Unit 1B BESS",157358,20,0.0271695960690268,19.4566080786195
"OCOTLO_6_OCWSB1","Ocotillo Wells Solar and BESS",917872,20,0.0274568181818182,19.4508636363636
"OCOTLO_6_OCWSB1","Ocotillo Wells Solar and BESS",276632,20,0.0275659090909091,19.4486818181818
"DRACKR_2_DSUBT1","Dracker Solar Unit 1 BESS",127688,20,0.0359357155286341,19.2812856894273
"OCOTLO_6_OCWSB1","Ocotillo Wells Solar and BESS",106763,20,0.0397085983993433,19.2058280320131
"OCOTLO_6_OCWSB1","Ocotillo Wells Solar and BESS",291137,19,0.0139074960127592,18.7357575757576
"HUMBPP_1_UNITS3","Humboldt Bay Generating Station 3",615344,19,0.0166380918491681,18.6838762548658
"JOANEC_2_STABT2","Santa Ana Storage 2",108602,19,0.0174026733500418,18.6693492063492
"OCOTLO_6_OCWSB1","Ocotillo Wells Solar and BESS",111869,19,0.0222488038277512,18.5772727272727
"OBERON_5_O2SSR5","Oberon 2B Solar",118485,19,0.0252284936657535,18.5206586203507
"OCOTLO_6_OCWSB1","Ocotillo Wells Solar and BESS",104155,19,0.0265788213608102,18.4950023941446
"SUNCAT_2_A1BBT1","Arlington Solar Unit 1B BESS",264638,19,0.027266642847641,18.4819337858948
"HUMBPP_6_UNITS","Humboldt Bay Generating Station 1",837024,19,0.0276582667486171,18.4744929317763
"ELCAJN_6_EB1BT1","Eastern BESS 1",829032,19,0.0293373850411794,18.4425896842176
"JOANEC_2_STABT2","Santa Ana Storage 2",197260,18,0.00476190476190476,17.9142857142857
"VALTNE_2_TBBBT1","Tropico Solar Big Beau",594888,18,0.0129895104895105,17.7661888111888
"VALTNE_2_TRSBT1","Tropico Solar",151431,18,0.0138888888888889,17.75
"VALTNE_2_TBBBT1","Tropico Solar Big Beau",261590,18,0.0142890442890443,17.7427972027972
"VALTNE_2_TBBBT1","Tropico Solar Big Beau",713184,18,0.0146789044289044,17.7357797202797
"VALTNE_2_TRSBT1","Tropico Solar",333220,18,0.0149826388888889,17.7303125
"PVERDE_5_SCEDYN","PVERDE_5_SCEDYN",101489,18,0.0154666947178763,17.7215994950782
"VALTNE_2_TBBBT1","Tropico Solar Big Beau",192354,18,0.0155885780885781,17.7194055944056
"SUNCAT_2_A1BBT1","Arlington Solar Unit 1B BESS",237420,18,0.0248172261322081,17.5532899296203
"HUMBPP_1_UNITS3","Humboldt Bay Generating Station 3",694071,18,0.0254842582674122,17.5412833511866
"VALTNE_2_TRSBT1","Tropico Solar",418080,18,0.0305729166666667,17.4496875
"VALTNE_2_TBBBT1","Tropico Solar Big Beau",364184,18,0.0350815850815851,17.3685314685315
"DVLCYN_1_UNITS","DEVIL CANYON HYDRO UNITS 1-4 AGGREGATE",407814,17,0.00481483563324996,16.9181477942348
"BISHOP_1_ALAMO","BISHOP CREEK PLANT 2  AND  6",742900,17,0.00736595942094848,16.8747786898439
"PVERDE_5_SCEDYN","PVERDE_5_SCEDYN",123314,17,0.0191349431545263,16.674705966373
"DRACKR_2_DSUBT1","Dracker Solar Unit 1 BESS",288336,17,0.0224718293676612,16.6179789007498
"VALTNE_2_TRSBT1","Tropico Solar",327142,17,0.0284926470588235,16.515625
"OBERON_5_O2SSR5","Oberon 2B Solar",828735,17,0.0296493091891947,16.4959617437837
"ELCAJN_6_EB1BT1","Eastern BESS 1",967997,17,0.0325581395348839,16.446511627907
"VALTNE_2_TRSBT1","Tropico Solar",261727,17,0.046875,16.203125
"PVERDE_5_SCEDYN","PVERDE_5_SCEDYN",552587,16,0.0158571473326321,15.7462856426779
"SUNCAT_2_A1BBT1","Arlington Solar Unit 1B BESS",172299,16,0.018389319291628,15.705770891334
"PIT3_7_PL1X3","PIT PH 3 UNITS 1, 2 & 3 AGGREGATE",428176,16,0.0196492240188822,15.6856124156979
"HUMBPP_6_UNITS","Humboldt Bay Generating Station 1",131448,16,0.0223417332513829,15.6425322679779
"PVERDE_5_SCEDYN","PVERDE_5_SCEDYN",114630,16,0.0230492992836872,15.631211211461
"HUMBPP_6_UNITS","Humboldt Bay Generating Station 1",140162,16,0.0254302397049785,15.5931161647203
"HUMBPP_6_UNITS","Humboldt Bay Generating Station 1",173313,16,0.0259834050399508,15.5842655193608
"LCKHT1_2_LH1SR1","Lockhart Solar 1 PV",163998,16,0.0261446052370975,15.5816863162064
"VALTNE_2_TBBBT1","Tropico Solar Big Beau",736984,16,0.0317178758741259,15.492513986014
"HAASPH_7_PL1X2","HAAS PH UNIT 1 & 2 AGGREGATE",107633,15,0,15
"SUNSLR_1_SSVSR1","Sunshine Valley Solar 1",345990,15,0.000861800335364354,14.9870729949695
"VALTNE_2_TBBBT1","Tropico Solar Big Beau",774713,15,0.00442307692307686,14.9336538461538
"SUNSLR_1_SSVSR1","Sunshine Valley Solar 1",820471,15,0.00520756262044962,14.9218865606933
"SUNSLR_1_SSVSR1","Sunshine Valley Solar 1",125988,15,0.00520756262044962,14.9218865606933
"SUNSLR_1_SSVSR1","Sunshine Valley Solar 1",699344,15,0.00565568395791956,14.9151647406312
"SUNSLR_1_SSVSR1","Sunshine Valley Solar 1",188521,15,0.00664155090035307,14.9003767364947
"SUNSLR_1_SSVSR1","Sunshine Valley Solar 1",952550,15,0.00717040505325512,14.8924439242012
"ESCNDO_6_EB2BT2","Escondido BESS 2",193527,15,0.00727272727272729,14.8909090909091
"SUNSLR_1_SSVSR1","Sunshine Valley Solar 1",345462,15,0.00923880004272754,14.8614179993591
"SUNSLR_1_SSVSR1","Sunshine Valley Solar 1",383965,15,0.00958359436147124,14.8562460845779
"SUNSLR_1_SSVSR1","Sunshine Valley Solar 1",495058,15,0.0103161458676057,14.8452578119859
"ELCAJN_6_EB1BT1","Eastern BESS 1",179478,15,0.0137367003367003,14.7939494949495
"SUNSLR_1_SSVSR1","Sunshine Valley Solar 1",160461,15,0.0154439850111446,14.7683402248328
"MIRLOM_2_MLBBTB","Mira Loma BESS B",491560,15,0.0163333333333333,14.755
"SUNSLR_1_SSVSR1","Sunshine Valley Solar 1",207585,15,0.0179605940688344,14.7305910889675
"SUNSLR_1_SSVSR1","Sunshine Valley Solar 1",154678,15,0.0182708533172551,14.7259372002412
"ESCNDO_6_EB3BT3","Escondido BESS 3",882665,15,0.0225661946193662,14.6615070807095
"SUNSLR_1_SSVSR1","Sunshine Valley Solar 1",140162,15,0.022683367474298,14.6597494878855
"HYTTHM_2_UNITS","HYATT-THERMALITO PUMP-GEN (AGGREGATE)",201337,15,0.0239524983729808,14.6407125244053
"JOANEC_2_STABT2","Santa Ana Storage 2",515655,15,0.0250740740740741,14.6238888888889
"DVLCYN_1_UNITS","DEVIL CANYON HYDRO UNITS 1-4 AGGREGATE",360573,15,0.0253764715211464,14.6193529271828
"VALTNE_2_TBBBT1","Tropico Solar Big Beau",469196,15,0.0269230769230769,14.5961538461538
"SUNSLR_1_SSVSR1","Sunshine Valley Solar 1",754907,15,0.0302047084750375,14.5469293728744
"SUNSLR_1_SSVSR1","Sunshine Valley Solar 1",131448,15,0.0320800416147062,14.5187993757794
"OCOTLO_6_OCWSB1","Ocotillo Wells Solar and BESS",353349,15,0.0334858585858586,14.4977121212121
"SUNSLR_1_SSVSR1","Sunshine Valley Solar 1",410177,15,0.0341974947361926,14.4870375789571
"SUNSLR_1_SSVSR1","Sunshine Valley Solar 1",919446,15,0.0341974947361926,14.4870375789571
"SUNSLR_1_SSVSR1","Sunshine Valley Solar 1",852414,15,0.0341974947361926,14.4870375789571
"SUNSLR_1_SSVSR1","Sunshine Valley Solar 1",779582,15,0.0341974947361926,14.4870375789571
"SUNSLR_1_SSVSR1","Sunshine Valley Solar 1",742329,15,0.0341974947361926,14.4870375789571
"SUNSLR_1_SSVSR1","Sunshine Valley Solar 1",938106,15,0.0341974947361926,14.4870375789571
"SUNSLR_1_SSVSR1","Sunshine Valley Solar 1",798542,15,0.0381963298953409,14.4270550515699
"SUNSLR_1_SSVSR1","Sunshine Valley Solar 1",932206,15,0.0383342847151374,14.4249857292729
"SUNSLR_1_SSVSR1","Sunshine Valley Solar 1",532320,15,0.0383342847151374,14.4249857292729
"CARBOU_7_PL4X5","CARIBOU PH 2 UNIT 4 & 5 AGGREGATE",108072,14,0.00946658463329761,13.8674678151338
"VALTNE_2_TBBBT1","Tropico Solar Big Beau",133308,14,0.0129395604395605,13.8188461538462
"HUMBPP_6_UNITS","Humboldt Bay Generating Station 1",709693,14,0.013671086135745,13.8086047940996
"SUNCAT_2_A1BBT1","Arlington Solar Unit 1B BESS",655017,14,0.0168726684494258,13.763782641708
"WISHON_6_UNITS","Wishon/San Joaquin  #1-A AGGREGATE",164152,14,0.0199840127897683,13.7202238209432
"ELECTR_7_PL1X3","ELECTRA PH UNIT 1 & 2 AGGREGATE",954013,14,0.0218904054830459,13.6935343232374
"LCKHT1_2_LH1SR1","Lockhart Solar 1 PV",233468,14,0.0228106231370245,13.6806512760817
"HUMBPP_6_UNITS","Humboldt Bay Generating Station 1",117370,14,0.0231714812538414,13.6755992624462
"HUMBPP_1_UNITS3","Humboldt Bay Generating Station 3",157358,14,0.0232534316738373,13.6744519565663
"MTWIND_1_MVPWD1","Mountain View Power Project I Repower",131675,14,0.0250497938201265,13.6493028865182
"SUNSLR_1_SSVSR1","Sunshine Valley Solar 1",261385,14,0.0252997693373606,13.645803229277
"BUCKCK_7_PL1X2","BUCKS CREEK AGGREGATE",624752,14,0.0262790446330846,13.6320933751368
"DVLCYN_1_UNITS","DEVIL CANYON HYDRO UNITS 1-4 AGGREGATE",112707,14,0.0264414559125085,13.6298196172249
"MIRLOM_2_MLBBTB","Mira Loma BESS B",376549,14,0.0266071428571429,13.6275
"PVERDE_5_SCEDYN","PVERDE_5_SCEDYN",588184,14,0.0272886441389065,13.6179589820553
"DRACKR_2_DSUBT1","Dracker Solar Unit 1 BESS",178559,14,0.0274910924419073,13.6151247058133
"ESCNDO_6_EB3BT3","Escondido BESS 3",566935,14,0.0294168800208912,13.5881636797075
"MIRLOM_2_MLBBTB","Mira Loma BESS B",279660,14,0.0297321428571429,13.58375
"DRACKR_2_DSUBT1","Dracker Solar Unit 1 BESS",264638,14,0.0303340434963501,13.5753233910511
"DRACKR_2_DSUBT1","Dracker Solar Unit 1 BESS",751688,14,0.0310164483100579,13.5657697236592
"VALTNE_2_TBBBT1","Tropico Solar Big Beau",624752,14,0.0315734265734266,13.557972027972
"MTWIND_1_MVPWD1","Mountain View Power Project I Repower",133308,14,0.032702875871068,13.542159737805
"MIRLOM_2_MLBBTB","Mira Loma BESS B",442155,13,0,13
"CRIMSN_2_CRMBT1","Crimson",358008,13,0.00923076923076923,12.88
"AVSOLR_2_SOLAR","AV SOLAR RANCH 1",492855,13,0.0114042933810376,12.8517441860465
"VALTNE_2_TRSBT1","Tropico Solar",172299,13,0.0122716346153846,12.84046875
"MIRLOM_2_MLBBTB","Mira Loma BESS B",170224,13,0.0173076923076923,12.775
"BUCKCK_7_PL1X2","BUCKS CREEK AGGREGATE",178559,13,0.0198863937458354,12.7414768813041
"SUNCAT_2_A1BBT1","Arlington Solar Unit 1B BESS",178559,13,0.0209609436602268,12.727507732417
"OCOTLO_6_OCWSB1","Ocotillo Wells Solar and BESS",628632,13,0.0213286713286713,12.7227272727273
"OCOTLO_6_OCWSB1","Ocotillo Wells Solar and BESS",956804,13,0.0214219114219114,12.7215151515152
"ESCNDO_6_EB1BT1","Escondido BESS 1",882665,13,0.0214994560994561,12.7205070707071
"HUMBPP_6_UNITS","Humboldt Bay Generating Station 1",113665,13,0.022684506642712,12.7051014136447
"WISHON_6_UNITS","Wishon/San Joaquin  #1-A AGGREGATE",993409,13,0.0232634405296277,12.6975752731148
"ESCNDO_6_EB3BT3","Escondido BESS 3",193527,13,0.0276693455797934,12.6402985074627
"SUNSLR_1_SSVSR1","Sunshine Valley Solar 1",709693,13,0.0279293612282237,12.6369183040331
"BUCKCK_7_PL1X2","BUCKS CREEK AGGREGATE",736984,13,0.0281604574801697,12.6339140527578
"DVLCYN_1_UNITS","DEVIL CANYON HYDRO UNITS 1-4 AGGREGATE",492855,13,0.0281958041958042,12.6334545454545
"PVERDE_5_SCEDYN","PVERDE_5_SCEDYN",172074,13,0.0283507898224834,12.6314397323077
"PVERDE_5_SCEDYN","PVERDE_5_SCEDYN",304325,13,0.0294838220792841,12.6167103129693
"SUNSLR_1_SSVSR1","Sunshine Valley Solar 1",117370,13,0.0297909652789332,12.6127174513739
"PIT3_7_PL1X3","PIT PH 3 UNITS 1, 2 & 3 AGGREGATE",751688,13,0.029896583223478,12.6113444180948
"VALTNE_2_TBBBT1","Tropico Solar Big Beau",360257,13,0.0323224852071006,12.5798076923077
"OCOTLO_6_OCWSB1","Ocotillo Wells Solar and BESS",141208,13,0.0332645687645688,12.5675606060606
"SUNSLR_1_SSVSR1","Sunshine Valley Solar 1",118279,13,0.0333638137654378,12.5662704210493
"VALTNE_2_TRSBT1","Tropico Solar",751688,12,0.01484375,11.821875
"SUNCAT_2_A1BBT1","Arlington Solar Unit 1B BESS",694071,12,0.016966641559523,11.7964003012857
"SISPRG_2_DS3BT2","Daggett Solar 3 b BESS",131816,12,0.0170857328583764,11.7949712056995
"RUSSELL_2_SOLANO1","Solano Renewables 1",238485,12,0.0176675980471438,11.7879888234343
"OCOTLO_6_OCWSB1","Ocotillo Wells Solar and BESS",620765,12,0.0176767676767677,11.7878787878788
"HUMBPP_6_UNITS","Humboldt Bay Generating Station 1",849325,12,0.018459332104077,11.7784880147511
"PVERDE_5_SCEDYN","PVERDE_5_SCEDYN",509317,12,0.0190507768077936,11.7713906783065
"JOANEC_2_STABT2","Santa Ana Storage 2",195000,12,0.02,11.76
"OBERON_5_O2SSR5","Oberon 2B Solar",469253,12,0.0202276110862318,11.7572686669652
"MIRLOM_2_MLBBTB","Mira Loma BESS B",779880,12,0.0211458333333333,11.74625
"JOANEC_2_STABT2","Santa Ana Storage 2",411052,12,0.0213687169312169,11.7435753968254
"OBERON_5_O2SSR5","Oberon 2B Solar",970587,12,0.0222120735588378,11.7334551172939
"ESCNDO_6_EB1BT1","Escondido BESS 1",193527,12,0.0241193181818182,11.7105681818182
"SUNSLR_1_SSVSR1","Sunshine Valley Solar 1",701361,12,0.0256656997702952,11.6920116027565
"SUNCAT_2_A1ABT1","Arlington Solar Unit 1A BESS",628632,12,0.0257504244895435,11.6909949061255
"SISPRG_2_DS3BT2","Daggett Solar 3 b BESS",145917,12,0.0277196248444106,11.6673645018671
"WISHON_6_UNITS","Wishon/San Joaquin  #1-A AGGREGATE",181364,12,0.0277840394351186,11.6665915267786
"HUMBPP_1_UNITS3","Humboldt Bay Generating Station 3",264638,12,0.0288382073862444,11.6539415113651
"JOANEC_2_STABT2","Santa Ana Storage 2",211349,12,0.029207175925926,11.6495138888889
"SUNSLR_1_SSVSR1","Sunshine Valley Solar 1",581281,12,0.0296794208893485,11.6438469493278
"PVERDE_5_SCEDYN","PVERDE_5_SCEDYN",445404,12,0.0317163254145873,11.619404095025
"BIGCRK_2_EXESWD","BIG CREEK HYDRO PROJECT PSP",723251,12,0.0376957328302875,11.5476512060365
"ELECTR_7_PL1X3","ELECTRA PH UNIT 1 & 2 AGGREGATE",798542,11,0.0030455698654195,10.9664987314804
"RUSSELL_2_SOLANO1","Solano Renewables 1",263628,11,0.0107012481388809,10.8822862704723
"ESCNDO_6_EB1BT1","Escondido BESS 1",749304,11,0.0169002754820936,10.814096969697
"ELKHRN_1_EESX3","Elkhorn Energy Storage",883062,11,0.0187897676741949,10.7933125555839
"OBERON_5_O2SSR5","Oberon 2B Solar",195275,11,0.0191533337807767,10.7893133284115
"JOANEC_2_STABT2","Santa Ana Storage 2",153613,11,0.0222940115440115,10.7547658730159
"ELKHRN_1_EESX3","Elkhorn Energy Storage",357513,11,0.0232336632202105,10.7444297045777
"SUNCAT_2_A1BBT1","Arlington Solar Unit 1B BESS",497303,11,0.0238789440962755,10.737331614941
"HUMBPP_6_UNITS","Humboldt Bay Generating Station 1",261385,11,0.0249762530032966,10.7252612169637
"HUMBPP_6_UNITS","Humboldt Bay Generating Station 1",701361,11,0.0264066603341341,10.7095267363245
"HUMBPP_6_UNITS","Humboldt Bay Generating Station 1",210154,11,0.0266860367659385,10.7064535955747
"ELKHRN_1_EESX3","Elkhorn Energy Storage",193937,11,0.0271761529143133,10.7010623179426
"LCKHT1_2_LH1SR1","Lockhart Solar 1 PV",671897,11,0.0274523053036809,10.6980246416595
"SUNSLR_1_SSVSR1","Sunshine Valley Solar 1",360176,11,0.0284948763749177,10.6865563598759
"HUMBPP_1_UNITS3","Humboldt Bay Generating Station 3",655017,11,0.0294649010076177,10.6758860889162
"OBERON_5_O2SSR5","Oberon 2B Solar",112563,11,0.0329351847471343,10.6377129677815
"VALTNE_2_TRSBT1","Tropico Solar",603374,11,0.0340909090909091,10.625
"SUNSLR_1_SSVSR1","Sunshine Valley Solar 1",121075,11,0.0341261633919338,10.6246122026887
"DIABLO_7_UNIT 1","Diablo Canyon Unit 1",126417,10,0.00679485116653259,9.93205148833468
"OCOTLO_6_OCWSB1","Ocotillo Wells Solar and BESS",444308,10,0.00990675990675991,9.9009324009324
"SISPRG_2_DS3BT2","Daggett Solar 3 b BESS",655017,10,0.0110230908198545,9.88976909180145
"PIT5_7_PL3X4","PIT PH 5 UNITS 3 & 4 AGGREGATE",142584,10,0.01225534477567,9.8774465522433
"SISPRG_2_DS3BT2","Daggett Solar 3 b BESS",131675,10,0.0133604480661523,9.86639551933848
"INTKEP_2_UNITS","CCSF Hetch_Hetchy Hydro Aggregate",879947,10,0.0168903318903319,9.83109668109668
"MIRLOM_2_MLBBTB","Mira Loma BESS B",153153,10,0.0195,9.805
"SISPRG_2_DS3BT2","Daggett Solar 3 b BESS",917893,10,0.0200109503299773,9.79989049670023
"SISPRG_2_DS3BT2","Daggett Solar 3 b BESS",264638,10,0.0200305929947841,9.79969407005216
"ESCNDO_6_EB3BT3","Escondido BESS 3",749304,10,0.0202386120823621,9.79761387917638
"SISPRG_2_DS3BT2","Daggett Solar 3 b BESS",140316,10,0.0213767144822483,9.78623285517752
"MIRLOM_2_MLBBTB","Mira Loma BESS B",492010,10,0.022125,9.77875
"BUCKCK_7_PL1X2","BUCKS CREEK AGGREGATE",157358,10,0.0221695680206318,9.77830431979368
"JOANEC_2_STABT2","Santa Ana Storage 2",961864,10,0.0235902777777778,9.76409722222222
"VALTNE_2_TRSBT1","Tropico Solar",529747,10,0.023640625,9.76359375
"BUCKCK_7_PL1X2","BUCKS CREEK AGGREGATE",208011,10,0.0259527373597693,9.74047262640231
"PIT3_7_PL1X3","PIT PH 3 UNITS 1, 2 & 3 AGGREGATE",234172,10,0.0265724625931065,9.73427537406893
"ELKHRN_1_EESX3","Elkhorn Energy Storage",784426,10,0.0268840390181709,9.73115960981829
"SISPRG_2_DS3BT2","Daggett Solar 3 b BESS",212542,10,0.0299973743914527,9.70002625608547
"ESCNDO_6_EB3BT3","Escondido BESS 3",153153,10,0.030283143939394,9.69716856060606
"SUNCAT_2_A1BBT1","Arlington Solar Unit 1B BESS",907297,10,0.0340345942250272,9.65965405774973
"SUNCAT_2_A1ABT1","Arlington Solar Unit 1A BESS",353349,10,0.0343015136027221,9.65698486397278
"OCOTLO_6_OCWSB1","Ocotillo Wells Solar and BESS",893185,10,0.0372818181818182,9.62718181818182
"ELKHRN_1_EESX3","Elkhorn Energy Storage",185686,10,0.0374717219994449,9.62528278000555
"VALTNE_2_TBBBT1","Tropico Solar Big Beau",236353,10,0.0384615384615385,9.61538461538461
"WARNE_2_UNIT","WARNE HYDRO AGGREGATE",159511,9,0.0087010087010087,8.92169092169092
"AVSOLR_2_SOLAR","AV SOLAR RANCH 1",968309,9,0.0103729435036426,8.90664350846722
"SUNCAT_2_A1BBT1","Arlington Solar Unit 1B BESS",182859,9,0.0142362092180978,8.87187411703712
"TOPAZ_2_SOLAR","Topaz Solar Farms",200912,9,0.0150876207040759,8.86421141366332
"TOPAZ_2_SOLAR","Topaz Solar Farms",111727,9,0.0150876207040759,8.86421141366332
"HUMBPP_6_UNITS","Humboldt Bay Generating Station 1",800826,9,0.0165813016458376,8.85076828518746
"JOANEC_2_STABT2","Santa Ana Storage 2",155124,9,0.0168955026455026,8.84794047619048
"WISHON_6_UNITS","Wishon/San Joaquin  #1-A AGGREGATE",811134,9,0.0169553876205577,8.84740151141498
"PIT3_7_PL1X3","PIT PH 3 UNITS 1, 2 & 3 AGGREGATE",204333,9,0.0177667685431661,8.8400990831115
"BUCKCK_7_PL1X2","BUCKS CREEK AGGREGATE",435258,9,0.0181316265325759,8.83681536120682
"PIT5_7_PL3X4","PIT PH 5 UNITS 3 & 4 AGGREGATE",234172,9,0.0212433466829383,8.80880987985356
"JOANEC_2_STABT2","Santa Ana Storage 2",379813,9,0.0213564814814815,8.80779166666667
"SUNCAT_2_A1BBT1","Arlington Solar Unit 1B BESS",151431,9,0.0225333737133643,8.79719963657972
"MIRLOM_2_MLBBTB","Mira Loma BESS B",323555,9,0.0230555555555556,8.7925
"SUNCAT_2_A1ABT1","Arlington Solar Unit 1A BESS",890505,9,0.0249007819016561,8.7758929628851
"JOANEC_2_STABT2","Santa Ana Storage 2",193972,9,0.025,8.775
"BUCKCK_7_PL1X2","BUCKS CREEK AGGREGATE",115494,9,0.0251789143392947,8.77338977094635
"DRACKR_2_DSUBT1","Dracker Solar Unit 1 BESS",157358,9,0.0254713674368606,8.77075769306825
"BUCKCK_7_PL1X2","BUCKS CREEK AGGREGATE",133547,9,0.0282036266457358,8.74616736018838
"DRACKR_2_DSUBT1","Dracker Solar Unit 1 BESS",705142,9,0.0285118960732469,8.74339293534078
"OCOTLO_6_OCWSB1","Ocotillo Wells Solar and BESS",201838,9,0.0288552188552188,8.74030303030303
"DVLCYN_1_UNITS","DEVIL CANYON HYDRO UNITS 1-4 AGGREGATE",723063,9,0.0290894173937518,8.73819524345623
"OBERON_5_O2SSR5","Oberon 2B Solar",101706,9,0.03093359153149,8.72159767621659
"DRACKR_2_DSUBT1","Dracker Solar Unit 1 BESS",172299,9,0.031267395475183,8.71859344072335
"MTWIND_1_MVPWD1","Mountain View Power Project I Repower",237420,9,0.0313849969160776,8.7175350277553
"JOANEC_2_STABT2","Santa Ana Storage 2",148264,9,0.0319135802469136,8.71277777777778
"BISHOP_1_ALAMO","BISHOP CREEK PLANT 2  AND  6",186631,9,0.0336331760023071,8.69730141597924
"PACLUM_6_UNIT","Humboldt Redwood",198465,9,0.0404040404040404,8.63636363636364
"SUNSLR_1_SSVSR1","Sunshine Valley Solar 1",941221,9,0.0486039296794209,8.56256463288521
"ESCNDO_6_EB2BT2","Escondido BESS 2",196445,8,0,8
"SUNCAT_2_A1ABT1","Arlington Solar Unit 1A BESS",729047,8,0.0104615726160727,7.91630741907142
"DIABLO_7_UNIT 1","Diablo Canyon Unit 1",195335,8,0.0105397849738909,7.91568172020887
"JOANEC_2_STABT2","Santa Ana Storage 2",923750,8,0.0119047619047619,7.9047619047619
"PALA_6_PGCBT1","Pala Gomez Creek BESS",385155,8,0.0138062169312169,7.88955026455027
"INTKEP_2_UNITS","CCSF Hetch_Hetchy Hydro Aggregate",160605,8,0.0162661578657866,7.86987073707371
"INTKEP_2_UNITS","CCSF Hetch_Hetchy Hydro Aggregate",944410,8,0.0162661578657866,7.86987073707371
"WISHON_6_UNITS","Wishon/San Joaquin  #1-A AGGREGATE",941027,8,0.0170292135086257,7.863766291931
"JOANEC_2_STABT2","Santa Ana Storage 2",181841,8,0.0183551587301587,7.85315873015873
"BISHOP_1_UNITS","BISHOP CREEK PLANT 3  AND  4",301986,8,0.0186416834761419,7.85086653219086
"PACLUM_6_UNIT","Humboldt Redwood",620521,8,0.0202272727272727,7.83818181818182
"SISPRG_2_DS3BT2","Daggett Solar 3 b BESS",360257,8,0.0202368822529012,7.83810494197679
"BISHOP_1_ALAMO","BISHOP CREEK PLANT 2  AND  6",666436,8,0.0217255222402475,7.82619582207802
"JOANEC_2_STABT2","Santa Ana Storage 2",339674,8,0.0226128472222222,7.81909722222222
"JOANEC_2_STABT2","Santa Ana Storage 2",798849,8,0.0230406746031746,7.8156746031746
"BLVRDE_6_BLVBT1","Boulevard Energy Storage",284463,8,0.0233404382973348,7.81327649362132
"JOANEC_2_STABT2","Santa Ana Storage 2",198508,8,0.0234722222222222,7.81222222222222
"OCOTLO_6_OCWSB1","Ocotillo Wells Solar and BESS",182906,8,0.0242746212121212,7.80580303030303
"OBERON_5_O2SSR5","Oberon 2B Solar",993410,8,0.0242899129084633,7.80568069673229
"ELECTR_7_PL1X3","ELECTRA PH UNIT 1 & 2 AGGREGATE",360176,8,0.0246277243818489,7.80297820494521
"BISHOP_1_ALAMO","BISHOP CREEK PLANT 2  AND  6",153772,8,0.0251317170293749,7.798946263765
"JOANEC_2_STABT2","Santa Ana Storage 2",874205,8,0.0255833333333334,7.79533333333333
"PIT3_7_PL1X3","PIT PH 3 UNITS 1, 2 & 3 AGGREGATE",529747,8,0.0267425672745213,7.78605946180383
"BISHOP_1_ALAMO","BISHOP CREEK PLANT 2  AND  6",691663,8,0.0267849053822564,7.78572075694195
"CRESTA_7_PL1X2","CRESTA PH UNIT 1 & 2 AGGREGATE",179949,8,0.0269886363636364,7.78409090909091
"BISHOP_1_UNITS","BISHOP CREEK PLANT 3  AND  4",131964,8,0.0271942809149514,7.78244575268039
"JOANEC_2_STABT2","Santa Ana Storage 2",550730,8,0.0273492063492064,7.78120634920635
"SISPRG_2_DS3BT2","Daggett Solar 3 b BESS",182859,8,0.0286051889727469,7.77115848821802
"ELECTR_7_PL1X3","ELECTRA PH UNIT 1 & 2 AGGREGATE",181382,8,0.0289056706978941,7.76875463441685
"ESCNDO_6_EB3BT3","Escondido BESS 3",170224,8,0.0297448835368611,7.76204093170511
"WISHON_6_UNITS","Wishon/San Joaquin  #1-A AGGREGATE",193686,8,0.0302602917665867,7.75791766586731
"BISHOP_1_UNITS","BISHOP CREEK PLANT 3  AND  4",928755,8,0.0304417680278227,7.75646585577742
"SUNSLR_1_SSVSR1","Sunshine Valley Solar 1",181382,8,0.0306364557024328,7.75490835438054
"PALOMR_2_PL1X3","Palomar Energy Center",844371,8,0.0311560963102051,7.75075122951836
"CRIMSN_2_CRMBT1","Crimson",135142,8,0.0358083333333333,7.71353333333333
"PALOMR_2_PL1X3","Palomar Energy Center",435045,8,0.0373239685556711,7.70140825155463
"PALOMR_2_PL1X3","Palomar Energy Center",140969,8,0.0373239685556711,7.70140825155463
"SUNSLR_1_SSVSR1","Sunshine Valley Solar 1",131041,8,0.0386246122026888,7.69100310237849
"ESCNDO_6_EB3BT3","Escondido BESS 3",196445,7,0,7
"PIT1_7_UNIT 1","PIT PH 1 UNIT 1",687240,7,0.00781990521327015,6.94526066350711
"VSTAES_6_VESBT1","Vista Energy Storage",386425,7,0.00827171825668067,6.94209797220323
"PIT5_7_PL1X2","PIT PH 5 UNITS 1 & 2 AGGREGATE",130239,7,0.00873230954531768,6.93887383318278
"PIT3_7_PL1X3","PIT PH 3 UNITS 1, 2 & 3 AGGREGATE",830513,7,0.0119047619047621,6.91666666666667
"WISHON_6_UNITS","Wishon/San Joaquin  #1-A AGGREGATE",878195,7,0.0137269232233261,6.90391153743672
"PIT1_7_UNIT 1","PIT PH 1 UNIT 1",823532,7,0.0139455782312925,6.90238095238095
"VSTAES_6_VESBT1","Vista Energy Storage",913449,7,0.015410213846304,6.89212850307587
"ESCNDO_6_EB1BT1","Escondido BESS 1",104183,7,0.016955266955267,6.88131313131313
"JOANEC_2_STABT2","Santa Ana Storage 2",100919,7,0.0169940476190476,6.88104166666667
"JOANEC_2_STABT2","Santa Ana Storage 2",137893,7,0.0170634920634921,6.88055555555556
"OCOTLO_6_OCWSB1","Ocotillo Wells Solar and BESS",852416,7,0.0173160173160173,6.87878787878788
"CARBOU_7_PL4X5","CARIBOU PH 2 UNIT 4 & 5 AGGREGATE",469253,7,0.017344454147316,6.87858882096879
"JOANEC_2_STABT2","Santa Ana Storage 2",385286,7,0.0181150793650794,6.87319444444444
"OCOTLO_6_OCWSB1","Ocotillo Wells Solar and BESS",973878,7,0.0182770562770563,6.87206060606061
"BISHOP_1_UNITS","BISHOP CREEK PLANT 3  AND  4",153266,7,0.0185764511340235,6.86996484206184
"ESCNDO_6_EB3BT3","Escondido BESS 3",779880,7,0.0191008852258852,6.8662938034188
"ESCNDO_6_EB2BT2","Escondido BESS 2",186392,7,0.0201251526251526,6.85912393162393
"JOANEC_2_STABT2","Santa Ana Storage 2",117854,7,0.0203174603174604,6.85777777777778
"GARLND_2_GASLR","Garland B",106183,7,0.0204785600981143,6.8566500793132
"SUNCAT_2_A1BBT1","Arlington Solar Unit 1B BESS",435258,7,0.020916265804914,6.8535861393656
"JOANEC_2_STABT2","Santa Ana Storage 2",194175,7,0.021031746031746,6.85277777777778
"WISHON_6_UNITS","Wishon/San Joaquin  #1-A AGGREGATE",720443,7,0.0211277454227095,6.85210578204103
"ELCAJN_6_EB1BT1","Eastern BESS 1",175275,7,0.0212244897959183,6.85142857142857
"BISHOP_1_ALAMO","BISHOP CREEK PLANT 2  AND  6",202741,7,0.0213852813852814,6.85030303030303
"PIT3_7_PL1X3","PIT PH 3 UNITS 1, 2 & 3 AGGREGATE",288336,7,0.0213986505604814,6.85020944607663
"JOANEC_2_STABT2","Santa Ana Storage 2",142476,7,0.0215873015873016,6.84888888888889
"JOANEC_2_STABT2","Santa Ana Storage 2",378896,7,0.0216269841269841,6.84861111111111
"SUNSLR_1_SSVSR1","Sunshine Valley Solar 1",173313,7,0.0220121140493426,6.8459152016546
"ELECTR_7_PL1X3","ELECTRA PH UNIT 1 & 2 AGGREGATE",837024,7,0.0220973387257442,6.84531862891979
"BISHOP_1_UNITS","BISHOP CREEK PLANT 3  AND  4",159739,7,0.0221734795758269,6.84478564296921
"CRIMSN_2_CRMBT1","Crimson",784426,7,0.0224571428571428,6.8428
"HUMBPP_1_UNITS3","Humboldt Bay Generating Station 3",178559,7,0.0224965945005279,6.8425238384963
"HAASPH_7_PL1X2","HAAS PH UNIT 1 & 2 AGGREGATE",670988,7,0.0231878306878307,6.83768518518518
"CALFTS_2_CFSSR1","California Flats Solar South",576455,7,0.0233289646133682,6.83669724770642
"ELKHRN_1_EESX3","Elkhorn Energy Storage",135142,7,0.0237839081070117,6.83351264325092
"JOANEC_2_STABT2","Santa Ana Storage 2",105623,7,0.0242063492063492,6.83055555555556
"ESCNDO_6_EB1BT1","Escondido BESS 1",186392,7,0.0244861471861472,6.82859696969697
"WISHON_6_UNITS","Wishon/San Joaquin  #1-A AGGREGATE",379813,7,0.0248783830078794,6.82585131894484
"DRACKR_2_DSUBT1","Dracker Solar Unit 1 BESS",694071,7,0.0255402842262011,6.82121801041659
"JOANEC_2_STABT2","Santa Ana Storage 2",916581,7,0.025843253968254,6.81909722222222
"JOANEC_2_STABT2","Santa Ana Storage 2",139835,7,0.0266865079365079,6.81319444444444
"ESCNDO_6_EB1BT1","Escondido BESS 1",143302,7,0.0267532467532467,6.81272727272727
"LCKHT1_2_LH1SR1","Lockhart Solar 1 PV",131086,7,0.0269511764035758,6.81134176517497
"ELECTR_7_PL1X3","ELECTRA PH UNIT 1 & 2 AGGREGATE",581281,7,0.0270234484640556,6.81083586075161
"BLVRDE_6_BLVBT1","Boulevard Energy Storage",916013,7,0.027100633356791,6.81029556650246
"OBERON_5_O2SSR5","Oberon 2B Solar",124574,7,0.0273142910209613,6.80879996285327
"SUNSLR_1_SSVSR1","Sunshine Valley Solar 1",152145,7,0.0273197851163635,6.80876150418546
"BISHOP_1_UNITS","BISHOP CREEK PLANT 3  AND  4",725823,7,0.0275166404404875,6.80738351691659
"PIT5_7_PL3X4","PIT PH 5 UNITS 3 & 4 AGGREGATE",321061,7,0.0275628383265598,6.80706013171408
"WISHON_6_UNITS","Wishon/San Joaquin  #1-A AGGREGATE",202531,7,0.0276000152259145,6.8067998934186
"SUNSLR_1_SSVSR1","Sunshine Valley Solar 1",102982,7,0.0279841372337618,6.80411103936367
"WISHON_6_UNITS","Wishon/San Joaquin  #1-A AGGREGATE",122815,7,0.029114466481526,6.79619873462932
"OBERON_5_O2SSR5","Oberon 2B Solar",105465,7,0.0298122710622711,6.7913141025641
"HUMBPP_1_UNITS3","Humboldt Bay Generating Station 3",116825,7,0.0298567041079218,6.79100307124455
"HUMBPP_1_UNITS3","Humboldt Bay Generating Station 3",172299,7,0.0299997073199286,6.7900020487605
"BUCKCK_7_PL1X2","BUCKS CREEK AGGREGATE",106763,7,0.030904592774917,6.78366785057558
"WESCAN_2_BDSBT1","Bateria Del Sur",167201,7,0.0310697452762895,6.78251178306597
"ESCNDO_6_EB3BT3","Escondido BESS 3",492010,7,0.0317609126984127,6.77767361111111
"ESCNDO_6_EB2BT2","Escondido BESS 2",376549,7,0.0325273267201618,6.77230871295887
"OBERON_5_O2SSR5","Oberon 2B Solar",418791,7,0.0327803027093096,6.77053788103483
"HUMBPP_1_UNITS3","Humboldt Bay Generating Station 3",705142,7,0.0330386587364428,6.7687293888449
"OBERON_5_O2SSR5","Oberon 2B Solar",932856,7,0.0331760768420975,6.76776746210532
"WISHON_6_UNITS","Wishon/San Joaquin  #1-A AGGREGATE",107701,7,0.0335822770355143,6.7649240607514
"ESCNDO_6_EB2BT2","Escondido BESS 2",779880,7,0.0342596516867617,6.76018243819267
"SUNSLR_1_SSVSR1","Sunshine Valley Solar 1",834563,7,0.0342790162724883,6.76004688609258
"BUCKCK_7_PL1X2","BUCKS CREEK AGGREGATE",297766,7,0.034978354978355,6.75515151515151
"PVERDE_5_SCEDYN","PVERDE_5_SCEDYN",177232,7,0.0355952383398749,6.75083333162087
"ELECTR_7_PL1X3","ELECTRA PH UNIT 1 & 2 AGGREGATE",701361,7,0.037104817265517,6.74026627914138
"SUNCAT_2_A1BBT1","Arlington Solar Unit 1B BESS",469821,7,0.0385917034699967,6.72985807571002
"INTKEP_2_UNITS","CCSF Hetch_Hetchy Hydro Aggregate",123833,7,0.039550919377652,6.72314356435644
"GATWAY_2_PL1X3","GATEWAY GENERATING STATION",435045,7,0.0397672553784949,6.72162921235054
"GATWAY_2_PL1X3","GATEWAY GENERATING STATION",140969,7,0.0397672553784949,6.72162921235054
"GATWAY_2_PL1X3","GATEWAY GENERATING STATION",844371,7,0.0403802222770166,6.71733844406088
"LCKHT1_2_LH1SR1","Lockhart Solar 1 PV",133308,7,0.0438888888888888,6.69277777777778
"KERNRG_1_UNITS","South Belridge Cogen Facility",628632,7,0.0438928571428571,6.69275
"SALTSP_7_UNITS","SALT SPRINGS HYDRO AGGREGATE",729047,6,0,6
"ELCAJN_6_EB1BT1","Eastern BESS 1",113993,6,0,6
"KRAMER_1_R1PX3","Resurgence 1 PV",105576,6,0,6
"ELCAJN_6_EB1BT1","Eastern BESS 1",710377,6,0.000793650793650777,5.9952380952381
"VALTNE_2_TRSBT1","Tropico Solar",900843,6,0.00473958333333332,5.9715625
"OTMESA_2_PL1X3","OTAY MESA ENERGY CENTER",304325,6,0.00486347743983249,5.970819135361
"OTMESA_2_PL1X3","OTAY MESA ENERGY CENTER",172074,6,0.00544159164628235,5.96735045012231
"OTMESA_2_PL1X3","OTAY MESA ENERGY CENTER",445404,6,0.00597521026798349,5.9641487383921
"VSTAES_6_VESBT1","Vista Energy Storage",133829,6,0.00652198678514468,5.96086807928913
"OTMESA_2_PL1X3","OTAY MESA ENERGY CENTER",588184,6,0.0080953820142577,5.95142770791445
"ESCNDO_6_EB2BT2","Escondido BESS 2",385155,6,0.012,5.928
"BLVRDE_6_BLVBT1","Boulevard Energy Storage",222736,6,0.0128205128205128,5.92307692307692
"BLVRDE_6_BLVBT1","Boulevard Energy Storage",182278,6,0.0128205128205128,5.92307692307692
"HUMBPP_1_UNITS3","Humboldt Bay Generating Station 3",179949,6,0.0141876664617906,5.91487400122926
"ESCNDO_6_EB1BT1","Escondido BESS 1",148307,6,0.0145,5.913
"PIT5_7_PL3X4","PIT PH 5 UNITS 3 & 4 AGGREGATE",131086,6,0.0146485129227614,5.91210892246343
"MRGT_6_TGEBT1","Top Gun Energy Storage",285521,6,0.0151515151515152,5.90909090909091
"ELKHIL_2_PL1X3","ELK HILLS COMBINED CYCLE (AGGREGATE)",200912,6,0.0156327393235879,5.90620356405847
"ELKHIL_2_PL1X3","ELK HILLS COMBINED CYCLE (AGGREGATE)",111727,6,0.0156327393235879,5.90620356405847
"CRSTWD_6_KUMYAY","Kumeyaay Wind Farm",997249,6,0.0161827956989247,5.90290322580645
"BISHOP_1_UNITS","BISHOP CREEK PLANT 3  AND  4",118049,6,0.0163722574194075,5.90176645548356
"HUMBPP_1_UNITS3","Humboldt Bay Generating Station 3",131675,6,0.0165949600491703,5.90043023970498
"ESCNDO_6_EB2BT2","Escondido BESS 2",749304,6,0.0172407548878137,5.89655547067312
"SISPRG_2_DS3BT2","Daggett Solar 3 b BESS",694071,6,0.0175282278603436,5.89483063283794
"JOANEC_2_STABT2","Santa Ana Storage 2",689985,6,0.0177314814814815,5.89361111111111
"CRESTA_7_PL1X2","CRESTA PH UNIT 1 & 2 AGGREGATE",234172,6,0.0181987678339819,5.89080739299611
"SISPRG_2_DS3BT2","Daggett Solar 3 b BESS",178559,6,0.0182988389702171,5.8902069661787
"PALA_6_PGCBT1","Pala Gomez Creek BESS",143302,6,0.0184082892416225,5.88955026455027
"PALA_6_PGCBT1","Pala Gomez Creek BESS",193527,6,0.0184082892416225,5.88955026455027
"SUNCAT_2_A1ABT1","Arlington Solar Unit 1A BESS",444308,6,0.0184937853803489,5.88903728771791
"VALTNE_2_TBBBT1","Tropico Solar Big Beau",115494,6,0.0190909090909091,5.88545454545454
"BLVRDE_6_BLVBT1","Boulevard Energy Storage",376549,6,0.0191025641025641,5.88538461538462
"SUNCAT_2_A1BBT1","Arlington Solar Unit 1B BESS",195278,6,0.0193841753365925,5.88369494798044
"PIT3_7_PL1X3","PIT PH 3 UNITS 1, 2 & 3 AGGREGATE",418080,6,0.019838639760837,5.88096816143498
"JOANEC_2_STABT2","Santa Ana Storage 2",165858,6,0.0205555555555555,5.87666666666667
"SISPRG_2_DS3BT2","Daggett Solar 3 b BESS",236353,6,0.0206568322349174,5.8760590065905
"ESCNDO_6_EB3BT3","Escondido BESS 3",213734,6,0.0206807255244755,5.87591564685315
"ESCNDO_6_EB2BT2","Escondido BESS 2",284463,6,0.0207843137254902,5.87529411764706
"SISPRG_2_DS3BT2","Daggett Solar 3 b BESS",302804,6,0.0210394157663065,5.87376350540216
"HAASPH_7_PL1X2","HAAS PH UNIT 1 & 2 AGGREGATE",995493,6,0.0212158289241623,5.87270502645503
"MRGT_6_TGEBT1","Top Gun Energy Storage",817770,6,0.021324354657688,5.87205387205387
"BLVRDE_6_BLVBT1","Boulevard Energy Storage",323555,6,0.0214724310776942,5.87116541353383
"JOANEC_2_STABT2","Santa Ana Storage 2",832525,6,0.0219675925925926,5.86819444444444
"PALA_6_PGCBT1","Pala Gomez Creek BESS",566935,6,0.0223565722585331,5.8658605664488
"JOANEC_2_STABT2","Santa Ana Storage 2",147407,6,0.0223726851851851,5.86576388888889
"SISPRG_2_DS3BT2","Daggett Solar 3 b BESS",860118,6,0.022432652412999,5.86540408552201
"GYS5X6_7_UNITS","GEYSERS UNITS 5 & 6 AGGREGATE",181382,6,0.0226821619826971,5.86390702810382
"WISHON_6_UNITS","Wishon/San Joaquin  #1-A AGGREGATE",339674,6,0.0229016786570744,5.86258992805755
"DRACKR_2_DSUBT1","Dracker Solar Unit 1 BESS",151431,6,0.0231458285458719,5.86112502872477
"OTMESA_2_PL1X3","OTAY MESA ENERGY CENTER",114630,6,0.023245690878449,5.86052585472931
"JOANEC_2_STABT2","Santa Ana Storage 2",193686,6,0.0232986111111111,5.86020833333333
"SUNCAT_2_A1ABT1","Arlington Solar Unit 1A BESS",917872,6,0.0243003334710742,5.85419799917355
"SISPRG_2_DS3BT2","Daggett Solar 3 b BESS",133547,6,0.0243324797014273,5.85400512179144
"OCOTLO_6_OCWSB1","Ocotillo Wells Solar and BESS",297766,6,0.024479797979798,5.85312121212121
"JOANEC_2_STABT2","Santa Ana Storage 2",878195,6,0.0247453703703704,5.85152777777778
"JOANEC_2_STABT2","Santa Ana Storage 2",204031,6,0.0247698412698413,5.85138095238095
"SISPRG_2_DS3BT2","Daggett Solar 3 b BESS",157358,6,0.0254244489315161,5.8474533064109
"BLVRDE_6_BLVBT1","Boulevard Energy Storage",714255,6,0.0256410256410256,5.84615384615385
"BLVRDE_6_BLVBT1","Boulevard Energy Storage",760220,6,0.0256410256410256,5.84615384615385
"BLVRDE_6_BLVBT1","Boulevard Energy Storage",814548,6,0.0256410256410256,5.84615384615385
"BLVRDE_6_BLVBT1","Boulevard Energy Storage",152702,6,0.0256410256410256,5.84615384615385
"ESCNDO_6_EB3BT3","Escondido BESS 3",205771,6,0.0258506944444445,5.84489583333333
"SISPRG_2_DS3BT2","Daggett Solar 3 b BESS",705142,6,0.0258680178675795,5.84479189279452
"BUCKCK_7_PL1X2","BUCKS CREEK AGGREGATE",655017,6,0.0259772987608039,5.84413620743518
"SISPRG_2_DS3BT2","Daggett Solar 3 b BESS",115494,6,0.0266922756238461,5.83984634625692
"VALTNE_2_TRSBT1","Tropico Solar",321061,6,0.0267708333333333,5.839375
"BISHOP_1_UNITS","BISHOP CREEK PLANT 3  AND  4",104452,6,0.0269525922457316,5.83828444652561
"OCOTLO_6_OCWSB1","Ocotillo Wells Solar and BESS",939948,6,0.0273428415076271,5.83594295095424
"SISPRG_2_DS3BT2","Daggett Solar 3 b BESS",152595,6,0.0276696203465008,5.833982277921
"JOANEC_2_STABT2","Santa Ana Storage 2",272419,6,0.0276851851851852,5.83388888888889
"ELECTR_7_PL1X3","ELECTRA PH UNIT 1 & 2 AGGREGATE",905955,6,0.0277553204378684,5.83346807737279
"RUSSELL_2_SOLANO1","Solano Renewables 1",492855,6,0.0278263191251399,5.83304208524916
"OCOTLO_6_OCWSB1","Ocotillo Wells Solar and BESS",324007,6,0.0278706933898808,5.83277583966072
"WISHON_6_UNITS","Wishon/San Joaquin  #1-A AGGREGATE",201525,6,0.0278869348965273,5.83267839062084
"SUNCAT_2_A1ABT1","Arlington Solar Unit 1A BESS",111869,6,0.0279705095240707,5.83217694285558
"KEARNY_6_SESBT2","Kearny South Energy Storage",779880,6,0.0280555555555555,5.83166666666667
"ESCNDO_6_EB3BT3","Escondido BESS 3",916013,6,0.0289993686868687,5.82600378787879
"DVLCYN_1_UNITS","DEVIL CANYON HYDRO UNITS 1-4 AGGREGATE",201370,6,0.0291181818181818,5.82529090909091
"SUNSLR_1_SSVSR1","Sunshine Valley Solar 1",147614,6,0.0295267272305445,5.82283963661673
"ELECTR_7_PL1X3","ELECTRA PH UNIT 1 & 2 AGGREGATE",105576,6,0.0295698924731183,5.82258064516129
"SBERDO_2_PSP3","Mountainview Gen Sta. Unit 3",200912,6,0.0304008609093355,5.81759483454399
"SBERDO_2_PSP3","Mountainview Gen Sta. Unit 3",111727,6,0.0304008609093355,5.81759483454399
"ELECTR_7_PL1X3","ELECTRA PH UNIT 1 & 2 AGGREGATE",173313,6,0.0307447069760915,5.81553175814345
"SUNCAT_2_A1ABT1","Arlington Solar Unit 1A BESS",710387,6,0.0314525089934749,5.81128494603915
"SISPRG_2_DS3BT2","Daggett Solar 3 b BESS",352614,6,0.0316099746081179,5.81034015235129
"ESCNDO_6_EB1BT1","Escondido BESS 1",566935,6,0.0321296296296296,5.80722222222222
"ESCNDO_6_EB1BT1","Escondido BESS 1",205771,6,0.0328382936507936,5.80297023809524
"WISHON_6_UNITS","Wishon/San Joaquin  #1-A AGGREGATE",107393,6,0.0328406163957723,5.80295630162537
"MTWIND_1_MVPWD1","Mountain View Power Project I Repower",705142,6,0.0332627347508145,5.80042359149511
"OTMESA_2_PL1X3","OTAY MESA ENERGY CENTER",123314,6,0.0344713156590434,5.79317210604574
"SISPRG_2_DS3BT2","Daggett Solar 3 b BESS",133308,6,0.0344776786600531,5.79313392803968
"VSTAES_6_VESBT1","Vista Energy Storage",211495,6,0.0354385964912281,5.78736842105263
"WISHON_6_UNITS","Wishon/San Joaquin  #1-A AGGREGATE",891427,6,0.0355555555555555,5.78666666666667
"ELKHRN_1_EESX3","Elkhorn Energy Storage",961257,6,0.0356646066314232,5.78601236021146
"OBERON_5_O2SSR5","Oberon 2B Solar",194654,6,0.0377804139008684,5.77331751659479
"JOANEC_2_STABT2","Santa Ana Storage 2",607049,6,0.0379629629629629,5.77222222222222
"OBERON_5_O2SSR5","Oberon 2B Solar",405491,6,0.0404904185304155,5.75705748881751
"DRACKR_2_DSUBT1","Dracker Solar Unit 1 BESS",650623,6,0.0421463248728227,5.74712205076306
"CLRMNT_6_CLEBT1","Clairemont Energy Storage",143302,6,0.0444444444444445,5.73333333333333
"CLRMNT_6_CLEBT1","Clairemont Energy Storage",193527,6,0.0444444444444445,5.73333333333333
"CLRMNT_6_CLEBT1","Clairemont Energy Storage",385155,6,0.0444444444444445,5.73333333333333
"INTMNT_3_RIVERSIDE","IPPDYN",195432,5,0,5
"DRUM_7_PL3X4","Drum PH 1 Units 3 & 4 Aggregate",171240,5,0.00155038759689935,4.9922480620155
"DREWS_6_PL1X4","Drews Generating Plant",186841,5,0.00193236714975848,4.99033816425121
"CARBOU_7_PL4X5","CARIBOU PH 2 UNIT 4 & 5 AGGREGATE",476474,5,0.00505649717514124,4.97471751412429
"PACLUM_6_UNIT","Humboldt Redwood",455287,5,0.00727272727272725,4.96363636363636
"PIT1_7_UNIT 2","PIT PH 1 UNIT 2",823532,5,0.01,4.95
"PIT1_7_UNIT 2","PIT PH 1 UNIT 2",687240,5,0.01,4.95
"RUSSELL_2_SOLANO1","Solano Renewables 1",122732,5,0.010565604364054,4.94717197817973
"BISHOP_1_ALAMO","BISHOP CREEK PLANT 2  AND  6",191168,5,0.0108856931894096,4.94557153405295
"OCTILO_5_WIND","Ocotillo Wind Energy Facility",124064,5,0.011476652699065,4.94261673650468
"VSTAES_6_VESBT1","Vista Energy Storage",617807,5,0.0134442105263158,4.93277894736842
"OCTILO_5_WIND","Ocotillo Wind Energy Facility",159421,5,0.0139045706416735,4.93047714679163
"SUNSLR_1_SSVSR1","Sunshine Valley Solar 1",113665,5,0.0143950361944157,4.92802481902792
"ESCNDO_6_EB3BT3","Escondido BESS 3",136915,5,0.015435606060606,4.92282196969697
"JOANEC_2_ST3BT3","Santa Ana Storage 3",741263,5,0.015625,4.921875
"VALTNE_2_TRSBT1","Tropico Solar",140547,5,0.015625,4.921875
"LCKHT1_2_LH1SR1","Lockhart Solar 1 PV",389995,5,0.0156920077972709,4.92153996101364
"AVSOLR_2_SOLAR","AV SOLAR RANCH 1",705107,5,0.0159497739946775,4.92025113002661
"JOANEC_2_STABT2","Santa Ana Storage 2",731498,5,0.0161111111111111,4.91944444444444
"ESCNDO_6_EB3BT3","Escondido BESS 3",963357,5,0.0162588522588524,4.91870573870574
"DRUM_7_PL3X4","Drum PH 1 Units 3 & 4 Aggregate",620521,5,0.016407871198569,4.91796064400716
"PALA_6_PGCBT1","Pala Gomez Creek BESS",834639,5,0.0166666666666668,4.91666666666667
"GARNET_2_COAWD2","Coachella 2",442155,5,0.0168400634808677,4.91579968259566
"DRACKR_2_DSUBT1","Dracker Solar Unit 1 BESS",469821,5,0.0169294758864441,4.91535262056778
"WISHON_6_UNITS","Wishon/San Joaquin  #1-A AGGREGATE",134929,5,0.0172501998401279,4.91374900079936
"DVLCYN_1_UNITS","DEVIL CANYON HYDRO UNITS 1-4 AGGREGATE",118328,5,0.0175577540106952,4.91221122994652
"OCTILO_5_WIND","Ocotillo Wind Energy Facility",452231,5,0.01768150329822,4.9115924835089
"JOANEC_2_STABT2","Santa Ana Storage 2",175742,5,0.0179166666666667,4.91041666666667
"ESCNDO_6_EB3BT3","Escondido BESS 3",323555,5,0.0184375,4.9078125
"PARDEB_6_UNITS","Pardee Power House",183275,5,0.0189113300492611,4.90544334975369
"CRESTA_7_PL1X2","CRESTA PH UNIT 1 & 2 AGGREGATE",798391,5,0.019112258149829,4.90443870925086
"VALTNE_2_TBBBT1","Tropico Solar Big Beau",860118,5,0.0194083916083916,4.90295804195804
"OCOTLO_6_OCWSB1","Ocotillo Wells Solar and BESS",744292,5,0.0195151515151515,4.90242424242424
"PIT3_7_PL1X3","PIT PH 3 UNITS 1, 2 & 3 AGGREGATE",248020,5,0.0195649411841164,4.90217529407942
"SLATE_2_SLASR2","SLATE_2",561157,5,0.0196078431372548,4.90196078431373
"ELECTR_7_PL1X3","ELECTRA PH UNIT 1 & 2 AGGREGATE",389995,5,0.0197178527846591,4.9014107360767
"JOANEC_2_STABT2","Santa Ana Storage 2",206092,5,0.0197777777777778,4.90111111111111
"JOANEC_2_STABT2","Santa Ana Storage 2",819841,5,0.0202380952380953,4.89880952380952
"ESCNDO_6_EB2BT2","Escondido BESS 2",153153,5,0.0203025210084033,4.89848739495798
"BLAST_1_WIND","Mountain View IV Wind",106763,5,0.0211451007860484,4.89427449606976
"JOANEC_2_STABT2","Santa Ana Storage 2",530204,5,0.0214722222222223,4.89263888888889
"CRIMSN_2_CRMBT1","Crimson",122732,5,0.02152,4.8924
"BLVRDE_6_BLVBT1","Boulevard Energy Storage",401817,5,0.0217733990147783,4.89113300492611
"KERRGN_1_UNIT 1","KERN RIVER HYDRO UNITS 1-4 AGGREGATE",124287,5,0.0217866526537047,4.89106673673148
"OBERON_5_O2SSR5","Oberon 2B Solar",170663,5,0.0225402992247324,4.88729850387634
"BLVRDE_6_BLVBT1","Boulevard Energy Storage",491560,5,0.0225714285714286,4.88714285714286
"HAASPH_7_PL1X2","HAAS PH UNIT 1 & 2 AGGREGATE",167201,5,0.0226388888888889,4.88680555555556
"ESCNDO_6_EB2BT2","Escondido BESS 2",492010,5,0.0226419487194827,4.88679025640259
"RUSSELL_2_SOLANO1","Solano Renewables 1",107681,5,0.0231646741854447,4.88417662907278
"CRSTWD_6_KUMYAY","Kumeyaay Wind Farm",148758,5,0.0233932082732083,4.88303395863396
"AVSOLR_2_SOLAR","AV SOLAR RANCH 1",289323,5,0.0234786821705426,4.88260658914729
"OCTILO_5_WIND","Ocotillo Wind Energy Facility",418764,5,0.0236261285094525,4.88186935745274
"PIT5_7_PL3X4","PIT PH 5 UNITS 3 & 4 AGGREGATE",671897,5,0.0239838042936455,4.88008097853177
"ELECTR_7_PL1X3","ELECTRA PH UNIT 1 & 2 AGGREGATE",941221,5,0.0243429076697337,4.87828546165133
"PIT5_7_PL3X4","PIT PH 5 UNITS 3 & 4 AGGREGATE",389995,5,0.0250567815201961,4.87471609239902
"BUCKCK_7_PL1X2","BUCKS CREEK AGGREGATE",302804,5,0.0255382692908466,4.87230865354577
"BLVRDE_6_BLVBT1","Boulevard Energy Storage",800958,5,0.0256410256410256,4.87179487179487
"BLVRDE_6_BLVBT1","Boulevard Energy Storage",691906,5,0.0256410256410256,4.87179487179487
"BLVRDE_6_BLVBT1","Boulevard Energy Storage",135714,5,0.0256410256410256,4.87179487179487
"CRIMSN_2_CRMBT1","Crimson",196456,5,0.0259483333333333,4.87025833333333
"HUMBPP_1_UNITS3","Humboldt Bay Generating Station 3",237420,5,0.0264486874823049,4.86775656258848
"ESCNDO_6_EB2BT2","Escondido BESS 2",148307,5,0.0265845004668534,4.86707749766573
"BISHOP_1_UNITS","BISHOP CREEK PLANT 3  AND  4",603185,5,0.0270172298483592,4.8649138507582
"BUCKCK_7_PL1X2","BUCKS CREEK AGGREGATE",237420,5,0.0270675300647548,4.86466234967623
"PIT1_7_UNIT 2","PIT PH 1 UNIT 2",654478,5,0.0274045302830536,4.86297734858473
"HAASPH_7_PL1X2","HAAS PH UNIT 1 & 2 AGGREGATE",195874,5,0.0277222222222222,4.86138888888889
"SUNCAT_2_A1ABT1","Arlington Solar Unit 1A BESS",893185,5,0.0281800218612619,4.85909989069369
"PIT1_7_UNIT 1","PIT PH 1 UNIT 1",654478,5,0.0284170616113744,4.85791469194313
"SBERDO_2_PSP4","Mountainview Gen Sta. Unit 4",200912,5,0.0285714285714286,4.85714285714286
"SBERDO_2_PSP4","Mountainview Gen Sta. Unit 4",111727,5,0.0285714285714286,4.85714285714286
"WESCAN_2_BDSBT1","Bateria Del Sur",107633,5,0.0285714285714286,4.85714285714286
"MTWIND_1_MVPWD1","Mountain View Power Project I Repower",264638,5,0.0296920161332121,4.85153991933394
"SUNCAT_2_A1ABT1","Arlington Solar Unit 1A BESS",997249,5,0.0297693566590452,4.85115321670477
"SUNCAT_2_A1ABT1","Arlington Solar Unit 1A BESS",201838,5,0.029941176637184,4.85029411681408
"LCKHT1_2_LH1SR1","Lockhart Solar 1 PV",302804,5,0.0307126705653022,4.84643664717349
"WESCAN_2_BDSBT1","Bateria Del Sur",105465,5,0.0314475580464372,4.84276220976781
"MIRLOM_2_MLBBTB","Mira Loma BESS B",916013,5,0.0315,4.8425
"SUNCAT_2_A1ABT1","Arlington Solar Unit 1A BESS",209674,5,0.0316032790435472,4.84198360478226
"ELLIOT_6_ELIBT1","Elliott Energy Storage",376549,5,0.0316849816849817,4.84157509157509
"ESCNDO_6_EB3BT3","Escondido BESS 3",491560,5,0.0317777777777778,4.84111111111111
"BUCKCK_7_PL1X2","BUCKS CREEK AGGREGATE",195278,5,0.0324345757335448,4.83782712133228
"MIRLOM_2_MLBBTB","Mira Loma BESS B",284463,5,0.0325,4.8375
"WISHON_6_UNITS","Wishon/San Joaquin  #1-A AGGREGATE",385286,5,0.0326423661071143,4.83678816946443
"BISHOP_1_ALAMO","BISHOP CREEK PLANT 2  AND  6",200707,5,0.0326623672724904,4.83668816363755
"ESCNDO_6_EB2BT2","Escondido BESS 2",916013,5,0.0330588235294117,4.83470588235294
"VALTNE_2_TBBBT1","Tropico Solar Big Beau",178559,5,0.0332027972027972,4.83398601398601
"JOANEC_2_STABT2","Santa Ana Storage 2",930682,5,0.0335555555555555,4.83222222222222
"SUNSLR_1_SSVSR1","Sunshine Valley Solar 1",800826,5,0.0341261633919338,4.82936918304033
"DVLCYN_1_UNITS","DEVIL CANYON HYDRO UNITS 1-4 AGGREGATE",107681,5,0.0345867325204507,4.82706633739775
"CALFTS_2_CFSSR1","California Flats Solar South",995493,5,0.0347077157497672,4.82646142125116
"JOANEC_2_STABT2","Santa Ana Storage 2",527683,5,0.0347619047619048,4.82619047619048
"USWNDR_2_SMUD","SOLANO WIND FARM",837024,5,0.0347636655487717,4.82618167225614
"MTWIND_1_MVPWD1","Mountain View Power Project I Repower",157358,5,0.0350828457689825,4.82458577115509
"JOANEC_2_STABT2","Santa Ana Storage 2",271095,5,0.0355555555555555,4.82222222222222
"SLATE_2_SLASR3","SLATE_3",435258,5,0.0361797752808988,4.81910112359551
"MRGT_6_TGEBT1","Top Gun Energy Storage",198465,5,0.0366363636363636,4.81681818181818
"POEPH_7_UNIT 2","POE HYDRO UNIT 2",650623,5,0.0366500174662052,4.81674991266897
"MRGT_6_TGEBT1","Top Gun Energy Storage",723250,5,0.0385454545454545,4.80727272727273
"BLVRDE_6_BLVBT1","Boulevard Energy Storage",492010,5,0.0393113553113553,4.80344322344322
"POEPH_7_UNIT 2","POE HYDRO UNIT 2",956532,5,0.0394009743318,4.802995128341
"PARDSE_6_PESBT1","Paradise Energy Storage",347450,5,0.039440353460972,4.80279823269514
"CRIMSN_2_CRMBT1","Crimson",856960,5,0.04,4.8
"BISHOP_1_UNITS","BISHOP CREEK PLANT 3  AND  4",852445,5,0.0419360225168335,4.79031988741583
"OCTILO_5_WIND","Ocotillo Wind Energy Facility",106167,5,0.045284529713089,4.77357735143456
"BLVRDE_6_BLVBT1","Boulevard Energy Storage",101363,5,0.0461538461538461,4.76923076923077
"PALA_6_PGCBT1","Pala Gomez Creek BESS",454499,4,0,4
"VALTNE_2_TBBBT1","Tropico Solar Big Beau",131816,4,0,4
"GATWAY_2_PL1X3","GATEWAY GENERATING STATION",445404,4,0,4
"NGILAA_5_SDGDYN","NGILAA_5_SDGDYN",174744,4,0,4
"DRUM_7_PL3X4","Drum PH 1 Units 3 & 4 Aggregate",415983,4,1.11022302462516e-16,4
"CARLS1_2_CARCT1","Carlsbad 1",160605,4,0.001230012300123,3.99507995079951
"CARLS1_2_CARCT1","Carlsbad 1",944410,4,0.001230012300123,3.99507995079951
"JOANEC_2_STABT2","Santa Ana Storage 2",272251,4,0.00361111111111108,3.98555555555556
"JOANEC_2_STABT2","Santa Ana Storage 2",196008,4,0.0038888888888889,3.98444444444444
"WDFRDF_2_WFFBT1","West Ford Flat Energy Storage",190023,4,0.00434782608695658,3.98260869565217
"WISHON_6_UNITS","Wishon/San Joaquin  #1-A AGGREGATE",832525,4,0.00577138289368501,3.97691446842526
"CARLS1_2_CARCT1","Carlsbad 1",879947,4,0.00615006150061501,3.97539975399754
"JOANEC_2_STABT2","Santa Ana Storage 2",160554,4,0.00714285714285714,3.97142857142857
"NGILAA_5_SDGDYN","NGILAA_5_SDGDYN",127463,4,0.00727272727272725,3.97090909090909
"JOANEC_2_STABT2","Santa Ana Storage 2",182745,4,0.00736111111111113,3.97055555555556
"CONTRL_1_POOLE","POOLE HYDRO PLANT 1",814548,4,0.00844141656901106,3.96623433372396
"GATWAY_2_PL1X3","GATEWAY GENERATING STATION",304325,4,0.00862068965517241,3.96551724137931
"NGILAA_5_SDGDYN","NGILAA_5_SDGDYN",131675,4,0.00909090909090909,3.96363636363636
"USWNDR_2_SMUD","SOLANO WIND FARM",670863,4,0.0100574712643678,3.95977011494253
"TULLCK_7_UNITS","Tullock Hydro",809558,4,0.0101010101010102,3.95959595959596
"GATWAY_2_PL1X3","GATEWAY GENERATING STATION",172074,4,0.0103448275862069,3.95862068965517
"POEPH_7_UNIT 2","POE HYDRO UNIT 2",858777,4,0.0105487237116712,3.95780510515331
"POEPH_7_UNIT 2","POE HYDRO UNIT 2",127688,4,0.0105487237116712,3.95780510515331
"POEPH_7_UNIT 2","POE HYDRO UNIT 2",206601,4,0.0105487237116712,3.95780510515331
"POEPH_7_UNIT 2","POE HYDRO UNIT 2",104756,4,0.0105487237116712,3.95780510515331
"POEPH_7_UNIT 2","POE HYDRO UNIT 2",690855,4,0.0105487237116712,3.95780510515331
"POEPH_7_UNIT 2","POE HYDRO UNIT 2",118774,4,0.0105487237116712,3.95780510515331
"PIT3_7_PL1X3","PIT PH 3 UNITS 1, 2 & 3 AGGREGATE",900843,4,0.01300658632287,3.94797365470852
"WDFRDF_2_WFFBT1","West Ford Flat Energy Storage",131286,4,0.0134782608695652,3.94608695652174
"GATWAY_2_PL1X3","GATEWAY GENERATING STATION",588184,4,0.0141551724137932,3.94337931034483
"MTWIND_1_UNIT 3","Mountain View Power Project III",165858,4,0.0149274553571429,3.94029017857143
"VALTNE_2_TBBBT1","Tropico Solar Big Beau",133547,4,0.0149825174825175,3.94006993006993
"PACLUM_6_UNIT","Humboldt Redwood",805057,4,0.015,3.94
"HUMBPP_1_UNITS3","Humboldt Bay Generating Station 3",839105,4,0.0152120467117394,3.93915181315304
"CRIMSN_2_CRMBT1","Crimson",213199,4,0.0156052353237934,3.93757905870483
"KERNRG_1_UNITS","South Belridge Cogen Facility",120783,4,0.0158125,3.93675
"WISHON_6_UNITS","Wishon/San Joaquin  #1-A AGGREGATE",127849,4,0.0158338435634471,3.93666462574621
"CRESTA_7_PL1X2","CRESTA PH UNIT 1 & 2 AGGREGATE",895511,4,0.0168733470840243,3.9325066116639
"PIT1_7_UNIT 2","PIT PH 1 UNIT 2",805057,4,0.0168755548463163,3.93249778061473
"PIT5_7_PL3X4","PIT PH 5 UNITS 3 & 4 AGGREGATE",226151,4,0.0174406206770547,3.93023751729178
"GYS5X6_7_UNITS","GEYSERS UNITS 5 & 6 AGGREGATE",139204,4,0.0174995677217203,3.93000172911312
"WISHON_6_UNITS","Wishon/San Joaquin  #1-A AGGREGATE",148264,4,0.0179722222222222,3.92811111111111
"NGILAA_5_SDGDYN","NGILAA_5_SDGDYN",360257,4,0.0181818181818182,3.92727272727273
"NGILAA_5_SDGDYN","NGILAA_5_SDGDYN",364184,4,0.0181818181818182,3.92727272727273
"WISHON_6_UNITS","Wishon/San Joaquin  #1-A AGGREGATE",689985,4,0.0182764455102584,3.92689421795897
"DRACKR_2_DSUBT1","Dracker Solar Unit 1 BESS",615344,4,0.0183185811696827,3.92672567532127
"JOANEC_2_STABT2","Santa Ana Storage 2",135958,4,0.0190277777777778,3.92388888888889
"JOANEC_2_STABT2","Santa Ana Storage 2",144521,4,0.0190972222222222,3.92361111111111
"ESCNDO_6_EB3BT3","Escondido BESS 3",284463,4,0.0192116477272727,3.92315340909091
"DREWS_6_PL1X4","Drews Generating Plant",493401,4,0.0192698692190769,3.92292052312369
"AVSOLR_2_SOLAR","AV SOLAR RANCH 1",106181,4,0.0193070730304773,3.92277170787809
"JOANEC_2_STABT2","Santa Ana Storage 2",563237,4,0.0194444444444445,3.92222222222222
"WISHON_6_UNITS","Wishon/San Joaquin  #1-A AGGREGATE",198508,4,0.0196429523048228,3.92142819078071
"WISHON_6_UNITS","Wishon/San Joaquin  #1-A AGGREGATE",994055,4,0.0198573141486811,3.92057074340528
"YELPIN_2_YP2BT1","Yellow Pine 2 BESS",655017,4,0.0199058810916847,3.92037647563326
"YELPIN_2_YP2BT1","Yellow Pine 2 BESS",694071,4,0.0202012038834999,3.919195184466
"YELPIN_2_YP2BT1","Yellow Pine 2 BESS",151431,4,0.0204313704748047,3.91827451810078
"PIT4_7_PL1X2","PIT PH 4 UNITS 1 & 2 AGGREGATE",131041,4,0.0204720744680851,3.91811170212766
"YELPIN_2_YP2BT1","Yellow Pine 2 BESS",900843,4,0.0205901012860417,3.91763959485583
"PIT3_7_PL1X3","PIT PH 3 UNITS 1, 2 & 3 AGGREGATE",895511,4,0.0206322516894045,3.91747099324238
"SUNCAT_2_A1ABT1","Arlington Solar Unit 1A BESS",104155,4,0.0208088051899493,3.9167647792402
"PIT3_7_PL1X3","PIT PH 3 UNITS 1, 2 & 3 AGGREGATE",333220,4,0.0209165545590434,3.91633378176383
"OCOTLO_6_OCWSB1","Ocotillo Wells Solar and BESS",997249,4,0.0209469696969697,3.91621212121212
"USWNDR_2_SMUD","SOLANO WIND FARM",131041,4,0.0210632183908046,3.91574712643678
"VSTAES_6_VESBT1","Vista Energy Storage",154578,4,0.0210666666666666,3.91573333333333
"HUMBPP_1_UNITS3","Humboldt Bay Generating Station 3",302804,4,0.0211022331489449,3.91559106740422
"DRACKR_2_DSUBT1","Dracker Solar Unit 1 BESS",655017,4,0.0211063699223985,3.91557452031041
"BISHOP_1_ALAMO","BISHOP CREEK PLANT 2  AND  6",131964,4,0.0212073835876845,3.91517046564926
"CALFTN_2_SOLAR","California Flats North",195275,4,0.0213315217391305,3.91467391304348
"WISHON_6_UNITS","Wishon/San Joaquin  #1-A AGGREGATE",206575,4,0.021460831334932,3.91415667466027
"PIT5_7_PL3X4","PIT PH 5 UNITS 3 & 4 AGGREGATE",895511,4,0.0215659605410709,3.91373615783572
"CALFTN_2_SOLAR","California Flats North",476474,4,0.0217391304347826,3.91304347826087
"WDFRDF_2_WFFBT1","West Ford Flat Energy Storage",749591,4,0.0217391304347826,3.91304347826087
"WDFRDF_2_WFFBT1","West Ford Flat Energy Storage",222735,4,0.0217391304347826,3.91304347826087
"SISPRG_2_DS3BT2","Daggett Solar 3 b BESS",208011,4,0.0221059431524548,3.91157622739018
"CARBOU_7_PL4X5","CARIBOU PH 2 UNIT 4 & 5 AGGREGATE",993410,4,0.022184976596063,3.91126009361575
"AVSOLR_2_SOLAR","AV SOLAR RANCH 1",112707,4,0.022198176188311,3.91120729524676
"BLAST_1_WIND","Mountain View IV Wind",997249,4,0.0224064803975561,3.91037407840978
"ELECTR_7_PL1X3","ELECTRA PH UNIT 1 & 2 AGGREGATE",670863,4,0.0224851443123939,3.91005942275042
"ALMASL_2_AL6BT6","Almasol 6 BES",163688,4,0.0227272727272727,3.90909090909091
"ESCNDO_6_EB2BT2","Escondido BESS 2",212534,4,0.0227777777777778,3.90888888888889
"SLRMS3_2_SRMSR1","SILVER RIDGE MOUNT SIGNAL 3",201370,4,0.0231088082901555,3.90756476683938
"DRACKR_2_DSUBT1","Dracker Solar Unit 1 BESS",195278,4,0.0233286149825784,3.90668554006969
"BLVRDE_6_BLVBT1","Boulevard Energy Storage",209856,4,0.0233333333333333,3.90666666666667
"JOANEC_2_STABT2","Santa Ana Storage 2",116055,4,0.0233333333333333,3.90666666666667
"ESCNDO_6_EB1BT1","Escondido BESS 1",197582,4,0.0236111111111111,3.90555555555556
"NGILAA_5_SDGDYN","NGILAA_5_SDGDYN",624752,4,0.0236161616161616,3.90553535353535
"SUNCAT_2_A1ABT1","Arlington Solar Unit 1A BESS",956804,4,0.023818919903176,3.9047243203873
"LCKHT1_2_LH1SR1","Lockhart Solar 1 PV",941221,4,0.024013726251434,3.90394509499426
"VSTAES_6_VESBT1","Vista Energy Storage",974145,4,0.0243614035087719,3.90255438596491
"SISPRG_2_DS3BT2","Daggett Solar 3 b BESS",982044,4,0.024390243902439,3.90243902439024
"ESCNDO_6_EB2BT2","Escondido BESS 2",143302,4,0.0245454545454545,3.90181818181818
"HUMBPP_6_UNITS","Humboldt Bay Generating Station 1",238053,4,0.0245851259987708,3.90165949600492
"SLATE_2_SLASR2","SLATE_2",851143,4,0.0246241225721556,3.90150350971138
"DRUM_7_PL3X4","Drum PH 1 Units 3 & 4 Aggregate",654478,4,0.024762969588551,3.9009481216458
"GYS5X6_7_UNITS","GEYSERS UNITS 5 & 6 AGGREGATE",187185,4,0.0248572913588855,3.90057083456446
"JOANEC_2_STABT2","Santa Ana Storage 2",179366,4,0.0249826388888889,3.90006944444444
"YELPIN_2_YP2BT1","Yellow Pine 2 BESS",131675,4,0.0249903664854853,3.90003853405806
"WISHON_6_UNITS","Wishon/San Joaquin  #1-A AGGREGATE",865501,4,0.0251460165201172,3.89941593391953
"WISHON_6_UNITS","Wishon/San Joaquin  #1-A AGGREGATE",194175,4,0.0251878497202238,3.8992486011191
"SLATE_2_SLASR2","SLATE_2",210154,4,0.0252476326955295,3.89900946921788
"WISHON_6_UNITS","Wishon/San Joaquin  #1-A AGGREGATE",961864,4,0.0252553956834532,3.89897841726619
"SUNCAT_2_A1ABT1","Arlington Solar Unit 1A BESS",160098,4,0.0254653127335074,3.89813874906597
"BUCKCK_7_PL1X2","BUCKS CREEK AGGREGATE",125897,4,0.0254660606060606,3.89813575757576
"WISHON_6_UNITS","Wishon/San Joaquin  #1-A AGGREGATE",840436,4,0.0255939716312057,3.89762411347518
"WISHON_6_UNITS","Wishon/San Joaquin  #1-A AGGREGATE",850944,4,0.0256135091926459,3.89754596322942
"BLVRDE_6_BLVBT1","Boulevard Energy Storage",940797,4,0.0256410256410256,3.8974358974359
"BLVRDE_6_BLVBT1","Boulevard Energy Storage",468693,4,0.0256410256410256,3.8974358974359
"CRIMSN_2_CRMBT1","Crimson",198934,4,0.0257084636911513,3.8971661452354
"CRIMSN_2_CRMBT1","Crimson",639090,4,0.0257084636911513,3.8971661452354
"CRIMSN_2_CRMBT1","Crimson",173802,4,0.0257084636911513,3.8971661452354
"HUMBPP_6_UNITS","Humboldt Bay Generating Station 1",798542,4,0.0257836508912109,3.89686539643516
"CARLS1_2_CARCT1","Carlsbad 1",123833,4,0.025830258302583,3.89667896678967
"SUNSLR_1_SSVSR1","Sunshine Valley Solar 1",837024,4,0.025982887967169,3.89606844813132
"POEPH_7_UNIT 1","POE HYDRO UNIT 1",858777,4,0.0260504788947903,3.89579808442084
"POEPH_7_UNIT 1","POE HYDRO UNIT 1",127688,4,0.0260504788947903,3.89579808442084
"POEPH_7_UNIT 1","POE HYDRO UNIT 1",206601,4,0.0260504788947903,3.89579808442084
"POEPH_7_UNIT 1","POE HYDRO UNIT 1",104756,4,0.0260504788947903,3.89579808442084
"POEPH_7_UNIT 1","POE HYDRO UNIT 1",690855,4,0.0260504788947903,3.89579808442084
"POEPH_7_UNIT 1","POE HYDRO UNIT 1",118774,4,0.0260504788947903,3.89579808442084
"CARBOU_7_PL4X5","CARIBOU PH 2 UNIT 4 & 5 AGGREGATE",828735,4,0.0262989719366491,3.8948041122534
"JOANEC_2_STABT2","Santa Ana Storage 2",269465,4,0.0264409722222222,3.89423611111111
"LECEF_1_UNITS","LOS ESTEROS ENERGY FACILITY AGGREGATE",475261,4,0.0266256313131314,3.89349747474747
"ESCNDO_6_EB1BT1","Escondido BESS 1",213734,4,0.0267525252525252,3.8929898989899
"WISHON_6_UNITS","Wishon/San Joaquin  #1-A AGGREGATE",374413,4,0.0270981087470448,3.89160756501182
"ESCNDO_6_EB3BT3","Escondido BESS 3",148307,4,0.0272040719696969,3.89118371212121
"BUCKCK_7_PL1X2","BUCKS CREEK AGGREGATE",264638,4,0.0273484848484849,3.89060606060606
"DEADCK_1_UNIT","DEADCK_1_UNIT",148199,4,0.0273972602739726,3.89041095890411
"DEADCK_1_UNIT","DEADCK_1_UNIT",265407,4,0.0273972602739726,3.89041095890411
"HUMBPP_1_UNITS3","Humboldt Bay Generating Station 3",418080,4,0.0274533906986273,3.89018643720549
"BISHOP_1_ALAMO","BISHOP CREEK PLANT 2  AND  6",220818,4,0.027461456671983,3.89015417331207
"ARLVAL_5_SOLAR","Arlington Valley Solar Energy II",105465,4,0.0275,3.89
"WISHON_6_UNITS","Wishon/San Joaquin  #1-A AGGREGATE",206925,4,0.0275764721556089,3.88969411137756
"JOANEC_2_STABT2","Santa Ana Storage 2",464954,4,0.0277777777777778,3.88888888888889
"ALMASL_2_AL6BT6","Almasol 6 BES",951689,4,0.027840909090909,3.88863636363636
"ALMASL_2_AL6BT6","Almasol 6 BES",932153,4,0.027840909090909,3.88863636363636
"ALMASL_2_AL6BT6","Almasol 6 BES",156192,4,0.027840909090909,3.88863636363636
"GARNET_2_COAWD2","Coachella 2",184635,4,0.02803738317757,3.88785046728972
"BLAST_1_WIND","Mountain View IV Wind",201838,4,0.0281820893390722,3.88727164264371
"WESCAN_2_BDSBT1","Bateria Del Sur",914978,4,0.0289089201877934,3.88436431924883
"ELECTR_7_PL1X3","ELECTRA PH UNIT 1 & 2 AGGREGATE",139204,4,0.0291159755449538,3.88353609782018
"COLVIL_7_PL1X2","COLLIERVILLE HYDRO UNIT 1 & 2 AGGREGATE",201370,4,0.0292437925029354,3.88302482998826
"GATWAY_2_PL1X3","GATEWAY GENERATING STATION",114630,4,0.0293965517241379,3.88241379310345
"TIFFNY_1_DILLON","TIFFNY_1_DILLON",939948,4,0.0299055732362041,3.88037770705518
"ESCNDO_6_EB1BT1","Escondido BESS 1",153153,4,0.03,3.88
"WISHON_6_UNITS","Wishon/San Joaquin  #1-A AGGREGATE",819306,4,0.0300219824140689,3.87991207034372
"ELECTR_7_PL1X3","ELECTRA PH UNIT 1 & 2 AGGREGATE",226151,4,0.0301625917939903,3.87934963282404
"JOANEC_2_STABT2","Santa Ana Storage 2",664625,4,0.0302777777777778,3.87888888888889
"PACLUM_6_UNIT","Humboldt Redwood",975528,4,0.0306098964326812,3.87756041426928
"PIT5_7_PL1X2","PIT PH 5 UNITS 1 & 2 AGGREGATE",234172,4,0.030640243902439,3.87743902439024
"YELPIN_2_YP2BT1","Yellow Pine 2 BESS",140316,4,0.0307562392477003,3.8769750430092
"YELPIN_2_YP2BT1","Yellow Pine 2 BESS",917893,4,0.0307562392477003,3.8769750430092
"JOANEC_2_STABT2","Santa Ana Storage 2",547694,4,0.0309722222222222,3.87611111111111
"ALMASL_2_AL6BT6","Almasol 6 BES",764895,4,0.0311363636363637,3.87545454545455
"WISHON_6_UNITS","Wishon/San Joaquin  #1-A AGGREGATE",751165,4,0.0312936317612577,3.87482547295497
"BUCKCK_7_PL1X2","BUCKS CREEK AGGREGATE",182859,4,0.0315362386754139,3.87385504529834
"WISHON_6_UNITS","Wishon/San Joaquin  #1-A AGGREGATE",862299,4,0.0318265387689849,3.87269384492406
"ESCNDO_6_EB2BT2","Escondido BESS 2",279660,4,0.0321200219218122,3.87151991231275
"ALMASL_2_AL6BT6","Almasol 6 BES",288377,4,0.0322727272727273,3.87090909090909
"SLATE_2_SLASR3","SLATE_3",469821,4,0.0323033707865169,3.87078651685393
"CALFTS_2_CFSSR1","California Flats Solar South",914978,4,0.0323888657214346,3.87044453711426
"ESCNDO_6_EB2BT2","Escondido BESS 2",104183,4,0.0328333333333333,3.86866666666667
"MTWIND_1_MVPWD1","Mountain View Power Project I Repower",178559,4,0.032837326465077,3.86865069413969
"SUNCAT_2_A1ABT1","Arlington Solar Unit 1A BESS",189802,4,0.0329557852529057,3.86817685898838
"DSRTSL_2_SOLAR1","Desert Stateline",201021,4,0.032973574300324,3.8681057027987
"GARNET_2_WIND3","San Gorgonio East",858482,4,0.0329744279946165,3.86810228802153
"PARDSE_6_PESBT1","Paradise Energy Storage",916013,4,0.0332672482157018,3.86693100713719
"PIT5_7_PL3X4","PIT PH 5 UNITS 3 & 4 AGGREGATE",130317,4,0.0333907676446436,3.86643692942143
"SISPRG_2_DS3BT2","Daggett Solar 3 b BESS",736984,4,0.033443137254902,3.86622745098039
"OCOTLO_6_OCWSB1","Ocotillo Wells Solar and BESS",890505,4,0.0334621212121212,3.86615151515152
"OCTILO_5_WIND","Ocotillo Wind Energy Facility",254978,4,0.0339395784186897,3.86424168632524
"ESCNDO_6_EB2BT2","Escondido BESS 2",566935,4,0.0339566544566545,3.86417338217338
"ESCNDO_6_EB2BT2","Escondido BESS 2",491560,4,0.0341267811472415,3.86349287541103
"CARBOU_7_PL4X5","CARIBOU PH 2 UNIT 4 & 5 AGGREGATE",277359,4,0.0344279661016949,3.86228813559322
"CARBOU_7_PL4X5","CARIBOU PH 2 UNIT 4 & 5 AGGREGATE",676452,4,0.0344279661016949,3.86228813559322
"NGILAA_5_SDGDYN","NGILAA_5_SDGDYN",212542,4,0.0345454545454545,3.86181818181818
"WISHON_6_UNITS","Wishon/San Joaquin  #1-A AGGREGATE",563237,4,0.0348324007460699,3.86067039701572
"ALMASL_2_AL6BT6","Almasol 6 BES",324007,4,0.0363636363636364,3.85454545454545
"NGILAA_5_SDGDYN","NGILAA_5_SDGDYN",145917,4,0.0363636363636364,3.85454545454545
"NGILAA_5_SDGDYN","NGILAA_5_SDGDYN",907297,4,0.0363636363636364,3.85454545454545
"NGILAA_5_SDGDYN","NGILAA_5_SDGDYN",125897,4,0.0363636363636364,3.85454545454545
"ESCNDO_6_EB1BT1","Escondido BESS 1",779880,4,0.036375,3.8545
"KEARNY_6_SESBT2","Kearny South Energy Storage",401817,4,0.0364015151515151,3.85439393939394
"SUNCAT_2_A1ABT1","Arlington Solar Unit 1A BESS",141208,4,0.0369927352332281,3.85202905906709
"CRSTWD_6_KUMYAY","Kumeyaay Wind Farm",973878,4,0.0371891774891775,3.85124329004329
"BUCKCK_7_PL1X2","BUCKS CREEK AGGREGATE",131816,4,0.0372727272727273,3.85090909090909
"ALMASL_2_AL6BT6","Almasol 6 BES",356834,4,0.0372727272727273,3.85090909090909
"CRIMSN_2_CRMBT1","Crimson",457081,4,0.0375,3.85
"GYS5X6_7_UNITS","GEYSERS UNITS 5 & 6 AGGREGATE",102982,4,0.0380208197768206,3.84791672089272
"CARLS1_2_CARCT1","Carlsbad 1",129058,4,0.038130381303813,3.84747847478475
"POEPH_7_UNIT 2","POE HYDRO UNIT 2",761691,4,0.0382687333198947,3.84692506672042
"SPAULD_6_UNIT12","SPAULDING HYDRO PH 1 & 2 AGGREGATE",513723,4,0.038474025974026,3.8461038961039
"HAASPH_7_PL1X2","HAAS PH UNIT 1 & 2 AGGREGATE",623762,4,0.0386805555555555,3.84527777777778
"SISPRG_2_DS3BT2","Daggett Solar 3 b BESS",418080,4,0.0390375231364631,3.84384990745415
"WDFRDF_2_WFFBT1","West Ford Flat Energy Storage",114767,4,0.0391304347826086,3.84347826086957
"WDFRDF_2_WFFBT1","West Ford Flat Energy Storage",987235,4,0.0391304347826086,3.84347826086957
"WDFRDF_2_WFFBT1","West Ford Flat Energy Storage",189560,4,0.0391304347826086,3.84347826086957
"LCKHT1_2_LH1SR1","Lockhart Solar 1 PV",435258,4,0.0393786549707602,3.84248538011696
"SISPRG_2_DS3BT2","Daggett Solar 3 b BESS",237420,4,0.0396848013816926,3.84126079447323
"VSTAES_6_VESBT1","Vista Energy Storage",186841,4,0.0398666666666667,3.84053333333333
"HAASPH_7_PL1X2","HAAS PH UNIT 1 & 2 AGGREGATE",264747,4,0.0400694444444445,3.83972222222222
"GATWAY_2_PL1X3","GATEWAY GENERATING STATION",123314,4,0.0406896551724138,3.83724137931034
"POEPH_7_UNIT 1","POE HYDRO UNIT 1",650623,4,0.0410804925774986,3.83567802969001
"DEADCK_1_UNIT","DEADCK_1_UNIT",103773,4,0.0410958904109589,3.83561643835616
"CONTRL_1_POOLE","POOLE HYDRO PLANT 1",442155,4,0.0413877688839454,3.83444892446422
"SLRMS3_2_SRMSR1","SILVER RIDGE MOUNT SIGNAL 3",407814,4,0.0414507772020725,3.83419689119171
"DRACKR_2_DSUBT1","Dracker Solar Unit 1 BESS",761691,4,0.0430038510911425,3.82798459563543
"WDFRDF_2_WFFBT1","West Ford Flat Energy Storage",928357,4,0.0434782608695652,3.82608695652174
"WDFRDF_2_WFFBT1","West Ford Flat Energy Storage",840093,4,0.0434782608695652,3.82608695652174
"WDFRDF_2_WFFBT1","West Ford Flat Energy Storage",156906,4,0.0434782608695652,3.82608695652174
"WDFRDF_2_WFFBT1","West Ford Flat Energy Storage",517313,4,0.0434782608695652,3.82608695652174
"WDFRDF_2_WFFBT1","West Ford Flat Energy Storage",148387,4,0.0434782608695652,3.82608695652174
"OCTILO_5_WIND","Ocotillo Wind Energy Facility",213626,4,0.0437181340841641,3.82512746366334
"BERCYN_2_BCEBT1","Bear Canyon Energy Storage",153772,4,0.0437689393939394,3.82492424242424
"SISPRG_2_DS3BT2","Daggett Solar 3 b BESS",125897,4,0.044253743900387,3.82298502439845
"DRACKR_2_DSUBT1","Dracker Solar Unit 1 BESS",956532,4,0.0442875481386392,3.82284980744544
"DVLCYN_1_UNITS","DEVIL CANYON HYDRO UNITS 1-4 AGGREGATE",186340,4,0.0454545454545455,3.81818181818182
"NGILAA_5_SDGDYN","NGILAA_5_SDGDYN",192354,4,0.0454545454545455,3.81818181818182
"OTMESA_2_PL1X3","OTAY MESA ENERGY CENTER",435045,4,0.045975791348089,3.81609683460764
"OTMESA_2_PL1X3","OTAY MESA ENERGY CENTER",140969,4,0.045975791348089,3.81609683460764
"OCTILO_5_WIND","Ocotillo Wind Energy Facility",158253,4,0.0463435050604977,3.81462597975801
"ALMASL_2_AL6BT6","Almasol 6 BES",161142,4,0.046590909090909,3.81363636363636
"NGILAA_5_SDGDYN","NGILAA_5_SDGDYN",713184,4,0.0467272727272727,3.81309090909091
"GARNET_2_COAWD2","Coachella 2",101363,4,0.046728971962617,3.81308411214953
"NGILAA_5_SDGDYN","NGILAA_5_SDGDYN",261590,4,0.0472727272727273,3.81090909090909
"NGILAA_5_SDGDYN","NGILAA_5_SDGDYN",594888,4,0.0490909090909091,3.80363636363636
"JOANEC_2_ST3BT3","Santa Ana Storage 3",133829,3,0,3
"KERRGN_1_UNIT 1","KERN RIVER HYDRO UNITS 1-4 AGGREGATE",148387,3,0,3
"KERNRG_1_UNITS","South Belridge Cogen Facility",620765,3,0,3
"OMAR_2_UNIT 4","KERN RIVER COGENERATION CO. UNIT 4",962064,3,0,3
"HIGGNS_1_COMBIE","Combie South",857306,3,0,3
"HIGGNS_1_COMBIE","Combie South",713354,3,0,3
"ALHMBR_1_ALHSLR","SG Alhambra",165788,3,0,3
"ALHMBR_1_ALHSLR","SG Alhambra",852416,3,0,3
"ALHMBR_1_ALHSLR","SG Alhambra",158082,3,0,3
"ALHMBR_1_ALHSLR","SG Alhambra",915712,3,0,3
"VALTNE_2_TBBBT1","Tropico Solar Big Beau",436850,3,0,3
"VALTNE_2_TBBBT1","Tropico Solar Big Beau",907297,3,0,3
"VALTNE_2_TBBBT1","Tropico Solar Big Beau",174744,3,0,3
"VALTNE_2_TBBBT1","Tropico Solar Big Beau",475574,3,0,3
"BERCYN_2_BCEBT1","Bear Canyon Energy Storage",742900,3,0,3
"BERCYN_2_BCEBT1","Bear Canyon Energy Storage",191168,3,0,3
"BERCYN_2_BCEBT1","Bear Canyon Energy Storage",569776,3,0,3
"CONTRL_1_LUNDY","LUNDY",163107,3,9.25185853854297e-17,3
"DUANE_1_PL1X3","DONALD VON RAESFELD POWER PROJECT",514544,3,2.25569122463524e-16,3
"WOLFSK_1_UNITA1","Wolfskill Energy Center",111621,3,0.00142146410803129,2.99573560767591
"WOLFSK_1_UNITA1","Wolfskill Energy Center",241464,3,0.00142146410803129,2.99573560767591
"WOLFSK_1_UNITA1","Wolfskill Energy Center",258757,3,0.00142146410803129,2.99573560767591
"ETIWND_6_GRPLND","Grapeland Peaker",951689,3,0.00413275920988808,2.98760172237034
"ETIWND_6_GRPLND","Grapeland Peaker",932153,3,0.00413275920988808,2.98760172237034
"ETIWND_6_GRPLND","Grapeland Peaker",156192,3,0.00413275920988808,2.98760172237034
"OMAR_2_UNIT 4","KERN RIVER COGENERATION CO. UNIT 4",113373,3,0.0045662100456621,2.98630136986301
"OMAR_2_UNIT 4","KERN RIVER COGENERATION CO. UNIT 4",113402,3,0.0045662100456621,2.98630136986301
"WOLFSK_1_UNITA1","Wolfskill Energy Center",713009,3,0.0048305584539309,2.98550832463821
"ETIWND_6_GRPLND","Grapeland Peaker",288377,3,0.0050267091239099,2.98491987262827
"ETIWND_6_GRPLND","Grapeland Peaker",163688,3,0.00514128704904122,2.98457613885288
"WOLFSK_1_UNITA1","Wolfskill Energy Center",528875,3,0.00525669524716843,2.9842299142585
"GARNET_2_COAWD2","Coachella 2",346252,3,0.00561335449362257,2.98315993651913
"OCOTLO_6_OCWSB1","Ocotillo Wells Solar and BESS",794449,3,0.00579797979797975,2.98260606060606
"TIFFNY_1_DILLON","TIFFNY_1_DILLON",141208,3,0.00712982666905765,2.97861051999283
"VALTNE_2_TBBBT1","Tropico Solar Big Beau",127463,3,0.00727272727272725,2.97818181818182
"VALTNE_2_TBBBT1","Tropico Solar Big Beau",462729,3,0.00727272727272725,2.97818181818182
"WOLFSK_1_UNITA1","Wolfskill Energy Center",116743,3,0.00781351600659313,2.97655945198022
"ADLIN_1_UNITS","GEYSERS AIDLIN AGGREGATE",316580,3,0.00814814814814817,2.97555555555556
"ETIWND_6_GRPLND","Grapeland Peaker",324007,3,0.00827365261527835,2.97517904215416
"RCKCRK_7_UNIT 1","ROCK CREEK HYDRO UNIT 1",123566,3,0.00854866912764713,2.97435399261706
"BLAST_1_WIND","Mountain View IV Wind",340172,3,0.00867283283465494,2.97398150149604
"ETIWND_6_GRPLND","Grapeland Peaker",166981,3,0.00875202090476041,2.97374393728572
"ETIWND_6_GRPLND","Grapeland Peaker",356834,3,0.00915810318774788,2.97252569043676
"OMAR_2_UNIT 4","KERN RIVER COGENERATION CO. UNIT 4",182568,3,0.00925925925925926,2.97222222222222
"GARNET_2_WIND3","San Gorgonio East",434639,3,0.00942126514131902,2.97173620457604
"WOLFSK_1_UNITA1","Wolfskill Energy Center",698118,3,0.0094450241195239,2.97166492764143
"DSRTSL_2_SOLAR1","Desert Stateline",254978,3,0.00947286303354512,2.97158141089936
"TULLCK_7_UNITS","Tullock Hydro",199482,3,0.0101010101010102,2.96969696969697
"SALTSP_7_UNITS","SALT SPRINGS HYDRO AGGREGATE",148758,3,0.0102941176470588,2.96911764705882
"USWNDR_2_SMUD2","Solano Wind Project Phase 3",264747,3,0.0103042568106089,2.96908722956817
"WISHON_6_UNITS","Wishon/San Joaquin  #1-A AGGREGATE",135132,3,0.0106172839506173,2.96814814814815
"ESCNDO_6_EB2BT2","Escondido BESS 2",323555,3,0.0112625791057164,2.96621226268285
"POEPH_7_UNIT 2","POE HYDRO UNIT 2",140547,3,0.0113982982822283,2.96580510515331
"WOLFSK_1_UNITA1","Wolfskill Energy Center",912055,3,0.0120748839389678,2.9637753481831
"BLAST_1_WIND","Mountain View IV Wind",179047,3,0.0123316188062364,2.96300514358129
"CRSTWD_6_KUMYAY","Kumeyaay Wind Farm",628632,3,0.0125840783312048,2.96224776500639
"ARCOGN_2_UNITS","WATSON COGENERATION",219791,3,0.0127371273712737,2.96178861788618
"JOANEC_2_STABT2","Santa Ana Storage 2",751165,3,0.0132063492063492,2.96038095238095
"ESCNDO_6_EB1BT1","Escondido BESS 1",385155,3,0.0133333333333333,2.96
"HAASPH_7_PL1X2","HAAS PH UNIT 1 & 2 AGGREGATE",867677,3,0.0133333333333333,2.96
"CALFTN_2_SOLAR","California Flats North",127378,3,0.0134782608695652,2.9595652173913
"ESCNDO_6_EB1BT1","Escondido BESS 1",284463,3,0.0136363636363636,2.95909090909091
"AVSOLR_2_SOLAR","AV SOLAR RANCH 1",407814,3,0.0138010350776308,2.95859689476711
"OMAR_2_UNIT 4","KERN RIVER COGENERATION CO. UNIT 4",129089,3,0.0138254693049214,2.95852359208524
"PIT1_7_UNIT 1","PIT PH 1 UNIT 1",805057,3,0.0139293112236598,2.95821206632902
"WISHON_6_UNITS","Wishon/San Joaquin  #1-A AGGREGATE",196008,3,0.014111111111111,2.95766666666667
"DSRTSL_2_SOLAR1","Desert Stateline",158253,3,0.0141535718265909,2.95753928452023
"WOLFSK_1_UNITA1","Wolfskill Energy Center",376200,3,0.0142055679051551,2.95738329628453
"SUNCAT_2_A1ABT1","Arlington Solar Unit 1A BESS",208042,3,0.0142983140515087,2.95710505784547
"SUNCAT_2_A1ABT1","Arlington Solar Unit 1A BESS",707240,3,0.0142983140515087,2.95710505784547
"SUNCAT_2_A1ABT1","Arlington Solar Unit 1A BESS",133683,3,0.0142983140515087,2.95710505784547
"STANTN_2_SBEBX2","Stanton Battery Energy Storage",798391,3,0.014336917562724,2.95698924731183
"SUNCAT_2_A1ABT1","Arlington Solar Unit 1A BESS",973878,3,0.0143883515152822,2.95683494545415
"VALTNE_2_TBBBT1","Tropico Solar Big Beau",208011,3,0.0144242424242424,2.95672727272727
"SANDLT_2_SUNITS","Mojave Solar",201021,3,0.0146666666666667,2.956
"RCKCRK_7_UNIT 1","ROCK CREEK HYDRO UNIT 1",774713,3,0.0147658830386633,2.95570235088401
"MIRLOM_2_MLBBTB","Mira Loma BESS B",566935,3,0.015,2.955
"USWNDR_2_SMUD2","Solano Wind Project Phase 3",145233,3,0.0152001171511154,2.95439964854665
"OCOTLO_6_OCWSB1","Ocotillo Wells Solar and BESS",286732,3,0.0154141414141414,2.95375757575758
"CRSTWD_6_KUMYAY","Kumeyaay Wind Farm",353349,3,0.0156,2.9532
"WOLFSK_1_UNITA1","Wolfskill Energy Center",130812,3,0.0156240076214671,2.9531279771356
"ETIWND_6_GRPLND","Grapeland Peaker",266436,3,0.0160487381276341,2.9518537856171
"RCKCRK_7_UNIT 1","ROCK CREEK HYDRO UNIT 1",594888,3,0.016125898581698,2.95162230425491
"TIFFNY_1_DILLON","TIFFNY_1_DILLON",444308,3,0.0161349826795309,2.95159505196141
"JOANEC_2_STABT2","Santa Ana Storage 2",454594,3,0.0162962962962963,2.95111111111111
"HUMBPP_6_UNITS","Humboldt Bay Generating Station 1",271794,3,0.0165949600491704,2.95021511985249
"KEARNY_6_SESBT2","Kearny South Energy Storage",454499,3,0.0166666666666666,2.95
"HIGGNS_1_COMBIE","Combie South",380369,3,0.0166666666666667,2.95
"WOLFSK_1_UNITA1","Wolfskill Energy Center",702721,3,0.0167623886645798,2.94971283400626
"RCKCRK_7_UNIT 1","ROCK CREEK HYDRO UNIT 1",469196,3,0.016903050320575,2.94929084903827
"ETIWND_6_GRPLND","Grapeland Peaker",852416,3,0.0171181583399737,2.94864552498008
"BUCKCK_7_PL1X2","BUCKS CREEK AGGREGATE",694071,3,0.0171842132666875,2.94844736019994
"SLATE_2_SLASR2","SLATE_2",181382,3,0.0172712170458649,2.94818634886241
"WOLFSK_1_UNITA1","Wolfskill Energy Center",517145,3,0.017401593854436,2.94779521843669
"PIT1_7_UNIT 1","PIT PH 1 UNIT 1",984603,3,0.0174168651214701,2.94774940463559
"PIT3_7_PL1X3","PIT PH 3 UNITS 1, 2 & 3 AGGREGATE",172299,3,0.0174517914009043,2.94764462579729
"JOANEC_2_STABT2","Santa Ana Storage 2",180334,3,0.0177777777777777,2.94666666666667
"RCKCRK_7_UNIT 1","ROCK CREEK HYDRO UNIT 1",261590,3,0.0180687779288906,2.94579366621333
"CARBOU_7_PL4X5","CARIBOU PH 2 UNIT 4 & 5 AGGREGATE",195275,3,0.0180790188632645,2.94576294341021
"JOANEC_2_STABT2","Santa Ana Storage 2",374413,3,0.0181481481481482,2.94555555555556
"BERCYN_2_BCEBT1","Bear Canyon Energy Storage",164110,3,0.0181818181818181,2.94545454545455
"ETIWND_6_GRPLND","Grapeland Peaker",161142,3,0.0182237215555606,2.94532883533332
"GARNET_2_WIND4","Windustries",916013,3,0.0184062590553464,2.94478122283396
"TULLCK_7_UNITS","Tullock Hydro",198465,3,0.0184501234110196,2.94464962976694
"HAASPH_7_PL1X2","HAAS PH UNIT 1 & 2 AGGREGATE",144886,3,0.0184722222222223,2.94458333333333
"SUNCAT_2_A1ABT1","Arlington Solar Unit 1A BESS",764895,3,0.0184856952586443,2.94454291422407
"PARDSE_6_PESBT1","Paradise Energy Storage",492010,3,0.0185714285714286,2.94428571428571
"RCKCRK_7_UNIT 1","ROCK CREEK HYDRO UNIT 1",713184,3,0.0186516417330484,2.94404507480085
"WOLFSK_1_UNITA1","Wolfskill Energy Center",161142,3,0.0188200335707481,2.94353989928776
"KERNRG_1_UNITS","South Belridge Cogen Facility",973878,3,0.0189166666666666,2.94325
"ETIWND_6_GRPLND","Grapeland Peaker",939948,3,0.0189232024881602,2.94323039253552
"DSRTSL_2_SOLAR1","Desert Stateline",213626,3,0.0190200230320592,2.94293993090382
"RCKCRK_7_UNIT 1","ROCK CREEK HYDRO UNIT 1",360257,3,0.0190402176024869,2.94287934719254
"YELPIN_2_YP2BT1","Yellow Pine 2 BESS",261727,3,0.0190664457765436,2.94280066267037
"ELECTR_7_PL1X3","ELECTRA PH UNIT 1 & 2 AGGREGATE",800826,3,0.0191579911589586,2.94252602652312
"RUSCTY_2_UNITS","Russell City Energy Center",435045,3,0.0192372080818839,2.94228837575435
"RUSCTY_2_UNITS","Russell City Energy Center",140969,3,0.0192372080818839,2.94228837575435
"RTEDDY_2_SOLAR1","Rosamond West Solar 1",114138,3,0.0192477876106194,2.94225663716814
"BLAST_1_WIND","Mountain View IV Wind",890505,3,0.0195748731708538,2.94127538048744
"POEPH_7_UNIT 1","POE HYDRO UNIT 1",140547,3,0.0195824567082052,2.94125262987538
"RTEDDY_2_SOLAR1","Rosamond West Solar 1",628885,3,0.0199115044247787,2.94026548672566
"RCKCRK_7_UNIT 1","ROCK CREEK HYDRO UNIT 1",192354,3,0.0200116572760832,2.93996502817175
"IVANPA_1_UNIT1","Ivanpah 1",166139,3,0.0200708382526564,2.93978748524203
"OCOTLO_6_OCWSB1","Ocotillo Wells Solar and BESS",165788,3,0.0202020202020202,2.93939393939394
"CARBOU_7_PL2X3","CARIBOU PH 1 UNIT 2 & 3 AGGREGATE",890505,3,0.0203277777777778,2.93901666666667
"PALOMR_2_PL1X3","Palomar Energy Center",129733,3,0.0206436763335683,2.9380689709993
"PIT4_7_PL1X2","PIT PH 4 UNITS 1 & 2 AGGREGATE",173313,3,0.0206666666666667,2.938
"WISHON_6_UNITS","Wishon/San Joaquin  #1-A AGGREGATE",923750,3,0.0207034372501999,2.9378896882494
"ROSMDW_2_WIND1","Pacific Wind - Phase 1",780584,3,0.0207224230435953,2.93783273086921
"TIFFNY_1_DILLON","TIFFNY_1_DILLON",917872,3,0.0207318630315475,2.93780441090536
"IVANPA_1_UNIT1","Ivanpah 1",754274,3,0.0207595434868162,2.93772136953955
"IVANPA_1_UNIT1","Ivanpah 1",165806,3,0.020805785123967,2.9375826446281
"SLATE_2_SLASR2","SLATE_2",581281,3,0.0208365234139882,2.93749042975804
"SUNCAT_2_A1ABT1","Arlington Solar Unit 1A BESS",166981,3,0.0208559110362682,2.9374322668912
"HUMBPP_1_UNITS3","Humboldt Bay Generating Station 3",469821,3,0.0212388171822714,2.93628354845319
"KERNRG_1_UNITS","South Belridge Cogen Facility",157358,3,0.02125,2.93625
"WISHON_6_UNITS","Wishon/San Joaquin  #1-A AGGREGATE",316580,3,0.0214086508570922,2.93577404742872
"WDFRDF_2_WFFBT1","West Ford Flat Energy Storage",165103,3,0.0214492753623188,2.93565217391304
"ETIWND_6_GRPLND","Grapeland Peaker",130812,3,0.0215404112023215,2.93537876639304
"HUMBPP_6_UNITS","Humboldt Bay Generating Station 1",105576,3,0.0215939356689204,2.93521819299324
"KEARNY_6_SESBT2","Kearny South Energy Storage",292435,3,0.0216666666666666,2.935
"POLRIS_2_ASRSR1","Antelope Solar 2 Raceway",828735,3,0.0217390956382553,2.93478271308523
"JOANEC_2_ST3BT3","Santa Ana Storage 3",186146,3,0.0217708333333333,2.9346875
"RUSSELL_2_SOLANO1","Solano Renewables 1",118328,3,0.0220081470041933,2.93397555898742
"AVSOLR_2_SOLAR","AV SOLAR RANCH 1",360573,3,0.0220495885544129,2.93385123433676
"SUNCAT_2_A1ABT1","Arlington Solar Unit 1A BESS",163688,3,0.0221990333102551,2.93340290006923
"SUNCAT_2_A1ABT1","Arlington Solar Unit 1A BESS",480008,3,0.0221990333102551,2.93340290006923
"MOORPK_2_CALABS","Calabasas Gas-to-Energy Facility",211201,3,0.0222222222222222,2.93333333333333
"ESCNDO_6_EB1BT1","Escondido BESS 1",170224,3,0.0222222222222222,2.93333333333333
"ETIWND_6_GRPLND","Grapeland Peaker",208042,3,0.0222398921349209,2.93328032359524
"BISHOP_1_ALAMO","BISHOP CREEK PLANT 2  AND  6",975065,3,0.0225492019215868,2.93235239423524
"ALMASL_2_AL6BT6","Almasol 6 BES",465357,3,0.0227272727272727,2.93181818181818
"WOLFSK_1_UNITA1","Wolfskill Energy Center",142447,3,0.0227283037699043,2.93181508869029
"WOLFSK_1_UNITA1","Wolfskill Energy Center",146423,3,0.0227283037699043,2.93181508869029
"SLATE_2_SLASR2","SLATE_2",905955,3,0.0228200312989045,2.93153990610329
"YELPIN_2_YP2BT1","Yellow Pine 2 BESS",236353,3,0.0228246941956619,2.93152591741301
"OMAR_2_UNIT 4","KERN RIVER COGENERATION CO. UNIT 4",141180,3,0.0230847285641806,2.93074581430746
"ROSMDW_2_WIND1","Pacific Wind - Phase 1",805736,3,0.0230849220103986,2.9307452339688
"ESCNDO_6_EB2BT2","Escondido BESS 2",136915,3,0.0230936819172113,2.93071895424837
"PIT4_7_PL1X2","PIT PH 4 UNITS 1 & 2 AGGREGATE",199925,3,0.0231666666666667,2.9305
"HAASPH_7_PL1X2","HAAS PH UNIT 1 & 2 AGGREGATE",914978,3,0.0232407407407407,2.93027777777778
"JOANEC_2_STABT2","Santa Ana Storage 2",102291,3,0.0233101851851852,2.93006944444444
"BUCKCK_7_PL1X2","BUCKS CREEK AGGREGATE",705142,3,0.0233676975945017,2.92989690721649
"CALFTS_2_CFSSR1","California Flats Solar South",920866,3,0.023381778544827,2.92985466436552
"WOLFSK_1_UNITA1","Wolfskill Energy Center",154612,3,0.0235805773563792,2.92925826793086
"WOLFSK_1_UNITA1","Wolfskill Energy Center",990961,3,0.0235805773563792,2.92925826793086
"CRIMSN_2_CRMBT2","Crimson 2",589872,3,0.0236,2.9292
"OCTILO_5_WIND","Ocotillo Wind Energy Facility",193488,3,0.0236663876417319,2.9290008370748
"ELECTR_7_PL1X3","ELECTRA PH UNIT 1 & 2 AGGREGATE",131448,3,0.0237068240871592,2.92887952773852
"CRSTWD_6_KUMYAY","Kumeyaay Wind Farm",917872,3,0.0237333333333333,2.9288
"ELECTR_7_PL1X3","ELECTRA PH UNIT 1 & 2 AGGREGATE",189054,3,0.023984546299707,2.92804636110088
"MTWIND_1_MVPWD1","Mountain View Power Project I Repower",288336,3,0.0240109354043022,2.92796719378709
"HUMBPP_1_UNITS3","Humboldt Bay Generating Station 3",151431,3,0.0240387898654647,2.92788363040361
"BLAST_1_WIND","Mountain View IV Wind",158082,3,0.0240625033038367,2.92781249008849
"WISHON_6_UNITS","Wishon/San Joaquin  #1-A AGGREGATE",261853,3,0.0244241486243629,2.92672755412691
"WOLFSK_1_UNITA1","Wolfskill Energy Center",928918,3,0.0244328509428541,2.92670144717144
"PARDSE_6_PESBT1","Paradise Energy Storage",284463,3,0.0244566544566544,2.92663003663004
"BERCYN_2_BCEBT1","Bear Canyon Energy Storage",321383,3,0.0245454545454546,2.92636363636364
"HAASPH_7_PL1X2","HAAS PH UNIT 1 & 2 AGGREGATE",112563,3,0.0247685185185186,2.92569444444444
"ELKHRN_1_EESX3","Elkhorn Energy Storage",828238,3,0.0247993857419567,2.92560184277413
"WOLFSK_1_UNITA1","Wolfskill Energy Center",208876,3,0.0248589877360916,2.92542303679173
"BISHOP_1_ALAMO","BISHOP CREEK PLANT 2  AND  6",261146,3,0.0249881073734285,2.92503567787971
"RUSCTY_2_UNITS","Russell City Energy Center",172074,3,0.0250956795134606,2.92471296145962
"DREWS_6_PL1X4","Drews Generating Plant",141013,3,0.0251207729468599,2.92463768115942
"WOLFSK_1_UNITA1","Wolfskill Energy Center",421380,3,0.0252766562325153,2.92417003130245
"OCOTLO_6_OCWSB1","Ocotillo Wells Solar and BESS",120783,3,0.0254545454545454,2.92363636363636
"BISHOP_1_ALAMO","BISHOP CREEK PLANT 2  AND  6",149427,3,0.0256802321022504,2.92295930369325
"ESCNDO_6_EB3BT3","Escondido BESS 3",104183,3,0.0259882406151062,2.92203527815468
"CRESTA_7_PL1X2","CRESTA PH UNIT 1 & 2 AGGREGATE",321061,3,0.0260967285638339,2.9217098143085
"PARDSE_6_PESBT1","Paradise Energy Storage",279660,3,0.0261904761904762,2.92142857142857
"BLAST_1_WIND","Mountain View IV Wind",120783,3,0.0262779288331953,2.92116621350041
"BUCKCK_7_PL1X2","BUCKS CREEK AGGREGATE",860118,3,0.0264348521183054,2.92069544364508
"AVSOLR_2_SOLAR","AV SOLAR RANCH 1",201370,3,0.0264820681796929,2.92055379546092
"JOANEC_2_STABT2","Santa Ana Storage 2",865501,3,0.0265767195767196,2.92026984126984
"VALTNE_2_TBBBT1","Tropico Solar Big Beau",694071,3,0.0266025641025641,2.92019230769231
"ESCNDO_6_EB1BT1","Escondido BESS 1",347450,3,0.0266666666666667,2.92
"USWNDR_2_SMUD","SOLANO WIND FARM",187185,3,0.0267049808429119,2.91988505747126
"SANDLT_2_SUNITS","Mojave Solar",289323,3,0.0267151515151515,2.91985454545455
"USWNDR_2_SMUD","SOLANO WIND FARM",851143,3,0.0268199233716475,2.91954022988506
"ETIWND_6_GRPLND","Grapeland Peaker",707240,3,0.0271043702835034,2.91868688914949
"ETIWND_6_GRPLND","Grapeland Peaker",133683,3,0.0271043702835034,2.91868688914949
"ETIWND_6_GRPLND","Grapeland Peaker",340172,3,0.0271043702835034,2.91868688914949
"PARDSE_6_PESBT1","Paradise Energy Storage",491560,3,0.0271428571428572,2.91857142857143
"CARBOU_7_PL2X3","CARIBOU PH 1 UNIT 2 & 3 AGGREGATE",111869,3,0.0272222222222222,2.91833333333333
"ELLIOT_6_ELIBT1","Elliott Energy Storage",492010,3,0.0272435897435897,2.91826923076923
"WISHON_6_UNITS","Wishon/San Joaquin  #1-A AGGREGATE",117854,3,0.0274940047961631,2.91751798561151
"WOLFSK_1_UNITA1","Wolfskill Energy Center",356834,3,0.027555837832116,2.91733248650365
"OMAR_2_UNIT 4","KERN RIVER COGENERATION CO. UNIT 4",787026,3,0.0276509386098427,2.91704718417047
"WISHON_6_UNITS","Wishon/San Joaquin  #1-A AGGREGATE",139835,3,0.0276605382360779,2.91701838529177
"WISHON_6_UNITS","Wishon/San Joaquin  #1-A AGGREGATE",204031,3,0.0278514965805132,2.91644551025846
"ELLIOT_6_ELIBT1","Elliott Energy Storage",347450,3,0.0279202279202279,2.91623931623932
"ETIWND_6_GRPLND","Grapeland Peaker",698118,3,0.0279526778527257,2.91614196644182
"GYS5X6_7_UNITS","GEYSERS UNITS 5 & 6 AGGREGATE",173313,3,0.0279995202050338,2.9160014393849
"CALFTS_2_CFSSR1","California Flats Solar South",589872,3,0.0283030303030303,2.91509090909091
"WISHON_6_UNITS","Wishon/San Joaquin  #1-A AGGREGATE",195000,3,0.028345856648015,2.91496243005596
"CHEVMN_2_UNITS","CHEVRON U.S.A. UNITS 1 & 2 AGGREGATE",736344,3,0.0287037037037037,2.91388888888889
"GARLND_2_GARBT1","Garland B BESS",131086,3,0.0287859547859548,2.91364213564214
"CRIMSN_2_CRMBT2","Crimson 2",167201,3,0.0288333333333333,2.9135
"SUNCAT_2_A1ABT1","Arlington Solar Unit 1A BESS",951689,3,0.0290136935323234,2.91295891940303
"SUNCAT_2_A1ABT1","Arlington Solar Unit 1A BESS",932153,3,0.0290136935323234,2.91295891940303
"SUNCAT_2_A1ABT1","Arlington Solar Unit 1A BESS",156192,3,0.0290136935323234,2.91295891940303
"WISHON_6_UNITS","Wishon/San Joaquin  #1-A AGGREGATE",217748,3,0.0290967226219024,2.91270983213429
"WOLFSK_1_UNITA1","Wolfskill Energy Center",167586,3,0.0291203556684661,2.9126389329946
"ETIWND_2_FONTNA","FONTANALYTLE CREEK POWERHOUSE P",190607,3,0.029126213592233,2.9126213592233
"ALMASL_2_AL6BT6","Almasol 6 BES",104155,3,0.0291666666666667,2.9125
"RCKCRK_7_UNIT 1","ROCK CREEK HYDRO UNIT 1",655017,3,0.0292727154977009,2.9121818535069
"CRSTWD_6_KUMYAY","Kumeyaay Wind Farm",729047,3,0.0297258297258297,2.91082251082251
"USWNDR_2_SMUD","SOLANO WIND FARM",113665,3,0.0297341246907804,2.91079762592766
"BISHOP_1_UNITS","BISHOP CREEK PLANT 3  AND  4",118048,3,0.0298245614035088,2.91052631578947
"WISHON_6_UNITS","Wishon/San Joaquin  #1-A AGGREGATE",151814,3,0.0299259259259258,2.91022222222222
"GARNET_2_WIND4","Windustries",209856,3,0.0299896800825594,2.91003095975232
"GYS5X6_7_UNITS","GEYSERS UNITS 5 & 6 AGGREGATE",113665,3,0.030186598145116,2.90944020556465
"CRIMSN_2_CRMBT2","Crimson 2",309385,3,0.0302,2.9094
"BIGCRK_2_EXESWD","BIG CREEK HYDRO PROJECT PSP",952796,3,0.0302362572136333,2.9092912283591
"HAASPH_7_PL1X2","HAAS PH UNIT 1 & 2 AGGREGATE",995749,3,0.0304166666666666,2.90875
"MIRLOM_2_MLBBTB","Mira Loma BESS B",882665,3,0.0304166666666667,2.90875
"JOANEC_2_STABT2","Santa Ana Storage 2",107393,3,0.0305555555555556,2.90833333333333
"ESCNDO_6_EB2BT2","Escondido BESS 2",197582,3,0.0307017543859649,2.9078947368421
"JOANEC_2_STABT2","Santa Ana Storage 2",135132,3,0.0309259259259259,2.90722222222222
"BISHOP_1_ALAMO","BISHOP CREEK PLANT 2  AND  6",708548,3,0.0309916949235835,2.90702491522925
"CARBOU_7_PL4X5","CARIBOU PH 2 UNIT 4 & 5 AGGREGATE",641340,3,0.0310892531876138,2.90673224043716
"ESCNDO_6_EB1BT1","Escondido BESS 1",209856,3,0.0312418300653595,2.90627450980392
"SPICER_1_UNITS","SPICER HYDRO UNITS 1-3 AGGREGATE",553779,3,0.0312499999999999,2.90625
"MIRLOM_2_MLBBTB","Mira Loma BESS B",292435,3,0.03125,2.90625
"ESCNDO_6_EB2BT2","Escondido BESS 2",882665,3,0.0313182503770739,2.90604524886878
"OMAR_2_UNIT 4","KERN RIVER COGENERATION CO. UNIT 4",928471,3,0.0313800101471334,2.9058599695586
"OMAR_2_UNIT 4","KERN RIVER COGENERATION CO. UNIT 4",156446,3,0.0313800101471334,2.9058599695586
"HAASPH_7_PL1X2","HAAS PH UNIT 1 & 2 AGGREGATE",589872,3,0.0314351851851851,2.90569444444444
"CARBOU_7_PL2X3","CARIBOU PH 1 UNIT 2 & 3 AGGREGATE",841533,3,0.0314528735632184,2.90564137931035
"PIT1_7_UNIT 2","PIT PH 1 UNIT 2",984603,3,0.0316670428044836,2.90499887158655
"SUNCAT_2_A1ABT1","Arlington Solar Unit 1A BESS",288377,3,0.0317395576211509,2.90478132713655
"OBERON_5_O2SSR5","Oberon 2B Solar",108072,3,0.0317460317460317,2.9047619047619
"USWNDR_2_SMUD2","Solano Wind Project Phase 3",143349,3,0.0318050234142187,2.90458492975734
"GARLND_2_GARBT1","Garland B BESS",954013,3,0.0318733285233285,2.90438001443001
"ELECTR_7_PL1X3","ELECTRA PH UNIT 1 & 2 AGGREGATE",113665,3,0.0319357723757375,2.90419268287279
"WISHON_6_UNITS","Wishon/San Joaquin  #1-A AGGREGATE",874205,3,0.0319930722088996,2.9040207833733
"ESCNDO_6_EB2BT2","Escondido BESS 2",205771,3,0.0320346320346321,2.9038961038961
"JOANEC_2_STABT2","Santa Ana Storage 2",206925,3,0.0320833333333333,2.90375
"KERNRG_1_UNITS","South Belridge Cogen Facility",694071,3,0.0321833333333333,2.90345
"OMAR_2_UNIT 4","KERN RIVER COGENERATION CO. UNIT 4",155960,3,0.0322171486555048,2.90334855403349
"WOLFSK_1_UNITA1","Wolfskill Energy Center",288377,3,0.032243342557728,2.90326997232682
"TIGRCK_7_UNITS","TIGER CREEK HYDRO AGGREGATE",195278,3,0.032258064516129,2.90322580645161
"SUNSLR_1_SSVSR1","Sunshine Valley Solar 1",182435,3,0.0323681489141675,2.9028955532575
"PIT5_7_PL3X4","PIT PH 5 UNITS 3 & 4 AGGREGATE",159511,3,0.032520325203252,2.90243902439024
"SANBRN_2_EESSB2","Edsan 2 Edwards Sanborn E1B",111549,3,0.0326340326340326,2.9020979020979
"JOANEC_2_STABT2","Santa Ana Storage 2",862299,3,0.0327777777777778,2.90166666666667
"KERNRG_1_UNITS","South Belridge Cogen Facility",182859,3,0.0328333333333334,2.9015
"ELLIOT_6_ELIBT1","Elliott Energy Storage",153153,3,0.0329380341880341,2.9011858974359
"ELLIOT_6_ELIBT1","Elliott Energy Storage",209856,3,0.0329517704517705,2.90114468864469
"GARLND_2_GASLR","Garland B",961257,3,0.0331267128307933,2.90061986150762
"ESCNDO_6_EB2BT2","Escondido BESS 2",209856,3,0.0331652661064426,2.90050420168067
"CRIMSN_2_CRMBT1","Crimson",346515,3,0.0333333333333333,2.9
"VALTNE_2_TBBBT1","Tropico Solar Big Beau",655017,3,0.0333846153846154,2.89984615384615
"BLAST_1_WIND","Mountain View IV Wind",166981,3,0.0334562407029362,2.89963127789119
"PALA_6_PGCBT1","Pala Gomez Creek BESS",104183,3,0.0335539215686274,2.89933823529412
"JOANEC_2_STABT2","Santa Ana Storage 2",994055,3,0.0335892857142857,2.89923214285714
"BLAST_1_WIND","Mountain View IV Wind",104155,3,0.0335962919366799,2.89921112418996
"CALFTN_2_SOLAR","California Flats North",828735,3,0.0336231884057971,2.89913043478261
"CENTPD_2_BMSSX2","Blythe Mesa Solar",238485,3,0.0336700336700337,2.8989898989899
"HAASPH_7_PL1X2","HAAS PH UNIT 1 & 2 AGGREGATE",932856,3,0.0339506172839506,2.89814814814815
"ESCNDO_6_EB1BT1","Escondido BESS 1",916013,3,0.034040404040404,2.89787878787879
"GYS5X6_7_UNITS","GEYSERS UNITS 5 & 6 AGGREGATE",837024,3,0.0340475030290925,2.89785749091272
"WESCAN_2_BDSBT1","Bateria Del Sur",641340,3,0.0341322124366159,2.89760336269015
"ESCNDO_6_EB1BT1","Escondido BESS 1",323555,3,0.0345238095238095,2.89642857142857
"VALTNE_2_TBBBT1","Tropico Solar Big Beau",212542,3,0.0345454545454545,2.89636363636364
"WESCAN_2_BDSBT1","Bateria Del Sur",418791,3,0.0345850547104351,2.8962448358687
"WOLFSK_1_UNITA1","Wolfskill Energy Center",851094,3,0.0346601339805532,2.89601959805834
"TIFFNY_1_DILLON","TIFFNY_1_DILLON",104155,3,0.0347518310441385,2.89574450686758
"WOLFSK_1_UNITA1","Wolfskill Energy Center",628885,3,0.034795626729574,2.89561311981128
"BLAST_1_WIND","Mountain View IV Wind",163688,3,0.0348471447311799,2.89545856580646
"VSTAES_6_VESBT1","Vista Energy Storage",153037,3,0.0349737981316929,2.89507860560492
"WOLFSK_1_UNITA1","Wolfskill Energy Center",114138,3,0.0350088463457787,2.89497346096266
"WESCAN_2_BDSBT1","Bateria Del Sur",124574,3,0.0350536231884058,2.89483913043478
"CALFTN_2_SOLAR","California Flats North",124574,3,0.0350724637681159,2.89478260869565
"SUNCAT_2_A1ABT1","Arlington Solar Unit 1A BESS",324007,3,0.0358283537543919,2.89251493873682
"SLATE_2_SLASR3","SLATE_3",302804,3,0.0358302122347067,2.89250936329588
"JOANEC_2_STABT2","Santa Ana Storage 2",217748,3,0.0359259259259259,2.89222222222222
"CRIMSN_2_CRMBT2","Crimson 2",670988,3,0.0359333333333333,2.8922
"CRIMSN_2_CRMBT1","Crimson",321874,3,0.035987681482138,2.89203695555359
"RUSSELL_2_SOLANO1","Solano Renewables 1",319098,3,0.0360789595506208,2.89176312134814
"ESCNDO_6_EB3BT3","Escondido BESS 3",143302,3,0.0362641338760742,2.89120759837178
"VALTNE_2_TBBBT1","Tropico Solar Big Beau",145917,3,0.0363636363636364,2.89090909090909
"VALTNE_2_TBBBT1","Tropico Solar Big Beau",125897,3,0.0363636363636364,2.89090909090909
"VALTNE_2_TRSBT1","Tropico Solar",234172,3,0.0364583333333333,2.890625
"ESCNDO_6_EB1BT1","Escondido BESS 1",491560,3,0.0364814814814815,2.89055555555556
"CALFTS_2_CFSSR1","California Flats Solar South",456702,3,0.0365593550180707,2.89032193494579
"SUNCAT_2_A1ABT1","Arlington Solar Unit 1A BESS",356834,3,0.0367369751173343,2.889789074648
"YELPIN_2_YP2BT1","Yellow Pine 2 BESS",264638,3,0.0368148769649225,2.88955536910523
"DREWS_6_PL1X4","Drews Generating Plant",437886,3,0.0368277358789297,2.88951679236321
"OMAR_2_UNIT 4","KERN RIVER COGENERATION CO. UNIT 4",844979,3,0.036910197869102,2.88926940639269
"WOLFSK_1_UNITA1","Wolfskill Energy Center",951689,3,0.0369323594791998,2.8892029215624
"WOLFSK_1_UNITA1","Wolfskill Energy Center",932153,3,0.0369323594791998,2.8892029215624
"WOLFSK_1_UNITA1","Wolfskill Energy Center",156192,3,0.0369323594791998,2.8892029215624
"WOLFSK_1_UNITA1","Wolfskill Energy Center",886708,3,0.0370038863433593,2.88898834096992
"BLAST_1_WIND","Mountain View IV Wind",951689,3,0.03730168125161,2.88809495624517
"BLAST_1_WIND","Mountain View IV Wind",932153,3,0.03730168125161,2.88809495624517
"BLAST_1_WIND","Mountain View IV Wind",156192,3,0.03730168125161,2.88809495624517
"WOLFSK_1_UNITA1","Wolfskill Energy Center",187948,3,0.0374300231365966,2.88770993059021
"ELECTR_7_PL1X3","ELECTRA PH UNIT 1 & 2 AGGREGATE",131041,3,0.0374560389573775,2.88763188312787
"WOLFSK_1_UNITA1","Wolfskill Energy Center",306098,3,0.0376430915332155,2.88707072540035
"WOLFSK_1_UNITA1","Wolfskill Energy Center",478596,3,0.0378561599298342,2.8864315202105
"SPAULD_6_UNIT12","SPAULDING HYDRO PH 1 & 2 AGGREGATE",186392,3,0.0378787878787879,2.88636363636364
"VALTNE_2_TBBBT1","Tropico Solar Big Beau",182859,3,0.0382692307692308,2.88519230769231
"BLAST_1_WIND","Mountain View IV Wind",288377,3,0.0382834958597821,2.88514951242065
"ELLIOT_6_ELIBT1","Elliott Energy Storage",279660,3,0.0385103785103785,2.88446886446886
"ROSMDW_2_WIND1","Pacific Wind - Phase 1",170587,3,0.0385996985150261,2.88420090445492
"WISHON_6_UNITS","Wishon/San Joaquin  #1-A AGGREGATE",798849,3,0.0389439559463541,2.88316813216094
"ETIWND_6_GRPLND","Grapeland Peaker",111621,3,0.0392294226517123,2.88231173204486
"ETIWND_6_GRPLND","Grapeland Peaker",165788,3,0.0392294226517123,2.88231173204486
"ETIWND_6_GRPLND","Grapeland Peaker",462999,3,0.0392294226517123,2.88231173204486
"ETIWND_6_GRPLND","Grapeland Peaker",158082,3,0.0392294226517123,2.88231173204486
"ETIWND_6_GRPLND","Grapeland Peaker",241464,3,0.0392294226517123,2.88231173204486
"ETIWND_6_GRPLND","Grapeland Peaker",258757,3,0.0392294226517123,2.88231173204486
"ETIWND_6_GRPLND","Grapeland Peaker",119063,3,0.0392294226517123,2.88231173204486
"ETIWND_6_GRPLND","Grapeland Peaker",839931,3,0.0392294226517123,2.88231173204486
"ROSMDW_2_WIND1","Pacific Wind - Phase 1",405491,3,0.039503886162695,2.88148834151192
"HUMBPP_1_UNITS3","Humboldt Bay Generating Station 3",288336,3,0.0396093696646862,2.88117189100594
"RTEDDY_2_SOLAR1","Rosamond West Solar 1",106763,3,0.0398230088495575,2.88053097345133
"HIGGNS_1_COMBIE","Combie South",143485,3,0.04,2.88
"KERRGN_1_UNIT 1","KERN RIVER HYDRO UNITS 1-4 AGGREGATE",134646,3,0.0401880072400305,2.87943597827991
"KERRGN_1_UNIT 1","KERN RIVER HYDRO UNITS 1-4 AGGREGATE",637410,3,0.0402290730036395,2.87931278098908
"ELKHRN_1_EESX3","Elkhorn Energy Storage",137023,3,0.0405182316384981,2.87844530508451
"WOLFSK_1_UNITA1","Wolfskill Energy Center",163688,3,0.0411922152157147,2.87642335435286
"MRGT_6_TGEBT1","Top Gun Energy Storage",620521,3,0.0414135614844835,2.87575931554655
"KEARNY_6_SESBT2","Kearny South Energy Storage",197582,3,0.0416666666666666,2.875
"OBERON_5_O2SSR5","Oberon 2B Solar",195432,3,0.0424002927878897,2.87279912163633
"JOANEC_2_STABT2","Santa Ana Storage 2",202531,3,0.0425231481481481,2.87243055555556
"CRIMSN_2_CRMBT1","Crimson",341230,3,0.0426,2.8722
"ETIWND_6_GRPLND","Grapeland Peaker",713009,3,0.0427672249415904,2.87169832517523
"ETIWND_6_GRPLND","Grapeland Peaker",528875,3,0.0432094502278252,2.87037164931652
"WDFRDF_2_WFFBT1","West Ford Flat Energy Storage",616561,3,0.0434782608695652,2.8695652173913
"WDFRDF_2_WFFBT1","West Ford Flat Energy Storage",742465,3,0.0434782608695652,2.8695652173913
"GYS5X6_7_UNITS","GEYSERS UNITS 5 & 6 AGGREGATE",146716,3,0.0434782608695651,2.8695652173913
"ETIWND_6_GRPLND","Grapeland Peaker",893185,3,0.0436516755140601,2.86904497345782
"OMAR_2_UNIT 4","KERN RIVER COGENERATION CO. UNIT 4",176680,3,0.0438229325215627,2.86853120243531
"WOLFSK_1_UNITA1","Wolfskill Energy Center",188600,3,0.0440351434317773,2.86789456970467
"WOLFSK_1_UNITA1","Wolfskill Energy Center",145264,3,0.0440351434317773,2.86789456970467
"WOLFSK_1_UNITA1","Wolfskill Energy Center",166981,3,0.0448143779582332,2.8655568661253
"ELECTR_7_PL1X3","ELECTRA PH UNIT 1 & 2 AGGREGATE",118279,3,0.0448603084586843,2.86541907462395
"SPAULD_6_UNIT12","SPAULDING HYDRO PH 1 & 2 AGGREGATE",708548,3,0.0449783549783549,2.86506493506494
"USWNDR_2_SMUD","SOLANO WIND FARM",754907,3,0.0465900383141762,2.86022988505747
"WOLFSK_1_UNITA1","Wolfskill Energy Center",721764,3,0.048296511364152,2.85511046590754
"WOLFSK_1_UNITA1","Wolfskill Energy Center",209550,3,0.0485095797607707,2.85447126071769
"RCKCRK_7_UNIT 1","ROCK CREEK HYDRO UNIT 1",364184,3,0.0491548474839713,2.85253545754809
"JOANEC_2_STABT2","Santa Ana Storage 2",174158,2,0,2
"ELLIOT_6_ELIBT1","Elliott Energy Storage",222736,2,0,2
"ELLIOT_6_ELIBT1","Elliott Energy Storage",760220,2,0,2
"ELLIOT_6_ELIBT1","Elliott Energy Storage",182278,2,0,2
"KERRGN_1_UNIT 1","KERN RIVER HYDRO UNITS 1-4 AGGREGATE",113235,2,0,2
"BISHOP_1_ALAMO","BISHOP CREEK PLANT 2  AND  6",125901,2,0,2
"COLUSA_2_PL1X3","Colusa Generating Station",101489,2,0,2
"PNCHEG_2_PL1X4","PANOCHE ENERGY CENTER (Aggregated)",879947,2,0,2
"PARDEB_6_UNITS","Pardee Power House",784129,2,0,2
"TRNQLT_2_RETBT1","RE Tranquillity BESS",116825,2,0,2
"SISPRG_2_DS3BT1","Daggett Solar 3 a BESS",352614,2,0,2
"PACLUM_6_UNIT","Humboldt Redwood",183275,2,0,2
"BERCYN_2_BCEBT1","Bear Canyon Energy Storage",649909,2,0,2
"BERCYN_2_BCEBT1","Bear Canyon Energy Storage",705542,2,0,2
"CONTRL_1_LUNDY","LUNDY",179000,2,0,2
"ELCAJN_6_EB1BT1","Eastern BESS 1",393974,2,0,2
"GARNET_2_WIND4","Windustries",196445,2,0,2
"EXCHEC_7_UNIT 1","EXCHEQUER HYDRO",140162,2,0,2
"DELAMO_2_ALASB2","Los Alamitos 2",963357,2,0,2
"DELAMO_2_ALASB2","Los Alamitos 2",643213,2,0,2
"ALMASL_2_AL6BT6","Almasol 6 BES",340172,2,0,2
"RVRVEW_1_UNITA1","Riverview Energy Center (GP Antioch)",376200,2,0,2
"PARDEB_6_UNITS","Pardee Power House",171240,2,0,2
"ELCAJN_6_EB1BT1","Eastern BESS 1",113940,2,0,2
"SPICER_1_UNITS","SPICER HYDRO UNITS 1-3 AGGREGATE",831190,2,0,2
"WISHON_6_UNITS","Wishon/San Joaquin  #1-A AGGREGATE",197260,2,0,2
"CONTRL_1_LUNDY","LUNDY",106695,2,2.77555756156289e-16,2
"BLAST_1_WIND","Mountain View IV Wind",286732,2,0.00090909090909089,1.99818181818182
"BUCKCK_7_PL1X2","BUCKS CREEK AGGREGATE",364184,2,0.000925069380203463,1.99814986123959
"KERRGN_1_UNIT 1","KERN RIVER HYDRO UNITS 1-4 AGGREGATE",198465,2,0.00157645822385713,1.99684708355229
"SUNCAT_2_A1ABT1","Arlington Solar Unit 1A BESS",915712,2,0.00174389636273045,1.99651220727454
"RVRVEW_1_UNITA1","Riverview Energy Center (GP Antioch)",426166,2,0.00210084033613448,1.99579831932773
"RVRVEW_1_UNITA1","Riverview Energy Center (GP Antioch)",912055,2,0.00210084033613448,1.99579831932773
"LMBEPK_2_UNITA3","Goose Haven Energy Center, Unit #1",116743,2,0.00210970464135024,1.9957805907173
"LMBEPK_2_UNITA3","Goose Haven Energy Center, Unit #1",912055,2,0.00210970464135024,1.9957805907173
"WOLFSK_1_UNITA1","Wolfskill Energy Center",839931,2,0.00213219616204694,1.99573560767591
"RVRVEW_1_UNITA1","Riverview Energy Center (GP Antioch)",702721,2,0.00252100840336129,1.99495798319328
"DIABLO_7_UNIT 2","Diablo Canyon Unit 2",195335,2,0.00253036437246964,1.99493927125506
"WISHON_6_UNITS","Wishon/San Joaquin  #1-A AGGREGATE",139242,2,0.00270685579196222,1.99458628841608
"KERNRG_1_UNITS","South Belridge Cogen Facility",208011,2,0.00299999999999994,1.994
"RVRVEW_1_UNITA1","Riverview Energy Center (GP Antioch)",517145,2,0.00315126050420165,1.9936974789916
"JOANEC_2_STABT2","Santa Ana Storage 2",819306,2,0.0038888888888889,1.99222222222222
"DSFLWR_2_WS2SR1","Willow Springs 2",105576,2,0.00398406374501995,1.99203187250996
"LMBEPK_2_UNITA3","Goose Haven Energy Center, Unit #1",376200,2,0.00421940928270048,1.9915611814346
"LMBEPK_2_UNITA3","Goose Haven Energy Center, Unit #1",528875,2,0.00464135021097044,1.99071729957806
"MSTANG_2_SOLAR4","Mustang 4",654478,2,0.00470588235294118,1.99058823529412
"WISHON_6_UNITS","Wishon/San Joaquin  #1-A AGGREGATE",135958,2,0.00472222222222217,1.99055555555556
"ARCOGN_2_UNITS","WATSON COGENERATION",242438,2,0.00479629629629625,1.99040740740741
"LMBEPK_2_UNITA3","Goose Haven Energy Center, Unit #1",713009,2,0.00506329113924055,1.98987341772152
"KEARNY_6_SESBT2","Kearny South Energy Storage",749304,2,0.00511302697797207,1.98977394604406
"HUMBPP_1_UNITS3","Humboldt Bay Generating Station 3",352614,2,0.0051219012497439,1.98975619750051
"GARLND_2_GARBT1","Garland B BESS",643444,2,0.00528658008658007,1.98942683982684
"HOOVER_2_SCEPT","Hoover DAM - SCE Share",158253,2,0.00542170250614765,1.9891565949877
"PALA_6_PGCBT1","Pala Gomez Creek BESS",779880,2,0.0055555555555556,1.98888888888889
"PARDEB_6_UNITS","Pardee Power House",620521,2,0.00575000000000001,1.9885
"CALFTN_2_SOLAR","California Flats North",589872,2,0.00624999999999995,1.9875
"RVRVEW_1_UNITA1","Riverview Energy Center (GP Antioch)",116743,2,0.00630252100840345,1.98739495798319
"LMBEPK_2_UNITA3","Goose Haven Energy Center, Unit #1",426166,2,0.00632911392405072,1.9873417721519
"ELLIOT_6_ELIBT1","Elliott Energy Storage",205771,2,0.00642857142857142,1.98714285714286
"GARNET_1_WIND","GARNET WIND ENERGY CENTER",155043,2,0.00649350649350644,1.98701298701299
"MTWIND_1_UNIT 3","Mountain View Power Project III",160554,2,0.00663742920075515,1.98672514159849
"LMBEPK_2_UNITA3","Goose Haven Energy Center, Unit #1",702721,2,0.00675105485232068,1.98649789029536
"SYCAMR_2_UNIT 1","Sycamore Cogeneration Unit 1",182568,2,0.00675675675675676,1.98648648648649
"SYCAMR_2_UNIT 1","Sycamore Cogeneration Unit 1",141180,2,0.00684931506849315,1.98630136986301
"SYCAMR_2_UNIT 1","Sycamore Cogeneration Unit 1",129089,2,0.00684931506849315,1.98630136986301
"OMAR_2_UNIT 4","KERN RIVER COGENERATION CO. UNIT 4",603374,2,0.00694444444444444,1.98611111111111
"WISHON_6_UNITS","Wishon/San Joaquin  #1-A AGGREGATE",819841,2,0.00712962962962966,1.98574074074074
"IVWEST_2_SOLAR1","Imperial Valley West ( Q # 608)",117281,2,0.00714285714285714,1.98571428571429
"WOLFSK_1_UNITA1","Wolfskill Energy Center",201838,2,0.00724946695095949,1.98550106609808
"LMBEPK_2_UNITA3","Goose Haven Energy Center, Unit #1",517145,2,0.00738396624472577,1.98523206751055
"PNCHEG_2_PL1X4","PANOCHE ENERGY CENTER (Aggregated)",160605,2,0.00742574257425743,1.98514851485149
"PNCHEG_2_PL1X4","PANOCHE ENERGY CENTER (Aggregated)",944410,2,0.00742574257425743,1.98514851485149
"SUNSLR_1_SSVSR1","Sunshine Valley Solar 1",204700,2,0.00755302638385925,1.98489394723228
"GARNET_2_WIND4","Windustries",284463,2,0.00764705882352935,1.98470588235294
"USWNDR_2_SMUD","SOLANO WIND FARM",139204,2,0.00770114942528738,1.98459770114943
"WISHON_6_UNITS","Wishon/San Joaquin  #1-A AGGREGATE",175742,2,0.00777777777777771,1.98444444444444
"ESCNDO_6_EB1BT1","Escondido BESS 1",376549,2,0.00777777777777776,1.98444444444444
"ESCNDO_6_EB3BT3","Escondido BESS 3",376549,2,0.00777777777777776,1.98444444444444
"CONTRL_1_POOLE","POOLE HYDRO PLANT 1",101363,2,0.00790513833992078,1.98418972332016
"HOOVER_2_SCEPT","Hoover DAM - SCE Share",213626,2,0.00791718987076858,1.98416562025846
"JOANEC_2_STABT2","Santa Ana Storage 2",318539,2,0.00805555555555553,1.98388888888889
"WISHON_6_UNITS","Wishon/San Joaquin  #1-A AGGREGATE",550730,2,0.00805555555555563,1.98388888888889
"BLAST_1_WIND","Mountain View IV Wind",208042,2,0.00808314087759819,1.9838337182448
"PIT5_7_PL1X2","PIT PH 5 UNITS 1 & 2 AGGREGATE",131086,2,0.00817073170731709,1.98365853658537
"WESCAN_2_BDSBT1","Bateria Del Sur",754274,2,0.00827433600423644,1.98345132799153
"RVRVEW_1_UNITA1","Riverview Energy Center (GP Antioch)",142447,2,0.00840336134453779,1.98319327731092
"RVRVEW_1_UNITA1","Riverview Energy Center (GP Antioch)",146423,2,0.00840336134453779,1.98319327731092
"LMBEPK_2_UNITA3","Goose Haven Energy Center, Unit #1",111621,2,0.00843881856540081,1.9831223628692
"LMBEPK_2_UNITA3","Goose Haven Energy Center, Unit #1",241464,2,0.00843881856540081,1.9831223628692
"LMBEPK_2_UNITA3","Goose Haven Energy Center, Unit #1",258757,2,0.00843881856540081,1.9831223628692
"LMBEPK_2_UNITA3","Goose Haven Energy Center, Unit #1",839931,2,0.00843881856540081,1.9831223628692
"CONTRL_1_POOLE","POOLE HYDRO PLANT 1",569776,2,0.00844141656901106,1.98311716686198
"RVRVEW_1_UNITA1","Riverview Energy Center (GP Antioch)",528875,2,0.00882352941176474,1.98235294117647
"ESCNDO_6_EB1BT1","Escondido BESS 1",963357,2,0.00888888888888882,1.98222222222222
"JOANEC_2_STABT2","Santa Ana Storage 2",158034,2,0.0088888888888889,1.98222222222222
"MTWIND_1_MVPWD1","Mountain View Power Project I Repower",116825,2,0.00891873902802844,1.98216252194394
"JOANEC_2_STABT2","Santa Ana Storage 2",175167,2,0.00906249999999997,1.981875
"RVRVEW_1_UNITA1","Riverview Energy Center (GP Antioch)",154612,2,0.00924369747899155,1.98151260504202
"RVRVEW_1_UNITA1","Riverview Energy Center (GP Antioch)",990961,2,0.00924369747899155,1.98151260504202
"RVRVEW_1_UNITA1","Riverview Energy Center (GP Antioch)",713009,2,0.0092436974789917,1.98151260504202
"MTWIND_1_MVPWD1","Mountain View Power Project I Repower",655017,2,0.00930976114350193,1.981380477713
"INTMNT_3_RIVERSIDE","IPPDYN",127378,2,0.0093621833436522,1.9812756333127
"BLAST_1_WIND","Mountain View IV Wind",148758,2,0.00936744290192565,1.98126511419615
"WISHON_6_UNITS","Wishon/San Joaquin  #1-A AGGREGATE",269465,2,0.00938888888888892,1.98122222222222
"RTEDDY_2_SOLAR1","Rosamond West Solar 1",893185,2,0.00984513274336284,1.98030973451327
"GLNARM_7_UNIT 4","GLEN ARM UNIT 4",174755,2,0.0100591715976332,1.97988165680473
"RVRVEW_1_UNITA1","Riverview Energy Center (GP Antioch)",928918,2,0.0100840336134453,1.97983193277311
"BUCKCK_7_PL1X2","BUCKS CREEK AGGREGATE",127463,2,0.0101757631822387,1.97964847363552
"BUCKCK_7_PL1X2","BUCKS CREEK AGGREGATE",462729,2,0.0101757631822387,1.97964847363552
"OCTILO_5_WIND","Ocotillo Wind Energy Facility",219791,2,0.0101970930674987,1.979605813865
"LECEF_1_UNITS","LOS ESTEROS ENERGY FACILITY AGGREGATE",362509,2,0.0103448275862069,1.97931034482759
"STANTN_2_SBEBX2","Stanton Battery Energy Storage",900843,2,0.0103942652329749,1.97921146953405
"RVRVEW_1_UNITA1","Riverview Energy Center (GP Antioch)",208876,2,0.0105042016806723,1.97899159663866
"BLVRDE_6_BLVBT1","Boulevard Energy Storage",279660,2,0.0107142857142857,1.97857142857143
"DRUM_7_PL1X2","Drum PH 1 Units 1 & 2 Aggregate",591854,2,0.0107692307692308,1.97846153846154
"PIT6_7_UNIT 2","PIT PH 6 UNIT 2",988619,2,0.0109401468097116,1.97811970638058
"HUMBPP_1_UNITS3","Humboldt Bay Generating Station 3",900843,2,0.0109608686744519,1.9780782626511
"SLATE_2_SLASR2","SLATE_2",226151,2,0.0109776304888152,1.97804473902237
"AKINGS_6_AMESR1","American Kings Solar",828735,2,0.0111034482758621,1.97779310344828
"PIT5_7_PL3X4","PIT PH 5 UNITS 3 & 4 AGGREGATE",529747,2,0.0113793103448276,1.97724137931034
"AVSOLR_2_SOLAR","AV SOLAR RANCH 1",181514,2,0.0114633087277464,1.97707338254451
"KRAMER_1_R1PX3","Resurgence 1 PV",187185,2,0.0115208333333333,1.97695833333333
"OGROVE_6_PL1X2","Orange Grove Energy Center",139204,2,0.0117021276595745,1.97659574468085
"CONTRL_1_POOLE","POOLE HYDRO PLANT 1",691906,2,0.0118577075098815,1.97628458498024
"CONTRL_1_POOLE","POOLE HYDRO PLANT 1",135714,2,0.0118577075098815,1.97628458498024
"DREWS_6_PL1X4","Drews Generating Plant",180457,2,0.0119162640901772,1.97616747181965
"PIT5_7_PL1X2","PIT PH 5 UNITS 1 & 2 AGGREGATE",142584,2,0.0121951219512195,1.97560975609756
"DRUM_7_PL1X2","Drum PH 1 Units 1 & 2 Aggregate",455287,2,0.0123076923076923,1.97538461538462
"DREWS_6_PL1X4","Drews Generating Plant",939948,2,0.0123993558776169,1.97520128824477
"TRNQLT_2_RETBT1","RE Tranquillity BESS",233468,2,0.0125714285714286,1.97485714285714
"LODI25_6_ERKNG1","LODI STRATEGIC RESERVE",148758,2,0.0125940464507687,1.97481190709846
"RVRVEW_1_UNITA1","Riverview Energy Center (GP Antioch)",111621,2,0.0126050420168068,1.97478991596639
"RVRVEW_1_UNITA1","Riverview Energy Center (GP Antioch)",241464,2,0.0126050420168068,1.97478991596639
"RVRVEW_1_UNITA1","Riverview Energy Center (GP Antioch)",258757,2,0.0126050420168068,1.97478991596639
"RVRVEW_1_UNITA1","Riverview Energy Center (GP Antioch)",839931,2,0.0126050420168068,1.97478991596639
"LMBEPK_2_UNITA3","Goose Haven Energy Center, Unit #1",142447,2,0.0126582278481013,1.9746835443038
"LMBEPK_2_UNITA3","Goose Haven Energy Center, Unit #1",146423,2,0.0126582278481013,1.9746835443038
"BUCKCK_7_PL1X2","BUCKS CREEK AGGREGATE",352614,2,0.0128225554514214,1.97435488909716
"MSOLAR_2_SOLAR1","Mesquite Solar 1",961257,2,0.0129449838187702,1.97411003236246
"CRESTA_7_PL1X2","CRESTA PH UNIT 1 & 2 AGGREGATE",172299,2,0.0130145693314468,1.97397086133711
"WARNE_2_UNIT","WARNE HYDRO AGGREGATE",130239,2,0.0131578947368421,1.97368421052632
"TIFFNY_1_DILLON","TIFFNY_1_DILLON",852416,2,0.0131752305665349,1.97364953886693
"KELSO_2_UNITS","Mariposa Energy",856960,2,0.0133575317604356,1.97328493647913
"TULLCK_7_UNITS","Tullock Hydro",190023,2,0.0133897110641296,1.97322057787174
"TRNQLT_2_RETBT1","RE Tranquillity BESS",172299,2,0.0135,1.973
"LMBEPK_2_UNITA3","Goose Haven Energy Center, Unit #1",154612,2,0.0135021097046414,1.97299578059072
"LMBEPK_2_UNITA3","Goose Haven Energy Center, Unit #1",990961,2,0.0135021097046414,1.97299578059072
"HUMBPP_1_UNITS3","Humboldt Bay Generating Station 3",333220,2,0.013521819299324,1.97295636140135
"EDWARD_2_ESSSB2","Sanborn Solar 2",170587,2,0.0137271557271557,1.97254568854569
"ESCNDO_6_EB3BT3","Escondido BESS 3",838066,2,0.0138461538461538,1.97230769230769
"OMAR_2_UNIT 4","KERN RIVER COGENERATION CO. UNIT 4",155211,2,0.0138888888888889,1.97222222222222
"GLNARM_7_UNIT 1","GLEN ARM UNIT 1",190023,2,0.0138888888888889,1.97222222222222
"INTMNT_3_RIVERSIDE","IPPDYN",641340,2,0.013900442997639,1.97219911400472
"GARNET_2_WIND4","Windustries",153153,2,0.0141176470588235,1.97176470588235
"KELSO_2_UNITS","Mariposa Energy",187658,2,0.0141987829614605,1.97160243407708
"CRESTA_7_PL1X2","CRESTA PH UNIT 1 & 2 AGGREGATE",159511,2,0.0142045454545455,1.97159090909091
"DRUM_7_PL1X2","Drum PH 1 Units 1 & 2 Aggregate",975528,2,0.0142307692307692,1.97153846153846
"CHEVMN_2_UNITS","CHEVRON U.S.A. UNITS 1 & 2 AGGREGATE",195275,2,0.0143333333333333,1.97133333333333
"ESCNDO_6_EB2BT2","Escondido BESS 2",292435,2,0.0143386243386243,1.97132275132275
"LMBEPK_2_UNITA3","Goose Haven Energy Center, Unit #1",928918,2,0.0143459915611814,1.97130801687764
"BISHOP_1_UNITS","BISHOP CREEK PLANT 3  AND  4",840436,2,0.0144078947368421,1.97118421052632
"NGILAA_5_SDGDYN","NGILAA_5_SDGDYN",133547,2,0.0144444444444444,1.97111111111111
"USWNDR_2_SMUD2","Solano Wind Project Phase 3",458056,2,0.014536520899951,1.9709269582001
"SLATE_2_SLASR2","SLATE_2",139204,2,0.014593896713615,1.97081220657277
"ELECTR_7_PL1X3","ELECTRA PH UNIT 1 & 2 AGGREGATE",851143,2,0.0146434634974533,1.97071307300509
"RVRVEW_1_UNITA1","Riverview Energy Center (GP Antioch)",167586,2,0.0147058823529411,1.97058823529412
"LMBEPK_2_UNITA3","Goose Haven Energy Center, Unit #1",208876,2,0.0147679324894515,1.9704641350211
"DRACKR_2_DSUBT1","Dracker Solar Unit 1 BESS",435258,2,0.0149181254917389,1.97016374901652
"HAASPH_7_PL1X2","HAAS PH UNIT 1 & 2 AGGREGATE",456702,2,0.0149305555555556,1.97013888888889
"OCOTLO_6_OCWSB1","Ocotillo Wells Solar and BESS",158082,2,0.0151515151515152,1.96969696969697
"USWNDR_2_SMUD","SOLANO WIND FARM",182435,2,0.0153448275862069,1.96931034482759
"DRUM_7_PL1X2","Drum PH 1 Units 1 & 2 Aggregate",165103,2,0.0153846153846154,1.96923076923077
"PARDSE_6_PESBT1","Paradise Energy Storage",222736,2,0.0154639175257732,1.96907216494845
"PARDSE_6_PESBT1","Paradise Energy Storage",182278,2,0.0154639175257732,1.96907216494845
"ROSMDW_2_WIND1","Pacific Wind - Phase 1",196895,2,0.0155393053016454,1.96892138939671
"TIFFNY_1_DILLON","TIFFNY_1_DILLON",165788,2,0.015548825541686,1.96890234891663
"HUMBPP_6_UNITS","Humboldt Bay Generating Station 1",517658,2,0.0155910674042205,1.96881786519156
"VALTNE_2_TRSBT1","Tropico Solar",116825,2,0.015625,1.96875
"SANDLT_2_SUNITS","Mojave Solar",319098,2,0.0158181818181819,1.96836363636364
"BERCYN_2_BCEBT1","Bear Canyon Energy Storage",691663,2,0.0158333333333333,1.96833333333333
"ESCNDO_6_EB3BT3","Escondido BESS 3",209856,2,0.0159090909090909,1.96818181818182
"POLRIS_2_ASRSR1","Antelope Solar 2 Raceway",195275,2,0.0159620253164557,1.96807594936709
"JOANEC_2_STABT2","Santa Ana Storage 2",122815,2,0.0161111111111111,1.96777777777778
"CRSTWD_6_KUMYAY","Kumeyaay Wind Farm",165788,2,0.0161290322580645,1.96774193548387
"CRSTWD_6_KUMYAY","Kumeyaay Wind Farm",852416,2,0.0161290322580645,1.96774193548387
"PIT5_7_PL3X4","PIT PH 5 UNITS 3 & 4 AGGREGATE",954013,2,0.0161889367816092,1.96762212643678
"WISHON_6_UNITS","Wishon/San Joaquin  #1-A AGGREGATE",147407,2,0.0161970423661071,1.96760591526779
"RCKCRK_7_UNIT 1","ROCK CREEK HYDRO UNIT 1",237420,2,0.0163201865164173,1.96735962696717
"SUNSLR_1_SSVSR1","Sunshine Valley Solar 1",146939,2,0.016554578375582,1.96689084324884
"HUMBPP_1_UNITS3","Humboldt Bay Generating Station 3",982044,2,0.0165949600491703,1.96681007990166
"SUNCAT_2_A1BBT1","Arlington Solar Unit 1B BESS",327142,2,0.0166853198092289,1.96662936038154
"YELPIN_2_YP2BT1","Yellow Pine 2 BESS",858777,2,0.0167654285301344,1.96646914293973
"YELPIN_2_YP2BT1","Yellow Pine 2 BESS",127688,2,0.0167654285301344,1.96646914293973
"YELPIN_2_YP2BT1","Yellow Pine 2 BESS",140547,2,0.0167654285301344,1.96646914293973
"YELPIN_2_YP2BT1","Yellow Pine 2 BESS",206601,2,0.0167654285301344,1.96646914293973
"YELPIN_2_YP2BT1","Yellow Pine 2 BESS",104756,2,0.0167654285301344,1.96646914293973
"YELPIN_2_YP2BT1","Yellow Pine 2 BESS",690855,2,0.0167654285301344,1.96646914293973
"YELPIN_2_YP2BT1","Yellow Pine 2 BESS",118774,2,0.0167654285301344,1.96646914293973
"SLSTR2_2_SOLAR2","Solar Star 2",360573,2,0.0167892156862745,1.96642156862745
"SUNCAT_2_A1ABT1","Arlington Solar Unit 1A BESS",165788,2,0.0168314461866,1.9663371076268
"SUNCAT_2_A1ABT1","Arlington Solar Unit 1A BESS",158082,2,0.0168314461866,1.9663371076268
"MSTANG_2_SOLAR","Mustang",984603,2,0.016851473592063,1.96629705281587
"PARDSE_6_PESBT1","Paradise Energy Storage",401817,2,0.0168924889543446,1.96621502209131
"POEPH_7_UNIT 2","POE HYDRO UNIT 2",116825,2,0.016977344629836,1.96604531074033
"WISHON_6_UNITS","Wishon/San Joaquin  #1-A AGGREGATE",144521,2,0.0170555555555554,1.96588888888889
"WOLFSK_1_UNITA1","Wolfskill Energy Center",426166,2,0.0170575692963754,1.96588486140725
"HOOVER_2_SCEPT","Hoover DAM - SCE Share",135963,2,0.0171034766912573,1.96579304661749
"BLAST_1_WIND","Mountain View IV Wind",764895,2,0.0171081776191475,1.9657836447617
"KEARNY_6_SESBT2","Kearny South Energy Storage",916013,2,0.0171212121212121,1.96575757575758
"WISHON_6_UNITS","Wishon/San Joaquin  #1-A AGGREGATE",530204,2,0.0171302957633893,1.96573940847322
"KELSO_2_UNITS","Mariposa Energy",346515,2,0.0171324863883848,1.96573502722323
"HUMBPP_1_UNITS3","Humboldt Bay Generating Station 3",435258,2,0.0171583691866421,1.96568326162672
"HOOVER_2_SCEPT","Hoover DAM - SCE Share",254978,2,0.0172119761418929,1.96557604771621
"CARBOU_7_PL2X3","CARIBOU PH 1 UNIT 2 & 3 AGGREGATE",444308,2,0.0172413793103448,1.96551724137931
"CARBOU_7_PL2X3","CARIBOU PH 1 UNIT 2 & 3 AGGREGATE",426166,2,0.0172413793103448,1.96551724137931
"EDWARD_2_ESSSB2","Sanborn Solar 2",166745,2,0.0174993564993565,1.96500128700129
"ESCNDO_6_EB2BT2","Escondido BESS 2",213734,2,0.0175,1.965
"BUCKCK_7_PL1X2","BUCKS CREEK AGGREGATE",907297,2,0.0175763182238668,1.96484736355227
"BUCKCK_7_PL1X2","BUCKS CREEK AGGREGATE",174744,2,0.0175763182238668,1.96484736355227
"EDWARD_2_ESSSB2","Sanborn Solar 2",264747,2,0.0176666666666666,1.96466666666667
"LMBEPK_2_UNITA3","Goose Haven Energy Center, Unit #1",421380,2,0.0177215189873418,1.96455696202532
"ALMASL_2_AL6BT6","Almasol 6 BES",973878,2,0.0178409090909091,1.96431818181818
"SISPRG_2_DS3BT2","Daggett Solar 3 b BESS",436850,2,0.0178571428571429,1.96428571428571
"SISPRG_2_DS3BT2","Daggett Solar 3 b BESS",907297,2,0.0178571428571429,1.96428571428571
"SISPRG_2_DS3BT2","Daggett Solar 3 b BESS",174744,2,0.0178571428571429,1.96428571428571
"SISPRG_2_DS3BT2","Daggett Solar 3 b BESS",475574,2,0.0178571428571429,1.96428571428571
"SISPRG_2_DS3BT2","Daggett Solar 3 b BESS",469196,2,0.0178571428571429,1.96428571428571
"RVRVEW_1_UNITA1","Riverview Energy Center (GP Antioch)",306098,2,0.0178571428571429,1.96428571428571
"SUNCAT_2_A1BBT1","Arlington Solar Unit 1B BESS",131816,2,0.0178725352482475,1.9642549295035
"PIT3_7_PL1X3","PIT PH 3 UNITS 1, 2 & 3 AGGREGATE",116825,2,0.0179372197309417,1.96412556053812
"PIT3_7_PL1X3","PIT PH 3 UNITS 1, 2 & 3 AGGREGATE",159511,2,0.0179372197309417,1.96412556053812
"WISHON_6_UNITS","Wishon/San Joaquin  #1-A AGGREGATE",182745,2,0.0179856115107915,1.96402877697842
"DRUM_7_PL1X2","Drum PH 1 Units 1 & 2 Aggregate",517313,2,0.0180769230769231,1.96384615384615
"PALA_6_PGCBT1","Pala Gomez Creek BESS",205771,2,0.0181985294117647,1.96360294117647
"EDWARD_2_ESSSB2","Sanborn Solar 2",143349,2,0.0182239382239383,1.96355212355212
"KRAMER_1_R1PX3","Resurgence 1 PV",130239,2,0.0182539682539683,1.96349206349206
"CLINESCO_3_PVDYN","CLINES CORNERS",914978,2,0.0183888066681664,1.96322238666367
"PARDSE_6_PESBT1","Paradise Energy Storage",376549,2,0.0184798534798535,1.96304029304029
"VALTNE_2_TRSBT1","Tropico Solar",204333,2,0.018515625,1.96296875
"ARCOGN_2_UNITS","WATSON COGENERATION",158253,2,0.0185185185185185,1.96296296296296
"WISHON_6_UNITS","Wishon/San Joaquin  #1-A AGGREGATE",155124,2,0.0186111111111112,1.96277777777778
"ESCNDO_6_EB3BT3","Escondido BESS 3",186392,2,0.0187437810945274,1.96251243781095
"DEADCK_1_UNIT","DEADCK_1_UNIT",771288,2,0.0189069634703197,1.96218607305936
"RVRVEW_1_UNITA1","Riverview Energy Center (GP Antioch)",121961,2,0.0189075630252101,1.96218487394958
"SISPRG_2_DS3BT1","Daggett Solar 3 a BESS",140316,2,0.0189666448659254,1.96206671026815
"LMBEPK_2_UNITA3","Goose Haven Energy Center, Unit #1",165788,2,0.0189873417721519,1.9620253164557
"LMBEPK_2_UNITA3","Goose Haven Energy Center, Unit #1",852416,2,0.0189873417721519,1.9620253164557
"LMBEPK_2_UNITA3","Goose Haven Energy Center, Unit #1",167586,2,0.0189873417721519,1.9620253164557
"LMBEPK_2_UNITA3","Goose Haven Energy Center, Unit #1",158082,2,0.0189873417721519,1.9620253164557
"DRACKR_2_DSUBT1","Dracker Solar Unit 1 BESS",982044,2,0.0190063755563575,1.96198724888728
"SUNSLR_1_SSVSR1","Sunshine Valley Solar 1",230642,2,0.019080670935491,1.96183865812902
"YELPIN_2_YP2BT1","Yellow Pine 2 BESS",178559,2,0.0191425381238624,1.96171492375228
"FMEADO_7_UNIT","FRENCH MEADOWS HYDRO",159739,2,0.0191666666666667,1.96166666666667
"LMBEPK_2_UNITA3","Goose Haven Energy Center, Unit #1",698118,2,0.0191983122362868,1.96160337552743
"IVWEST_2_SOLAR1","Imperial Valley West ( Q # 608)",995749,2,0.0192077922077922,1.96158441558442
"MIRLOM_2_MLBBTB","Mira Loma BESS B",104183,2,0.019375,1.96125
"GLNARM_7_UNIT 4","GLEN ARM UNIT 4",617807,2,0.0193786982248522,1.9612426035503
"KERNRG_1_UNITS","South Belridge Cogen Facility",841533,2,0.019425,1.96115
"PIT3_7_PL1X3","PIT PH 3 UNITS 1, 2 & 3 AGGREGATE",179949,2,0.0194378698224851,1.96112426035503
"OMAR_2_UNIT 4","KERN RIVER COGENERATION CO. UNIT 4",261727,2,0.0194444444444445,1.96111111111111
"BISHOP_1_ALAMO","BISHOP CREEK PLANT 2  AND  6",566311,2,0.0194721299372462,1.96105574012551
"GARLND_2_GARBT1","Garland B BESS",130239,2,0.0194805194805195,1.96103896103896
"GARLND_2_GARBT1","Garland B BESS",883285,2,0.0194805194805195,1.96103896103896
"GARLND_2_GARBT1","Garland B BESS",196140,2,0.0194805194805195,1.96103896103896
"SLATE_2_SLASR2","SLATE_2",800826,2,0.0195016251354279,1.96099674972914
"SLATE_2_SLASR2","SLATE_2",428559,2,0.0195016251354279,1.96099674972914
"DRUM_7_PL3X4","Drum PH 1 Units 3 & 4 Aggregate",591854,2,0.0195033914728682,1.96099321705426
"GARNET_2_WIND1","Phoenix",186392,2,0.0195395305016881,1.96092093899662
"CRSTWD_6_KUMYAY","Kumeyaay Wind Farm",890505,2,0.0196,1.9608
"SLATE_2_SLASR2","SLATE_2",187185,2,0.0196099674972914,1.96078006500542
"WISHON_6_UNITS","Wishon/San Joaquin  #1-A AGGREGATE",153613,2,0.019709219858156,1.96058156028369
"SANDLT_2_SUNITS","Mojave Solar",360573,2,0.0198909090909091,1.96021818181818
"VALTNE_2_TBBBT1","Tropico Solar Big Beau",839105,2,0.0199038461538462,1.96019230769231
"SLATE_2_SLASR2","SLATE_2",941221,2,0.0199349945828819,1.96013001083424
"SLATE_2_SLASR2","SLATE_2",202220,2,0.0199609967497291,1.96007800650054
"DELAMO_2_ALASB2","Los Alamitos 2",136915,2,0.0199999999999999,1.96
"WISHON_6_UNITS","Wishon/San Joaquin  #1-A AGGREGATE",107238,2,0.0201438848920864,1.95971223021583
"RVRVEW_1_UNITA1","Riverview Energy Center (GP Antioch)",851094,2,0.0201680672268908,1.95966386554622
"IVANPA_1_UNIT1","Ivanpah 1",181027,2,0.0202922077922078,1.95941558441558
"SYCAMR_2_UNIT 1","Sycamore Cogeneration Unit 1",113373,2,0.0203628285820067,1.95927434283599
"SYCAMR_2_UNIT 1","Sycamore Cogeneration Unit 1",113402,2,0.0203628285820067,1.95927434283599
"SYCAMR_2_UNIT 1","Sycamore Cogeneration Unit 1",140315,2,0.0203628285820067,1.95927434283599
"SLATE_2_SLASR2","SLATE_2",149495,2,0.0203755868544601,1.95924882629108
"WESCAN_2_BDSBT1","Bateria Del Sur",108072,2,0.0204,1.9592
"SYCAMR_2_UNIT 1","Sycamore Cogeneration Unit 1",882763,2,0.0204553868937431,1.95908922621251
"WISHON_6_UNITS","Wishon/San Joaquin  #1-A AGGREGATE",603185,2,0.0205035971223023,1.9589928057554
"TRNQLT_2_SOLAR","Tranquillity",358008,2,0.0205488898083022,1.9589022203834
"SALTSP_7_UNITS","SALT SPRINGS HYDRO AGGREGATE",628632,2,0.0205882352941176,1.95882352941176
"WESCAN_2_BDSBT1","Bateria Del Sur",112563,2,0.0206346677341874,1.95873066453163
"GEYS18_7_UNIT18","GEYSERS UNIT 18 (HEALDSBURG)",798391,2,0.0208333333333333,1.95833333333333
"RVRVEW_1_UNITA1","Riverview Energy Center (GP Antioch)",480008,2,0.0210084033613445,1.95798319327731
"SBERDO_2_PSP3","Mountainview Gen Sta. Unit 3",844371,2,0.0210369799691834,1.95792604006163
"GYS5X6_7_UNITS","GEYSERS UNITS 5 & 6 AGGREGATE",189054,2,0.0211538878736445,1.95769222425271
"OCOTLO_6_OCWSB1","Ocotillo Wells Solar and BESS",736984,2,0.0212121212121212,1.95757575757576
"PINFLT_7_UNITS","PINE FLAT HYDRO AGGREGATE",122732,2,0.0213333333333333,1.95733333333333
"WISHON_6_UNITS","Wishon/San Joaquin  #1-A AGGREGATE",547694,2,0.0213888888888888,1.95722222222222
"IVWEST_2_SOLAR1","Imperial Valley West ( Q # 608)",432370,2,0.0214285714285714,1.95714285714286
"BLAST_1_WIND","Mountain View IV Wind",620765,2,0.0214876638114064,1.95702467237719
"BLAST_1_WIND","Mountain View IV Wind",266436,2,0.0214876638114064,1.95702467237719
"CONTRL_1_RUSHCK","RUSH CREEK",151598,2,0.0216666666666669,1.95666666666667
"POLRIS_2_ASRSR1","Antelope Solar 2 Raceway",108072,2,0.0217183673469387,1.95656326530612
"WISHON_6_UNITS","Wishon/San Joaquin  #1-A AGGREGATE",102291,2,0.0218872901678657,1.95622541966427
"POEPH_7_UNIT 2","POE HYDRO UNIT 2",172299,2,0.0219072927140455,1.95618541457191
"ALMASL_2_AL6BT6","Almasol 6 BES",148758,2,0.0219318181818182,1.95613636363636
"PIT1_7_UNIT 1","PIT PH 1 UNIT 1",419838,2,0.0220355731225296,1.95592885375494
"PIT1_7_UNIT 2","PIT PH 1 UNIT 2",419838,2,0.0220355731225296,1.95592885375494
"RVRVEW_1_UNITA1","Riverview Energy Center (GP Antioch)",201838,2,0.0220588235294118,1.95588235294118
"ESCNDO_6_EB1BT1","Escondido BESS 1",212534,2,0.0221111111111111,1.95577777777778
"WISHON_6_UNITS","Wishon/San Joaquin  #1-A AGGREGATE",150919,2,0.0221156408206768,1.95576871835865
"WISHON_6_UNITS","Wishon/San Joaquin  #1-A AGGREGATE",464954,2,0.0221156408206769,1.95576871835865
"WISHON_6_UNITS","Wishon/San Joaquin  #1-A AGGREGATE",429532,2,0.0221156408206769,1.95576871835865
"HAASPH_7_PL1X2","HAAS PH UNIT 1 & 2 AGGREGATE",134860,2,0.0221527777777778,1.95569444444444
"EASTWD_7_UNIT","EASTWOOD PUMP-GEN",983166,2,0.0222222222222222,1.95555555555556
"SLATE_2_SLASR2","SLATE_2",130317,2,0.0223004694835681,1.95539906103286
"WISHON_6_UNITS","Wishon/San Joaquin  #1-A AGGREGATE",789421,2,0.0223404255319149,1.95531914893617
"SISPRG_2_DS3BT2","Daggett Solar 3 b BESS",615344,2,0.0223529411764706,1.95529411764706
"GARNET_1_WIND","GARNET WIND ENERGY CENTER",188719,2,0.0223651348651349,1.95526973026973
"WARNE_2_UNIT","WARNE HYDRO AGGREGATE",321061,2,0.0223684210526315,1.95526315789474
"WISHON_6_UNITS","Wishon/San Joaquin  #1-A AGGREGATE",515655,2,0.0224074074074075,1.95518518518518
"RVRVEW_1_UNITA1","Riverview Energy Center (GP Antioch)",886708,2,0.0224789915966387,1.95504201680672
"GYS5X6_7_UNITS","GEYSERS UNITS 5 & 6 AGGREGATE",754907,2,0.0226160462702061,1.95476790745959
"SPICER_1_UNITS","SPICER HYDRO UNITS 1-3 AGGREGATE",110030,2,0.0227272727272727,1.95454545454545
"BLAST_1_WIND","Mountain View IV Wind",839931,2,0.0227272727272727,1.95454545454545
"BLAST_1_WIND","Mountain View IV Wind",119063,2,0.0228334198235599,1.95433316035288
"SPAULD_6_UNIT12","SPAULDING HYDRO PH 1 & 2 AGGREGATE",213734,2,0.0228571428571429,1.95428571428571
"RVRVEW_1_UNITA1","Riverview Energy Center (GP Antioch)",187948,2,0.0228991596638655,1.95420168067227
"ARBWD_6_QF","Wind Resource II",107701,2,0.0229121870935203,1.95417562581296
"MSTANG_2_SOLAR3","Mustang 3",974145,2,0.023,1.954
"LMBEPK_2_UNITA3","Goose Haven Energy Center, Unit #1",121961,2,0.0232067510548524,1.9535864978903
"RVRVEW_1_UNITA1","Riverview Energy Center (GP Antioch)",698118,2,0.0233193277310924,1.95336134453782
"RVRVEW_1_UNITA1","Riverview Energy Center (GP Antioch)",478596,2,0.0233193277310924,1.95336134453782
"ARCOGN_2_UNITS","WATSON COGENERATION",193488,2,0.0234303135888502,1.9531393728223
"WOLFSK_1_UNITA1","Wolfskill Energy Center",480008,2,0.023454157782516,1.95309168443497
"WISHON_6_UNITS","Wishon/San Joaquin  #1-A AGGREGATE",181841,2,0.0236111111111112,1.95277777777778
"GARNET_2_WIND5","Eastwind",127538,2,0.0238095238095237,1.95238095238095
"GARLND_2_GARBT1","Garland B BESS",105576,2,0.0238095238095238,1.95238095238095
"PACLUM_6_UNIT","Humboldt Redwood",654478,2,0.0238636363636363,1.95227272727273
"LECEF_1_UNITS","LOS ESTEROS ENERGY FACILITY AGGREGATE",532921,2,0.024103448275862,1.95179310344828
"WESCAN_2_BDSBT1","Bateria Del Sur",264747,2,0.024162970376301,1.9516740592474
"JOANEC_2_STABT2","Santa Ana Storage 2",146911,2,0.0241666666666667,1.95166666666667
"PIT1_7_UNIT 2","PIT PH 1 UNIT 2",620521,2,0.0242105263157895,1.95157894736842
"MIRLOM_2_MLBBTB","Mira Loma BESS B",749304,2,0.024375,1.95125
"HUMBPP_1_UNITS3","Humboldt Bay Generating Station 3",195278,2,0.0243802499487809,1.95123950010244
"HUMBPP_6_UNITS","Humboldt Bay Generating Station 1",230642,2,0.0243802499487809,1.95123950010244
"PIT5_7_PL1X2","PIT PH 5 UNITS 1 & 2 AGGREGATE",798391,2,0.024390243902439,1.95121951219512
"JOANEC_2_STABT2","Santa Ana Storage 2",303420,2,0.0244444444444444,1.95111111111111
"TANHIL_6_SOLART","Berry Cogen 18",379813,2,0.0244444444444444,1.95111111111111
"LMBEPK_2_UNITA3","Goose Haven Energy Center, Unit #1",851094,2,0.0244725738396625,1.95105485232067
"PIT4_7_PL1X2","PIT PH 4 UNITS 1 & 2 AGGREGATE",189054,2,0.0244736842105264,1.95105263157895
"CALFTN_2_SOLAR","California Flats North",112563,2,0.0245108695652174,1.95097826086957
"PACLUM_6_UNIT","Humboldt Redwood",591854,2,0.0245454545454545,1.95090909090909
"SLATE_2_SLASR2","SLATE_2",701361,2,0.0247562296858071,1.95048754062839
"MTWIND_1_MVPWD1","Mountain View Power Project I Repower",204333,2,0.0247564960564782,1.95048700788704
"HUMBPP_1_UNITS3","Humboldt Bay Generating Station 3",327142,2,0.0247900020487605,1.95041999590248
"WISHON_6_UNITS","Wishon/San Joaquin  #1-A AGGREGATE",193972,2,0.025,1.95
"FMEADO_7_UNIT","FRENCH MEADOWS HYDRO",379476,2,0.0250000000000001,1.95
"ELLIOT_6_ELIBT1","Elliott Energy Storage",148307,2,0.025,1.95
"CARBOU_7_PL4X5","CARIBOU PH 2 UNIT 4 & 5 AGGREGATE",736344,2,0.025,1.95
"SISPRG_2_DS3BT2","Daggett Solar 3 b BESS",127463,2,0.025,1.95
"SISPRG_2_DS3BT2","Daggett Solar 3 b BESS",462729,2,0.025,1.95
"TEHAPI_2_PW2WD2","Point Wind 2",124050,2,0.025,1.95
"VSTAES_6_VESBT1","Vista Energy Storage",719983,2,0.0250666666666667,1.94986666666667
"SUNSLR_1_SSVSR1","Sunshine Valley Solar 1",202220,2,0.0250871089459671,1.94982578210807
"OCOTLO_6_OCWSB1","Ocotillo Wells Solar and BESS",624752,2,0.0251515151515151,1.94969696969697
"TRNSWD_1_QF","FPL Energy C Wind",134471,2,0.0251621748235878,1.94967565035282
"SANDLT_2_SUNITS","Mojave Solar",106181,2,0.0251636363636364,1.94967272727273
"SISPRG_2_DS3BT2","Daggett Solar 3 b BESS",751688,2,0.0252049042762897,1.94959019144742
"OXMTN_6_LNDFIL","Ox Mountain Landfill Generating Plant",153153,2,0.025233918128655,1.94953216374269
"JOANEC_2_STABT2","Santa Ana Storage 2",578461,2,0.0252777777777778,1.94944444444444
"EDWARD_2_ESSSB2","Sanborn Solar 2",123202,2,0.0253050193050193,1.94938996138996
"LMBEPK_2_UNITA3","Goose Haven Energy Center, Unit #1",130812,2,0.0253164556962024,1.9493670886076
"GYS5X6_7_UNITS","GEYSERS UNITS 5 & 6 AGGREGATE",851143,2,0.0253411306042886,1.94931773879142
"CARBOU_7_PL4X5","CARIBOU PH 2 UNIT 4 & 5 AGGREGATE",105465,2,0.0254237288135593,1.94915254237288
"WISHON_6_UNITS","Wishon/San Joaquin  #1-A AGGREGATE",578461,2,0.0255539568345324,1.94889208633094
"ARLVAL_5_SOLAR","Arlington Valley Solar Energy II",101706,2,0.0256,1.9488
"ELLIOT_6_ELIBT1","Elliott Energy Storage",714255,2,0.0256410256410256,1.94871794871795
"ELLIOT_6_ELIBT1","Elliott Energy Storage",143302,2,0.0256410256410256,1.94871794871795
"ELLIOT_6_ELIBT1","Elliott Energy Storage",800958,2,0.0256410256410256,1.94871794871795
"ELLIOT_6_ELIBT1","Elliott Energy Storage",193527,2,0.0256410256410256,1.94871794871795
"ELLIOT_6_ELIBT1","Elliott Energy Storage",468693,2,0.0256410256410256,1.94871794871795
"ELLIOT_6_ELIBT1","Elliott Energy Storage",385155,2,0.0256410256410256,1.94871794871795
"ELLIOT_6_ELIBT1","Elliott Energy Storage",691906,2,0.0256410256410256,1.94871794871795
"ELLIOT_6_ELIBT1","Elliott Energy Storage",814548,2,0.0256410256410256,1.94871794871795
"ELLIOT_6_ELIBT1","Elliott Energy Storage",135714,2,0.0256410256410256,1.94871794871795
"BLVRDE_6_BLVBT1","Boulevard Energy Storage",967390,2,0.0256410256410256,1.94871794871795
"CNTNLA_2_SOLAR1","Centinela Solar Energy I",124574,2,0.025658817862405,1.94868236427519
"PIT5_7_PL3X4","PIT PH 5 UNITS 3 & 4 AGGREGATE",248020,2,0.0257007575757576,1.94859848484848
"BLAST_1_WIND","Mountain View IV Wind",939948,2,0.0257477243172951,1.94850455136541
"KERNRG_1_UNITS","South Belridge Cogen Facility",279536,2,0.02575,1.9485
"USWNDR_2_SMUD","SOLANO WIND FARM",117370,2,0.0258045977011494,1.9483908045977
"USWNDR_2_SMUD2","Solano Wind Project Phase 3",166745,2,0.0258157726692209,1.94836845466156
"LECEF_1_UNITS","LOS ESTEROS ENERGY FACILITY AGGREGATE",658374,2,0.0258620689655172,1.94827586206897
"CARBOU_7_PL2X3","CARIBOU PH 1 UNIT 2 & 3 AGGREGATE",291137,2,0.0260574712643679,1.94788505747126
"WISHON_6_UNITS","Wishon/San Joaquin  #1-A AGGREGATE",916581,2,0.0260698108180122,1.94786037836398
"KERNRG_1_UNITS","South Belridge Cogen Facility",148758,2,0.026125,1.94775
"GARNET_2_WIND5","Eastwind",133919,2,0.0261904761904762,1.94761904761905
"BLAST_1_WIND","Mountain View IV Wind",444308,2,0.026191475960529,1.94761704807894
"YELPIN_2_YP2BT1","Yellow Pine 2 BESS",195278,2,0.0262011662663129,1.94759766746737
"WESCAN_2_BDSBT1","Bateria Del Sur",127378,2,0.02625,1.9475
"WARNE_2_UNIT","WARNE HYDRO AGGREGATE",234172,2,0.0263157894736842,1.94736842105263
"WARNE_2_UNIT","WARNE HYDRO AGGREGATE",428176,2,0.0263157894736842,1.94736842105263
"ARBWD_6_QF","Wind Resource II",819306,2,0.0263409961685825,1.94731800766283
"TIFFNY_1_DILLON","TIFFNY_1_DILLON",158082,2,0.0263504611330698,1.94729907773386
"SNCLRA_2_UNIT1","New Indy Oxnard",620521,2,0.0263636363636364,1.94727272727273
"MRGT_6_TGEBT1","Top Gun Energy Storage",805057,2,0.0264545454545454,1.94709090909091
"HAASPH_7_PL1X2","HAAS PH UNIT 1 & 2 AGGREGATE",170663,2,0.0264583333333333,1.94708333333333
"POEPH_7_UNIT 2","POE HYDRO UNIT 2",288336,2,0.0265773600802455,1.94684527983951
"CALFTN_2_SOLAR","California Flats North",993410,2,0.0266304347826087,1.94673913043478
"ESCNDO_6_EB3BT3","Escondido BESS 3",347450,2,0.0266666666666667,1.94666666666667
"LMBEPK_2_UNITA3","Goose Haven Energy Center, Unit #1",886708,2,0.0267932489451477,1.9464135021097
"CENTPD_2_BMSSX2","Blythe Mesa Solar",705107,2,0.0268047337278107,1.94639053254438
"ARBWD_6_QF","Wind Resource II",374413,2,0.0268199233716475,1.9463601532567
"SISPRG_2_DS3BT1","Daggett Solar 3 a BESS",236353,2,0.027141922825376,1.94571615434925
"SBERDO_2_PSP3","Mountainview Gen Sta. Unit 3",435045,2,0.0271443246019517,1.9457113507961
"SBERDO_2_PSP3","Mountainview Gen Sta. Unit 3",140969,2,0.0271443246019517,1.9457113507961
"CALFTN_2_SOLAR","California Flats North",105465,2,0.0271739130434783,1.94565217391304
"JOANEC_2_ST3BT3","Santa Ana Storage 3",189802,2,0.0271875,1.945625
"TIFFNY_1_DILLON","TIFFNY_1_DILLON",974145,2,0.0272147167663206,1.94557056646736
"LMBEPK_2_UNITA3","Goose Haven Energy Center, Unit #1",187948,2,0.0272151898734177,1.94556962025316
"SYCAMR_2_UNIT 1","Sycamore Cogeneration Unit 1",176680,2,0.027258422806368,1.94548315438726
"VSTAES_6_VESBT1","Vista Energy Storage",186146,2,0.0272929824561403,1.94541403508772
"BISHOP_1_UNITS","BISHOP CREEK PLANT 3  AND  4",198858,2,0.0273111408842626,1.94537771823147
"TIFFNY_1_DILLON","TIFFNY_1_DILLON",324007,2,0.0273272499430076,1.94534550011398
"MRGT_6_TGEBT1","Top Gun Energy Storage",415983,2,0.0273556231003039,1.94528875379939
"WESCAN_2_BDSBT1","Bateria Del Sur",195275,2,0.0273845070422535,1.94523098591549
"MCFLND_5_MFSSR1","McFarland Solar A PV",135142,2,0.0273976608187134,1.94520467836257
"ESCNDO_6_UNITB1","CalPeak Power Enterprise Unit 1",917872,2,0.0274,1.9452
"SUNSLR_1_SSVSR1","Sunshine Valley Solar 1",146716,2,0.0274185204345577,1.94516295913088
"LMBEPK_2_UNITA3","Goose Haven Energy Center, Unit #1",306098,2,0.0274261603375528,1.94514767932489
"CRSTWD_6_KUMYAY","Kumeyaay Wind Farm",182906,2,0.0276,1.9448
"KERNRG_1_UNITS","South Belridge Cogen Facility",736984,2,0.027625,1.94475
"LMBEPK_2_UNITA3","Goose Haven Energy Center, Unit #1",478596,2,0.0276371308016878,1.94472573839662
"KEARNY_6_SESBT2","Kearny South Energy Storage",323555,2,0.0276515151515152,1.94469696969697
"WOLFSK_1_UNITA1","Wolfskill Energy Center",324007,2,0.0277185501066097,1.94456289978678
"SLATE_2_SLASR2","SLATE_2",798542,2,0.0277356446370531,1.94452871072589
"JOANEC_2_STABT2","Santa Ana Storage 2",213484,2,0.0277777777777778,1.94444444444444
"WISHON_6_UNITS","Wishon/San Joaquin  #1-A AGGREGATE",116055,2,0.0277817745803358,1.94443645083933
"GARLND_2_GASLR","Garland B",856960,2,0.0278383633563188,1.94432327328736
"USWNDR_2_SMUD","SOLANO WIND FARM",896410,2,0.0278735632183909,1.94425287356322
"ELECTR_7_PL1X3","ELECTRA PH UNIT 1 & 2 AGGREGATE",230642,2,0.0282649584965084,1.94347008300698
"NGILAA_5_SDGDYN","NGILAA_5_SDGDYN",973878,2,0.0282820310444619,1.94343593791108
"PARDSE_6_PESBT1","Paradise Energy Storage",714255,2,0.0282844303462861,1.94343113930743
"PARDSE_6_PESBT1","Paradise Energy Storage",760220,2,0.0282844303462861,1.94343113930743
"PARDSE_6_PESBT1","Paradise Energy Storage",814548,2,0.0282844303462861,1.94343113930743
"PARDSE_6_PESBT1","Paradise Energy Storage",152702,2,0.0282844303462861,1.94343113930743
"LMBEPK_2_UNITA3","Goose Haven Energy Center, Unit #1",161142,2,0.0284810126582279,1.94303797468354
"CRESTA_7_PL1X2","CRESTA PH UNIT 1 & 2 AGGREGATE",204333,2,0.0285440501771299,1.94291189964574
"GLNARM_7_UNIT 4","GLEN ARM UNIT 4",189802,2,0.0285502958579882,1.94289940828402
"RCKCRK_7_UNIT 1","ROCK CREEK HYDRO UNIT 1",208011,2,0.0285603264037303,1.94287934719254
"PARDSE_6_PESBT1","Paradise Energy Storage",153153,2,0.0285714285714285,1.94285714285714
"IVWEST_2_SOLAR1","Imperial Valley West ( Q # 608)",107633,2,0.0285714285714286,1.94285714285714
"ELLIOT_6_ELIBT1","Elliott Energy Storage",170224,2,0.0285714285714286,1.94285714285714
"BUCKCK_7_PL1X2","BUCKS CREEK AGGREGATE",192354,2,0.0286771507863089,1.94264569842738
"PIT7_7_UNIT 2","PIT PH 7 UNIT 2",806870,2,0.0287600188590298,1.94247996228194
"NGILAA_5_SDGDYN","NGILAA_5_SDGDYN",178559,2,0.0288888888888888,1.94222222222222
"DRACKR_2_DSUBT1","Dracker Solar Unit 1 BESS",212542,2,0.0289209087182545,1.94215818256349
"TOWNSITE_2_MEADDYN","Townsite Solar BESS",127137,2,0.0289583333333333,1.94208333333333
"ARLVAL_5_SOLAR","Arlington Valley Solar Energy II",118485,2,0.029,1.942
"KRAMER_1_R1PX3","Resurgence 1 PV",189054,2,0.029,1.942
"SUNCAT_2_A1BBT1","Arlington Solar Unit 1B BESS",302804,2,0.0290079568535426,1.94198408629291
"NGILAA_5_SDGDYN","NGILAA_5_SDGDYN",148758,2,0.0290712970270982,1.9418574059458
"BISHOP_1_UNITS","BISHOP CREEK PLANT 3  AND  4",482688,2,0.0290755570308287,1.94184888593834
"HAASPH_7_PL1X2","HAAS PH UNIT 1 & 2 AGGREGATE",495706,2,0.0291666666666667,1.94166666666667
"WISHON_6_UNITS","Wishon/San Joaquin  #1-A AGGREGATE",179366,2,0.0292222222222222,1.94155555555556
"CRIMSN_2_CRMBT2","Crimson 2",170663,2,0.0294,1.9412
"SALTSP_7_UNITS","SALT SPRINGS HYDRO AGGREGATE",444308,2,0.0294117647058824,1.94117647058824
"MONTPH_7_UNITS","MONTICELLO HYDRO AGGREGATE",184635,2,0.0294117647058824,1.94117647058824
"RVRVEW_1_UNITA1","Riverview Energy Center (GP Antioch)",188600,2,0.0294117647058823,1.94117647058824
"RVRVEW_1_UNITA1","Riverview Energy Center (GP Antioch)",145264,2,0.0294117647058823,1.94117647058824
"RVRVEW_1_UNITA1","Riverview Energy Center (GP Antioch)",130812,2,0.0294117647058823,1.94117647058824
"PACLUM_6_UNIT","Humboldt Redwood",124287,2,0.0295454545454546,1.94090909090909
"GARLND_2_GASLR","Garland B",100651,2,0.029590236585532,1.94081952682894
"INTMNT_3_RIVERSIDE","IPPDYN",117281,2,0.0296296296296296,1.94074074074074
"TIGRCK_7_UNITS","TIGER CREEK HYDRO AGGREGATE",182859,2,0.0296774193548387,1.94064516129032
"SALTSP_7_UNITS","SALT SPRINGS HYDRO AGGREGATE",973878,2,0.0297058823529412,1.94058823529412
"MTWIND_1_UNIT 3","Mountain View Power Project III",201934,2,0.029777635155542,1.94044472968892
"HUMBPP_1_UNITS3","Humboldt Bay Generating Station 3",751688,2,0.0297980665113677,1.94040386697726
"ESCNDO_6_EB3BT3","Escondido BESS 3",385155,2,0.0298507462686567,1.94029850746269
"ELECTR_7_PL1X3","ELECTRA PH UNIT 1 & 2 AGGREGATE",896410,2,0.0298514431239389,1.94029711375212
"SANDLT_2_SUNITS","Mojave Solar",193488,2,0.0298909090909091,1.94021818181818
"BUCKCK_7_PL1X2","BUCKS CREEK AGGREGATE",713184,2,0.0299722479185938,1.94005550416281
"VALTNE_2_TRSBT1","Tropico Solar",895511,2,0.03,1.94
"GARNET_1_WIND","GARNET WIND ENERGY CENTER",133202,2,0.0300714285714286,1.93985714285714
"SISPRG_2_DS3BT1","Daggett Solar 3 a BESS",858777,2,0.0300850228907783,1.93982995421844
"SISPRG_2_DS3BT1","Daggett Solar 3 a BESS",127688,2,0.0300850228907783,1.93982995421844
"SISPRG_2_DS3BT1","Daggett Solar 3 a BESS",206601,2,0.0300850228907783,1.93982995421844
"SISPRG_2_DS3BT1","Daggett Solar 3 a BESS",104756,2,0.0300850228907783,1.93982995421844
"SISPRG_2_DS3BT1","Daggett Solar 3 a BESS",690855,2,0.0300850228907783,1.93982995421844
"SISPRG_2_DS3BT1","Daggett Solar 3 a BESS",118774,2,0.0300850228907783,1.93982995421844
"PALA_6_PGCBT1","Pala Gomez Creek BESS",209856,2,0.0301470588235294,1.93970588235294
"ARBWD_6_QF","Wind Resource II",122815,2,0.0301724137931034,1.93965517241379
"PIT1_7_UNIT 1","PIT PH 1 UNIT 1",921125,2,0.0301915584415585,1.93961688311688
"DRACKR_2_DSUBT1","Dracker Solar Unit 1 BESS",839105,2,0.0302469275031075,1.93950614499378
"LODI25_6_ERKNG1","LODI STRATEGIC RESERVE",111869,2,0.0304219823356231,1.93915603532875
"WISHON_6_UNITS","Wishon/San Joaquin  #1-A AGGREGATE",318539,2,0.0304444444444445,1.93911111111111
"RVRVEW_1_UNITA1","Riverview Energy Center (GP Antioch)",628885,2,0.0304621848739496,1.9390756302521
"SUNSLR_1_SSVSR1","Sunshine Valley Solar 1",905955,2,0.0304707708225556,1.93905845835489
"OBERON_5_O2SSR5","Oberon 2B Solar",780584,2,0.0305166415493635,1.93896671690127
"BUCKCK_7_PL1X2","BUCKS CREEK AGGREGATE",261590,2,0.030527289546716,1.93894542090657
"BUCKCK_7_PL1X2","BUCKS CREEK AGGREGATE",152595,2,0.0305272895467161,1.93894542090657
"HIGHDS_2_H5SSR1","High 5 Solar",360176,2,0.0305833333333333,1.93883333333333
"ARLVAL_5_SOLAR","Arlington Valley Solar Energy II",164178,2,0.0306,1.9388
"GARLND_2_GASLR","Garland B",137023,2,0.0306811208836163,1.93863775823277
"ESCNDO_6_EB2BT2","Escondido BESS 2",963357,2,0.0307619047619048,1.93847619047619
"BISHOP_1_UNITS","BISHOP CREEK PLANT 3  AND  4",124050,2,0.0307769726247988,1.9384460547504
"RVRVEW_1_UNITA1","Riverview Energy Center (GP Antioch)",114138,2,0.0307773109243697,1.93844537815126
"BLAST_1_WIND","Mountain View IV Wind",111869,2,0.0308104136048709,1.93837917279026
"AVSOLR_2_SOLAR","AV SOLAR RANCH 1",118328,2,0.0308754975906138,1.93824900481877
"GYS5X6_7_UNITS","GEYSERS UNITS 5 & 6 AGGREGATE",118279,2,0.0310692570072667,1.93786148598547
"CENTPD_2_BMSSX2","Blythe Mesa Solar",178320,2,0.0310909090909091,1.93781818181818
"MRGT_6_TGEBT1","Top Gun Energy Storage",851690,2,0.0311111111111112,1.93777777777778
"DUANE_1_PL1X3","DONALD VON RAESFELD POWER PROJECT",576455,2,0.0311111111111113,1.93777777777778
"USWNDR_2_SMUD","SOLANO WIND FARM",202220,2,0.0312068965517241,1.93758620689655
"SLSTR2_2_SOLAR2","Solar Star 2",319098,2,0.0312990196078431,1.93740196078431
"KERNRG_1_UNITS","South Belridge Cogen Facility",893185,2,0.0313750000000001,1.93725
"KERNRG_1_UNITS","South Belridge Cogen Facility",624752,2,0.031425,1.93715
"CALFTN_2_SOLAR","California Flats North",167201,2,0.0315217391304348,1.93695652173913
"WOLFSK_1_UNITA1","Wolfskill Energy Center",120783,2,0.0315565031982943,1.93688699360341
"CALFTS_2_CFSSR1","California Flats Solar South",167201,2,0.031604670558799,1.9367906588824
"USWNDR_2_SMUD","SOLANO WIND FARM",834751,2,0.0316666666666667,1.93666666666667
"DVLCYN_1_UNITS","DEVIL CANYON HYDRO UNITS 1-4 AGGREGATE",167719,2,0.0317293233082707,1.93654135338346
"YELPIN_2_YP2BT1","Yellow Pine 2 BESS",705142,2,0.0319104758408663,1.93617904831827
"SPICER_1_UNITS","SPICER HYDRO UNITS 1-3 AGGREGATE",672385,2,0.0319791666666667,1.93604166666667
"PIT3_7_PL1X3","PIT PH 3 UNITS 1, 2 & 3 AGGREGATE",261727,2,0.0319932706810534,1.93601345863789
"PNCHEG_2_PL1X4","PANOCHE ENERGY CENTER (Aggregated)",123833,2,0.0321782178217822,1.93564356435644
"GARNET_2_WIND4","Windustries",749304,2,0.032202462380301,1.9355950752394
"CALFTN_2_SOLAR","California Flats North",641340,2,0.0322282608695653,1.93554347826087
"BUCKCK_7_PL1X2","BUCKS CREEK AGGREGATE",594888,2,0.032377428307123,1.93524514338575
"WISHON_6_UNITS","Wishon/San Joaquin  #1-A AGGREGATE",211349,2,0.0323888888888888,1.93522222222222
"GYS5X6_7_UNITS","GEYSERS UNITS 5 & 6 AGGREGATE",182435,2,0.0324290150842948,1.93514196983141
"ESCNDO_6_EB1BT1","Escondido BESS 1",136915,2,0.0325,1.935
"CONTRL_1_RUSHCK","RUSH CREEK",370894,2,0.0325000000000002,1.935
"RVRVEW_1_UNITA1","Riverview Energy Center (GP Antioch)",161142,2,0.0325630252100841,1.93487394957983
"VALTNE_2_TRSBT1","Tropico Solar",288336,2,0.032578125,1.93484375
"CENTPD_2_BMSSX2","Blythe Mesa Solar",263628,2,0.0325925925925926,1.93481481481481
"DSRTSN_2_DS2X2","Desert Sunlight PV II Storage",263628,2,0.0325925925925926,1.93481481481481
"ESCNDO_6_EB1BT1","Escondido BESS 1",292435,2,0.0326339285714285,1.93473214285714
"BLAST_1_WIND","Mountain View IV Wind",480008,2,0.0326402321083172,1.93471953578337
"SUNCAT_2_A1BBT1","Arlington Solar Unit 1B BESS",145917,2,0.0327293433454985,1.934541313309
"KEARNY_6_SESBT2","Kearny South Energy Storage",963357,2,0.0329593267882188,1.93408134642356
"WISHON_6_UNITS","Wishon/San Joaquin  #1-A AGGREGATE",607049,2,0.0330555555555555,1.93388888888889
"BLAST_1_WIND","Mountain View IV Wind",324007,2,0.0330754352030948,1.93384912959381
"BLAST_1_WIND","Mountain View IV Wind",356834,2,0.0331044487427466,1.93379110251451
"BLAST_1_WIND","Mountain View IV Wind",161142,2,0.033401837524178,1.93319632495164
"ALMASL_2_AL6BT6","Almasol 6 BES",120783,2,0.033409090909091,1.93318181818182
"SANDLT_2_SUNITS","Mojave Solar",475261,2,0.0334545454545454,1.93309090909091
"YELPIN_2_YP2BT1","Yellow Pine 2 BESS",615344,2,0.0334900117508812,1.93301997649824
"RVRVEW_1_UNITA1","Riverview Energy Center (GP Antioch)",721764,2,0.0336134453781513,1.9327731092437
"CARBOU_7_PL2X3","CARIBOU PH 1 UNIT 2 & 3 AGGREGATE",279536,2,0.0336206896551724,1.93275862068966
"GARLND_2_GARBT1","Garland B BESS",389995,2,0.0336399711399711,1.93272005772006
"GARNET_2_COAWD2","Coachella 2",294553,2,0.0336448598130841,1.93271028037383
"BUCKCK_7_PL1X2","BUCKS CREEK AGGREGATE",774713,2,0.033672525439408,1.93265494912118
"ALMASL_2_AL6BT6","Almasol 6 BES",939948,2,0.03375,1.9325
"LMBEPK_2_UNITA3","Goose Haven Energy Center, Unit #1",114138,2,0.0337552742616034,1.93248945147679
"LMBEPK_2_UNITA3","Goose Haven Energy Center, Unit #1",188600,2,0.0337552742616034,1.93248945147679
"LMBEPK_2_UNITA3","Goose Haven Energy Center, Unit #1",145264,2,0.0337552742616034,1.93248945147679
"LMBEPK_2_UNITA3","Goose Haven Energy Center, Unit #1",628885,2,0.0337552742616034,1.93248945147679
"RVRVEW_1_UNITA1","Riverview Energy Center (GP Antioch)",209550,2,0.0338235294117647,1.93235294117647
"DVLCYN_1_UNITS","DEVIL CANYON HYDRO UNITS 1-4 AGGREGATE",106167,2,0.0338345864661654,1.93233082706767
"INTMNT_3_RIVERSIDE","IPPDYN",623762,2,0.0340419553391115,1.93191608932178
"WOLFSK_1_UNITA1","Wolfskill Energy Center",444308,2,0.0341151385927506,1.9317697228145
"WOLFSK_1_UNITA1","Wolfskill Energy Center",121961,2,0.0341151385927506,1.9317697228145
"KERNRG_1_UNITS","South Belridge Cogen Facility",201838,2,0.034125,1.93175
"SUNSLR_1_SSVSR1","Sunshine Valley Solar 1",704863,2,0.0341261633919338,1.93174767321613
"TULLCK_7_UNITS","Tullock Hydro",148387,2,0.0342183807984082,1.93156323840318
"BLAST_1_WIND","Mountain View IV Wind",465357,2,0.0342653389572553,1.93146932208549
"PIT1_7_UNIT 1","PIT PH 1 UNIT 1",620521,2,0.0342857142857143,1.93142857142857
"PARDSE_6_PESBT1","Paradise Energy Storage",323555,2,0.0342857142857143,1.93142857142857
"CALFTN_2_SOLAR","California Flats North",405491,2,0.0344021739130435,1.93119565217391
"NGILAA_5_SDGDYN","NGILAA_5_SDGDYN",157358,2,0.0344646145751117,1.93107077084978
"SLATE_2_SLASR3","SLATE_3",895511,2,0.0345995533001874,1.93080089339963
"HUMBPP_1_UNITS3","Humboldt Bay Generating Station 3",428176,2,0.0346240524482688,1.93075189510346
"RTEDDY_2_SOLAR1","Rosamond West Solar 1",997249,2,0.0348451327433627,1.93030973451327
"ELLIOT_6_ELIBT1","Elliott Energy Storage",284463,2,0.0348717948717949,1.93025641025641
"ELLIOT_6_ELIBT1","Elliott Energy Storage",882665,2,0.035,1.93
"HIGGNS_1_COMBIE","Combie South",121133,2,0.035,1.93
"PIT4_7_PL1X2","PIT PH 4 UNITS 1 & 2 AGGREGATE",849325,2,0.0350759109311741,1.92984817813765
"HAASPH_7_PL1X2","HAAS PH UNIT 1 & 2 AGGREGATE",127378,2,0.0352083333333334,1.92958333333333
"HOOVER_2_SCEPT","Hoover DAM - SCE Share",532921,2,0.0352590514309632,1.92948189713807
"SISPRG_2_DS3BT2","Daggett Solar 3 b BESS",151431,2,0.0352941176470588,1.92941176470588
"ARLVAL_5_SOLAR","Arlington Valley Solar Energy II",170663,2,0.0353,1.9294
"HUMBPP_6_UNITS","Humboldt Bay Generating Station 1",834563,2,0.0356484326982175,1.92870313460357
"ELECTR_7_PL1X3","ELECTRA PH UNIT 1 & 2 AGGREGATE",261385,2,0.0356622141167192,1.92867557176656
"ELECTR_7_PL1X3","ELECTRA PH UNIT 1 & 2 AGGREGATE",187185,2,0.0356971349918434,1.92860573001631
"IVWEST_2_SOLAR1","Imperial Valley West ( Q # 608)",787730,2,0.0357142857142857,1.92857142857143
"SISPRG_2_DS3BT2","Daggett Solar 3 b BESS",364184,2,0.0357142857142857,1.92857142857143
"ESCNDO_6_EB1BT1","Escondido BESS 1",492010,2,0.0357142857142857,1.92857142857143
"RCKCRK_7_UNIT 1","ROCK CREEK HYDRO UNIT 1",624752,2,0.0358461239557023,1.9283077520886
"ADLIN_1_UNITS","GEYSERS AIDLIN AGGREGATE",201934,2,0.0358585858585859,1.92828282828283
"ROMOLA_5_MPBBT1","Menifee Power Bank",122732,2,0.0358981288037061,1.92820374239259
"HIGHDS_2_H5SSR1","High 5 Solar",670863,2,0.0359888653234359,1.92802226935313
"AVSOLR_2_SOLAR","AV SOLAR RANCH 1",107681,2,0.036177811550152,1.9276443768997
"YELPIN_2_YP2BT1","Yellow Pine 2 BESS",157358,2,0.0361787435360584,1.92764251292788
"TULLCK_7_UNITS","Tullock Hydro",768776,2,0.0361941922646438,1.92761161547071
"RCKCRK_7_UNIT 1","ROCK CREEK HYDRO UNIT 1",736984,2,0.0365261317272197,1.92694773654556
"OBERON_5_O2SSR5","Oberon 2B Solar",127378,2,0.0366453221508131,1.92670935569837
"OGROVE_6_PL1X2","Orange Grove Energy Center",113665,2,0.0367021276595745,1.92659574468085
"ESCNDO_6_EB3BT3","Escondido BESS 3",279660,2,0.03671875,1.9265625
"WDFRDF_2_WFFBT1","West Ford Flat Energy Storage",975528,2,0.0367391304347826,1.92652173913043
"BLAST_1_WIND","Mountain View IV Wind",279536,2,0.0368629994810587,1.92627400103788
"DSFLWR_2_WS2SR1","Willow Springs 2",173313,2,0.0370185922974768,1.92596281540505
"PINFLT_7_UNITS","PINE FLAT HYDRO AGGREGATE",358008,2,0.037037037037037,1.92592592592593
"INTMNT_3_RIVERSIDE","IPPDYN",514544,2,0.037037037037037,1.92592592592593
"PALA_6_PGCBT1","Pala Gomez Creek BESS",197582,2,0.0370370370370371,1.92592592592593
"DSRTSL_2_SOLAR1","Desert Stateline",242438,2,0.0370428197821929,1.92591436043561
"EDWARD_2_ESSSB2","Sanborn Solar 2",181027,2,0.0370656370656371,1.92586872586873
"CRESTA_7_PL1X2","CRESTA PH UNIT 1 & 2 AGGREGATE",151431,2,0.0370843810139207,1.92583123797216
"CRESTA_7_PL1X2","CRESTA PH UNIT 1 & 2 AGGREGATE",327142,2,0.0370843810139207,1.92583123797216
"TIFFNY_1_DILLON","TIFFNY_1_DILLON",509923,2,0.0371064634444443,1.92578707311111
"LODI25_6_ERKNG1","LODI STRATEGIC RESERVE",917872,2,0.0371279031730455,1.92574419365391
"LMBEPK_2_UNITA3","Goose Haven Energy Center, Unit #1",356834,2,0.0371308016877637,1.92573839662447
"DREWS_6_PL1X4","Drews Generating Plant",994050,2,0.0372374564116823,1.92552508717664
"GYS5X6_7_UNITS","GEYSERS UNITS 5 & 6 AGGREGATE",709693,2,0.0372979386029957,1.92540412279401
"SUNCAT_2_A1BBT1","Arlington Solar Unit 1B BESS",288336,2,0.0374031195965735,1.92519376080685
"PIT4_7_PL1X2","PIT PH 4 UNITS 1 & 2 AGGREGATE",851143,2,0.0374125874125874,1.92517482517483
"CLRMNT_6_CLEBT1","Clairemont Energy Storage",491560,2,0.0374675324675325,1.92506493506494
"KEARNY_6_SESBT2","Kearny South Energy Storage",186392,2,0.0375,1.925
"USWNDR_2_SMUD","SOLANO WIND FARM",360176,2,0.0375862068965518,1.9248275862069
"BLAST_1_WIND","Mountain View IV Wind",852416,2,0.0377113133940183,1.92457737321196
"IVANPA_1_UNIT1","Ivanpah 1",525442,2,0.0377804014167651,1.92443919716647
"GYS7X8_7_UNITS","GEYSERS UNITS 7 & 8 AGGREGATE",670863,2,0.0379106341313149,1.92417873173737
"PIT1_7_UNIT 2","PIT PH 1 UNIT 2",411064,2,0.0379303560889238,1.92413928782215
"ROMOLA_5_MPBBT1","Menifee Power Bank",263628,2,0.0379616677264057,1.92407666454719
"LMBEPK_2_UNITA3","Goose Haven Energy Center, Unit #1",324007,2,0.0379746835443037,1.92405063291139
"LMBEPK_2_UNITA3","Goose Haven Energy Center, Unit #1",721764,2,0.0379746835443039,1.92405063291139
"HOOVER_2_SCEPT","Hoover DAM - SCE Share",658374,2,0.0379780777481295,1.92404384450374
"HOOVER_2_SCEPT","Hoover DAM - SCE Share",362509,2,0.0379780777481295,1.92404384450374
"JOANEC_2_STABT2","Santa Ana Storage 2",346109,2,0.0380555555555555,1.92388888888889
"JOANEC_2_ST3BT3","Santa Ana Storage 3",509923,2,0.038125,1.92375
"WISHON_6_UNITS","Wishon/San Joaquin  #1-A AGGREGATE",482688,2,0.0381294964028776,1.92374100719424
"ROMOLA_5_MPBBT1","Menifee Power Bank",238485,2,0.0381506040512308,1.92369879189754
"LMBEPK_2_UNITA3","Goose Haven Energy Center, Unit #1",209550,2,0.0381856540084389,1.92362869198312
"RVRVEW_1_UNITA1","Riverview Energy Center (GP Antioch)",917526,2,0.0382352941176471,1.92352941176471
"USWNDR_2_SMUD2","Solano Wind Project Phase 3",905347,2,0.0384868421052631,1.92302631578947
"SUNSLR_1_SSVSR1","Sunshine Valley Solar 1",238053,2,0.0387997930677704,1.92240041386446
"OMAR_2_UNIT 4","KERN RIVER COGENERATION CO. UNIT 4",634616,2,0.0388888888888888,1.92222222222222
"SUNCAT_2_A1ABT1","Arlington Solar Unit 1A BESS",841533,2,0.0391503267973856,1.92169934640523
"CRIMSN_2_CRMBT1","Crimson",120025,2,0.0391924790220656,1.92161504195587
"HUMBPP_6_UNITS","Humboldt Bay Generating Station 1",189054,2,0.0392132759680392,1.92157344806392
"KELSO_2_UNITS","Mariposa Energy",106183,2,0.0395644283121596,1.92087114337568
"BUCKCK_7_PL1X2","BUCKS CREEK AGGREGATE",123566,2,0.0395929694727105,1.92081406105458
"CRIMSN_2_CRMBT1","Crimson",722938,2,0.0396504972547394,1.92069900549052
"USWNDR_2_SMUD","SOLANO WIND FARM",709693,2,0.0397126436781609,1.92057471264368
"GARNET_1_WIND","GARNET WIND ENERGY CENTER",181860,2,0.0398886827458257,1.92022263450835
"CARBOU_7_PL2X3","CARIBOU PH 1 UNIT 2 & 3 AGGREGATE",182906,2,0.04,1.92
"GEYS13_7_UNIT13","GEYSERS UNIT 13 (HEALDSBURG)",798391,2,0.0400641025641026,1.9198717948718
"SUNCAT_2_A1ABT1","Arlington Solar Unit 1A BESS",939948,2,0.0401696885169688,1.91966062296606
"RUSSELL_2_SOLANO1","Solano Renewables 1",289323,2,0.0402079242633776,1.91958415147324
"ALMASL_2_AL6BT6","Almasol 6 BES",286732,2,0.0404545454545455,1.91909090909091
"INTMNT_3_ANAHEIM","Intermountain Power Project",107681,2,0.0405469178708615,1.91890616425828
"RUSSELL_2_SOLANO1","Solano Renewables 1",201370,2,0.0409435228689232,1.91811295426215
"NGILAA_5_SDGDYN","NGILAA_5_SDGDYN",736984,2,0.041090909090909,1.91781818181818
"RVRVEW_1_UNITA1","Riverview Energy Center (GP Antioch)",356834,2,0.0411764705882353,1.91764705882353
"CONTRL_1_POOLE","POOLE HYDRO PLANT 1",731152,2,0.0412060301507536,1.91758793969849
"BLAST_1_WIND","Mountain View IV Wind",973878,2,0.0413908263388107,1.91721834732238
"HAASPH_7_PL1X2","HAAS PH UNIT 1 & 2 AGGREGATE",576455,2,0.0416666666666667,1.91666666666667
"USWNDR_2_SMUD2","Solano Wind Project Phase 3",525442,2,0.0416666666666667,1.91666666666667
"BERCYN_2_BCEBT1","Bear Canyon Energy Storage",566311,2,0.0416666666666667,1.91666666666667
"DEADCK_1_UNIT","DEADCK_1_UNIT",190775,2,0.0416666666666667,1.91666666666667
"LMBEPK_2_UNITA3","Goose Haven Energy Center, Unit #1",288377,2,0.0417721518987341,1.91645569620253
"TRNQLT_2_RETBT1","RE Tranquillity BESS",895511,2,0.0418333333333334,1.91633333333333
"JOANEC_2_STABT2","Santa Ana Storage 2",151814,2,0.0419444444444444,1.91611111111111
"RVRVEW_1_UNITA1","Riverview Energy Center (GP Antioch)",324007,2,0.0420168067226891,1.91596638655462
"SLATE_2_SLASR2","SLATE_2",189054,2,0.0422794117647058,1.91544117647059
"CALFTS_2_CFSSR1","California Flats Solar South",264747,2,0.0425341951626356,1.91493160967473
"CRIMSN_2_CRMBT2","Crimson 2",134860,2,0.04255,1.9149
"LMBEPK_2_UNITA3","Goose Haven Energy Center, Unit #1",917526,2,0.0426160337552743,1.91476793248945
"CRIMSN_2_CRMBT1","Crimson",193259,2,0.0427777777777778,1.91444444444444
"CRSTWD_6_KUMYAY","Kumeyaay Wind Farm",120783,2,0.0430254154447703,1.91394916911046
"RVRVEW_1_UNITA1","Riverview Energy Center (GP Antioch)",189981,2,0.0430672268907562,1.91386554621849
"RVRVEW_1_UNITA1","Riverview Energy Center (GP Antioch)",942205,2,0.0430672268907562,1.91386554621849
"ETIWND_6_GRPLND","Grapeland Peaker",116743,2,0.043121831279709,1.91375633744058
"NGILAA_5_SDGDYN","NGILAA_5_SDGDYN",115494,2,0.0432727272727273,1.91345454545455
"BERCYN_2_BCEBT1","Bear Canyon Energy Storage",509353,2,0.0433712121212121,1.91325757575758
"AVSOLR_2_SOLAR","AV SOLAR RANCH 1",319098,2,0.0434350775193798,1.91312984496124
"ELLIOT_6_ELIBT1","Elliott Energy Storage",212534,2,0.0435416666666666,1.91291666666667
"ROSMDW_2_WIND1","Pacific Wind - Phase 1",421333,2,0.0437401997194025,1.9125196005612
"ROSMDW_2_WIND1","Pacific Wind - Phase 1",514544,2,0.0437401997194025,1.9125196005612
"HIDSRT_2_UNITS","HIGH DESERT POWER PROJECT AGGREGATE",653256,2,0.043976667099961,1.91204666580008
"PALA_6_PGCBT1","Pala Gomez Creek BESS",186392,2,0.044,1.912
"PACLUM_6_UNIT","Humboldt Redwood",637410,2,0.0440909090909091,1.91181818181818
"GARNET_2_WIND4","Windustries",279660,2,0.0441176470588235,1.91176470588235
"RVRVEW_1_UNITA1","Riverview Energy Center (GP Antioch)",840234,2,0.0441176470588236,1.91176470588235
"LMBEPK_2_UNITA3","Goose Haven Energy Center, Unit #1",951689,2,0.0443037974683545,1.91139240506329
"LMBEPK_2_UNITA3","Goose Haven Energy Center, Unit #1",932153,2,0.0443037974683545,1.91139240506329
"LMBEPK_2_UNITA3","Goose Haven Energy Center, Unit #1",156192,2,0.0443037974683545,1.91139240506329
"OMAR_2_UNIT 4","KERN RIVER COGENERATION CO. UNIT 4",663112,2,0.0444444444444445,1.91111111111111
"PNCHEG_2_PL1X4","PANOCHE ENERGY CENTER (Aggregated)",129058,2,0.0445544554455446,1.91089108910891
"INTKEP_2_UNITS","CCSF Hetch_Hetchy Hydro Aggregate",129058,2,0.0445544554455446,1.91089108910891
"JOANEC_2_STABT2","Santa Ana Storage 2",201934,2,0.0447222222222222,1.91055555555556
"ESCNDO_6_EB2BT2","Escondido BESS 2",170224,2,0.0452991452991453,1.90940170940171
"DVLCYN_1_UNITS","DEVIL CANYON HYDRO UNITS 1-4 AGGREGATE",631172,2,0.0454545454545455,1.90909090909091
"CALFTS_2_CFSSR1","California Flats Solar South",964592,2,0.0454545454545455,1.90909090909091
"SPICER_1_UNITS","SPICER HYDRO UNITS 1-3 AGGREGATE",213260,2,0.0454545454545455,1.90909090909091
"SPICER_1_UNITS","SPICER HYDRO UNITS 1-3 AGGREGATE",587533,2,0.0454545454545455,1.90909090909091
"PACLUM_6_UNIT","Humboldt Redwood",171240,2,0.0454545454545455,1.90909090909091
"RVRVEW_1_UNITA1","Riverview Energy Center (GP Antioch)",288377,2,0.0457983193277311,1.90840336134454
"CALFTN_2_SOLAR","California Flats North",867677,2,0.0459239130434782,1.90815217391304
"USWNDR_2_SMUD2","Solano Wind Project Phase 3",164178,2,0.0460634893611108,1.90787302127778
"ELLIOT_6_ELIBT1","Elliott Energy Storage",101363,2,0.0461538461538461,1.90769230769231
"RVRVEW_1_UNITA1","Riverview Energy Center (GP Antioch)",155479,2,0.0462184873949579,1.90756302521008
"TIFFNY_1_DILLON","TIFFNY_1_DILLON",189802,2,0.046500533352988,1.90699893329402
"ETIWND_6_GRPLND","Grapeland Peaker",444308,2,0.0466626865530784,1.90667462689384
"ETIWND_6_GRPLND","Grapeland Peaker",160098,2,0.0466626865530784,1.90667462689384
"USWNDR_2_SMUD","SOLANO WIND FARM",581281,2,0.0466666666666666,1.90666666666667
"RVRVEW_1_UNITA1","Riverview Energy Center (GP Antioch)",418650,2,0.046953781512605,1.90609243697479
"JOANEC_2_STABT2","Santa Ana Storage 2",720443,2,0.0473095238095238,1.90538095238095
"LMBEPK_2_UNITA3","Goose Haven Energy Center, Unit #1",189981,2,0.0474683544303797,1.90506329113924
"LMBEPK_2_UNITA3","Goose Haven Energy Center, Unit #1",942205,2,0.0474683544303797,1.90506329113924
"OGROVE_6_PL1X2","Orange Grove Energy Center",210154,2,0.0475106382978723,1.90497872340426
"COVERD_2_MCKHY1","Montgomery Creek Hydro",133011,2,0.0476190476190479,1.9047619047619
"SISPRG_2_DS3BT2","Daggett Solar 3 b BESS",624752,2,0.0478431372549019,1.9043137254902
"OTMESA_2_PL1X3","OTAY MESA ENERGY CENTER",552587,2,0.0480098558194608,1.90398028836108
"CRSTWD_6_KUMYAY","Kumeyaay Wind Farm",201838,2,0.0480848484848485,1.9038303030303
"RVRVEW_1_UNITA1","Riverview Energy Center (GP Antioch)",259869,2,0.0483193277310924,1.90336134453782
"LMBEPK_2_UNITA3","Goose Haven Energy Center, Unit #1",840234,2,0.0485232067510549,1.90295358649789
"YELPIN_2_YP2BT1","Yellow Pine 2 BESS",237420,2,0.048698845473039,1.90260230905392
"PIT5_7_PL1X2","PIT PH 5 UNITS 1 & 2 AGGREGATE",159511,2,0.048780487804878,1.90243902439024
"STANTN_2_SBEBX2","Stanton Battery Energy Storage",248020,2,0.0492831541218639,1.90143369175627
"NGILAA_5_SDGDYN","NGILAA_5_SDGDYN",264638,2,0.0495555555555555,1.90088888888889
"RVRVEW_1_UNITA1","Riverview Energy Center (GP Antioch)",563035,2,0.0499999999999999,1.9
"CARBOU_7_UNIT 1","CARIBOU PH 1 UNIT 1",160554,2,0.05,1.9
"TRNQLT_2_RETBT1","RE Tranquillity BESS",327142,2,0.05,1.9
"MSHGTS_6_MMARLF","MIRAMAR LANDFILL",173107,1,0,1
"LECONT_2_LESBT1","LeConte Energy Storage",525442,1,0,1
"CHWCHL_1_UNIT","CHOW 2 PEAKER PLANT",142447,1,0,1
"CHWCHL_1_UNIT","CHOW 2 PEAKER PLANT",794449,1,0,1
"CHWCHL_1_UNIT","CHOW 2 PEAKER PLANT",146423,1,0,1
"INTMNT_3_PASADENA","Intermountain Power Project",146716,1,0,1
"ALAMIT_7_ES1","Alamitos Energy Storage",199925,1,0,1
"JOANEC_2_STABT2","Santa Ana Storage 2",811134,1,0,1
"GEYS14_7_UNIT14","GEYSERS UNIT 14 (HEALDSBURG)",152419,1,0,1
"FMEADO_7_UNIT","FRENCH MEADOWS HYDRO",164152,1,0,1
"CHILLS_1_SYCENG","Sycamore Energy 1",100833,1,0,1
"CHILLS_1_SYCENG","Sycamore Energy 1",551256,1,0,1
"CHILLS_1_SYCENG","Sycamore Energy 1",202158,1,0,1
"HIGHDS_2_H5SSR1","High 5 Solar",131041,1,0,1
"ALTA3A_2_CPCE4","Alta Wind 4",952550,1,0,1
"BLVRDE_6_BLVBT1","Boulevard Energy Storage",347450,1,0,1
"ALAMIT_7_ES1","Alamitos Energy Storage",704863,1,0,1
"ALAMIT_7_ES1","Alamitos Energy Storage",410177,1,0,1
"ALAMIT_7_ES1","Alamitos Energy Storage",919446,1,0,1
"ALAMIT_7_ES1","Alamitos Energy Storage",852414,1,0,1
"ALAMIT_7_ES1","Alamitos Energy Storage",779582,1,0,1
"ALAMIT_7_ES1","Alamitos Energy Storage",950515,1,0,1
"ALAMIT_7_ES1","Alamitos Energy Storage",742329,1,0,1
"ALAMIT_7_ES1","Alamitos Energy Storage",938106,1,0,1
"ASTORA_2_SOLAR1","Astoria 1",952550,1,0,1
"PARDEB_6_UNITS","Pardee Power House",583036,1,0,1
"PARDSE_6_PESBT1","Paradise Energy Storage",143302,1,0,1
"PARDSE_6_PESBT1","Paradise Energy Storage",193527,1,0,1
"PARDSE_6_PESBT1","Paradise Energy Storage",385155,1,0,1
"USWNDR_2_LABWD1","LaBrisa Wind Project",838066,1,0,1
"USWNDR_2_LABWD1","LaBrisa Wind Project",566998,1,0,1
"HIGGNS_1_COMBIE","Combie South",230540,1,0,1
"HIGGNS_1_COMBIE","Combie South",188981,1,0,1
"TRNQLT_2_RETBT1","RE Tranquillity BESS",155960,1,0,1
"TRNQLT_2_RETBT1","RE Tranquillity BESS",900843,1,0,1
"CONTRL_1_LUNDY","LUNDY",798816,1,0,1
"OMAR_2_UNIT 3","KERN RIVER COGENERATION CO. UNIT 3",182568,1,0,1
"OMAR_2_UNIT 3","KERN RIVER COGENERATION CO. UNIT 3",882763,1,0,1
"OMAR_2_UNIT 3","KERN RIVER COGENERATION CO. UNIT 3",962064,1,0,1
"OMAR_2_UNIT 3","KERN RIVER COGENERATION CO. UNIT 3",184942,1,0,1
"OMAR_2_UNIT 3","KERN RIVER COGENERATION CO. UNIT 3",742355,1,0,1
"OMAR_2_UNIT 4","KERN RIVER COGENERATION CO. UNIT 4",882763,1,0,1
"OMAR_2_UNIT 4","KERN RIVER COGENERATION CO. UNIT 4",184942,1,0,1
"OMAR_2_UNIT 4","KERN RIVER COGENERATION CO. UNIT 4",742355,1,0,1
"ADERA_1_SOLAR1","Adera Solar",181841,1,0,1
"ADERA_1_SOLAR1","Adera Solar",515655,1,0,1
"OMAR_2_UNIT 1","KERN RIVER COGENERATION CO. UNIT 1",182568,1,0,1
"OMAR_2_UNIT 1","KERN RIVER COGENERATION CO. UNIT 1",882763,1,0,1
"OMAR_2_UNIT 1","KERN RIVER COGENERATION CO. UNIT 1",962064,1,0,1
"OMAR_2_UNIT 1","KERN RIVER COGENERATION CO. UNIT 1",184942,1,0,1
"OMAR_2_UNIT 1","KERN RIVER COGENERATION CO. UNIT 1",742355,1,0,1
"OMAR_2_UNIT 2","KERN RIVER COGENERATION CO. UNIT 2",182568,1,0,1
"OMAR_2_UNIT 2","KERN RIVER COGENERATION CO. UNIT 2",882763,1,0,1
"OMAR_2_UNIT 2","KERN RIVER COGENERATION CO. UNIT 2",962064,1,0,1
"OMAR_2_UNIT 2","KERN RIVER COGENERATION CO. UNIT 2",184942,1,0,1
"OMAR_2_UNIT 2","KERN RIVER COGENERATION CO. UNIT 2",742355,1,0,1
"PIT5_7_PL1X2","PIT PH 5 UNITS 1 & 2 AGGREGATE",226151,1,0,1
"ARKANS_1_ARKSLR","SG Arkansas",165788,1,0,1
"ARKANS_1_ARKSLR","SG Arkansas",852416,1,0,1
"ARKANS_1_ARKSLR","SG Arkansas",158082,1,0,1
"ARKANS_1_ARKSLR","SG Arkansas",915712,1,0,1
"OCOTLO_6_OCWSB1","Ocotillo Wells Solar and BESS",915712,1,0,1
"SNORA_2_SNRSLR","SG Sorrento",165788,1,0,1
"SNORA_2_SNRSLR","SG Sorrento",852416,1,0,1
"SNORA_2_SNRSLR","SG Sorrento",158082,1,0,1
"SNORA_2_SNRSLR","SG Sorrento",915712,1,0,1
"TITANS_2_TTSSR1","Titan Solar 1 Pseudo",116825,1,0,1
"ARBWD_6_QF","Wind Resource II",261853,1,0,1
"CARBOU_7_PL4X5","CARIBOU PH 2 UNIT 4 & 5 AGGREGATE",555202,1,0,1
"ELLIOT_6_ELIBT1","Elliott Energy Storage",997924,1,0,1
"DRUM_7_PL1X2","Drum PH 1 Units 1 & 2 Aggregate",171240,1,0,1
"LEBECS_2_UNITS","Pastoria Energy Facility",166600,1,0,1
"FALBRK_6_FESBT1","Fallbrook Energy Storage",133829,1,0,1
"CRSTWD_6_KUMYAY","Kumeyaay Wind Farm",915712,1,0,1
"OGROVE_6_PL1X2","Orange Grove Energy Center",837024,1,0,1
"IVANPA_1_UNIT3","Ivanpah 3",105465,1,0,1
"JOANEC_2_STABT2","Santa Ana Storage 2",978123,1,0,1
"GASKW1_2_GW3SR1","Gaskell West 3",129654,1,0,1
"PEORIA_1_SOLAR","Sonora 1",752674,1,0,1
"PEORIA_1_SOLAR","Sonora 1",857306,1,0,1
"PEORIA_1_SOLAR","Sonora 1",143485,1,0,1
"PEORIA_1_SOLAR","Sonora 1",695558,1,0,1
"ESCNDO_6_EB3BT3","Escondido BESS 3",135714,1,0,1
"PALA_6_PGCBT1","Pala Gomez Creek BESS",196445,1,0,1
"ESCNDO_6_EB2BT2","Escondido BESS 2",643213,1,0,1
"CLINESCO_3_PVDYN","CLINES CORNERS",476474,1,0,1
"GARNET_2_WIND5","Eastwind",830057,1,0,1
"GLNARM_7_UNIT 2","GLEN ARM UNIT 2",644274,1,0,1
"GLNARM_7_UNIT 2","GLEN ARM UNIT 2",804741,1,0,1
"GLNARM_7_UNIT 2","GLEN ARM UNIT 2",903445,1,0,1
"SYCAMR_2_UNIT 3","Sycamore Cogeneration Unit 3",113373,1,0,1
"SYCAMR_2_UNIT 3","Sycamore Cogeneration Unit 3",113402,1,0,1
"SYCAMR_2_UNIT 3","Sycamore Cogeneration Unit 3",234172,1,0,1
"SYCAMR_2_UNIT 4","Sycamore Cogeneration Unit 4",113373,1,0,1
"SYCAMR_2_UNIT 4","Sycamore Cogeneration Unit 4",113402,1,0,1
"SYCAMR_2_UNIT 4","Sycamore Cogeneration Unit 4",234172,1,0,1
"CHEVMN_2_UNITS","CHEVRON U.S.A. UNITS 1 & 2 AGGREGATE",105465,1,0,1
"WALNUT_6_HILLGEN","Puente Hills",111869,1,0,1
"MIDWD_2_WIND2","Coram Energy",133011,1,0,1
"POLRIS_2_ASRSR1","Antelope Solar 2 Raceway",932856,1,0,1
"COCOPP_2_CTG3","Marsh Landing 3",639090,1,0,1
"COCOPP_2_CTG3","Marsh Landing 3",173802,1,0,1
"GARNET_1_WIND","GARNET WIND ENERGY CENTER",185344,1,0,1
"YUBACT_1_SUNSWT","YUBA CITY COGEN",839931,1,0,1
"YUBACT_6_UNITA1","Yuba City Energy Center (Calpine)",444308,1,0,1
"YUBACT_6_UNITA1","Yuba City Energy Center (Calpine)",208042,1,0,1
"YUBACT_6_UNITA1","Yuba City Energy Center (Calpine)",707240,1,0,1
"YUBACT_6_UNITA1","Yuba City Energy Center (Calpine)",133683,1,0,1
"COWCRK_2_UNIT","Cow Creek Hydro",823452,1,0,1
"SPBURN_7_SNOWMT","Burney Creek Hydro",163107,1,0,1
"MIDWYS_2_MIDSL1","Midway Solar Farm",729047,1,0,1
"CARBOU_7_UNIT 1","CARIBOU PH 1 UNIT 1",844001,1,0,1
"KRAMER_1_R1PX3","Resurgence 1 PV",142584,1,0,1
"KRAMER_1_R1PX3","Resurgence 1 PV",140162,1,0,1
"KRAMER_1_R1PX3","Resurgence 1 PV",883285,1,0,1
"KRAMER_1_R1PX3","Resurgence 1 PV",196140,1,0,1
"SYCAMR_2_UNIT 2","Sycamore Cogeneration Unit 2",141180,1,0,1
"SYCAMR_2_UNIT 2","Sycamore Cogeneration Unit 2",787026,1,0,1
"SYCAMR_2_UNIT 2","Sycamore Cogeneration Unit 2",140315,1,0,1
"SYCAMR_2_UNIT 2","Sycamore Cogeneration Unit 2",129089,1,0,1
"MCFLND_5_MFSSR1","McFarland Solar A PV",784426,1,0,1
"ALMASL_2_AL6BT6","Almasol 6 BES",119063,1,0,1
"INDIGO_1_UNIT 1","INDIGO PEAKER UNIT 1",444308,1,0,1
"INDIGO_1_UNIT 2","INDIGO PEAKER UNIT 2",444308,1,0,1
"MNDALY_6_MCGRTH","McGrath Beach Peaker",480008,1,0,1
"BLAST_1_WIND","Mountain View IV Wind",111621,1,0,1
"BLAST_1_WIND","Mountain View IV Wind",241464,1,0,1
"BLAST_1_WIND","Mountain View IV Wind",258757,1,0,1
"BLAST_1_WIND","Mountain View IV Wind",912055,1,0,1
"ADLIN_1_UNITS","GEYSERS AIDLIN AGGREGATE",150919,1,0,1
"ESCNDO_6_EB1BT1","Escondido BESS 1",967390,1,0,1
"GEYS13_7_UNIT13","GEYSERS UNIT 13 (HEALDSBURG)",159511,1,0,1
"GEYS18_7_UNIT18","GEYSERS UNIT 18 (HEALDSBURG)",159511,1,0,1
"SANTFG_7_UNITS","GEYSERS CALISTOGA AGGREGATE",152419,1,0,1
"KERNRG_1_UNITS","South Belridge Cogen Facility",179047,1,0,1
"KERNRG_1_UNITS","South Belridge Cogen Facility",744292,1,0,1
"KERNRG_1_UNITS","South Belridge Cogen Facility",134222,1,0,1
"DELAMO_2_ALASB2","Los Alamitos 2",385155,1,0,1
"WHTWTR_1_WINDA1","Whitewater Hill Wind Project",288336,1,0,1
"BUCKWD_1_QF","Buckwind Re-powering project",301986,1,0,1
"ESCNDO_6_EB1BT1","Escondido BESS 1",196445,1,0,1
"MAGNLA_6_CERRITOS","Magnolia Power Plant Cerritos",148307,1,0,1
"ELCAJN_6_LM6K","El Cajon Energy Center",142447,1,0,1
"ELCAJN_6_LM6K","El Cajon Energy Center",146423,1,0,1
"ELCAJN_6_LM6K","El Cajon Energy Center",480008,1,0,1
"CONTRL_1_RUSHCK","RUSH CREEK",691663,1,1.48029736616688e-16,1
"DRUM_7_PL3X4","Drum PH 1 Units 3 & 4 Aggregate",198465,1,1.11022302462516e-16,1
"GARNET_2_COAWD2","Coachella 2",370894,1,1.66014657887874e-16,1
"WISHON_6_UNITS","Wishon/San Joaquin  #1-A AGGREGATE",207693,1,1.97372982155583e-16,1
"SLATE_2_SLASR3","SLATE_3",155211,1,5.11569953065299e-13,0.999999999999488
"MARVEL_2_MARBX2","Marvel",122696,1,5.88754783633755e-05,0.999941124521637
"RUSCTY_2_UNITS","Russell City Energy Center",114630,1,8.37520938022689e-05,0.999916247906198
"SYCAMR_2_UNIT 2","Sycamore Cogeneration Unit 2",529747,1,0.000135135135135204,0.999864864864865
"HIGHDS_2_H5SSR1","High 5 Solar",102982,1,0.000166666666666634,0.999833333333333
"PIT7_7_UNIT 1","PIT PH 7 UNIT 1",152595,1,0.000179565451607075,0.999820434548393
"PIT4_7_PL1X2","PIT PH 4 UNITS 1 & 2 AGGREGATE",117370,1,0.000192307692307654,0.999807692307692
"NGILAA_5_SDGDYN","NGILAA_5_SDGDYN",111869,1,0.000263088660878851,0.999736911339121
"PIT4_7_PL1X2","PIT PH 4 UNITS 1 & 2 AGGREGATE",187185,1,0.000270270270270216,0.99972972972973
"DRACKR_2_DSUBT2","Dracker Solar Unit 2 BESS",118485,1,0.000315457413249261,0.999684542586751
"PALOMR_2_PL1X3","Palomar Energy Center",588184,1,0.000357142857142919,0.999642857142857
"WALCRK_2_CTG3","Walnut Creek Energy Park Unit 3",849325,1,0.000375000000000014,0.999625
"CRSTWD_6_KUMYAY","Kumeyaay Wind Farm",141208,1,0.000400000000000063,0.9996
"KERNRG_1_UNITS","South Belridge Cogen Facility",563035,1,0.000400000000000063,0.9996
"CALFTN_2_SOLAR","California Flats North",914978,1,0.000543478260869534,0.99945652173913
"JOANEC_2_STABT2","Santa Ana Storage 2",201525,1,0.000624999999999987,0.999375
"ASTORA_2_SOLAR1","Astoria 1",581281,1,0.000625000000000024,0.999375
"GLNARM_7_UNIT 1","GLEN ARM UNIT 1",211349,1,0.000666666666666652,0.999333333333333
"ARBWD_6_QF","Wind Resource II",811134,1,0.000769822940723754,0.999230177059276
"MCFLND_5_MFSSR1","McFarland Solar A PV",477057,1,0.000789473684210556,0.99921052631579
"WESCAN_2_BDSBT1","Bateria Del Sur",145233,1,0.000800640512409882,0.99919935948759
"WESCAN_2_BDSBT1","Bateria Del Sur",166745,1,0.000800640512409882,0.99919935948759
"CHWCHL_1_UNIT","CHOW 2 PEAKER PLANT",154612,1,0.000833333333333316,0.999166666666667
"CHWCHL_1_UNIT","CHOW 2 PEAKER PLANT",990961,1,0.000833333333333316,0.999166666666667
"ELCAJN_6_LM6K","El Cajon Energy Center",154612,1,0.000833333333333316,0.999166666666667
"ELCAJN_6_LM6K","El Cajon Energy Center",990961,1,0.000833333333333316,0.999166666666667
"GEYS18_7_UNIT18","GEYSERS UNIT 18 (HEALDSBURG)",671897,1,0.00085714285714289,0.999142857142857
"SALTSP_7_UNITS","SALT SPRINGS HYDRO AGGREGATE",353349,1,0.000882352941176504,0.999117647058823
"NORCNV_1_NCVBT1","North Central Valley",166745,1,0.000931019889970372,0.99906898011003
"ASTORA_2_SOLAR1","Astoria 1",834563,1,0.000937500000000036,0.9990625
"WRGTSR_2_WSFSR1","Wright Solar Freeman",341230,1,0.000973451327433623,0.999026548672566
"ALAMIT_7_ES1","Alamitos Energy Storage",699344,1,0.000999999999999943,0.999
"ALAMIT_7_ES1","Alamitos Energy Storage",820471,1,0.000999999999999943,0.999
"ALAMIT_7_ES1","Alamitos Energy Storage",495058,1,0.000999999999999943,0.999
"ALAMIT_7_ES1","Alamitos Energy Storage",188521,1,0.000999999999999943,0.999
"ALAMIT_7_ES1","Alamitos Energy Storage",125988,1,0.000999999999999943,0.999
"GRADYW_5_GDYWD1","Grady Wind",477057,1,0.00101010101010095,0.998989898989899
"WALCRK_2_CTG1","Walnut Creek Energy Park Unit 1",146716,1,0.00104058272632654,0.998959417273673
"YUBACT_1_SUNSWT","YUBA CITY COGEN",161142,1,0.00108695652173907,0.998913043478261
"MNDALY_6_MCGRTH","McGrath Beach Peaker",161142,1,0.00108695652173907,0.998913043478261
"GYS7X8_7_UNITS","GEYSERS UNITS 7 & 8 AGGREGATE",360176,1,0.00115131578947369,0.998848684210526
"TITANS_2_TTSSR1","Titan Solar 1 Pseudo",529747,1,0.00124999999999993,0.99875
"CHEVMN_2_UNITS","CHEVRON U.S.A. UNITS 1 & 2 AGGREGATE",993410,1,0.00125000000000005,0.99875
"SLATE_2_SLASR2","SLATE_2",173313,1,0.00134099616858238,0.998659003831418
"CHESTN_2_CHWBX2","Chestnut Westside BESS",143349,1,0.00141414141414142,0.998585858585859
"ELLIOT_6_ELIBT1","Elliott Energy Storage",401817,1,0.0014285714285714,0.998571428571429
"MORWD_6_QF","Morwind",134471,1,0.00146842878120403,0.998531571218796
"MORWD_6_QF","Morwind",723238,1,0.00146842878120403,0.998531571218796
"YUBACT_1_SUNSWT","YUBA CITY COGEN",114138,1,0.00152173913043479,0.998478260869565
"ALTA3A_2_CPCE4","Alta Wind 4",261385,1,0.00156250000000006,0.9984375
"IVANPA_1_UNIT1","Ivanpah 1",123202,1,0.00162337662337665,0.998376623376623
"CHWCHL_1_UNIT","CHOW 2 PEAKER PLANT",928918,1,0.00166666666666663,0.998333333333333
"ELCAJN_6_LM6K","El Cajon Energy Center",928918,1,0.00166666666666663,0.998333333333333
"BOGUE_1_UNITA1","Feather River Energy Center, Unit #1",116743,1,0.00168847615027434,0.998311523849726
"STANIS_7_UNIT 1","STANISLAUS HYDRO",202220,1,0.00171428571428578,0.998285714285714
"LMEC_1_PL1X3","Los Medanos Energy Center AGGREGATE",445404,1,0.00172711571675302,0.998272884283247
"NCPA_7_GP2UN4","NCPA GEO PLANT 2 UNIT 4",123566,1,0.0017307692307693,0.998269230769231
"LTBERA_1_LB1SR1","Little Bear Solar 1",154867,1,0.00181441161223433,0.998185588387766
"KELSO_2_UNITS","Mariposa Energy",358008,1,0.00181488203266788,0.998185117967332
"HIGHDS_2_H5SSR1","High 5 Solar",182435,1,0.0019883351007422,0.998011664899258
"KERNRG_1_UNITS","South Belridge Cogen Facility",259869,1,0.00200000000000003,0.998
"OMAR_2_UNIT 1","KERN RIVER COGENERATION CO. UNIT 1",233468,1,0.00205479452054802,0.997945205479452
"OMAR_2_UNIT 2","KERN RIVER COGENERATION CO. UNIT 2",233468,1,0.00205479452054802,0.997945205479452
"MTWIND_1_MVPWD1","Mountain View Power Project I Repower",172299,1,0.00206883580966696,0.997931164190333
"CHWCHL_1_UNIT","CHOW 2 PEAKER PLANT",208876,1,0.00208333333333336,0.997916666666667
"ALTA3A_2_CPCE4","Alta Wind 4",345462,1,0.00208333333333336,0.997916666666667
"ASTORA_2_SOLAR1","Astoria 1",345462,1,0.00208333333333336,0.997916666666667
"ELCAJN_6_LM6K","El Cajon Energy Center",208876,1,0.00208333333333336,0.997916666666667
"ALAMIT_7_ES1","Alamitos Energy Storage",113665,1,0.00213333333333329,0.997866666666667
"STANTN_2_SBEBX2","Stanton Battery Energy Storage",529747,1,0.00215053763440856,0.997849462365591
"YUBACT_1_SUNSWT","YUBA CITY COGEN",628885,1,0.00217391304347829,0.997826086956522
"JOANEC_2_STABT2","Santa Ana Storage 2",941027,1,0.00222222222222217,0.997777777777778
"OBERON_5_O2BBX2","Oberon 2 BESS",112563,1,0.00225806451612896,0.997741935483871
"USWNDR_2_SMUD2","Solano Wind Project Phase 3",418791,1,0.00231053604436242,0.997689463955638
"RVRVEW_1_UNITA1","Riverview Energy Center (GP Antioch)",141208,1,0.00231092436974789,0.997689075630252
"SYCAMR_2_UNIT 1","Sycamore Cogeneration Unit 1",954013,1,0.00232876712328769,0.997671232876712
"INDIGO_1_UNIT 3","INDIGO PEAKER UNIT 3",165788,1,0.00237529691211388,0.997624703087886
"GEYS12_7_UNIT12","GEYSERS UNIT 12 (HEALDSBURG)",133547,1,0.00243902439024394,0.997560975609756
"BUCKCK_7_PL1X2","BUCKS CREEK AGGREGATE",982044,1,0.00249376558603495,0.997506234413965
"RCKCRK_7_UNIT 2","ROCK CREEK HYDRO UNIT 2",577464,1,0.00253016738030353,0.997469832619696
"BOGUE_1_UNITA1","Feather River Energy Center, Unit #1",912055,1,0.00253271422541166,0.997467285774588
"ARCOGN_2_UNITS","WATSON COGENERATION",532921,1,0.00263414634146338,0.997365853658537
"LECONT_2_LESBT1","LeConte Energy Storage",194654,1,0.00265486725663714,0.997345132743363
"GEYS12_7_UNIT12","GEYSERS UNIT 12 (HEALDSBURG)",208011,1,0.00268292682926828,0.997317073170732
"TRNQLT_2_SOLAR","Tranquillity",856960,1,0.00269444943416572,0.997305550565834
"HAASPH_7_PL1X2","HAAS PH UNIT 1 & 2 AGGREGATE",780584,1,0.00277777777777782,0.997222222222222
"ESCNDO_6_EB3BT3","Escondido BESS 3",212534,1,0.00277777777777784,0.997222222222222
"OILFLD_7_QFUNTS","Nacimiento Hydroelectric Plant",176712,1,0.00284900284900279,0.997150997150997
"OILFLD_7_QFUNTS","Nacimiento Hydroelectric Plant",124129,1,0.00284900284900279,0.997150997150997
"OILFLD_7_QFUNTS","Nacimiento Hydroelectric Plant",410482,1,0.00284900284900279,0.997150997150997
"IVANPA_1_UNIT3","Ivanpah 3",164178,1,0.00286956521739129,0.997130434782609
"NORCNV_1_NCVBT1","North Central Valley",170663,1,0.00287769784172653,0.997122302158273
"ROMOLA_5_MPBBT1","Menifee Power Bank",492855,1,0.00297029702970294,0.997029702970297
"WOLFSK_1_UNITA1","Wolfskill Energy Center",973878,1,0.00298507462686568,0.997014925373134
"CANTUA_1_SOLAR","Cantua Solar Station",204031,1,0.00299999999999994,0.997
"CHESTN_2_CHWBX2","Chestnut Westside BESS",166745,1,0.003030303030303,0.996969696969697
"OXBOW_6_DRUM","OXBOW HYDRO",200351,1,0.00333333333333326,0.996666666666667
"SPICER_1_UNITS","SPICER HYDRO UNITS 1-3 AGGREGATE",200351,1,0.00333333333333326,0.996666666666667
"PALOMR_2_PL1X3","Palomar Energy Center",172074,1,0.00340136054421769,0.996598639455782
"BLAST_1_WIND","Mountain View IV Wind",713009,1,0.00340425531914886,0.996595744680851
"INDIGO_1_UNIT 3","INDIGO PEAKER UNIT 3",509923,1,0.00342105263157901,0.996578947368421
"CHESTN_2_CHWBX2","Chestnut Westside BESS",867677,1,0.00343434343434347,0.996565656565657
"AGUCAL_5_SOLAR1","Agua Caliente Solar",475261,1,0.00344827586206901,0.996551724137931
"RVRVEW_1_UNITA1","Riverview Energy Center (GP Antioch)",120783,1,0.00357142857142861,0.996428571428571
"STANTN_2_SBEBX2","Stanton Battery Energy Storage",428176,1,0.00358422939068105,0.996415770609319
"TRNQLT_2_RETBT1","RE Tranquillity BESS",882600,1,0.00371428571428579,0.996285714285714
"GATEWY_2_GESBT1","Gateway Energy Storage",178320,1,0.00371681415929205,0.996283185840708
"DRUM_7_PL3X4","Drum PH 1 Units 3 & 4 Aggregate",285521,1,0.00371747211895916,0.996282527881041
"JOANEC_2_ST3BT3","Santa Ana Storage 3",719983,1,0.00375000000000003,0.99625
"MSTANG_2_SOLAR4","Mustang 4",851690,1,0.00380228136882121,0.996197718631179
"BLAST_1_WIND","Mountain View IV Wind",528875,1,0.00382978723404255,0.996170212765957
"ARBWD_6_QF","Wind Resource II",181364,1,0.00383141762452099,0.996168582375479
"WISHON_6_UNITS","Wishon/San Joaquin  #1-A AGGREGATE",206092,1,0.0038888888888889,0.996111111111111
"NORCNV_1_NCVBT1","North Central Valley",170587,1,0.00389335590351255,0.996106644096487
"CHWCHL_1_UNIT","CHOW 2 PEAKER PLANT",201838,1,0.00395833333333329,0.996041666666667
"BURNYF_2_UNIT 1","Burney Forest Power",654478,1,0.00397526501766784,0.996024734982332
"BGSKYN_2_ASPSR2","Antelope Solar 2 San Pablo",210154,1,0.00399999999999992,0.996
"COGNAT_1_UNIT","Stockton Biomas",353349,1,0.00399999999999992,0.996
"ALAMIT_7_ES1","Alamitos Energy Storage",932206,1,0.00400000000000006,0.996
"ALAMIT_7_ES1","Alamitos Energy Storage",532320,1,0.00400000000000006,0.996
"KERNRG_1_UNITS","South Belridge Cogen Facility",155479,1,0.00400000000000006,0.996
"BOGUE_1_UNITA1","Feather River Energy Center, Unit #1",528875,1,0.00422119037568585,0.995778809624314
"GUERNS_6_SOLAR","Guernsey Solar Station",379813,1,0.00424242424242426,0.995757575757576
"HAASPH_7_PL1X2","HAAS PH UNIT 1 & 2 AGGREGATE",871297,1,0.00430555555555559,0.995694444444444
"YUBACT_1_SUNSWT","YUBA CITY COGEN",200325,1,0.00434782608695658,0.995652173913043
"YUBACT_1_SUNSWT","YUBA CITY COGEN",130812,1,0.00434782608695658,0.995652173913043
"MNDALY_6_MCGRTH","McGrath Beach Peaker",130812,1,0.00434782608695658,0.995652173913043
"CHEVMN_2_UNITS","CHEVRON U.S.A. UNITS 1 & 2 AGGREGATE",867677,1,0.00437500000000002,0.995625
"WESCAN_2_BDSBT1","Bateria Del Sur",458056,1,0.0044035228182547,0.995596477181745
"NCPA_7_GP2UN4","NCPA GEO PLANT 2 UNIT 4",774713,1,0.00442307692307686,0.995576923076923
"GATEWY_2_GESBT1","Gateway Energy Storage",394840,1,0.00442477876106195,0.995575221238938
"DRACKR_2_DSUBT2","Dracker Solar Unit 2 BESS",257158,1,0.0044345898004434,0.995565410199557
"OXMTN_6_LNDFIL","Ox Mountain Landfill Generating Plant",205771,1,0.00444444444444435,0.995555555555556
"MAGNLA_6_CERRITOS","Magnolia Power Plant Cerritos",213734,1,0.00444444444444435,0.995555555555556
"STANTN_2_STAGT1","Stanton 1",939948,1,0.00449999999999999,0.9955
"ADLIN_1_UNITS","GEYSERS AIDLIN AGGREGATE",731498,1,0.00454545454545461,0.995454545454545
"PIT5_7_PL1X2","PIT PH 5 UNITS 1 & 2 AGGREGATE",671897,1,0.00463414634146336,0.995365853658537
"BOGUE_1_UNITA1","Feather River Energy Center, Unit #1",713009,1,0.00464330941325451,0.995356690586745
"BOGUE_1_UNITA1","Feather River Energy Center, Unit #1",376200,1,0.00464330941325466,0.995356690586745
"GASKW1_2_GW3SR1","Gaskell West 3",153613,1,0.00466666666666669,0.995333333333333
"GASKW1_2_GW4SR1","Gaskell West 4",153613,1,0.00466666666666669,0.995333333333333
"GASKW1_2_GW5SR1","Gaskell West 5",153613,1,0.00466666666666669,0.995333333333333
"GLNARM_7_UNIT 1","GLEN ARM UNIT 1",202531,1,0.00466666666666669,0.995333333333333
"GASKW1_2_GW1SR1","Gaskell West 1",201934,1,0.00467289719626158,0.995327102803738
"ROSMDW_2_WIND1","Pacific Wind - Phase 1",205413,1,0.00473684210526321,0.995263157894737
"INTMNT_3_RIVERSIDE","IPPDYN",143349,1,0.00477611940298497,0.995223880597015
"PIT5_7_PL1X2","PIT PH 5 UNITS 1 & 2 AGGREGATE",529747,1,0.00487804878048787,0.995121951219512
"ARCOGN_2_UNITS","WATSON COGENERATION",135963,1,0.00490476190476191,0.995095238095238
"MSOLAR_2_SOLAR1","Mesquite Solar 1",856960,1,0.0049838187702266,0.995016181229773
"OAK C_7_UNIT 1","OAKLAND STATION C GT UNIT 1",973878,1,0.00500000000000002,0.995
"PARDEB_6_UNITS","Pardee Power House",823532,1,0.00500000000000007,0.995
"GLNARM_7_UNIT 4","GLEN ARM UNIT 4",509923,1,0.00502958579881662,0.994970414201183
"SPAULD_6_UNIT12","SPAULDING HYDRO PH 1 & 2 AGGREGATE",151598,1,0.00508474576271191,0.994915254237288
"PALOMR_2_PL1X3","Palomar Energy Center",304325,1,0.00510204081632653,0.994897959183674
"USWNDR_2_SMUD","SOLANO WIND FARM",905955,1,0.00517241379310348,0.994827586206896
"MSOLAR_2_SOLAR1","Mesquite Solar 1",135669,1,0.00517799352750816,0.994822006472492
"CHWCHL_1_UNIT","CHOW 2 PEAKER PLANT",517145,1,0.00520833333333333,0.994791666666667
"ELCAJN_6_LM6K","El Cajon Energy Center",517145,1,0.00520833333333333,0.994791666666667
"RTREE_2_WIND2","Rising Tree 2",102291,1,0.00526315789473708,0.994736842105263
"GENESI_2_STG","Genesis Station",289323,1,0.00527999999999997,0.99472
"ALAMIT_7_ES1","Alamitos Energy Storage",204700,1,0.00533333333333341,0.994666666666667
"SYCAMR_2_UNIT 1","Sycamore Cogeneration Unit 1",233468,1,0.00534246575342466,0.994657534246575
"ADERA_1_SOLAR1","Adera Solar",180334,1,0.00540540540540548,0.994594594594595
"SPICER_1_UNITS","SPICER HYDRO UNITS 1-3 AGGREGATE",202450,1,0.0054545454545455,0.994545454545455
"BEKWJS_5_BV1SCEDYN","Broadview 1",112563,1,0.00545454545454552,0.994545454545455
"CRSTWD_6_KUMYAY","Kumeyaay Wind Farm",104155,1,0.00545454545454545,0.994545454545455
"WISHON_6_UNITS","Wishon/San Joaquin  #1-A AGGREGATE",105623,1,0.00555555555555544,0.994444444444445
"JOANEC_2_STABT2","Santa Ana Storage 2",159086,1,0.00555555555555563,0.994444444444444
"WISHON_6_UNITS","Wishon/San Joaquin  #1-A AGGREGATE",142476,1,0.00555555555555563,0.994444444444444
"CRIMSN_2_CRMBT2","Crimson 2",914978,1,0.00569999999999993,0.9943
"USWNDR_2_SMUD2","Solano Wind Project Phase 3",181027,1,0.00574712643678155,0.994252873563218
"YELPIN_2_YP2BT1","Yellow Pine 2 BESS",302804,1,0.00574712643678276,0.994252873563217
"NCPA_7_GP2UN4","NCPA GEO PLANT 2 UNIT 4",594888,1,0.00576923076923071,0.994230769230769
"OCOTLO_6_OCWSB1","Ocotillo Wells Solar and BESS",764895,1,0.00576923076923082,0.994230769230769
"CLINESCO_3_PVDYN","CLINES CORNERS",112563,1,0.00579831932773107,0.994201680672269
"CRSTWD_6_KUMYAY","Kumeyaay Wind Farm",893185,1,0.00580645161290322,0.994193548387097
"CHWCHL_1_UNIT","CHOW 2 PEAKER PLANT",702721,1,0.00583333333333336,0.994166666666667
"ELCAJN_6_LM6K","El Cajon Energy Center",702721,1,0.00583333333333336,0.994166666666667
"GLNARM_7_UNIT 3","GLEN ARM UNIT 3",480008,1,0.00591715976331369,0.994082840236686
"GLNARM_7_UNIT 3","GLEN ARM UNIT 3",444308,1,0.00591715976331369,0.994082840236686
"ADERA_1_SOLAR1","Adera Solar",318539,1,0.00594594594594592,0.994054054054054
"BARRE_6_PEAKER","Barre Peaker",148758,1,0.0059553349875931,0.994044665012407
"INTMNT_3_RIVERSIDE","IPPDYN",170587,1,0.00597014925373143,0.994029850746269
"KERNRG_1_UNITS","South Belridge Cogen Facility",840234,1,0.00599999999999994,0.994
"KERNRG_1_UNITS","South Belridge Cogen Facility",418650,1,0.00599999999999994,0.994
"CONTRL_1_POOLE","POOLE HYDRO PLANT 1",209945,1,0.00603015075376889,0.993969849246231
"GARNET_1_WT3WND","Wagner Wind",185344,1,0.00603621730382299,0.993963782696177
"VSTAES_6_VESBT1","Vista Energy Storage",180457,1,0.00605263157894729,0.993947368421053
"GUERNS_6_SOLAR","Guernsey Solar Station",168751,1,0.00606060606060615,0.993939393939394
"DREWS_6_PL1X4","Drews Generating Plant",154578,1,0.00607476635514031,0.99392523364486
"CRIMSN_2_CRMBT2","Crimson 2",456702,1,0.00609999999999999,0.9939
"WALCRK_2_CTG2","Walnut Creek Energy Park Unit 2",146716,1,0.00621118012422354,0.993788819875776
"WALCRK_2_CTG5","Walnut Creek Energy Park Unit 5",146716,1,0.00621118012422369,0.993788819875776
"CLINESCO_3_PVDYN","CLINES CORNERS",143349,1,0.00621848739495794,0.993781512605042
"CHWCHL_1_UNIT","CHOW 2 PEAKER PLANT",167586,1,0.00624999999999994,0.99375
"CHWCHL_1_UNIT","CHOW 2 PEAKER PLANT",426166,1,0.00624999999999994,0.99375
"SPICER_1_UNITS","SPICER HYDRO UNITS 1-3 AGGREGATE",181860,1,0.00625,0.99375
"ELCAJN_6_LM6K","El Cajon Energy Center",167586,1,0.00624999999999994,0.99375
"ELCAJN_6_LM6K","El Cajon Energy Center",426166,1,0.00624999999999994,0.99375
"TULLCK_7_UNITS","Tullock Hydro",171240,1,0.00628930817610072,0.993710691823899
"ELECTR_7_PL1X3","ELECTRA PH UNIT 1 & 2 AGGREGATE",210154,1,0.00629032258064517,0.993709677419355
"ALTA3A_2_CPCE4","Alta Wind 4",345990,1,0.00635416666666666,0.993645833333333
"ASTORA_2_SOLAR1","Astoria 1",345990,1,0.00635416666666666,0.993645833333333
"ADLIN_1_UNITS","GEYSERS AIDLIN AGGREGATE",201525,1,0.00636363636363639,0.993636363636364
"BLAST_1_WIND","Mountain View IV Wind",116743,1,0.0063829787234042,0.993617021276596
"CRSTWD_6_KUMYAY","Kumeyaay Wind Farm",841533,1,0.0064,0.9936
"LMBEPK_2_UNITA3","Goose Haven Energy Center, Unit #1",997249,1,0.00654008438818555,0.993459915611814
"EDWARD_2_ESSSB2","Sanborn Solar 2",195275,1,0.00657142857142855,0.993428571428571
"CNTNLA_2_SOLAR1","Centinela Solar Energy I",112563,1,0.00664853430039283,0.993351465699607
"MIDWD_2_WIND2","Coram Energy",110775,1,0.00666666666666667,0.993333333333333
"OXBOW_6_DRUM","OXBOW HYDRO",163405,1,0.00666666666666667,0.993333333333333
"BERCYN_2_BCEBT1","Bear Canyon Energy Storage",666436,1,0.00666666666666667,0.993333333333333
"BERCYN_2_BCEBT1","Bear Canyon Energy Storage",260831,1,0.00666666666666667,0.993333333333333
"SUNCAT_2_A2ABT2","Arlington Solar Unit 2A BESS",170587,1,0.00669565217391301,0.993304347826087
"MSTANG_2_SOLAR","Mustang",910943,1,0.00671140939597313,0.993288590604027
"MSTANG_2_SOLAR","Mustang",483575,1,0.00671140939597313,0.993288590604027
"BOGUE_1_UNITA1","Feather River Energy Center, Unit #1",426166,1,0.00675390460109767,0.993246095398902
"VESTAL_2_WELLHD","Wellhead Power Delano",104155,1,0.00682926829268295,0.993170731707317
"NGILAA_5_SDGDYN","NGILAA_5_SDGDYN",890505,1,0.00684030518284657,0.993159694817153
"AKINGS_6_AMESR1","American Kings Solar",124574,1,0.00688888888888894,0.993111111111111
"TEHAPI_2_PW2WD2","Point Wind 2",131964,1,0.00694444444444442,0.993055555555556
"CALFTN_2_SOLAR","California Flats North",101706,1,0.00695652173913044,0.99304347826087
"OGROVE_6_PL1X2","Orange Grove Energy Center",187185,1,0.00699999999999993,0.993
"GRNLF1_1_PL1X2","Greenleaf 1",302804,1,0.00700000000000003,0.993
"EDWARD_2_ESSSB2","Sanborn Solar 2",164178,1,0.007047619047619,0.992952380952381
"CHWCHL_1_UNIT","CHOW 2 PEAKER PLANT",120783,1,0.0070833333333334,0.992916666666667
"PIT3_7_PL1X3","PIT PH 3 UNITS 1, 2 & 3 AGGREGATE",615344,1,0.00717488789237653,0.992825112107623
"BOGUE_1_UNITA1","Feather River Energy Center, Unit #1",702721,1,0.00717602363866618,0.992823976361334
"WARNE_2_UNIT","WARNE HYDRO AGGREGATE",233468,1,0.00717948717948721,0.992820512820513
"PNCHPP_1_PL1X2","Midway Peaking Aggregate",124574,1,0.00719553876596508,0.992804461234035
"GUERNS_6_SOLAR","Guernsey Solar Station",102291,1,0.00727272727272733,0.992727272727273
"CHWCHL_1_UNIT","CHOW 2 PEAKER PLANT",555191,1,0.0072916666666667,0.992708333333333
"ELKHIL_2_PL1X3","ELK HILLS COMBINED CYCLE (AGGREGATE)",844371,1,0.0073032682125251,0.992696731787475
"OXMTN_6_LNDFIL","Ox Mountain Landfill Generating Plant",209856,1,0.00736842105263161,0.992631578947368
"ALTA3A_2_CPCE4","Alta Wind 4",204700,1,0.00739583333333327,0.992604166666667
"GYS7X8_7_UNITS","GEYSERS UNITS 7 & 8 AGGREGATE",139204,1,0.00740131578947361,0.992598684210526
"SPBURN_7_SNOWMT","Burney Creek Hydro",870779,1,0.00740740740740741,0.992592592592593
"GARNET_1_WIND","GARNET WIND ENERGY CENTER",185580,1,0.00742115027829314,0.992578849721707
"IVWEST_2_SOLAR1","Imperial Valley West ( Q # 608)",181678,1,0.00745454545454539,0.992545454545455
"VALTNE_2_TBBBT1","Tropico Solar Big Beau",264638,1,0.00750000000000001,0.9925
"INDIGO_1_UNIT 3","INDIGO PEAKER UNIT 3",209674,1,0.00760095011876502,0.992399049881235
"VSTAES_6_VESBT1","Vista Energy Storage",685873,1,0.0076315789473684,0.992368421052632
"CLINESCO_3_PVDYN","CLINES CORNERS",165806,1,0.00764705882352938,0.992352941176471
"NCPA_7_GP2UN4","NCPA GEO PLANT 2 UNIT 4",261590,1,0.00769230769230766,0.992307692307692
"YUBACT_6_UNITA1","Yuba City Energy Center (Calpine)",104155,1,0.0077272727272728,0.992272727272727
"COLUSA_2_PL1X3","Colusa Generating Station",552587,1,0.00777419354838718,0.992225806451613
"BOGUE_1_UNITA1","Feather River Energy Center, Unit #1",517145,1,0.00780920219501909,0.992190797804981
"YUBACT_1_SUNSWT","YUBA CITY COGEN",356834,1,0.00782608695652173,0.992173913043478
"MNDALY_6_MCGRTH","McGrath Beach Peaker",356834,1,0.00782608695652173,0.992173913043478
"GUERNS_6_SOLAR","Guernsey Solar Station",198508,1,0.00787878787878782,0.992121212121212
"GUERNS_6_SOLAR","Guernsey Solar Station",107393,1,0.00787878787878782,0.992121212121212
"LCKHT1_2_LH1SR1","Lockhart Solar 1 PV",954013,1,0.00789473684210531,0.992105263157895
"INTMNT_3_ANAHEIM","Intermountain Power Project",705107,1,0.00795652173913049,0.99204347826087
"GLNARM_7_UNIT 3","GLEN ARM UNIT 3",917872,1,0.00798816568047347,0.992011834319527
"POEPH_7_UNIT 2","POE HYDRO UNIT 2",151431,1,0.008,0.992
"BOGUE_1_UNITA1","Feather River Energy Center, Unit #1",111621,1,0.0080202617138032,0.991979738286197
"BOGUE_1_UNITA1","Feather River Energy Center, Unit #1",421380,1,0.0080202617138032,0.991979738286197
"BOGUE_1_UNITA1","Feather River Energy Center, Unit #1",241464,1,0.0080202617138032,0.991979738286197
"BOGUE_1_UNITA1","Feather River Energy Center, Unit #1",258757,1,0.0080202617138032,0.991979738286197
"BOGUE_1_UNITA1","Feather River Energy Center, Unit #1",839931,1,0.0080202617138032,0.991979738286197
"COLUSA_2_PL1X3","Colusa Generating Station",509317,1,0.00806451612903226,0.991935483870968
"BLAST_1_WIND","Mountain View IV Wind",517145,1,0.00808510638297878,0.991914893617021
"SYCAMR_2_UNIT 2","Sycamore Cogeneration Unit 2",928471,1,0.00810810810810803,0.991891891891892
"SYCAMR_2_UNIT 2","Sycamore Cogeneration Unit 2",156446,1,0.00810810810810803,0.991891891891892
"GYS5X6_7_UNITS","GEYSERS UNITS 5 & 6 AGGREGATE",854844,1,0.00816326530612256,0.991836734693877
"IVANPA_1_UNIT3","Ivanpah 3",458056,1,0.00817391304347824,0.991826086956522
"ADLIN_1_UNITS","GEYSERS AIDLIN AGGREGATE",175742,1,0.00818181818181817,0.991818181818182
"ADLIN_1_UNITS","GEYSERS AIDLIN AGGREGATE",916581,1,0.00818181818181817,0.991818181818182
"PALA_6_PGCBT1","Pala Gomez Creek BESS",284463,1,0.00823529411764709,0.991764705882353
"NORCNV_1_NCVBT1","North Central Valley",100454,1,0.0082491997045063,0.991750800295494
"STANTN_2_STAGT1","Stanton 1",893185,1,0.00824999999999996,0.99175
"NCPA_7_GP2UN4","NCPA GEO PLANT 2 UNIT 4",713184,1,0.00826923076923076,0.991730769230769
"CHWCHL_1_UNIT","CHOW 2 PEAKER PLANT",376200,1,0.0083333333333333,0.991666666666667
"ALTA3A_2_CPCE4","Alta Wind 4",160461,1,0.0083333333333333,0.991666666666667
"ASTORA_2_SOLAR1","Astoria 1",160461,1,0.0083333333333333,0.991666666666667
"BERCYN_2_BCEBT1","Bear Canyon Energy Storage",200707,1,0.0083333333333333,0.991666666666667
"TEHAPI_2_PW2WD2","Point Wind 2",666436,1,0.00833333333333332,0.991666666666667
"ELCAJN_6_LM6K","El Cajon Energy Center",376200,1,0.0083333333333333,0.991666666666667
"RUSCTY_2_UNITS","Russell City Energy Center",552587,1,0.0083752093802345,0.991624790619765
"CLINESCO_3_PVDYN","CLINES CORNERS",166139,1,0.00840336134453781,0.991596638655462
"CLINESCO_3_PVDYN","CLINES CORNERS",525442,1,0.00840336134453781,0.991596638655462
"CLINESCO_3_PVDYN","CLINES CORNERS",108072,1,0.00840336134453781,0.991596638655462
"LMBEPK_2_UNITA3","Goose Haven Energy Center, Unit #1",462999,1,0.00843881856540081,0.991561181434599
"SYCAMR_2_UNIT 3","Sycamore Cogeneration Unit 3",233468,1,0.00847222222222221,0.991527777777778
"SYCAMR_2_UNIT 4","Sycamore Cogeneration Unit 4",233468,1,0.00847222222222221,0.991527777777778
"MSTANG_2_SOLAR3","Mustang 3",189802,1,0.00850000000000009,0.9915
"PALOMR_2_PL1X3","Palomar Energy Center",114630,1,0.00850340136054422,0.991496598639456
"ALAMIT_7_ES1","Alamitos Energy Storage",117370,1,0.00853333333333334,0.991466666666667
"ELLIOT_6_ELIBT1","Elliott Energy Storage",323555,1,0.00857142857142852,0.991428571428571
"GLNARM_7_UNIT 3","GLEN ARM UNIT 3",939948,1,0.00857988165680471,0.991420118343195
"INTMNT_3_RIVERSIDE","IPPDYN",105465,1,0.00860944429950426,0.991390555700496
"SISPRG_2_DS3BT2","Daggett Solar 3 b BESS",172299,1,0.00862068965517241,0.991379310344828
"SLATE_2_SLASR3","SLATE_3",956532,1,0.0086824067022088,0.991317593297791
"GARNET_2_COAWD2","Coachella 2",882665,1,0.00868306801736621,0.991316931982634
"SUNCAT_2_A2ABT2","Arlington Solar Unit 2A BESS",525442,1,0.00869565217391304,0.991304347826087
"SUNCAT_2_A2ABT2","Arlington Solar Unit 2A BESS",181027,1,0.00869565217391304,0.991304347826087
"YUBACT_1_SUNSWT","YUBA CITY COGEN",324007,1,0.00869565217391301,0.991304347826087
"MNDALY_6_MCGRTH","McGrath Beach Peaker",324007,1,0.00869565217391301,0.991304347826087
"WOLFSK_1_UNITA1","Wolfskill Energy Center",893185,1,0.0087420042643924,0.991257995735608
"CALFTN_2_CFSBT1","California Flats Solar Battery",237420,1,0.00875000000000004,0.99125
"BUCKCK_7_PL1X2","BUCKS CREEK AGGREGATE",276632,1,0.00878787878787876,0.991212121212121
"ELLIOT_6_ELIBT1","Elliott Energy Storage",731152,1,0.0088888888888889,0.991111111111111
"SUNSLR_1_SSVSR1","Sunshine Valley Solar 1",139204,1,0.00889348500517062,0.991106514994829
"TRNSWD_1_QF","FPL Energy C Wind",509923,1,0.00897480151881262,0.991025198481187
"DRACKR_2_DSUBT2","Dracker Solar Unit 2 BESS",204700,1,0.00906198785308009,0.99093801214692
"CSLR4S_2_SOLAR","Csolar IV South",112563,1,0.00909090909090909,0.990909090909091
"CSLR4S_2_SOLAR","Csolar IV South",932856,1,0.00909090909090909,0.990909090909091
"WHTWTR_1_WINDA1","Whitewater Hill Wind Project",131675,1,0.00909090909090909,0.990909090909091
"SANBRN_2_EESSB2","Edsan 2 Edwards Sanborn E1B",961257,1,0.00909090909090917,0.990909090909091
"KNGBRD_2_SOLAR1","Kingbird Solar A",127849,1,0.00916666666666662,0.990833333333333
"USWNDR_2_SMUD2","Solano Wind Project Phase 3",641340,1,0.0092421441774493,0.990757855822551
"HATRDG_2_WIND","Hatchet Ridge Wind Farm",896410,1,0.00924242424242423,0.990757575757576
"USWNDR_2_SMUD2","Solano Wind Project Phase 3",932856,1,0.00925925925925926,0.990740740740741
"GARNET_2_COAWD2","Coachella 2",454499,1,0.00943396226415108,0.990566037735849
"OXMTN_6_LNDFIL","Ox Mountain Landfill Generating Plant",376549,1,0.0094736842105263,0.990526315789474
"COVERD_2_MCKHY1","Montgomery Creek Hydro",189762,1,0.00952380952380932,0.990476190476191
"COVERD_2_MCKHY1","Montgomery Creek Hydro",133919,1,0.00952380952380974,0.99047619047619
"NCPA_7_GP2UN4","NCPA GEO PLANT 2 UNIT 4",192354,1,0.00961538461538462,0.990384615384615
"SUNCAT_2_A2BSR2","Arlington Solar Unit 2B",932856,1,0.00961538461538462,0.990384615384615
"DUANE_1_PL1X3","DONALD VON RAESFELD POWER PROJECT",871297,1,0.00962499999999977,0.990375
"ADERA_1_SOLAR1","Adera Solar",201934,1,0.00972972972972971,0.99027027027027
"ADERA_1_SOLAR1","Adera Solar",819841,1,0.00972972972972971,0.99027027027027
"YELPIN_2_YP2BT1","Yellow Pine 2 BESS",172299,1,0.00972972972972971,0.99027027027027
"ARCOGN_2_UNITS","WATSON COGENERATION",153860,1,0.00975609756097561,0.990243902439024
"COCOPP_2_CTG3","Marsh Landing 3",213199,1,0.00984999999999999,0.99015
"CALFTS_2_CFSSR1","California Flats Solar South",514544,1,0.00990099009900994,0.99009900990099
"ADLIN_1_UNITS","GEYSERS AIDLIN AGGREGATE",194175,1,0.00999999999999995,0.99
"GASKW1_2_GW3SR1","Gaskell West 3",147407,1,0.01,0.99
"GASKW1_2_GW4SR1","Gaskell West 4",147407,1,0.01,0.99
"GASKW1_2_GW5SR1","Gaskell West 5",147407,1,0.01,0.99
"CHILLS_1_SYCENG","Sycamore Energy 1",206218,1,0.01,0.99
"CHILLS_1_SYCENG","Sycamore Energy 1",348557,1,0.01,0.99
"MSTANG_2_SOLAR3","Mustang 3",617807,1,0.00999999999999996,0.99
"CLRMNT_6_CLEBT1","Clairemont Energy Storage",963357,1,0.01,0.99
"PEORIA_1_SOLAR","Sonora 1",641860,1,0.01,0.99
"COGNAT_1_UNIT","Stockton Biomas",509923,1,0.00999999999999996,0.99
"GEYS18_7_UNIT18","GEYSERS UNIT 18 (HEALDSBURG)",895511,1,0.01,0.99
"KERNRG_1_UNITS","South Belridge Cogen Facility",360257,1,0.01,0.99
"CHESTN_2_CHWBX2","Chestnut Westside BESS",181027,1,0.0101010101010101,0.98989898989899
"GARLND_2_GARBT1","Garland B BESS",854844,1,0.0101428571428571,0.989857142857143
"NGILAA_5_SDGDYN","NGILAA_5_SDGDYN",744292,1,0.0102222222222222,0.989777777777778
"WALCRK_2_CTG3","Walnut Creek Energy Park Unit 3",146716,1,0.0103092783505156,0.989690721649484
"RCKCRK_7_UNIT 2","ROCK CREEK HYDRO UNIT 2",123566,1,0.0103152977812379,0.989684702218762
"LMEC_1_PL1X3","Los Medanos Energy Center AGGREGATE",304325,1,0.0103626943005181,0.989637305699482
"POEPH_7_UNIT 2","POE HYDRO UNIT 2",105870,1,0.010375939849624,0.989624060150376
"CHWCHL_1_UNIT","CHOW 2 PEAKER PLANT",121961,1,0.0104166666666667,0.989583333333333
"CHWCHL_1_UNIT","CHOW 2 PEAKER PLANT",912055,1,0.0104166666666667,0.989583333333333
"ELCAJN_6_LM6K","El Cajon Energy Center",121961,1,0.0104166666666667,0.989583333333333
"ELCAJN_6_LM6K","El Cajon Energy Center",912055,1,0.0104166666666667,0.989583333333333
"AGUCAL_5_SOLAR1","Agua Caliente Solar",193488,1,0.0104741379310345,0.989525862068966
"SALTSP_7_UNITS","SALT SPRINGS HYDRO AGGREGATE",201838,1,0.0105882352941176,0.989411764705882
"PIT3_7_PL1X3","PIT PH 3 UNITS 1, 2 & 3 AGGREGATE",321061,1,0.0105882352941178,0.989411764705882
"PNCHPP_1_PL1X2","Midway Peaking Aggregate",105465,1,0.0106134196797986,0.989386580320201
"BLAST_1_WIND","Mountain View IV Wind",297766,1,0.0106235565819862,0.989376443418014
"LTBERA_1_LB1SR1","Little Bear Solar 1",685873,1,0.0106272680145152,0.989372731985485
"SISPRG_2_DS3BT1","Daggett Solar 3 a BESS",418080,1,0.0106278613472859,0.989372138652714
"YUBACT_1_SUNSWT","YUBA CITY COGEN",698118,1,0.0106521739130435,0.989347826086956
"MNDALY_6_MCGRTH","McGrath Beach Peaker",698118,1,0.0106521739130435,0.989347826086956
"GASKW1_2_GW3SR1","Gaskell West 3",102291,1,0.0106666666666667,0.989333333333333
"GASKW1_2_GW4SR1","Gaskell West 4",102291,1,0.0106666666666667,0.989333333333333
"GASKW1_2_GW5SR1","Gaskell West 5",102291,1,0.0106666666666667,0.989333333333333
"GARNET_2_WIND3","San Gorgonio East",151598,1,0.0107671601615074,0.989232839838493
"BLAST_1_WIND","Mountain View IV Wind",698118,1,0.0108510638297872,0.989148936170213
"YUBACT_1_SUNSWT","YUBA CITY COGEN",764895,1,0.0108695652173913,0.989130434782609
"KEARNY_6_NESBT1","Kearny North Energy Storage",196445,1,0.010886469673406,0.989113530326594
"LTBERA_1_LB1SR1","Little Bear Solar 1",211495,1,0.010886469673406,0.989113530326594
"ROSMDW_2_WIND1","Pacific Wind - Phase 1",100454,1,0.0109090909090908,0.989090909090909
"ASTORA_2_SOLAR1","Astoria 1",230642,1,0.0110416666666667,0.988958333333333
"RUSCTY_2_UNITS","Russell City Energy Center",123314,1,0.0110552763819096,0.98894472361809
"SPBURN_7_SNOWMT","Burney Creek Hydro",140623,1,0.011111111111111,0.988888888888889
"LODI25_6_ERKNG1","LODI STRATEGIC RESERVE",841533,1,0.0111220150474321,0.988877984952568
"CNTNLA_2_SOLAR1","Centinela Solar Energy I",195275,1,0.0111816258688425,0.988818374131157
"CENTPD_2_BMSSX2","Blythe Mesa Solar",201370,1,0.0111818181818182,0.988818181818182
"GASKW1_2_GW3SR1","Gaskell West 3",878195,1,0.0113333333333333,0.988666666666667
"GASKW1_2_GW4SR1","Gaskell West 4",878195,1,0.0113333333333333,0.988666666666667
"GASKW1_2_GW5SR1","Gaskell West 5",878195,1,0.0113333333333333,0.988666666666667
"HAASPH_7_PL1X2","HAAS PH UNIT 1 & 2 AGGREGATE",143349,1,0.0113888888888888,0.988611111111111
"PIT5_7_PL3X4","PIT PH 5 UNITS 3 & 4 AGGREGATE",854844,1,0.0114814814814816,0.988518518518518
"IVANPA_1_UNIT1","Ivanpah 1",101706,1,0.011525974025974,0.988474025974026
"CHWCHL_1_UNIT","CHOW 2 PEAKER PLANT",851094,1,0.0116666666666667,0.988333333333333
"JOANEC_2_STABT2","Santa Ana Storage 2",181364,1,0.0116666666666667,0.988333333333333
"ELCAJN_6_LM6K","El Cajon Energy Center",851094,1,0.0116666666666667,0.988333333333333
"ADLIN_1_UNITS","GEYSERS AIDLIN AGGREGATE",151814,1,0.0118181818181819,0.988181818181818
"ADLIN_1_UNITS","GEYSERS AIDLIN AGGREGATE",105623,1,0.0118181818181819,0.988181818181818
"TIFFNY_1_DILLON","TIFFNY_1_DILLON",200325,1,0.0119677150013916,0.988032284998608
"ALTA6E_2_WIND10","Alta Wind 10",143349,1,0.0119918545893356,0.988008145410664
"KERNRG_1_UNITS","South Belridge Cogen Facility",469196,1,0.012,0.988
"STANTN_2_SBEBX2","Stanton Battery Energy Storage",321061,1,0.0120071684587813,0.987992831541219
"TRNSWD_1_QF","FPL Energy C Wind",437886,1,0.012081463583017,0.987918536416983
"LMEC_1_PL1X3","Los Medanos Energy Center AGGREGATE",172074,1,0.0120898100172712,0.987910189982729
"GUERNS_6_SOLAR","Guernsey Solar Station",147407,1,0.0121212121212121,0.987878787878788
"WISHON_6_UNITS","Wishon/San Joaquin  #1-A AGGREGATE",146911,1,0.0122222222222222,0.987777777777778
"DRACKR_2_DSUBT2","Dracker Solar Unit 2 BESS",155930,1,0.0122433240142678,0.987756675985732
"SLATE_2_SLASR2","SLATE_2",709693,1,0.0122549019607843,0.987745098039216
"PIT5_7_PL1X2","PIT PH 5 UNITS 1 & 2 AGGREGATE",883285,1,0.0123456790123457,0.987654320987654
"PIT5_7_PL1X2","PIT PH 5 UNITS 1 & 2 AGGREGATE",196140,1,0.0123456790123457,0.987654320987654
"PIT7_7_UNIT 1","PIT PH 7 UNIT 1",174744,1,0.0123900161608907,0.987609983839109
"MTWIND_1_MVPWD1","Mountain View Power Project I Repower",302804,1,0.0124350408314774,0.987564959168523
"ARBWD_6_QF","Wind Resource II",155124,1,0.0124521072796936,0.987547892720306
"PIT3_7_PL1X3","PIT PH 3 UNITS 1, 2 & 3 AGGREGATE",303003,1,0.0124999999999999,0.9875
"WISTRA_2_WRSSR1","Wistaria Ranch Solar",849325,1,0.0125,0.9875
"BLACK_7_UNIT 1","JAMES B. BLACK 1",131041,1,0.0125,0.9875
"ALTA3A_2_CPCE4","Alta Wind 4",709693,1,0.0125,0.9875
"NEENCH_6_SOLAR","Alpine Solar",858777,1,0.0125361620057859,0.987463837994214
"NEENCH_6_SOLAR","Alpine Solar",127688,1,0.0125361620057859,0.987463837994214
"NEENCH_6_SOLAR","Alpine Solar",140547,1,0.0125361620057859,0.987463837994214
"NEENCH_6_SOLAR","Alpine Solar",206601,1,0.0125361620057859,0.987463837994214
"NEENCH_6_SOLAR","Alpine Solar",104756,1,0.0125361620057859,0.987463837994214
"NEENCH_6_SOLAR","Alpine Solar",690855,1,0.0125361620057859,0.987463837994214
"NEENCH_6_SOLAR","Alpine Solar",118774,1,0.0125361620057859,0.987463837994214
"WOLFSK_1_UNITA1","Wolfskill Energy Center",141208,1,0.0125799573560768,0.987420042643923
"YUBACT_1_SUNSWT","YUBA CITY COGEN",288377,1,0.0126086956521739,0.987391304347826
"MNDALY_6_MCGRTH","McGrath Beach Peaker",288377,1,0.0126086956521739,0.987391304347826
"NAROW1_2_UNIT","NARROWS PH 1 UNIT",209945,1,0.0126315789473683,0.987368421052632
"LMBEPK_2_UNITA3","Goose Haven Energy Center, Unit #1",794449,1,0.0126582278481013,0.987341772151899
"LMBEPK_2_UNITA3","Goose Haven Energy Center, Unit #1",119063,1,0.0126582278481013,0.987341772151899
"IVANPA_1_UNIT1","Ivanpah 1",195275,1,0.0126623376623377,0.987337662337662
"BLAST_1_WIND","Mountain View IV Wind",893185,1,0.0127272727272728,0.987272727272727
"ADLIN_1_UNITS","GEYSERS AIDLIN AGGREGATE",318539,1,0.0127272727272728,0.987272727272727
"SPICER_1_UNITS","SPICER HYDRO UNITS 1-3 AGGREGATE",466078,1,0.0127272727272728,0.987272727272727
"BLAST_1_WIND","Mountain View IV Wind",376200,1,0.0127659574468085,0.987234042553191
"SUNCAT_2_A2ABT2","Arlington Solar Unit 2A BESS",166745,1,0.0127826086956522,0.987217391304348
"INTMNT_3_RIVERSIDE","IPPDYN",421333,1,0.0128148148148147,0.987185185185185
"IVANPA_1_UNIT1","Ivanpah 1",458056,1,0.0128246753246753,0.987175324675325
"SPAULD_6_UNIT12","SPAULDING HYDRO PH 1 & 2 AGGREGATE",731152,1,0.0129032258064515,0.987096774193548
"SLATE_2_SLASR3","SLATE_3",650623,1,0.0129474485910131,0.987052551408987
"PARDEB_6_UNITS","Pardee Power House",984603,1,0.0130000000000001,0.987
"CONTRL_1_POOLE","POOLE HYDRO PLANT 1",649909,1,0.0130653266331657,0.986934673366834
"STANTN_2_SBEBX2","Stanton Battery Energy Storage",288336,1,0.0130824372759856,0.986917562724014
"BOGUE_1_UNITA1","Feather River Energy Center, Unit #1",165788,1,0.0130856901646265,0.986914309835373
"BOGUE_1_UNITA1","Feather River Energy Center, Unit #1",142447,1,0.0130856901646265,0.986914309835373
"BOGUE_1_UNITA1","Feather River Energy Center, Unit #1",852416,1,0.0130856901646265,0.986914309835373
"BOGUE_1_UNITA1","Feather River Energy Center, Unit #1",146423,1,0.0130856901646265,0.986914309835373
"BOGUE_1_UNITA1","Feather River Energy Center, Unit #1",158082,1,0.0130856901646265,0.986914309835373
"BOGUE_1_UNITA1","Feather River Energy Center, Unit #1",306098,1,0.0130856901646265,0.986914309835373
"MORWD_6_QF","Morwind",125951,1,0.0132158590308371,0.986784140969163
"SISPRG_2_DS3BT1","Daggett Solar 3 a BESS",333220,1,0.01324395029431,0.98675604970569
"ELKHIL_2_PL1X3","ELK HILLS COMBINED CYCLE (AGGREGATE)",435045,1,0.0133284644878582,0.986671535512142
"ELKHIL_2_PL1X3","ELK HILLS COMBINED CYCLE (AGGREGATE)",140969,1,0.0133284644878582,0.986671535512142
"WALCRK_2_CTG3","Walnut Creek Energy Park Unit 3",389995,1,0.0133749999999999,0.986625
"USWNDR_2_SMUD2","Solano Wind Project Phase 3",101706,1,0.0134011090573012,0.986598890942699
"BISHOP_1_ALAMO","BISHOP CREEK PLANT 2  AND  6",509353,1,0.0134453781512605,0.986554621848739
"PIT3_7_PL1X3","PIT PH 3 UNITS 1, 2 & 3 AGGREGATE",327142,1,0.0134529147982062,0.986547085201794
"VICTOR_1_CREST","Victor Aggregate Solar Resources",131286,1,0.0134782608695652,0.986521739130435
"COCOPP_2_CTG3","Marsh Landing 3",321874,1,0.0134999999999999,0.9865
"SYCAMR_2_UNIT 2","Sycamore Cogeneration Unit 2",182568,1,0.0135135135135135,0.986486486486487
"SYCAMR_2_UNIT 2","Sycamore Cogeneration Unit 2",159511,1,0.0135135135135135,0.986486486486487
"SYCAMR_2_UNIT 2","Sycamore Cogeneration Unit 2",844979,1,0.0135135135135135,0.986486486486487
"SYCAMR_2_UNIT 2","Sycamore Cogeneration Unit 2",882763,1,0.0135135135135135,0.986486486486487
"SYCAMR_2_UNIT 2","Sycamore Cogeneration Unit 2",962064,1,0.0135135135135135,0.986486486486487
"SYCAMR_2_UNIT 2","Sycamore Cogeneration Unit 2",184942,1,0.0135135135135135,0.986486486486487
"SYCAMR_2_UNIT 2","Sycamore Cogeneration Unit 2",742355,1,0.0135135135135135,0.986486486486487
"EDWARD_2_ESSSB2","Sanborn Solar 2",828735,1,0.0135238095238095,0.98647619047619
"IVWEST_2_SOLAR1","Imperial Valley West ( Q # 608)",100454,1,0.0135454545454545,0.986454545454545
"PALOMR_2_PL1X3","Palomar Energy Center",445404,1,0.0136054421768707,0.986394557823129
"SPAULD_6_UNIT12","SPAULDING HYDRO PH 1 & 2 AGGREGATE",799732,1,0.0136363636363637,0.986363636363636
"TRNQLT_2_SOLAR","Tranquillity",457081,1,0.0136532892014894,0.986346710798511
"SUNCAT_2_A2BSR2","Arlington Solar Unit 2B",970587,1,0.0136538461538462,0.986346153846154
"DEADCK_1_UNIT","DEADCK_1_UNIT",191707,1,0.0136986301369863,0.986301369863014
"OMAR_2_UNIT 3","KERN RIVER COGENERATION CO. UNIT 3",113373,1,0.0136986301369863,0.986301369863014
"OMAR_2_UNIT 3","KERN RIVER COGENERATION CO. UNIT 3",142584,1,0.0136986301369863,0.986301369863014
"OMAR_2_UNIT 3","KERN RIVER COGENERATION CO. UNIT 3",141180,1,0.0136986301369863,0.986301369863014
"OMAR_2_UNIT 3","KERN RIVER COGENERATION CO. UNIT 3",130239,1,0.0136986301369863,0.986301369863014
"OMAR_2_UNIT 3","KERN RIVER COGENERATION CO. UNIT 3",113402,1,0.0136986301369863,0.986301369863014
"OMAR_2_UNIT 3","KERN RIVER COGENERATION CO. UNIT 3",140315,1,0.0136986301369863,0.986301369863014
"OMAR_2_UNIT 3","KERN RIVER COGENERATION CO. UNIT 3",129089,1,0.0136986301369863,0.986301369863014
"OMAR_2_UNIT 4","KERN RIVER COGENERATION CO. UNIT 4",142584,1,0.0136986301369863,0.986301369863014
"OMAR_2_UNIT 4","KERN RIVER COGENERATION CO. UNIT 4",130239,1,0.0136986301369863,0.986301369863014
"OMAR_2_UNIT 4","KERN RIVER COGENERATION CO. UNIT 4",140315,1,0.0136986301369863,0.986301369863014
"OMAR_2_UNIT 1","KERN RIVER COGENERATION CO. UNIT 1",113373,1,0.0136986301369863,0.986301369863014
"OMAR_2_UNIT 1","KERN RIVER COGENERATION CO. UNIT 1",141180,1,0.0136986301369863,0.986301369863014
"OMAR_2_UNIT 1","KERN RIVER COGENERATION CO. UNIT 1",113402,1,0.0136986301369863,0.986301369863014
"OMAR_2_UNIT 1","KERN RIVER COGENERATION CO. UNIT 1",140315,1,0.0136986301369863,0.986301369863014
"OMAR_2_UNIT 1","KERN RIVER COGENERATION CO. UNIT 1",129089,1,0.0136986301369863,0.986301369863014
"OMAR_2_UNIT 2","KERN RIVER COGENERATION CO. UNIT 2",113373,1,0.0136986301369863,0.986301369863014
"OMAR_2_UNIT 2","KERN RIVER COGENERATION CO. UNIT 2",141180,1,0.0136986301369863,0.986301369863014
"OMAR_2_UNIT 2","KERN RIVER COGENERATION CO. UNIT 2",113402,1,0.0136986301369863,0.986301369863014
"OMAR_2_UNIT 2","KERN RIVER COGENERATION CO. UNIT 2",140315,1,0.0136986301369863,0.986301369863014
"OMAR_2_UNIT 2","KERN RIVER COGENERATION CO. UNIT 2",129089,1,0.0136986301369863,0.986301369863014
"SYCAMR_2_UNIT 1","Sycamore Cogeneration Unit 1",787026,1,0.0136986301369863,0.986301369863014
"SYCAMR_2_UNIT 1","Sycamore Cogeneration Unit 1",234172,1,0.0136986301369863,0.986301369863014
"INTMNT_3_ANAHEIM","Intermountain Power Project",178320,1,0.0137391304347826,0.986260869565217
"STANTN_2_STAGT1","Stanton 1",286732,1,0.0137499999999999,0.98625
"PALA_6_PGCBT1","Pala Gomez Creek BESS",376549,1,0.01375,0.98625
"STANIS_7_UNIT 1","STANISLAUS HYDRO",181382,1,0.0137693631669536,0.986230636833046
"KRAMER_1_R1BX3","Resurgence 1 BESS",671897,1,0.0138,0.9862
"CSLR4S_2_SOLAR","Csolar IV South",101706,1,0.0138181818181818,0.986181818181818
"GYS7X8_7_UNITS","GEYSERS UNITS 7 & 8 AGGREGATE",147614,1,0.0138636363636364,0.986136363636364
"AQUAWS_2_AQWSR1","Aquamarine Westside",968309,1,0.0138648180242634,0.986135181975737
"TIGRCK_7_UNITS","TIGER CREEK HYDRO AGGREGATE",302804,1,0.0138709677419355,0.986129032258064
"SYCAMR_2_UNIT 3","Sycamore Cogeneration Unit 3",182568,1,0.0138888888888889,0.986111111111111
"SYCAMR_2_UNIT 3","Sycamore Cogeneration Unit 3",895511,1,0.0138888888888889,0.986111111111111
"SYCAMR_2_UNIT 4","Sycamore Cogeneration Unit 4",182568,1,0.0138888888888889,0.986111111111111
"SYCAMR_2_UNIT 4","Sycamore Cogeneration Unit 4",895511,1,0.0138888888888889,0.986111111111111
"DSRTSL_2_SOLAR1","Desert Stateline",532921,1,0.0138935324491995,0.9861064675508
"BARRE_6_PEAKER","Barre Peaker",973878,1,0.013895781637717,0.986104218362283
"BOGUE_1_UNITA1","Feather River Energy Center, Unit #1",154612,1,0.0139299282397637,0.986070071760236
"BOGUE_1_UNITA1","Feather River Energy Center, Unit #1",990961,1,0.0139299282397637,0.986070071760236
"SPAULD_6_UNIT12","SPAULDING HYDRO PH 1 & 2 AGGREGATE",779880,1,0.0139372822299652,0.986062717770035
"POEPH_7_UNIT 1","POE HYDRO UNIT 1",956532,1,0.013939393939394,0.986060606060606
"CHWCHL_1_UNIT","CHOW 2 PEAKER PLANT",886708,1,0.0139583333333334,0.986041666666667
"ELCAJN_6_LM6K","El Cajon Energy Center",886708,1,0.0139583333333334,0.986041666666667
"GASKW1_2_GW3SR1","Gaskell West 3",100919,1,0.0140000000000001,0.986
"GASKW1_2_GW4SR1","Gaskell West 4",100919,1,0.0140000000000001,0.986
"GASKW1_2_GW5SR1","Gaskell West 5",100919,1,0.0140000000000001,0.986
"CRSTWD_6_KUMYAY","Kumeyaay Wind Farm",710387,1,0.0140000000000001,0.986
"SUNCAT_2_A2ABT2","Arlington Solar Unit 2A BESS",123202,1,0.014,0.986
"NGILAA_5_SDGDYN","NGILAA_5_SDGDYN",705142,1,0.0140000000000001,0.986
"SUNSTR_5_SS1SCEDYN","Sunstream Solar 1",995493,1,0.0140384615384615,0.985961538461539
"ADERA_1_SOLAR1","Adera Solar",116055,1,0.0140540540540541,0.985945945945946
"LODI25_6_ERKNG1","LODI STRATEGIC RESERVE",628632,1,0.0140660778541053,0.985933922145895
"INTMNT_3_RIVERSIDE","IPPDYN",100454,1,0.0140740740740741,0.985925925925926
"GEYS13_7_UNIT13","GEYSERS UNIT 13 (HEALDSBURG)",113373,1,0.0140845070422535,0.985915492957746
"GEYS13_7_UNIT13","GEYSERS UNIT 13 (HEALDSBURG)",155960,1,0.0140845070422535,0.985915492957746
"GEYS13_7_UNIT13","GEYSERS UNIT 13 (HEALDSBURG)",113402,1,0.0140845070422535,0.985915492957746
"CALFTS_2_CFSSR1","California Flats Solar South",670988,1,0.0140909090909091,0.985909090909091
"MSTANG_2_SOLAR4","Mustang 4",637410,1,0.0141176470588234,0.985882352941177
"CHWCHL_1_UNIT","CHOW 2 PEAKER PLANT",421380,1,0.0141666666666667,0.985833333333333
"ELCAJN_6_LM6K","El Cajon Energy Center",421380,1,0.0141666666666667,0.985833333333333
"NGILAA_5_SDGDYN","NGILAA_5_SDGDYN",237420,1,0.0141818181818182,0.985818181818182
"DRACKR_2_DSUBT2","Dracker Solar Unit 2 BESS",277359,1,0.0141955835962145,0.985804416403785
"DRACKR_2_DSUBT2","Dracker Solar Unit 2 BESS",676452,1,0.0141955835962145,0.985804416403785
"GLNARM_7_UNIT 4","GLEN ARM UNIT 4",719983,1,0.0142011834319528,0.985798816568047
"OILFLD_7_QFUNTS","Nacimiento Hydroelectric Plant",933740,1,0.0142450142450143,0.985754985754986
"INDIGO_1_UNIT 3","INDIGO PEAKER UNIT 3",939948,1,0.014251781472684,0.985748218527316
"CALFTS_2_CFSSR1","California Flats Solar South",805736,1,0.0142857142857142,0.985714285714286
"CLRMNT_6_CLEBT1","Clairemont Energy Storage",981846,1,0.0142857142857142,0.985714285714286
"TRNQLT_2_RETBT1","RE Tranquillity BESS",428176,1,0.0142857142857143,0.985714285714286
"GARLND_2_GASLR","Garland B",358008,1,0.0142857142857143,0.985714285714286
"WOLFSK_1_UNITA1","Wolfskill Energy Center",148758,1,0.0142857142857143,0.985714285714286
"WOLFSK_1_UNITA1","Wolfskill Energy Center",841533,1,0.0142857142857143,0.985714285714286
"TRNSWD_1_QF","FPL Energy C Wind",154578,1,0.0142993326978074,0.985700667302193
"CHWCHL_1_UNIT","CHOW 2 PEAKER PLANT",187948,1,0.014375,0.985625
"ELCAJN_6_LM6K","El Cajon Energy Center",187948,1,0.014375,0.985625
"ROSMDW_2_WIND1","Pacific Wind - Phase 1",871297,1,0.0144117647058823,0.985588235294118
"NCPA_7_GP2UN4","NCPA GEO PLANT 2 UNIT 4",577464,1,0.0144230769230769,0.985576923076923
"ALTA3A_2_CPCE4","Alta Wind 4",181382,1,0.0144791666666667,0.985520833333333
"GYS5X6_7_UNITS","GEYSERS UNITS 5 & 6 AGGREGATE",131041,1,0.0145454545454546,0.985454545454545
"CHWCHL_1_UNIT","CHOW 2 PEAKER PLANT",116743,1,0.0145833333333334,0.985416666666667
"CHWCHL_1_UNIT","CHOW 2 PEAKER PLANT",306098,1,0.0145833333333334,0.985416666666667
"ELCAJN_6_LM6K","El Cajon Energy Center",116743,1,0.0145833333333334,0.985416666666667
"ELCAJN_6_LM6K","El Cajon Energy Center",306098,1,0.0145833333333334,0.985416666666667
"ADERA_1_SOLAR1","Adera Solar",196008,1,0.0145945945945946,0.985405405405405
"IVANPA_1_UNIT1","Ivanpah 1",145233,1,0.0146103896103896,0.98538961038961
"IVANPA_1_UNIT1","Ivanpah 1",166745,1,0.0146103896103896,0.98538961038961
"ARBWD_6_QF","Wind Resource II",147407,1,0.0146266358737489,0.985373364126251
"DRACKR_2_DSUBT2","Dracker Solar Unit 2 BESS",469253,1,0.0146341463414634,0.985365853658537
"VESTAL_2_WELLHD","Wellhead Power Delano",418546,1,0.0146341463414634,0.985365853658537
"VALTNE_2_TRSBT1","Tropico Solar",882600,1,0.0146875,0.9853125
"MIDWYS_2_MIDSL1","Midway Solar Farm",279536,1,0.0147058823529412,0.985294117647059
"GYS7X8_7_UNITS","GEYSERS UNITS 7 & 8 AGGREGATE",181382,1,0.0147157190635451,0.985284280936455
"RUSCTY_2_UNITS","Russell City Energy Center",588184,1,0.0147236180904522,0.985276381909548
"CALFTN_2_CFSBT1","California Flats Solar Battery",178559,1,0.0147500000000001,0.98525
"BOGUE_1_UNITA1","Feather River Energy Center, Unit #1",928918,1,0.0147741663149009,0.985225833685099
"CHWCHL_1_UNIT","CHOW 2 PEAKER PLANT",478596,1,0.0147916666666667,0.985208333333333
"ELCAJN_6_LM6K","El Cajon Energy Center",478596,1,0.0147916666666667,0.985208333333333
"RCKCRK_7_UNIT 2","ROCK CREEK HYDRO UNIT 2",237420,1,0.0147917477617751,0.985208252238225
"CRSTWD_6_KUMYAY","Kumeyaay Wind Farm",624752,1,0.0148,0.9852
"BLAST_1_WIND","Mountain View IV Wind",426166,1,0.0148936170212767,0.985106382978723
"NORCNV_1_NCVBT1","North Central Valley",165806,1,0.0148963182395259,0.985103681760474
"WOLFSK_1_UNITA1","Wolfskill Energy Center",200325,1,0.0149253731343283,0.985074626865672
"VALTNE_2_TBBBT1","Tropico Solar Big Beau",497303,1,0.0149253731343284,0.985074626865672
"CONTRL_1_LUNDY","LUNDY",133919,1,0.015,0.985
"WISHON_6_UNITS","Wishon/San Joaquin  #1-A AGGREGATE",137893,1,0.015,0.985
"AQUAWS_2_AQWSR1","Aquamarine Westside",319098,1,0.0150779896013866,0.984922010398613
"KELSO_2_UNITS","Mariposa Energy",199688,1,0.0150998185117968,0.984900181488203
"POEPH_7_UNIT 1","POE HYDRO UNIT 1",261727,1,0.0151515151515152,0.984848484848485
"POEPH_7_UNIT 1","POE HYDRO UNIT 1",303003,1,0.0151515151515152,0.984848484848485
"KEARNY_6_SESBT2","Kearny South Energy Storage",196445,1,0.0151515151515151,0.984848484848485
"COLGNS_2_CNSSR1","ColGreen North Shore",288336,1,0.0151515151515152,0.984848484848485
"RCKCRK_7_UNIT 2","ROCK CREEK HYDRO UNIT 2",469196,1,0.0151810042818216,0.984818995718178
"BOGUE_1_UNITA1","Feather River Energy Center, Unit #1",208876,1,0.0151962853524695,0.98480371464753
"CHEVMN_2_UNITS","CHEVRON U.S.A. UNITS 1 & 2 AGGREGATE",469253,1,0.0152,0.9848
"WESCAN_2_BDSBT1","Bateria Del Sur",123202,1,0.0152121697357887,0.984787830264211
"MNDALY_6_MCGRTH","McGrath Beach Peaker",951689,1,0.0152173913043479,0.984782608695652
"MNDALY_6_MCGRTH","McGrath Beach Peaker",932153,1,0.0152173913043479,0.984782608695652
"MNDALY_6_MCGRTH","McGrath Beach Peaker",156192,1,0.0152173913043479,0.984782608695652
"BLAST_1_WIND","Mountain View IV Wind",702721,1,0.0153191489361702,0.98468085106383
"SUNRIS_2_PL1X3","Sunrise Power Project AGGREGATE II",172074,1,0.0153214285714286,0.984678571428571
"WISHON_6_UNITS","Wishon/San Joaquin  #1-A AGGREGATE",411052,1,0.0153333333333332,0.984666666666667
"CAVLSR_2_BSOLAR","California Valley Solar Ranch-Phase B",994050,1,0.0153571428571428,0.984642857142857
"NCPA_7_GP2UN4","NCPA GEO PLANT 2 UNIT 4",730262,1,0.0153846153846153,0.984615384615385
"ALAMIT_7_ES1","Alamitos Energy Storage",154678,1,0.0154000000000001,0.9846
"CABALO_2_M2WSR2","Mustang 2 Whirlaway Solar",670863,1,0.015427599611273,0.984572400388727
"ADLIN_1_UNITS","GEYSERS AIDLIN AGGREGATE",751165,1,0.0154545454545454,0.984545454545455
"ADLIN_1_UNITS","GEYSERS AIDLIN AGGREGATE",144521,1,0.0154545454545454,0.984545454545455
"LECONT_2_LESBT1","LeConte Energy Storage",195275,1,0.0155752212389381,0.984424778761062
"ALTA3A_2_CPCE4","Alta Wind 4",140162,1,0.015625,0.984375
"ASTORA_2_SOLAR1","Astoria 1",140162,1,0.015625,0.984375
"VALTNE_2_TRSBT1","Tropico Solar",761691,1,0.015625,0.984375
"GARNET_2_COAWD2","Coachella 2",196445,1,0.0156249999999999,0.984375
"ESCNDO_6_EB3BT3","Escondido BESS 3",292435,1,0.0156250000000001,0.984375
"NORCNV_1_NCVBT1","North Central Valley",514544,1,0.0156580617858654,0.984341938214135
"NORCNV_1_NCVBT1","North Central Valley",166139,1,0.0156580617858654,0.984341938214135
"GATEWY_2_GESBT1","Gateway Energy Storage",201370,1,0.0156637168141593,0.984336283185841
"ALAMIT_7_ES1","Alamitos Energy Storage",207585,1,0.0156999999999999,0.9843
"RVRVEW_1_UNITA1","Riverview Energy Center (GP Antioch)",555191,1,0.0157563025210084,0.984243697478992
"OCOTLO_6_OCWSB1","Ocotillo Wells Solar and BESS",163688,1,0.0158013544018059,0.984198645598194
"GYS5X6_7_UNITS","GEYSERS UNITS 5 & 6 AGGREGATE",941221,1,0.0158181818181816,0.984181818181818
"WESCAN_2_BDSBT1","Bateria Del Sur",250314,1,0.0158267716535433,0.984173228346457
"WESCAN_2_BDSBT1","Bateria Del Sur",729575,1,0.0158267716535433,0.984173228346457
"LECEF_1_UNITS","LOS ESTEROS ENERGY FACILITY AGGREGATE",193488,1,0.0158636363636363,0.984136363636364
"LMEC_1_PL1X3","Los Medanos Energy Center AGGREGATE",588184,1,0.0159067357512954,0.984093264248705
"SPAULD_6_UNIT12","SPAULDING HYDRO PH 1 & 2 AGGREGATE",148307,1,0.0159090909090908,0.984090909090909
"WALCRK_2_CTG3","Walnut Creek Energy Park Unit 3",189054,1,0.016,0.984
"MSOLAR_2_SOLAR1","Mesquite Solar 1",590225,1,0.0161812297734628,0.983818770226537
"CARBOU_7_PL4X5","CARIBOU PH 2 UNIT 4 & 5 AGGREGATE",165806,1,0.0161864406779661,0.983813559322034
"CRESTA_7_PL1X2","CRESTA PH UNIT 1 & 2 AGGREGATE",469821,1,0.0161931818181818,0.983806818181818
"AQUAWS_2_AQWSR1","Aquamarine Westside",201370,1,0.0162045060658578,0.983795493934142
"USWNDR_2_SMUD","SOLANO WIND FARM",261385,1,0.0162068965517241,0.983793103448276
"ARBWD_6_QF","Wind Resource II",201934,1,0.0162835249042146,0.983716475095785
"ROSMDW_2_WIND1","Pacific Wind - Phase 1",143349,1,0.0163157894736842,0.983684210526316
"USWPJR_2_UNITS","Vasco Wind",233468,1,0.0163478260869565,0.983652173913043
"RVRVEW_1_UNITA1","Riverview Energy Center (GP Antioch)",997249,1,0.0163865546218488,0.983613445378151
"TITANS_2_TTSSR1","Titan Solar 1 Pseudo",179949,1,0.0164705882352942,0.983529411764706
"TITANS_2_TTSSR1","Titan Solar 1 Pseudo",288336,1,0.0164999999999999,0.9835
"ALAMIT_7_ES1","Alamitos Energy Storage",131448,1,0.0165333333333333,0.983466666666667
"RCKCRK_7_UNIT 2","ROCK CREEK HYDRO UNIT 2",774713,1,0.0165434021019852,0.983456597898015
"BISHOP_1_UNITS","BISHOP CREEK PLANT 3  AND  4",131873,1,0.0165662650602409,0.983433734939759
"HUMBPP_6_UNITS","Humboldt Bay Generating Station 1",121075,1,0.0165949600491704,0.98340503995083
"CABALO_2_M2WSR2","Mustang 2 Whirlaway Solar",360176,1,0.016642371234208,0.983357628765792
"MOORPK_2_CALABS","Calabasas Gas-to-Energy Facility",915669,1,0.0166666666666665,0.983333333333334
"KEARNY_6_SESBT2","Kearny South Energy Storage",170224,1,0.0166666666666666,0.983333333333333
"EASTWD_7_UNIT","EASTWOOD PUMP-GEN",457081,1,0.0166666666666667,0.983333333333333
"TEHAPI_2_PW2WD2","Point Wind 2",928755,1,0.0166666666666668,0.983333333333333
"NCPA_7_GP2UN4","NCPA GEO PLANT 2 UNIT 4",208011,1,0.0168000000000002,0.9832
"PIT5_7_PL3X4","PIT PH 5 UNITS 3 & 4 AGGREGATE",233468,1,0.0168292682926829,0.983170731707317
"SNCLRA_2_UNIT1","New Indy Oxnard",148387,1,0.0168539325842697,0.98314606741573
"ALTA3A_2_CPCE4","Alta Wind 4",383965,1,0.016875,0.983125
"ASTORA_2_SOLAR1","Astoria 1",383965,1,0.016875,0.983125
"INTMNT_3_RIVERSIDE","IPPDYN",167201,1,0.0168888888888889,0.983111111111111
"SLATE_2_SLASR2","SLATE_2",113665,1,0.0169014084507042,0.983098591549296
"CARBOU_7_PL4X5","CARIBOU PH 2 UNIT 4 & 5 AGGREGATE",166139,1,0.0169491525423729,0.983050847457627
"CARBOU_7_PL4X5","CARIBOU PH 2 UNIT 4 & 5 AGGREGATE",525442,1,0.0169491525423729,0.983050847457627
"CALFTS_2_CFSSR1","California Flats Solar South",117281,1,0.016973125884017,0.983026874115983
"ALAMIT_7_ES1","Alamitos Energy Storage",189054,1,0.017,0.983
"PARDEB_6_UNITS","Pardee Power House",921125,1,0.017,0.983
"BLAST_1_WIND","Mountain View IV Wind",130812,1,0.0170212765957446,0.982978723404255
"DRACKR_2_DSUBT2","Dracker Solar Unit 2 BESS",710016,1,0.0170635303190976,0.982936469680902
"CHWCHL_1_UNIT","CHOW 2 PEAKER PLANT",528875,1,0.0170833333333333,0.982916666666667
"ELCAJN_6_LM6K","El Cajon Energy Center",528875,1,0.0170833333333333,0.982916666666667
"LMBEPK_2_UNITA3","Goose Haven Energy Center, Unit #1",893185,1,0.0170886075949368,0.982911392405063
"OILFLD_7_QFUNTS","Nacimiento Hydroelectric Plant",297629,1,0.0170940170940171,0.982905982905983
"RCKCRK_7_UNIT 2","ROCK CREEK HYDRO UNIT 2",360257,1,0.0171272868820552,0.982872713117945
"TRNQLT_2_RETBT1","RE Tranquillity BESS",663112,1,0.0171428571428572,0.982857142857143
"CARBOU_7_PL2X3","CARIBOU PH 1 UNIT 2 & 3 AGGREGATE",148758,1,0.0172,0.9828
"GLNARM_7_UNIT 2","GLEN ARM UNIT 2",498502,1,0.0172727272727272,0.982727272727273
"SNCLRA_2_UNIT1","New Indy Oxnard",359873,1,0.0172727272727272,0.982727272727273
"ADERA_1_SOLAR1","Adera Solar",148264,1,0.0172972972972973,0.982702702702703
"WDFRDF_2_WFFBT1","West Ford Flat Energy Storage",768776,1,0.017391304347826,0.982608695652174
"CHWCHL_1_UNIT","CHOW 2 PEAKER PLANT",713009,1,0.0175000000000001,0.9825
"PIT4_7_PL1X2","PIT PH 4 UNITS 1 & 2 AGGREGATE",701361,1,0.0175000000000001,0.9825
"ELCAJN_6_LM6K","El Cajon Energy Center",713009,1,0.0175000000000001,0.9825
"HAASPH_7_PL1X2","HAAS PH UNIT 1 & 2 AGGREGATE",170587,1,0.0176388888888888,0.982361111111111
"PALA_6_PGCBT1","Pala Gomez Creek BESS",491560,1,0.0176470588235295,0.98235294117647
"PALA_6_PGCBT1","Pala Gomez Creek BESS",323555,1,0.0176470588235295,0.98235294117647
"GEYS17_7_UNIT17","GEYSERS UNIT 17 (HEALDSBURG)",321061,1,0.0176744186046511,0.982325581395349
"DRUM_7_PL1X2","Drum PH 1 Units 1 & 2 Aggregate",637410,1,0.0176923076923077,0.982307692307692
"ELECTR_7_PL1X3","ELECTRA PH UNIT 1 & 2 AGGREGATE",202220,1,0.017741935483871,0.982258064516129
"PIT3_7_PL1X3","PIT PH 3 UNITS 1, 2 & 3 AGGREGATE",663112,1,0.0177514792899409,0.982248520710059
"CLRMNT_6_CLEBT1","Clairemont Energy Storage",592012,1,0.0177777777777778,0.982222222222222
"KERRGN_1_UNIT 1","KERN RIVER HYDRO UNITS 1-4 AGGREGATE",165103,1,0.0177777777777778,0.982222222222222
"CLRMNT_6_CLEBT1","Clairemont Energy Storage",727757,1,0.0177777777777778,0.982222222222222
"NORCNV_1_NCVBT1","North Central Valley",101706,1,0.0178527456291554,0.982147254370845
"GARNET_2_WIND1","Phoenix",196445,1,0.0178571428571428,0.982142857142857
"IVANPA_1_UNIT1","Ivanpah 1",105465,1,0.0178571428571429,0.982142857142857
"RCKCRK_7_UNIT 2","ROCK CREEK HYDRO UNIT 2",594888,1,0.0179057999221487,0.982094200077851
"CARBOU_7_PL2X3","CARIBOU PH 1 UNIT 2 & 3 AGGREGATE",997249,1,0.018,0.982
"PALA_6_PGCBT1","Pala Gomez Creek BESS",213734,1,0.018,0.982
"WISHON_6_UNITS","Wishon/San Joaquin  #1-A AGGREGATE",158034,1,0.0180000000000001,0.982
"RCKCRK_7_UNIT 2","ROCK CREEK HYDRO UNIT 2",655017,1,0.0181004281821719,0.981899571817828
"SANTFG_7_UNITS","GEYSERS CALISTOGA AGGREGATE",172299,1,0.0181249999999999,0.981875
"TRNQLT_2_SOLAR","Tranquillity",213199,1,0.0181491002570694,0.981850899742931
"NGILAA_5_SDGDYN","NGILAA_5_SDGDYN",201838,1,0.0181531176006314,0.981846882399369
"ALTA3A_2_CPCE5","Alta Wind 5",137023,1,0.0181818181818182,0.981818181818182
"MRGT_6_TGEBT1","Top Gun Energy Storage",455287,1,0.0181818181818182,0.981818181818182
"MRGT_6_TGEBT1","Top Gun Energy Storage",654478,1,0.0181818181818182,0.981818181818182
"IVWEST_2_SOLAR1","Imperial Valley West ( Q # 608)",961257,1,0.0181818181818182,0.981818181818182
"COLGNS_2_CNSSR1","ColGreen North Shore",116825,1,0.0181818181818182,0.981818181818182
"ARBWD_6_QF","Wind Resource II",994055,1,0.018199233716475,0.981800766283525
"OMAR_2_UNIT 3","KERN RIVER COGENERATION CO. UNIT 3",233468,1,0.0182191780821918,0.981780821917808
"OMAR_2_UNIT 4","KERN RIVER COGENERATION CO. UNIT 4",233468,1,0.0182191780821918,0.981780821917808
"DREWS_6_PL1X4","Drews Generating Plant",154867,1,0.0182254196642685,0.981774580335732
"COLGAT_7_UNIT 2","Colgate Powerhouse Unit 2",135669,1,0.018301901806318,0.981698098193682
"ESCNDO_6_EB1BT1","Escondido BESS 1",279660,1,0.0183333333333334,0.981666666666667
"OBERON_5_O2SSR5","Oberon 2B Solar",421333,1,0.018348623853211,0.981651376146789
"CALFTS_2_CFSSR1","California Flats Solar South",107633,1,0.0183875530410183,0.981612446958982
"KERRGN_1_UNIT 1","KERN RIVER HYDRO UNITS 1-4 AGGREGATE",975528,1,0.0183920126116657,0.981607987388334
"BLVRDE_6_BLVBT1","Boulevard Energy Storage",779880,1,0.018421052631579,0.981578947368421
"EDWARD_2_ESSSB2","Sanborn Solar 2",932856,1,0.0185185185185185,0.981481481481482
"TEHAPI_2_PW2WD2","Point Wind 2",164110,1,0.0185185185185185,0.981481481481482
"SPBURN_7_SNOWMT","Burney Creek Hydro",179000,1,0.0185185185185185,0.981481481481482
"GARNET_2_WIND4","Windustries",882665,1,0.0185676392572943,0.981432360742706
"DSFLWR_2_WS2SR1","Willow Springs 2",187185,1,0.0185922974767596,0.98140770252324
"ALTA3A_2_CPCE4","Alta Wind 4",837024,1,0.01875,0.98125
"CARLS2_1_CARCT1","Carlsbad 2",182435,1,0.0187777777777778,0.981222222222222
"BOGUE_1_UNITA1","Feather River Energy Center, Unit #1",698118,1,0.0187842971718023,0.981215702828198
"YUBACT_6_UNITA1","Yuba City Energy Center (Calpine)",166981,1,0.0188636363636363,0.981136363636364
"DRACKR_2_DSUBT2","Dracker Solar Unit 2 BESS",108498,1,0.0188952087149329,0.981104791285067
"POEPH_7_UNIT 2","POE HYDRO UNIT 2",895511,1,0.0189436506662386,0.981056349333761
"OCTILO_5_WIND","Ocotillo Wind Energy Facility",118328,1,0.0189802432922095,0.98101975670779
"GARNET_2_WIND5","Eastwind",453728,1,0.0190476190476191,0.980952380952381
"COVERD_2_MCKHY1","Montgomery Creek Hydro",140623,1,0.0190476190476193,0.980952380952381
"IVANPA_1_UNIT3","Ivanpah 3",905347,1,0.0191304347826087,0.980869565217391
"ARBWD_6_QF","Wind Resource II",206925,1,0.0191570881226053,0.980842911877395
"MTWIND_1_MVPWD1","Mountain View Power Project I Repower",615344,1,0.0191837502350949,0.980816249764905
"WOLFSK_1_UNITA1","Wolfskill Energy Center",165788,1,0.0191897654584221,0.980810234541578
"WOLFSK_1_UNITA1","Wolfskill Energy Center",852416,1,0.0191897654584221,0.980810234541578
"WOLFSK_1_UNITA1","Wolfskill Energy Center",158082,1,0.0191897654584221,0.980810234541578
"NGILAA_5_SDGDYN","NGILAA_5_SDGDYN",120783,1,0.0192054722441462,0.980794527755854
"STANIS_7_UNIT 1","STANISLAUS HYDRO",851143,1,0.0192307692307692,0.980769230769231
"ARBWD_6_QF","Wind Resource II",139242,1,0.0192455735180907,0.980754426481909
"AKINGS_6_AMESR1","American Kings Solar",418791,1,0.0193150684931506,0.980684931506849
"MNDALY_6_MCGRTH","McGrath Beach Peaker",286732,1,0.0193478260869565,0.980652173913043
"SLATE_2_SLASR2","SLATE_2",896410,1,0.0193932827735645,0.980606717226435
"BOGUE_1_UNITA1","Feather River Energy Center, Unit #1",167586,1,0.0194174757281554,0.980582524271845
"NCPA_7_GP2UN4","NCPA GEO PLANT 2 UNIT 4",360257,1,0.0194230769230769,0.980576923076923
"METEC_2_PL1X3","Metcalf Energy Center",129733,1,0.0194426229508195,0.98055737704918
"WARNE_2_UNIT","WARNE HYDRO AGGREGATE",529747,1,0.0194736842105264,0.980526315789474
"OBERON_5_O2SSR5","Oberon 2B Solar",164178,1,0.0194872863693204,0.98051271363068
"USWNDR_2_SMUD","SOLANO WIND FARM",118279,1,0.0195402298850575,0.980459770114942
"MNDALY_6_MCGRTH","McGrath Beach Peaker",421380,1,0.0195652173913043,0.980434782608696
"PIT7_7_UNIT 1","PIT PH 7 UNIT 1",127463,1,0.0195726342251751,0.980427365774825
"PIT7_7_UNIT 1","PIT PH 7 UNIT 1",462729,1,0.0195726342251751,0.980427365774825
"POEPH_7_UNIT 1","POE HYDRO UNIT 1",116825,1,0.0195824567082052,0.980417543291795
"SLATE_2_SLASR2","SLATE_2",131041,1,0.0196078431372548,0.980392156862745
"GARNET_2_WIND4","Windustries",643213,1,0.019607843137255,0.980392156862745
"ALTA6E_2_WIND10","Alta Wind 10",264747,1,0.0198355833773286,0.980164416622671
"RCKCRK_7_UNIT 2","ROCK CREEK HYDRO UNIT 2",261590,1,0.0198520825223823,0.980147917477618
"GYS5X6_7_UNITS","GEYSERS UNITS 5 & 6 AGGREGATE",131448,1,0.0198724603292304,0.98012753967077
"LECONT_2_LESBT1","LeConte Energy Storage",405491,1,0.0199115044247788,0.980088495575221
"GATEWY_2_GESBT1","Gateway Energy Storage",492855,1,0.0199115044247788,0.980088495575221
"WALCRK_2_CTG5","Walnut Creek Energy Park Unit 5",139204,1,0.0199999999999999,0.98
"FIFTHS_2_FSSBT","Fifth Standard Battery",170663,1,0.0199999999999999,0.98
"GASKW1_2_GW3SR1","Gaskell West 3",158034,1,0.02,0.98
"GASKW1_2_GW4SR1","Gaskell West 4",158034,1,0.02,0.98
"GASKW1_2_GW5SR1","Gaskell West 5",158034,1,0.02,0.98
"CONTRL_1_LUNDY","LUNDY",250408,1,0.02,0.98
"CHILLS_1_SYCENG","Sycamore Energy 1",752674,1,0.02,0.98
"CHILLS_1_SYCENG","Sycamore Energy 1",192200,1,0.02,0.98
"ELLIOT_6_ELIBT1","Elliott Energy Storage",963357,1,0.02,0.98
"OXMTN_6_LNDFIL","Ox Mountain Landfill Generating Plant",323555,1,0.02,0.98
"GLNARM_7_UNIT 1","GLEN ARM UNIT 1",961864,1,0.02,0.98
"PEORIA_1_SOLAR","Sonora 1",380369,1,0.02,0.98
"WESCAN_2_BDSBT1","Bateria Del Sur",932856,1,0.02,0.98
"ALMASL_2_AL6BT6","Almasol 6 BES",893185,1,0.0200000000000001,0.98
"ADLIN_1_UNITS","GEYSERS AIDLIN AGGREGATE",165858,1,0.0200000000000001,0.98
"MAGNLA_6_CERRITOS","Magnolia Power Plant Cerritos",779880,1,0.02,0.98
"MAGNLA_6_CERRITOS","Magnolia Power Plant Cerritos",196722,1,0.02,0.98
"LMBEPK_2_UNITA3","Goose Haven Energy Center, Unit #1",555191,1,0.0200421940928271,0.979957805907173
"CNTNLA_2_SOLAR1","Centinela Solar Energy I",108072,1,0.0200612036722205,0.97993879632778
"ALAMIT_7_ES1","Alamitos Energy Storage",834751,1,0.0201000000000001,0.9799
"RUSCTY_2_UNITS","Russell City Energy Center",304325,1,0.0201005025125628,0.979899497487437
"TRNQLT_2_RETBT1","RE Tranquillity BESS",529747,1,0.0201428571428571,0.979857142857143
"WISHON_6_UNITS","Wishon/San Joaquin  #1-A AGGREGATE",378896,1,0.0201438848920864,0.979856115107914
"DRUM_7_PL3X4","Drum PH 1 Units 3 & 4 Aggregate",455287,1,0.02015503875969,0.97984496124031
"SYCAMR_2_UNIT 2","Sycamore Cogeneration Unit 2",176680,1,0.0202702702702703,0.97972972972973
"SALTSP_7_UNITS","SALT SPRINGS HYDRO AGGREGATE",291137,1,0.0202941176470588,0.979705882352941
"IVANPA_1_UNIT3","Ivanpah 3",418791,1,0.0203478260869566,0.979652173913043
"OCTILO_5_WIND","Ocotillo Wind Energy Facility",201370,1,0.020360624622552,0.979639375377448
"RCKCRK_7_UNIT 2","ROCK CREEK HYDRO UNIT 2",713184,1,0.0204359673024524,0.979564032697548
"ADERA_1_SOLAR1","Adera Solar",105623,1,0.0205405405405405,0.97945945945946
"DEADCK_1_UNIT","DEADCK_1_UNIT",124669,1,0.0205479452054795,0.979452054794521
"SLATE_2_SLASR3","SLATE_3",261727,1,0.0205635948210205,0.97943640517898
"GEYS18_7_UNIT18","GEYSERS UNIT 18 (HEALDSBURG)",529747,1,0.0205714285714285,0.979428571428571
"MONTPH_7_UNITS","MONTICELLO HYDRO AGGREGATE",209945,1,0.0205882352941176,0.979411764705882
"WESCAN_2_BDSBT1","Bateria Del Sur",780584,1,0.0206565252201761,0.979343474779824
"SUNSHN_2_LNDFL","Sunshine Gas Producers",175167,1,0.0207692307692307,0.979230769230769
"BUCKWD_1_QF","Buckwind Re-powering project",725823,1,0.0207692307692307,0.979230769230769
"PIT7_7_UNIT 1","PIT PH 7 UNIT 1",178559,1,0.0208295923864249,0.979170407613575
"CHWCHL_1_UNIT","CHOW 2 PEAKER PLANT",111621,1,0.0208333333333333,0.979166666666667
"CHWCHL_1_UNIT","CHOW 2 PEAKER PLANT",462999,1,0.0208333333333333,0.979166666666667
"CHWCHL_1_UNIT","CHOW 2 PEAKER PLANT",114138,1,0.0208333333333333,0.979166666666667
"CHWCHL_1_UNIT","CHOW 2 PEAKER PLANT",241464,1,0.0208333333333333,0.979166666666667
"CHWCHL_1_UNIT","CHOW 2 PEAKER PLANT",698265,1,0.0208333333333333,0.979166666666667
"CHWCHL_1_UNIT","CHOW 2 PEAKER PLANT",188600,1,0.0208333333333333,0.979166666666667
"CHWCHL_1_UNIT","CHOW 2 PEAKER PLANT",145264,1,0.0208333333333333,0.979166666666667
"CHWCHL_1_UNIT","CHOW 2 PEAKER PLANT",628885,1,0.0208333333333333,0.979166666666667
"CHWCHL_1_UNIT","CHOW 2 PEAKER PLANT",258757,1,0.0208333333333333,0.979166666666667
"CHWCHL_1_UNIT","CHOW 2 PEAKER PLANT",118390,1,0.0208333333333333,0.979166666666667
"CHWCHL_1_UNIT","CHOW 2 PEAKER PLANT",119063,1,0.0208333333333333,0.979166666666667
"ASTORA_2_SOLAR1","Astoria 1",146716,1,0.0208333333333333,0.979166666666667
"ELCAJN_6_LM6K","El Cajon Energy Center",111621,1,0.0208333333333333,0.979166666666667
"ELCAJN_6_LM6K","El Cajon Energy Center",241464,1,0.0208333333333333,0.979166666666667
"ELCAJN_6_LM6K","El Cajon Energy Center",698265,1,0.0208333333333333,0.979166666666667
"ELCAJN_6_LM6K","El Cajon Energy Center",188600,1,0.0208333333333333,0.979166666666667
"ELCAJN_6_LM6K","El Cajon Energy Center",145264,1,0.0208333333333333,0.979166666666667
"ELCAJN_6_LM6K","El Cajon Energy Center",258757,1,0.0208333333333333,0.979166666666667
"ELCAJN_6_LM6K","El Cajon Energy Center",118390,1,0.0208333333333333,0.979166666666667
"ELCAJN_6_LM6K","El Cajon Energy Center",839931,1,0.0208333333333333,0.979166666666667
"OBERON_5_O2SSR5","Oberon 2B Solar",476474,1,0.0209090909090909,0.979090909090909
"COCOPP_2_CTG3","Marsh Landing 3",120025,1,0.0209999999999999,0.979
"USWNDR_2_SMUD2","Solano Wind Project Phase 3",123202,1,0.0210526315789473,0.978947368421053
"ARBWD_6_QF","Wind Resource II",152494,1,0.021072796934866,0.978927203065134
"ADERA_1_SOLAR1","Adera Solar",147407,1,0.0210810810810811,0.978918918918919
"ADERA_1_SOLAR1","Adera Solar",137893,1,0.0210810810810811,0.978918918918919
"GLNARM_7_UNIT 1","GLEN ARM UNIT 1",165103,1,0.0211111111111111,0.978888888888889
"WISHON_6_UNITS","Wishon/San Joaquin  #1-A AGGREGATE",272419,1,0.0211111111111111,0.978888888888889
"MAGNLA_6_CERRITOS","Magnolia Power Plant Cerritos",799732,1,0.0211111111111111,0.978888888888889
"GEYS13_7_UNIT13","GEYSERS UNIT 13 (HEALDSBURG)",603374,1,0.0211267605633803,0.97887323943662
"SUNCAT_2_A2BSR2","Arlington Solar Unit 2B",127378,1,0.0211363636363636,0.978863636363636
"SUNCAT_2_A1ABT1","Arlington Solar Unit 1A BESS",148758,1,0.0211764705882353,0.978823529411765
"GYS5X6_7_UNITS","GEYSERS UNITS 5 & 6 AGGREGATE",896410,1,0.0212071778140293,0.978792822185971
"PIT4_7_PL1X2","PIT PH 4 UNITS 1 & 2 AGGREGATE",389995,1,0.02125,0.97875
"SANBRN_2_ES1BT3","EdSan 1 Edwards 1",997249,1,0.02125,0.97875
"BRDSLD_2_SHLO3A","Shiloh III Wind Project, LLC",670863,1,0.0212737127371275,0.978726287262872
"WOLFSK_1_UNITA1","Wolfskill Energy Center",915712,1,0.0212765957446809,0.978723404255319
"WOLFSK_1_UNITA1","Wolfskill Energy Center",297766,1,0.0212765957446809,0.978723404255319
"WOLFSK_1_UNITA1","Wolfskill Energy Center",182906,1,0.0212765957446809,0.978723404255319
"BLAST_1_WIND","Mountain View IV Wind",142447,1,0.0212765957446809,0.978723404255319
"BLAST_1_WIND","Mountain View IV Wind",146423,1,0.0212765957446809,0.978723404255319
"BLAST_1_WIND","Mountain View IV Wind",306098,1,0.0212765957446809,0.978723404255319
"OGROVE_6_PL1X2","Orange Grove Energy Center",851143,1,0.0212765957446809,0.978723404255319
"EDWARD_2_ESSSB2","Sanborn Solar 2",458056,1,0.0213333333333333,0.978666666666667
"USWNDR_2_SMUD2","Solano Wind Project Phase 3",828735,1,0.0213493530499075,0.978650646950093
"INDIGO_1_UNIT 3","INDIGO PEAKER UNIT 3",160098,1,0.0213776722090263,0.978622327790974
"INDIGO_1_UNIT 3","INDIGO PEAKER UNIT 3",852416,1,0.0213776722090263,0.978622327790974
"INDIGO_1_UNIT 3","INDIGO PEAKER UNIT 3",158082,1,0.0213776722090263,0.978622327790974
"INDIGO_1_UNIT 1","INDIGO PEAKER UNIT 1",917872,1,0.021388888888889,0.978611111111111
"INDIGO_1_UNIT 2","INDIGO PEAKER UNIT 2",917872,1,0.021388888888889,0.978611111111111
"OAK C_7_UNIT 1","OAKLAND STATION C GT UNIT 1",157358,1,0.0214285714285715,0.978571428571429
"COCOPP_2_CTG3","Marsh Landing 3",722938,1,0.02145,0.97855
"RCKCRK_7_UNIT 1","ROCK CREEK HYDRO UNIT 1",157358,1,0.0215659607538372,0.978434039246163
"ELECTR_7_PL1X3","ELECTRA PH UNIT 1 & 2 AGGREGATE",182435,1,0.0215789473684211,0.978421052631579
"ALAMIT_7_ES1","Alamitos Energy Storage",261385,1,0.0217333333333333,0.978266666666667
"ESCNDO_6_EB2BT2","Escondido BESS 2",454499,1,0.0217391304347825,0.978260869565218
"YUBACT_1_SUNSWT","YUBA CITY COGEN",111621,1,0.0217391304347826,0.978260869565217
"YUBACT_1_SUNSWT","YUBA CITY COGEN",951689,1,0.0217391304347826,0.978260869565217
"YUBACT_1_SUNSWT","YUBA CITY COGEN",163688,1,0.0217391304347826,0.978260869565217
"YUBACT_1_SUNSWT","YUBA CITY COGEN",932153,1,0.0217391304347826,0.978260869565217
"YUBACT_1_SUNSWT","YUBA CITY COGEN",241464,1,0.0217391304347826,0.978260869565217
"YUBACT_1_SUNSWT","YUBA CITY COGEN",258757,1,0.0217391304347826,0.978260869565217
"YUBACT_1_SUNSWT","YUBA CITY COGEN",156192,1,0.0217391304347826,0.978260869565217
"MNDALY_6_MCGRTH","McGrath Beach Peaker",111621,1,0.0217391304347826,0.978260869565217
"MNDALY_6_MCGRTH","McGrath Beach Peaker",163688,1,0.0217391304347826,0.978260869565217
"MNDALY_6_MCGRTH","McGrath Beach Peaker",241464,1,0.0217391304347826,0.978260869565217
"MNDALY_6_MCGRTH","McGrath Beach Peaker",258757,1,0.0217391304347826,0.978260869565217
"MNDALY_6_MCGRTH","McGrath Beach Peaker",620765,1,0.0217391304347826,0.978260869565217
"MNDALY_6_MCGRTH","McGrath Beach Peaker",839931,1,0.0217391304347826,0.978260869565217
"VICTOR_1_CREST","Victor Aggregate Solar Resources",113235,1,0.0217391304347826,0.978260869565217
"ELECTR_7_PL1X3","ELECTRA PH UNIT 1 & 2 AGGREGATE",196140,1,0.0217741935483871,0.978225806451613
"RCKCRK_7_UNIT 2","ROCK CREEK HYDRO UNIT 2",192354,1,0.0217983651226159,0.978201634877384
"CALFTS_2_CFSSR1","California Flats Solar South",144886,1,0.0218579234972677,0.978142076502732
"OMAR_2_UNIT 3","KERN RIVER COGENERATION CO. UNIT 3",928471,1,0.021917808219178,0.978082191780822
"OMAR_2_UNIT 3","KERN RIVER COGENERATION CO. UNIT 3",156446,1,0.021917808219178,0.978082191780822
"OMAR_2_UNIT 1","KERN RIVER COGENERATION CO. UNIT 1",928471,1,0.021917808219178,0.978082191780822
"OMAR_2_UNIT 1","KERN RIVER COGENERATION CO. UNIT 1",156446,1,0.021917808219178,0.978082191780822
"OMAR_2_UNIT 2","KERN RIVER COGENERATION CO. UNIT 2",928471,1,0.021917808219178,0.978082191780822
"OMAR_2_UNIT 2","KERN RIVER COGENERATION CO. UNIT 2",156446,1,0.021917808219178,0.978082191780822
"GASKW1_2_GW3SR1","Gaskell West 3",155124,1,0.022,0.978
"GASKW1_2_GW4SR1","Gaskell West 4",155124,1,0.022,0.978
"GASKW1_2_GW5SR1","Gaskell West 5",155124,1,0.022,0.978
"TITANS_2_TTSSR1","Titan Solar 1 Pseudo",204333,1,0.0220000000000001,0.978
"YUBACT_6_UNITA1","Yuba City Energy Center (Calpine)",841533,1,0.0220454545454545,0.977954545454546
"BLAST_1_WIND","Mountain View IV Wind",154612,1,0.0221276595744681,0.977872340425532
"BLAST_1_WIND","Mountain View IV Wind",990961,1,0.0221276595744681,0.977872340425532
"CLRMNT_6_CLEBT1","Clairemont Energy Storage",170224,1,0.0222222222222221,0.977777777777778
"ESCNDO_6_EB1BT1","Escondido BESS 1",838066,1,0.0222222222222221,0.977777777777778
"TEHAPI_2_PW2WD2","Point Wind 2",345623,1,0.0222222222222222,0.977777777777778
"TRNSWD_1_QF","FPL Energy C Wind",719983,1,0.0222434064188115,0.977756593581188
"ARLVAL_5_SOLAR","Arlington Valley Solar Energy II",195275,1,0.0223,0.9777
"NEENCH_6_SOLAR","Alpine Solar",204333,1,0.0223404255319147,0.977659574468085
"YUBACT_1_SUNSWT","YUBA CITY COGEN",841533,1,0.0223913043478261,0.977608695652174
"AKINGS_6_AMESR1","American Kings Solar",993410,1,0.0224444444444444,0.977555555555556
"OCOTLO_6_OCWSB1","Ocotillo Wells Solar and BESS",951689,1,0.0225733634311512,0.977426636568849
"OCOTLO_6_OCWSB1","Ocotillo Wells Solar and BESS",932153,1,0.0225733634311512,0.977426636568849
"OCOTLO_6_OCWSB1","Ocotillo Wells Solar and BESS",156192,1,0.0225733634311512,0.977426636568849
"RCKCRK_7_UNIT 2","ROCK CREEK HYDRO UNIT 2",624752,1,0.0225768781627092,0.977423121837291
"INTMNT_3_RIVERSIDE","IPPDYN",145233,1,0.022686567164179,0.977313432835821
"RVRVEW_1_UNITA1","Riverview Energy Center (GP Antioch)",421380,1,0.0226890756302521,0.977310924369748
"ADERA_1_SOLAR1","Adera Solar",194175,1,0.0227027027027028,0.977297297297297
"ADERA_1_SOLAR1","Adera Solar",547694,1,0.0227027027027028,0.977297297297297
"BLVRDE_6_BLVBT1","Boulevard Energy Storage",997924,1,0.0227272727272726,0.977272727272727
"GLNARM_7_UNIT 2","GLEN ARM UNIT 2",113235,1,0.0227272727272727,0.977272727272727
"YUBACT_6_UNITA1","Yuba City Energy Center (Calpine)",951689,1,0.0227272727272727,0.977272727272727
"YUBACT_6_UNITA1","Yuba City Energy Center (Calpine)",160098,1,0.0227272727272727,0.977272727272727
"YUBACT_6_UNITA1","Yuba City Energy Center (Calpine)",163688,1,0.0227272727272727,0.977272727272727
"YUBACT_6_UNITA1","Yuba City Energy Center (Calpine)",932153,1,0.0227272727272727,0.977272727272727
"YUBACT_6_UNITA1","Yuba City Energy Center (Calpine)",465357,1,0.0227272727272727,0.977272727272727
"YUBACT_6_UNITA1","Yuba City Energy Center (Calpine)",156192,1,0.0227272727272727,0.977272727272727
"INTMNT_3_ANAHEIM","Intermountain Power Project",112707,1,0.0227464788732394,0.977253521126761
"YELPIN_2_YP2BT1","Yellow Pine 2 BESS",288336,1,0.0228040540540541,0.977195945945946
"ENWIND_2_WIND1","Cameron Ridge",189802,1,0.022808267997149,0.977191732002851
"LTBERA_1_LB1SR1","Little Bear Solar 1",386425,1,0.0228097459823742,0.977190254017626
"POEPH_7_UNIT 1","POE HYDRO UNIT 1",751688,1,0.0228192264120407,0.977180773587959
"BLAST_1_WIND","Mountain View IV Wind",928918,1,0.0229787234042553,0.977021276595745
"CANTUA_1_SOLAR","Cantua Solar Station",153613,1,0.023,0.977
"GARLND_2_GASLR","Garland B",127137,1,0.0231812913342879,0.976818708665712
"WESCAN_2_BDSBT1","Bateria Del Sur",181027,1,0.023218574859888,0.976781425140112
"SUNCAT_2_A1ABT1","Arlington Solar Unit 1A BESS",161142,1,0.0233333333333333,0.976666666666667
"MTWIND_1_MVPWD1","Mountain View Power Project I Repower",694071,1,0.0233853006681514,0.976614699331849
"BLAST_1_WIND","Mountain View IV Wind",208876,1,0.023404255319149,0.976595744680851
"BEKWJS_5_BV1SCEDYN","Broadview 1",458056,1,0.0234343434343434,0.976565656565657
"PIT7_7_UNIT 1","PIT PH 7 UNIT 1",145917,1,0.0235230741605314,0.976476925839469
"PIT7_7_UNIT 1","PIT PH 7 UNIT 1",907297,1,0.0235230741605314,0.976476925839469
"AQUAWS_2_AQWSR1","Aquamarine Westside",112707,1,0.0235268630849219,0.976473136915078
"HATLOS_6_LSCRK","Lost Creek 1 & 2 Hydro Conversion",151875,1,0.0235294117647059,0.976470588235294
"BOGUE_1_UNITA1","Feather River Energy Center, Unit #1",121961,1,0.0236386661038414,0.976361333896159
"IVANPA_1_UNIT1","Ivanpah 1",405491,1,0.0237190082644628,0.976280991735537
"MIRLOM_2_MLBBTB","Mira Loma BESS B",209856,1,0.02375,0.97625
"ADERA_1_SOLAR1","Adera Solar",878195,1,0.0237837837837839,0.976216216216216
"ALAMIT_7_ES1","Alamitos Energy Storage",383965,1,0.0238,0.9762
"GARNET_2_WIND5","Eastwind",198022,1,0.0238095238095237,0.976190476190476
"OGROVE_6_PL1X2","Orange Grove Energy Center",261385,1,0.0238297872340425,0.976170212765958
"SLATE_2_SLASR2","SLATE_2",140162,1,0.0238353196099675,0.976164680390032
"STANTN_2_STAGT1","Stanton 1",324007,1,0.024,0.976
"CHEVMN_2_UNITS","CHEVRON U.S.A. UNITS 1 & 2 AGGREGATE",828735,1,0.024,0.976
"KERNRG_1_UNITS","South Belridge Cogen Facility",730262,1,0.0240000000000001,0.976
"ALTA3A_2_CPCE5","Alta Wind 5",961257,1,0.0240963855421687,0.975903614457831
"DSRTSL_2_SOLAR1","Desert Stateline",153860,1,0.0241617549474999,0.9758382450525
"GYS7X8_7_UNITS","GEYSERS UNITS 7 & 8 AGGREGATE",389995,1,0.0241776315789473,0.975822368421053
"MTWIND_1_MVPWD1","Mountain View Power Project I Repower",751688,1,0.0242618017679144,0.975738198232086
"PARDSE_6_PESBT1","Paradise Energy Storage",209856,1,0.0242857142857143,0.975714285714286
"MSTANG_2_MTGBT1","Mustang 1 BESS",233468,1,0.0243589743589744,0.975641025641026
"HUMBPP_1_UNITS3","Humboldt Bay Generating Station 3",830513,1,0.0243802499487809,0.975619750051219
"BRDSLD_2_SHLO3A","Shiloh III Wind Project, LLC",701361,1,0.024390243902439,0.975609756097561
"VESTAL_2_WELLHD","Wellhead Power Delano",915712,1,0.024390243902439,0.975609756097561
"PIT5_7_PL3X4","PIT PH 5 UNITS 3 & 4 AGGREGATE",798391,1,0.024390243902439,0.975609756097561
"CARBOU_7_PL4X5","CARIBOU PH 2 UNIT 4 & 5 AGGREGATE",118485,1,0.0244262295081968,0.975573770491803
"IVANPA_1_UNIT1","Ivanpah 1",143349,1,0.0244318181818182,0.975568181818182
"WALCRK_2_CTG3","Walnut Creek Energy Park Unit 3",147614,1,0.0245360824742266,0.975463917525773
"TULLCK_7_UNITS","Tullock Hydro",839810,1,0.0245614035087718,0.975438596491228
"GARNET_2_COAWD2","Coachella 2",323555,1,0.024602026049204,0.975397973950796
"ELLIOT_6_ELIBT1","Elliott Energy Storage",916013,1,0.0246153846153846,0.975384615384615
"GASKW1_2_GW3SR1","Gaskell West 3",798849,1,0.0246666666666666,0.975333333333333
"GASKW1_2_GW4SR1","Gaskell West 4",798849,1,0.0246666666666666,0.975333333333333
"GASKW1_2_GW5SR1","Gaskell West 5",798849,1,0.0246666666666666,0.975333333333333
"EDWARD_2_ESSSB2","Sanborn Solar 2",914978,1,0.0246666666666667,0.975333333333333
"MCFLND_5_MFSSR1","McFarland Solar A PV",358008,1,0.0246913580246914,0.975308641975309
"MSTANG_2_SOLAR4","Mustang 4",620521,1,0.0247058823529413,0.975294117647059
"WALNUT_6_HILLGEN","Puente Hills",710387,1,0.0247368421052631,0.975263157894737
"PIT4_7_PL1X2","PIT PH 4 UNITS 1 & 2 AGGREGATE",854844,1,0.02475,0.97525
"WALCRK_2_CTG1","Walnut Creek Energy Park Unit 1",670863,1,0.02475,0.97525
"OMAR_2_UNIT 3","KERN RIVER COGENERATION CO. UNIT 3",643444,1,0.0247945205479452,0.975205479452055
"OMAR_2_UNIT 4","KERN RIVER COGENERATION CO. UNIT 4",643444,1,0.0247945205479452,0.975205479452055
"IVANPA_1_UNIT1","Ivanpah 1",170587,1,0.0248376623376624,0.975162337662338
"VESTAL_2_WELLHD","Wellhead Power Delano",744292,1,0.0248780487804879,0.975121951219512
"ARCOGN_2_UNITS","WATSON COGENERATION",475261,1,0.0248780487804878,0.975121951219512
"KEARNY_6_NESBT1","Kearny North Energy Storage",838066,1,0.0248833592534992,0.975116640746501
"BOGUE_1_UNITA1","Feather River Energy Center, Unit #1",130812,1,0.0249050232165469,0.975094976783453
"BOGUE_1_UNITA1","Feather River Energy Center, Unit #1",851094,1,0.0249050232165472,0.975094976783453
"CONTRL_1_LUNDY","LUNDY",441965,1,0.0249999999999999,0.975
"TEHAPI_2_PW2WD2","Point Wind 2",153772,1,0.025,0.975
"GARNET_1_WIND","GARNET WIND ENERGY CENTER",211201,1,0.0249999999999999,0.975
"CHWCHL_1_UNIT","CHOW 2 PEAKER PLANT",721764,1,0.0250000000000001,0.975
"STANTN_2_STAGT1","Stanton 1",444308,1,0.025,0.975
"STANTN_2_STAGT1","Stanton 1",465357,1,0.025,0.975
"KERNRG_1_UNITS","South Belridge Cogen Facility",119063,1,0.025,0.975
"KERNRG_1_UNITS","South Belridge Cogen Facility",577464,1,0.025,0.975
"ELCAJN_6_LM6K","El Cajon Energy Center",721764,1,0.0250000000000001,0.975
"MOORPK_2_CALABS","Calabasas Gas-to-Energy Facility",179478,1,0.0250000000000002,0.975
"GENESI_2_STG","Genesis Station",106181,1,0.0251199999999999,0.97488
"ATHOS_5_AP2X2","Athos Power Plant 2",122732,1,0.0251231527093596,0.97487684729064
"WESCAN_2_BDSBT1","Bateria Del Sur",405491,1,0.0251968503937008,0.974803149606299
"CHWCHL_1_UNIT","CHOW 2 PEAKER PLANT",744292,1,0.0252083333333333,0.974791666666667
"CHWCHL_1_UNIT","CHOW 2 PEAKER PLANT",209550,1,0.0252083333333333,0.974791666666667
"ELCAJN_6_LM6K","El Cajon Energy Center",529201,1,0.0252083333333333,0.974791666666667
"ELCAJN_6_LM6K","El Cajon Energy Center",209550,1,0.0252083333333333,0.974791666666667
"YUBACT_1_SUNSWT","YUBA CITY COGEN",713009,1,0.0252173913043478,0.974782608695652
"MNDALY_6_MCGRTH","McGrath Beach Peaker",713009,1,0.0252173913043478,0.974782608695652
"OCOTLO_6_OCWSB1","Ocotillo Wells Solar and BESS",288377,1,0.0252821670428895,0.97471783295711
"ALTA3A_2_CPCE4","Alta Wind 4",207585,1,0.0253125000000001,0.9746875
"ASTORA_2_SOLAR1","Astoria 1",207585,1,0.0253125000000001,0.9746875
"GASKW1_2_GW3SR1","Gaskell West 3",731498,1,0.0253333333333334,0.974666666666667
"GASKW1_2_GW4SR1","Gaskell West 4",731498,1,0.0253333333333334,0.974666666666667
"GASKW1_2_GW5SR1","Gaskell West 5",731498,1,0.0253333333333334,0.974666666666667
"GLNARM_7_UNIT 1","GLEN ARM UNIT 1",148264,1,0.0253333333333334,0.974666666666667
"CAVLSR_2_BSOLAR","California Valley Solar Ranch-Phase B",129252,1,0.0253571428571429,0.974642857142857
"KRAMER_1_R1BX3","Resurgence 1 BESS",288336,1,0.0254000000000001,0.9746
"GEYS11_7_UNIT11","GEYSERS UNIT 11 (HEALDSBURG)",905955,1,0.0254285714285714,0.974571428571429
"CRSTWD_6_KUMYAY","Kumeyaay Wind Farm",179047,1,0.0254285714285714,0.974571428571429
"MNDALY_6_MCGRTH","McGrath Beach Peaker",166981,1,0.0254347826086957,0.974565217391304
"CHEVMN_2_UNITS","CHEVRON U.S.A. UNITS 1 & 2 AGGREGATE",641340,1,0.0254736842105263,0.974526315789474
"CALFTS_2_CFSSR1","California Flats Solar South",590225,1,0.0255009107468124,0.974499089253188
"ADLIN_1_UNITS","GEYSERS AIDLIN AGGREGATE",214685,1,0.0255555555555556,0.974444444444444
"USWNDR_2_SMUD2","Solano Wind Project Phase 3",780584,1,0.0255639097744361,0.974436090225564
"SUNCAT_2_A2ABT2","Arlington Solar Unit 2A BESS",112563,1,0.0255652173913043,0.974434782608696
"GARNET_2_WIND3","San Gorgonio East",220818,1,0.0255720053835801,0.97442799461642
"ALTA3A_2_CPCE4","Alta Wind 4",154678,1,0.0256249999999999,0.974375
"ASTORA_2_SOLAR1","Astoria 1",154678,1,0.0256249999999999,0.974375
"PARDSE_6_PESBT1","Paradise Energy Storage",800958,1,0.0256410256410256,0.974358974358974
"PARDSE_6_PESBT1","Paradise Energy Storage",468693,1,0.0256410256410256,0.974358974358974
"PARDSE_6_PESBT1","Paradise Energy Storage",940797,1,0.0256410256410256,0.974358974358974
"PARDSE_6_PESBT1","Paradise Energy Storage",691906,1,0.0256410256410256,0.974358974358974
"PARDSE_6_PESBT1","Paradise Energy Storage",135714,1,0.0256410256410256,0.974358974358974
"BLVRDE_6_BLVBT1","Boulevard Energy Storage",218483,1,0.0256410256410256,0.974358974358974
"BLVRDE_6_BLVBT1","Boulevard Energy Storage",346252,1,0.0256410256410256,0.974358974358974
"WARNE_2_UNIT","WARNE HYDRO AGGREGATE",798391,1,0.0256410256410256,0.974358974358974
"YUBACT_1_SUNSWT","YUBA CITY COGEN",528875,1,0.0256521739130435,0.974347826086957
"MNDALY_6_MCGRTH","McGrath Beach Peaker",528875,1,0.0256521739130435,0.974347826086957
"POEPH_7_UNIT 1","POE HYDRO UNIT 1",172299,1,0.0257323191454929,0.974267680854507
"PARDSE_6_PESBT1","Paradise Energy Storage",834639,1,0.0257731958762887,0.974226804123711
"CRESTA_7_PL1X2","CRESTA PH UNIT 1 & 2 AGGREGATE",248020,1,0.0258522727272728,0.974147727272727
"GARNET_2_WIND4","Windustries",376549,1,0.0258823529411765,0.974117647058823
"RUSSELL_2_SOLANO1","Solano Renewables 1",705107,1,0.0259372902483459,0.974062709751654
"PIT3_7_PL1X3","PIT PH 3 UNITS 1, 2 & 3 AGGREGATE",155211,1,0.02603550295858,0.97396449704142
"ASTORA_2_SOLAR1","Astoria 1",837024,1,0.0260416666666667,0.973958333333333
"GUERNS_6_SOLAR","Guernsey Solar Station",175167,1,0.026060606060606,0.973939393939394
"IVANPA_1_UNIT3","Ivanpah 3",525442,1,0.0260869565217391,0.973913043478261
"PIT1_7_UNIT 1","PIT PH 1 UNIT 1",411064,1,0.0260869565217392,0.973913043478261
"MSTANG_2_SOLAR","Mustang",455287,1,0.0260869565217392,0.973913043478261
"INDIGO_1_UNIT 3","INDIGO PEAKER UNIT 3",465357,1,0.026128266033254,0.973871733966746
"INTMNT_3_RIVERSIDE","IPPDYN",932856,1,0.0261761892338465,0.973823810766154
"INTMNT_3_RIVERSIDE","IPPDYN",418791,1,0.0261761892338465,0.973823810766154
"ALTA6E_2_WIND10","Alta Wind 10",867677,1,0.0262463232521306,0.97375367674787
"MSTANG_2_SOLAR","Mustang",620521,1,0.02625,0.97375
"OXMTN_6_LNDFIL","Ox Mountain Landfill Generating Plant",222736,1,0.0263157894736842,0.973684210526316
"OXMTN_6_LNDFIL","Ox Mountain Landfill Generating Plant",760220,1,0.0263157894736842,0.973684210526316
"OXMTN_6_LNDFIL","Ox Mountain Landfill Generating Plant",182278,1,0.0263157894736842,0.973684210526316
"TRNQLT_2_SOLAR","Tranquillity",193259,1,0.0263239074550129,0.973676092544987
"IVANPA_1_UNIT3","Ivanpah 3",123202,1,0.0263478260869565,0.973652173913043
"OGROVE_6_PL1X2","Orange Grove Energy Center",202220,1,0.0263829787234043,0.973617021276596
"RUSSELL_2_SOLANO1","Solano Renewables 1",360573,1,0.0264167226004412,0.973583277399559
"COLUSA_2_PL1X3","Colusa Generating Station",123314,1,0.0264516129032258,0.973548387096774
"COLGAT_7_UNIT 2","Colgate Powerhouse Unit 2",137023,1,0.0264979708761042,0.973502029123896
"MSTANG_2_SOLAR3","Mustang 3",186841,1,0.0265000000000001,0.9735
"PALOMR_2_PL1X3","Palomar Energy Center",123314,1,0.026530612244898,0.973469387755102
"PIT4_7_PL1X2","PIT PH 4 UNITS 1 & 2 AGGREGATE",581281,1,0.0265454545454546,0.973454545454545
"LECONT_2_LESBT1","LeConte Energy Storage",650182,1,0.0265486725663717,0.973451327433628
"MSTANG_2_SOLAR4","Mustang 4",285521,1,0.026615969581749,0.973384030418251
"SLATE_2_SLASR2","SLATE_2",670863,1,0.0266522210184183,0.973347778981582
"CONTRL_1_RUSHCK","RUSH CREEK",321383,1,0.0266666666666665,0.973333333333333
"WISHON_6_UNITS","Wishon/San Joaquin  #1-A AGGREGATE",100919,1,0.0266666666666666,0.973333333333333
"ASTORA_2_SOLAR1","Astoria 1",896410,1,0.0266666666666667,0.973333333333333
"ESCNDO_6_EB2BT2","Escondido BESS 2",347450,1,0.0266666666666667,0.973333333333333
"USWNDR_2_LABWD1","LaBrisa Wind Project",347450,1,0.0266666666666667,0.973333333333333
"USWNDR_2_LABWD1","LaBrisa Wind Project",170224,1,0.0266666666666667,0.973333333333333
"POEPH_7_UNIT 2","POE HYDRO UNIT 2",321061,1,0.0266666666666667,0.973333333333333
"SUNCAT_2_A1ABT1","Arlington Solar Unit 1A BESS",130812,1,0.0266666666666667,0.973333333333333
"IVANPA_1_UNIT3","Ivanpah 3",780584,1,0.026695652173913,0.973304347826087
"CALFTN_2_SOLAR","California Flats North",264747,1,0.0267391304347825,0.973260869565218
"KERRGN_1_UNIT 1","KERN RIVER HYDRO UNITS 1-4 AGGREGATE",768776,1,0.02679978980557,0.97320021019443
"MSTANG_2_SOLAR","Mustang",155502,1,0.0268456375838926,0.973154362416107
"RCKCRK_7_UNIT 2","ROCK CREEK HYDRO UNIT 2",736984,1,0.026858699883223,0.973141300116777
"RCKCRK_7_UNIT 2","ROCK CREEK HYDRO UNIT 2",208011,1,0.026858699883223,0.973141300116777
"DRACKR_2_DSUBT1","Dracker Solar Unit 1 BESS",182859,1,0.0269133725820017,0.973086627417998
"PIT5_7_PL1X2","PIT PH 5 UNITS 1 & 2 AGGREGATE",389995,1,0.0269135802469137,0.973086419753086
"NCPA_7_GP2UN4","NCPA GEO PLANT 2 UNIT 4",469196,1,0.0269230769230769,0.973076923076923
"VICTOR_1_CREST","Victor Aggregate Solar Resources",498502,1,0.0269565217391305,0.97304347826087
"BASICE_2_UNITS","King City Cogen",124574,1,0.027,0.973
"MORWD_6_QF","Morwind",204091,1,0.0270190895741555,0.972980910425844
"ADERA_1_SOLAR1","Adera Solar",978123,1,0.027027027027027,0.972972972972973
"ADERA_1_SOLAR1","Adera Solar",213484,1,0.027027027027027,0.972972972972973
"ADERA_1_SOLAR1","Adera Solar",197260,1,0.027027027027027,0.972972972972973
"ADERA_1_SOLAR1","Adera Solar",527683,1,0.027027027027027,0.972972972972973
"ADERA_1_SOLAR1","Adera Solar",160554,1,0.027027027027027,0.972972972972973
"KERRGN_1_UNIT 1","KERN RIVER HYDRO UNITS 1-4 AGGREGATE",190023,1,0.027027027027027,0.972972972972973
"SYCAMR_2_UNIT 2","Sycamore Cogeneration Unit 2",113373,1,0.027027027027027,0.972972972972973
"SYCAMR_2_UNIT 2","Sycamore Cogeneration Unit 2",113402,1,0.027027027027027,0.972972972972973
"SYCAMR_2_UNIT 1","Sycamore Cogeneration Unit 1",603374,1,0.027027027027027,0.972972972972973
"GYS5X6_7_UNITS","GEYSERS UNITS 5 & 6 AGGREGATE",360176,1,0.027142857142857,0.972857142857143
"DRACKR_2_DSUBT2","Dracker Solar Unit 2 BESS",112391,1,0.0271859635592403,0.97281403644076
"JOANEC_2_ST3BT3","Santa Ana Storage 3",361629,1,0.0271875,0.9728125
"POEPH_7_UNIT 1","POE HYDRO UNIT 1",895511,1,0.0271888655122188,0.972811134487781
"CAVLSR_2_RSOLAR","California Valley Solar Ranch-Phase A",358008,1,0.0272108843537415,0.972789115646258
"GLNARM_7_UNIT 1","GLEN ARM UNIT 1",550730,1,0.0272222222222221,0.972777777777778
"BOGUE_1_UNITA1","Feather River Energy Center, Unit #1",886708,1,0.0272266779231745,0.972773322076826
"TITANS_2_TTSSR1","Titan Solar 1 Pseudo",615344,1,0.0272500000000001,0.97275
"SPAULD_6_UNIT12","SPAULDING HYDRO PH 1 & 2 AGGREGATE",294553,1,0.0272727272727271,0.972727272727273
"IVWEST_2_SOLAR1","Imperial Valley West ( Q # 608)",196895,1,0.0272727272727273,0.972727272727273
"ADLIN_1_UNITS","GEYSERS AIDLIN AGGREGATE",206925,1,0.0272727272727273,0.972727272727273
"INTMNT_3_RIVERSIDE","IPPDYN",112563,1,0.0273134328358209,0.972686567164179
"GASKW1_2_GW3SR1","Gaskell West 3",198508,1,0.0273333333333333,0.972666666666667
"GASKW1_2_GW4SR1","Gaskell West 4",198508,1,0.0273333333333333,0.972666666666667
"GASKW1_2_GW5SR1","Gaskell West 5",198508,1,0.0273333333333333,0.972666666666667
"LECONT_2_LESBT1","LeConte Energy Storage",170663,1,0.0273451327433629,0.972654867256637
"DEADCK_1_UNIT","DEADCK_1_UNIT",940234,1,0.0273972602739726,0.972602739726027
"OMAR_2_UNIT 3","KERN RIVER COGENERATION CO. UNIT 3",844979,1,0.0273972602739726,0.972602739726027
"OMAR_2_UNIT 3","KERN RIVER COGENERATION CO. UNIT 3",787026,1,0.0273972602739726,0.972602739726027
"OMAR_2_UNIT 3","KERN RIVER COGENERATION CO. UNIT 3",248020,1,0.0273972602739726,0.972602739726027
"OMAR_2_UNIT 4","KERN RIVER COGENERATION CO. UNIT 4",248020,1,0.0273972602739726,0.972602739726027
"OMAR_2_UNIT 1","KERN RIVER COGENERATION CO. UNIT 1",844979,1,0.0273972602739726,0.972602739726027
"OMAR_2_UNIT 1","KERN RIVER COGENERATION CO. UNIT 1",787026,1,0.0273972602739726,0.972602739726027
"OMAR_2_UNIT 2","KERN RIVER COGENERATION CO. UNIT 2",844979,1,0.0273972602739726,0.972602739726027
"OMAR_2_UNIT 2","KERN RIVER COGENERATION CO. UNIT 2",787026,1,0.0273972602739726,0.972602739726027
"SYCAMR_2_UNIT 1","Sycamore Cogeneration Unit 1",895511,1,0.0273972602739726,0.972602739726027
"SYCAMR_2_UNIT 1","Sycamore Cogeneration Unit 1",159511,1,0.0273972602739726,0.972602739726027
"SYCAMR_2_UNIT 1","Sycamore Cogeneration Unit 1",844979,1,0.0273972602739726,0.972602739726027
"SYCAMR_2_UNIT 1","Sycamore Cogeneration Unit 1",962064,1,0.0273972602739726,0.972602739726027
"SYCAMR_2_UNIT 1","Sycamore Cogeneration Unit 1",184942,1,0.0273972602739726,0.972602739726027
"SYCAMR_2_UNIT 1","Sycamore Cogeneration Unit 1",742355,1,0.0273972602739726,0.972602739726027
"AQUAWS_2_AQWSR1","Aquamarine Westside",723063,1,0.0275563258232235,0.972443674176776
"AKINGS_6_AMESR1","American Kings Solar",277359,1,0.0275862068965517,0.972413793103448
"AKINGS_6_AMESR1","American Kings Solar",676452,1,0.0275862068965517,0.972413793103448
"ALTA6E_2_WIND10","Alta Wind 10",623762,1,0.0276038916962063,0.972396108303794
"BOGUE_1_UNITA1","Feather River Energy Center, Unit #1",187948,1,0.027648796960743,0.972351203039257
"BLAST_1_WIND","Mountain View IV Wind",167586,1,0.027659574468085,0.972340425531915
"DREWS_6_PL1X4","Drews Generating Plant",685873,1,0.027697262479871,0.972302737520129
"USWNDR_2_SMUD2","Solano Wind Project Phase 3",476474,1,0.0277264325323474,0.972273567467653
"SYCAMR_2_UNIT 3","Sycamore Cogeneration Unit 3",141180,1,0.0277777777777778,0.972222222222222
"SYCAMR_2_UNIT 3","Sycamore Cogeneration Unit 3",155960,1,0.0277777777777778,0.972222222222222
"SYCAMR_2_UNIT 3","Sycamore Cogeneration Unit 3",787026,1,0.0277777777777778,0.972222222222222
"SYCAMR_2_UNIT 3","Sycamore Cogeneration Unit 3",140315,1,0.0277777777777778,0.972222222222222
"SYCAMR_2_UNIT 3","Sycamore Cogeneration Unit 3",129089,1,0.0277777777777778,0.972222222222222
"SYCAMR_2_UNIT 4","Sycamore Cogeneration Unit 4",141180,1,0.0277777777777778,0.972222222222222
"SYCAMR_2_UNIT 4","Sycamore Cogeneration Unit 4",155960,1,0.0277777777777778,0.972222222222222
"SYCAMR_2_UNIT 4","Sycamore Cogeneration Unit 4",787026,1,0.0277777777777778,0.972222222222222
"SYCAMR_2_UNIT 4","Sycamore Cogeneration Unit 4",140315,1,0.0277777777777778,0.972222222222222
"SYCAMR_2_UNIT 4","Sycamore Cogeneration Unit 4",129089,1,0.0277777777777778,0.972222222222222
"GLNARM_7_UNIT 2","GLEN ARM UNIT 2",190023,1,0.0277777777777778,0.972222222222222
"HAASPH_7_PL1X2","HAAS PH UNIT 1 & 2 AGGREGATE",421333,1,0.0277777777777778,0.972222222222222
"HAASPH_7_PL1X2","HAAS PH UNIT 1 & 2 AGGREGATE",195432,1,0.0277777777777778,0.972222222222222
"INDIGO_1_UNIT 1","INDIGO PEAKER UNIT 1",279536,1,0.0277777777777778,0.972222222222222
"INDIGO_1_UNIT 2","INDIGO PEAKER UNIT 2",279536,1,0.0277777777777778,0.972222222222222
"SLSTR2_2_SOLAR2","Solar Star 2",475261,1,0.0277777777777778,0.972222222222222
"OBERON_5_O2BBX2","Oberon 2 BESS",867677,1,0.0278494623655914,0.972150537634409
"GUERNS_6_SOLAR","Guernsey Solar Station",819841,1,0.0278787878787879,0.972121212121212
"MORWD_6_QF","Morwind",785219,1,0.0279001468428782,0.972099853157122
"SYCAMR_2_UNIT 1","Sycamore Cogeneration Unit 1",671897,1,0.0279729729729729,0.972027027027027
"LTBERA_1_LB1SR1","Little Bear Solar 1",133829,1,0.0279937791601866,0.972006220839813
"BOGUE_1_UNITA1","Feather River Energy Center, Unit #1",161142,1,0.0280709159983115,0.971929084001689
"BOGUE_1_UNITA1","Feather River Energy Center, Unit #1",478596,1,0.0280709159983116,0.971929084001688
"GEYS13_7_UNIT13","GEYSERS UNIT 13 (HEALDSBURG)",182568,1,0.028169014084507,0.971830985915493
"GEYS13_7_UNIT13","GEYSERS UNIT 13 (HEALDSBURG)",428176,1,0.028169014084507,0.971830985915493
"SLATE_2_SLASR3","SLATE_3",288336,1,0.0281797410510281,0.971820258948972
"WALCRK_2_CTG5","Walnut Creek Energy Park Unit 5",849325,1,0.0282500000000001,0.97175
"YUBACT_1_SUNSWT","YUBA CITY COGEN",116743,1,0.0282608695652173,0.971739130434783
"MNDALY_6_MCGRTH","McGrath Beach Peaker",116743,1,0.0282608695652173,0.971739130434783
"TRNQLT_2_SOLAR","Tranquillity",639090,1,0.0282776349614396,0.97172236503856
"TRNQLT_2_SOLAR","Tranquillity",199688,1,0.0282776349614396,0.97172236503856
"TRNQLT_2_SOLAR","Tranquillity",173802,1,0.0282776349614396,0.97172236503856
"VSTAES_6_VESBT1","Vista Energy Storage",189802,1,0.0284210526315789,0.971578947368421
"RUSCTY_2_UNITS","Russell City Energy Center",445404,1,0.0284757118927973,0.971524288107203
"CNTNLA_2_SOLAR1","Centinela Solar Energy I",867677,1,0.0285,0.9715
"ENWIND_2_WIND1","Cameron Ridge",628632,1,0.0285103349964362,0.971489665003564
"TRNQLT_2_RETBT1","RE Tranquillity BESS",113373,1,0.0285714285714286,0.971428571428571
"TRNQLT_2_RETBT1","RE Tranquillity BESS",113402,1,0.0285714285714286,0.971428571428571
"TRNQLT_2_RETBT1","RE Tranquillity BESS",140315,1,0.0285714285714286,0.971428571428571
"TRNQLT_2_RETBT1","RE Tranquillity BESS",159511,1,0.0285714285714286,0.971428571428571
"GARLND_2_GARBT1","Garland B BESS",798542,1,0.0285714285714286,0.971428571428571
"JOANEC_2_STABT2","Santa Ana Storage 2",168751,1,0.0285714285714286,0.971428571428571
"CRSTWD_6_KUMYAY","Kumeyaay Wind Farm",158082,1,0.0285714285714286,0.971428571428571
"BISHOP_1_ALAMO","BISHOP CREEK PLANT 2  AND  6",858482,1,0.0285714285714286,0.971428571428571
"PNCHPP_1_PL1X2","Midway Peaking Aggregate",181027,1,0.0286022665947113,0.971397733405289
"ALMASL_2_AL6BT6","Almasol 6 BES",890505,1,0.0286363636363636,0.971363636363636
"INTMNT_3_RIVERSIDE","IPPDYN",166745,1,0.0286567164179105,0.97134328358209
"BEKWJS_5_BV1SCEDYN","Broadview 1",143349,1,0.0286868686868687,0.971313131313131
"VICTOR_1_CREST","Victor Aggregate Solar Resources",517313,1,0.028695652173913,0.971304347826087
"WOLFSK_1_UNITA1","Wolfskill Energy Center",555191,1,0.0287234042553192,0.971276595744681
"MIRLOM_2_MLBBTB","Mira Loma BESS B",205771,1,0.0287500000000001,0.97125
"WALCRK_2_CTG5","Walnut Creek Energy Park Unit 5",147614,1,0.0287784679089026,0.971221532091097
"WALCRK_2_CTG2","Walnut Creek Energy Park Unit 2",147614,1,0.0287784679089027,0.971221532091097
"GYS7X8_7_UNITS","GEYSERS UNITS 7 & 8 AGGREGATE",131041,1,0.0287828947368421,0.971217105263158
"GYS7X8_7_UNITS","GEYSERS UNITS 7 & 8 AGGREGATE",210154,1,0.0287828947368421,0.971217105263158
"GEYS20_7_UNIT20","GEYSERS UNIT 20 (HEALDSBURG)",141208,1,0.0288235294117646,0.971176470588235
"HUMBPP_1_UNITS3","Humboldt Bay Generating Station 3",303003,1,0.0288875230485557,0.971112476951444
"DRACKR_2_DSUBT2","Dracker Solar Unit 2 BESS",245517,1,0.0289212378289791,0.971078762171021
"ALAMIT_7_ES1","Alamitos Energy Storage",941221,1,0.0289333333333334,0.971066666666667
"BOGUE_1_UNITA1","Feather River Energy Center, Unit #1",480008,1,0.0291262135922329,0.970873786407767
"ETIWND_2_FONTNA","FONTANALYTLE CREEK POWERHOUSE P",798816,1,0.029126213592233,0.970873786407767
"MSOLAR_2_SOLAR1","Mesquite Solar 1",205413,1,0.029126213592233,0.970873786407767
"MSOLAR_2_SOLAR1","Mesquite Solar 1",100651,1,0.029126213592233,0.970873786407767
"OMAR_2_UNIT 1","KERN RIVER COGENERATION CO. UNIT 1",643444,1,0.0291780821917808,0.970821917808219
"OMAR_2_UNIT 2","KERN RIVER COGENERATION CO. UNIT 2",643444,1,0.0291780821917808,0.970821917808219
"CARBOU_7_PL2X3","CARIBOU PH 1 UNIT 2 & 3 AGGREGATE",120783,1,0.0292,0.9708
"DSRTSL_2_SOLAR1","Desert Stateline",135963,1,0.029235855715294,0.970764144284706
"ROSMDW_2_WIND1","Pacific Wind - Phase 1",181027,1,0.0294117647058824,0.970588235294118
"MRGT_6_TGEBT1","Top Gun Energy Storage",171240,1,0.0294117647058824,0.970588235294118
"RVRVEW_1_UNITA1","Riverview Energy Center (GP Antioch)",444308,1,0.0294117647058823,0.970588235294118
"RVRVEW_1_UNITA1","Riverview Energy Center (GP Antioch)",200325,1,0.0294117647058823,0.970588235294118
"RVRVEW_1_UNITA1","Riverview Energy Center (GP Antioch)",698265,1,0.0294117647058823,0.970588235294118
"RVRVEW_1_UNITA1","Riverview Energy Center (GP Antioch)",118390,1,0.0294117647058823,0.970588235294118
"OXMTN_6_LNDFIL","Ox Mountain Landfill Generating Plant",284463,1,0.0294736842105262,0.970526315789474
"CALFTN_2_CFSBT1","California Flats Solar Battery",157358,1,0.0295,0.9705
"LMBEPK_2_UNITA3","Goose Haven Energy Center, Unit #1",480008,1,0.0295358649789029,0.970464135021097
"CRESTA_7_PL1X2","CRESTA PH UNIT 1 & 2 AGGREGATE",529747,1,0.0295454545454545,0.970454545454545
"CLINESCO_3_PVDYN","CLINES CORNERS",458056,1,0.0295798319327731,0.970420168067227
"CHWCHL_1_UNIT","CHOW 2 PEAKER PLANT",997249,1,0.0295833333333334,0.970416666666667
"CHWCHL_1_UNIT","CHOW 2 PEAKER PLANT",917526,1,0.0295833333333334,0.970416666666667
"ELCAJN_6_LM6K","El Cajon Energy Center",917526,1,0.0295833333333334,0.970416666666667
"CARBOU_7_PL4X5","CARIBOU PH 2 UNIT 4 & 5 AGGREGATE",124574,1,0.0296610169491525,0.970338983050847
"ARBWD_6_QF","Wind Resource II",316580,1,0.0296934865900384,0.970306513409962
"HAASPH_7_PL1X2","HAAS PH UNIT 1 & 2 AGGREGATE",905347,1,0.0297222222222222,0.970277777777778
"CONTRL_1_LUNDY","LUNDY",104220,1,0.03,0.97
"CHILLS_1_SYCENG","Sycamore Energy 1",641329,1,0.03,0.97
"CHILLS_1_SYCENG","Sycamore Energy 1",641860,1,0.03,0.97
"ELLIOT_6_ELIBT1","Elliott Energy Storage",292435,1,0.03,0.97
"CRSTWD_6_KUMYAY","Kumeyaay Wind Farm",291137,1,0.03,0.97
"PEORIA_1_SOLAR","Sonora 1",663237,1,0.03,0.97
"ARLVAL_5_SOLAR","Arlington Valley Solar Energy II",932856,1,0.03,0.97
"SCHNDR_1_WSTSDE","Westside Solar Station",147735,1,0.0300000000000001,0.97
"CARBOU_7_UNIT 1","CARIBOU PH 1 UNIT 1",124287,1,0.0300000000000001,0.97
"DRACKR_2_DSUBT2","Dracker Solar Unit 2 BESS",422151,1,0.0300780873421381,0.969921912657862
"GYS7X8_7_UNITS","GEYSERS UNITS 7 & 8 AGGREGATE",837024,1,0.0301003344481605,0.96989966555184
"LECEF_1_UNITS","LOS ESTEROS ENERGY FACILITY AGGREGATE",122696,1,0.0301363636363637,0.969863636363636
"SLATE_2_SLASR2","SLATE_2",517658,1,0.0301470588235293,0.969852941176471
"YELPIN_2_YP2BT1","Yellow Pine 2 BESS",650623,1,0.0302066772655008,0.969793322734499
"NORCNV_1_NCVBT1","North Central Valley",143349,1,0.0302158273381294,0.96978417266187
"OCOTLO_6_OCWSB1","Ocotillo Wells Solar and BESS",356834,1,0.0302483069977427,0.969751693002257
"ALAMIT_7_ES1","Alamitos Energy Storage",152145,1,0.0302666666666666,0.969733333333333
"GUERNS_6_SOLAR","Guernsey Solar Station",174158,1,0.0303030303030303,0.96969696969697
"GUERNS_6_SOLAR","Guernsey Solar Station",862299,1,0.0303030303030303,0.96969696969697
"GUERNS_6_SOLAR","Guernsey Solar Station",181364,1,0.0303030303030303,0.96969696969697
"GUERNS_6_SOLAR","Guernsey Solar Station",923750,1,0.0303030303030303,0.96969696969697
"BEKWJS_5_BV1SCEDYN","Broadview 1",105465,1,0.0303030303030303,0.96969696969697
"BUCKCK_7_PL1X2","BUCKS CREEK AGGREGATE",212542,1,0.0303030303030303,0.96969696969697
"CRSTWD_6_KUMYAY","Kumeyaay Wind Farm",444308,1,0.0303030303030303,0.96969696969697
"PIT7_7_UNIT 1","PIT PH 7 UNIT 1",364184,1,0.0303465613216018,0.969653438678398
"MSOLAR_2_SOLAR1","Mesquite Solar 1",805736,1,0.0303559870550162,0.969644012944984
"OAK C_7_UNIT 1","OAKLAND STATION C GT UNIT 1",187760,1,0.0303571428571429,0.969642857142857
"MNDALY_6_MCGRTH","McGrath Beach Peaker",208042,1,0.0304347826086956,0.969565217391304
"CRESTA_7_PL1X2","CRESTA PH UNIT 1 & 2 AGGREGATE",615344,1,0.0304904051172706,0.969509594882729
"ARCOGN_2_UNITS","WATSON COGENERATION",201021,1,0.0305555555555556,0.969444444444444
"INTMNT_3_ANAHEIM","Intermountain Power Project",407814,1,0.0306122448979592,0.969387755102041
"GYS5X6_7_UNITS","GEYSERS UNITS 5 & 6 AGGREGATE",199925,1,0.0306122448979593,0.969387755102041
"ARBWD_6_QF","Wind Resource II",196008,1,0.0306513409961686,0.969348659003831
"POEPH_7_UNIT 2","POE HYDRO UNIT 2",751688,1,0.0306630277733183,0.969336972226682
"CRIMSN_2_CRMBT2","Crimson 2",995493,1,0.0306999999999999,0.9693
"CRIMSN_2_CRMBT2","Crimson 2",264747,1,0.0306999999999999,0.9693
"DRACKR_2_DSUBT2","Dracker Solar Unit 2 BESS",102982,1,0.0307529162248144,0.969247083775186
"NORCNV_1_NCVBT1","North Central Valley",195432,1,0.0307692307692308,0.969230769230769
"CHESTN_2_CHWBX2","Chestnut Westside BESS",101706,1,0.0309090909090909,0.969090909090909
"ADLIN_1_UNITS","GEYSERS AIDLIN AGGREGATE",303420,1,0.0309090909090909,0.969090909090909
"ADLIN_1_UNITS","GEYSERS AIDLIN AGGREGATE",117854,1,0.0309090909090909,0.969090909090909
"WOLFSK_1_UNITA1","Wolfskill Energy Center",104155,1,0.0309168443496801,0.96908315565032
"GARNET_2_WIND3","San Gorgonio East",196722,1,0.0309555854643338,0.969044414535666
"RUSSELL_2_SOLANO1","Solano Renewables 1",112707,1,0.0309599004689444,0.969040099531056
"DRUM_7_PL3X4","Drum PH 1 Units 3 & 4 Aggregate",359873,1,0.0310077519379844,0.968992248062016
"GEYS16_7_UNIT16","GEYSERS UNIT 16 (HEALDSBURG)",172299,1,0.0310526315789474,0.968947368421053
"VSTAES_6_VESBT1","Vista Energy Storage",174755,1,0.0310526315789474,0.968947368421053
"LMEC_1_PL1X3","Los Medanos Energy Center AGGREGATE",114630,1,0.0310880829015544,0.968911917098446
"CALFTS_2_CFSSR1","California Flats Solar South",432370,1,0.0311173974540312,0.968882602545969
"ALTA3A_2_CPCE4","Alta Wind 4",117370,1,0.0311458333333333,0.968854166666667
"GEYS17_7_UNIT17","GEYSERS UNIT 17 (HEALDSBURG)",895511,1,0.0311627906976745,0.968837209302326
"LMBEPK_2_UNITA3","Goose Haven Energy Center, Unit #1",917872,1,0.0312236286919831,0.968776371308017
"JOANEC_2_STABT2","Santa Ana Storage 2",962075,1,0.03125,0.96875
"ASTORA_2_SOLAR1","Astoria 1",798542,1,0.03125,0.96875
"VALTNE_2_TRSBT1","Tropico Solar",155211,1,0.03125,0.96875
"ARLVAL_5_SOLAR","Arlington Valley Solar Energy II",124574,1,0.0313,0.9687
"OILFLD_7_QFUNTS","Nacimiento Hydroelectric Plant",901689,1,0.0313390313390313,0.968660968660969
"ADERA_1_SOLAR1","Adera Solar",193686,1,0.0313513513513513,0.968648648648649
"ASTORA_2_SOLAR1","Astoria 1",261385,1,0.0313541666666667,0.968645833333333
"GLNARM_7_UNIT 2","GLEN ARM UNIT 2",131286,1,0.0313636363636364,0.968636363636364
"SLATE_2_SLASR2","SLATE_2",160461,1,0.0314192849404118,0.968580715059588
"CHWCHL_1_UNIT","CHOW 2 PEAKER PLANT",698118,1,0.0314583333333333,0.968541666666667
"ELCAJN_6_LM6K","El Cajon Energy Center",698118,1,0.0314583333333333,0.968541666666667
"WESCAN_2_BDSBT1","Bateria Del Sur",695464,1,0.031496062992126,0.968503937007874
"ROSMDW_2_WIND1","Pacific Wind - Phase 1",932856,1,0.0317460317460317,0.968253968253968
"PALA_6_PGCBT1","Pala Gomez Creek BESS",292435,1,0.0317647058823529,0.968235294117647
"GYS5X6_7_UNITS","GEYSERS UNITS 5 & 6 AGGREGATE",701361,1,0.0317812269031782,0.968218773096822
"AQUAWS_2_AQWSR1","Aquamarine Westside",705107,1,0.0318024263431543,0.968197573656846
"OCTILO_5_WIND","Ocotillo Wind Energy Facility",112707,1,0.0318272425249169,0.968172757475083
"ADERA_1_SOLAR1","Adera Solar",175742,1,0.0318918918918919,0.968108108108108
"ADERA_1_SOLAR1","Adera Solar",916581,1,0.0318918918918919,0.968108108108108
"PIT5_7_PL3X4","PIT PH 5 UNITS 3 & 4 AGGREGATE",643444,1,0.0319512195121952,0.968048780487805
"GARNET_2_WIND4","Windustries",691906,1,0.0319917440660473,0.968008255933953
"GARNET_2_WIND4","Windustries",814548,1,0.0319917440660473,0.968008255933953
"GARNET_2_WIND4","Windustries",135714,1,0.0319917440660473,0.968008255933953
"CRSTWD_6_KUMYAY","Kumeyaay Wind Farm",956804,1,0.032,0.968
"POEPH_7_UNIT 2","POE HYDRO UNIT 2",900843,1,0.032,0.968
"TIGRCK_7_UNITS","TIGER CREEK HYDRO AGGREGATE",212542,1,0.032258064516129,0.967741935483871
"PIT6_7_UNIT 2","PIT PH 6 UNIT 2",994050,1,0.0322580645161298,0.96774193548387
"YUBACT_6_UNITA1","Yuba City Energy Center (Calpine)",288377,1,0.0322727272727273,0.967727272727273
"DRUM_7_PL1X2","Drum PH 1 Units 1 & 2 Aggregate",359873,1,0.0323076923076923,0.967692307692308
"RVRVEW_1_UNITA1","Riverview Energy Center (GP Antioch)",148758,1,0.0323529411764706,0.967647058823529
"INDIGO_1_UNIT 3","INDIGO PEAKER UNIT 3",917872,1,0.0323684210526315,0.967631578947369
"WESCAN_2_BDSBT1","Bateria Del Sur",170587,1,0.0324259407526022,0.967574059247398
"SUNCAT_2_A1ABT1","Arlington Solar Unit 1A BESS",852416,1,0.0324267782426779,0.967573221757322
"ADERA_1_SOLAR1","Adera Solar",789421,1,0.0324324324324325,0.967567567567567
"CHICPK_7_UNIT 1","Chicago Park Powerhouse",189802,1,0.0325,0.9675
"VALTNE_2_TBBBT1","Tropico Solar Big Beau",705142,1,0.0325373134328359,0.967462686567164
"CABALO_2_M2WSR2","Mustang 2 Whirlaway Solar",105576,1,0.0325558794946551,0.967444120505345
"IVANPA_1_UNIT1","Ivanpah 1",867677,1,0.0325619834710744,0.967438016528926
"CALFTN_2_SOLAR","California Flats North",181027,1,0.0326086956521739,0.967391304347826
"YUBACT_1_SUNSWT","YUBA CITY COGEN",912055,1,0.0326086956521739,0.967391304347826
"MNDALY_6_MCGRTH","McGrath Beach Peaker",266436,1,0.0326086956521739,0.967391304347826
"MNDALY_6_MCGRTH","McGrath Beach Peaker",912055,1,0.0326086956521739,0.967391304347826
"INTMNT_3_ANAHEIM","Intermountain Power Project",723063,1,0.0326086956521739,0.967391304347826
"USWNDR_2_SMUD","SOLANO WIND FARM",941221,1,0.0326436781609196,0.96735632183908
"WISHON_6_UNITS","Wishon/San Joaquin  #1-A AGGREGATE",454594,1,0.0326666666666668,0.967333333333333
"PALA_6_PGCBT1","Pala Gomez Creek BESS",212534,1,0.0327272727272727,0.967272727272727
"CALFTS_2_CFSSR1","California Flats Solar South",195874,1,0.0327272727272727,0.967272727272727
"ADLIN_1_UNITS","GEYSERS AIDLIN AGGREGATE",798849,1,0.0327272727272727,0.967272727272727
"SLATE_2_SLASR3","SLATE_3",151431,1,0.0327494287890328,0.967250571210967
"CARBOU_7_PL4X5","CARIBOU PH 2 UNIT 4 & 5 AGGREGATE",932856,1,0.0327868852459016,0.967213114754098
"OMAR_2_UNIT 3","KERN RIVER COGENERATION CO. UNIT 3",204333,1,0.0328767123287672,0.967123287671233
"OMAR_2_UNIT 4","KERN RIVER COGENERATION CO. UNIT 4",204333,1,0.0328767123287672,0.967123287671233
"TIGRCK_7_UNITS","TIGER CREEK HYDRO AGGREGATE",615344,1,0.0329032258064517,0.967096774193548
"WHTWTR_1_WINDA1","Whitewater Hill Wind Project",125897,1,0.032909090909091,0.967090909090909
"BOGUE_1_UNITA1","Feather River Energy Center, Unit #1",148758,1,0.0329252849303504,0.96707471506965
"CHESTN_2_CHWBX2","Chestnut Westside BESS",123202,1,0.032929292929293,0.967070707070707
"BLVRDE_6_BLVBT1","Boulevard Energy Storage",731152,1,0.0329545454545454,0.967045454545455
"BLAST_1_WIND","Mountain View IV Wind",744292,1,0.0329787234042553,0.967021276595745
"SANBRN_2_ES1BT3","EdSan 1 Edwards 1",324007,1,0.033,0.967
"MSOLAR_2_SOLAR1","Mesquite Solar 1",920866,1,0.033074433656958,0.966925566343042
"SUNCAT_2_A1ABT1","Arlington Solar Unit 1A BESS",698118,1,0.0331111111111112,0.966888888888889
"GLNARM_7_UNIT 3","GLEN ARM UNIT 3",141208,1,0.0331360946745564,0.966863905325444
"BLAST_1_WIND","Mountain View IV Wind",851094,1,0.0331914893617022,0.966808510638298
"NORCNV_1_NCVBT1","North Central Valley",112563,1,0.0332430435853238,0.966756956414676
"ALTA6E_2_WIND10","Alta Wind 10",432370,1,0.0332604268798552,0.966739573120145
"OXBOW_6_DRUM","OXBOW HYDRO",168279,1,0.0333333333333334,0.966666666666667
"KEARNY_6_SESBT2","Kearny South Energy Storage",491560,1,0.0333333333333334,0.966666666666667
"TRNQLT_2_RETBT1","RE Tranquillity BESS",603374,1,0.0333333333333333,0.966666666666667
"TRNQLT_2_RETBT1","RE Tranquillity BESS",234172,1,0.0333333333333333,0.966666666666667
"KERRGN_1_UNIT 1","KERN RIVER HYDRO UNITS 1-4 AGGREGATE",616561,1,0.0333333333333334,0.966666666666667
"USWNDR_2_SMUD","SOLANO WIND FARM",152145,1,0.0333333333333334,0.966666666666667
"WISHON_6_UNITS","Wishon/San Joaquin  #1-A AGGREGATE",731498,1,0.0333333333333334,0.966666666666667
"GEYS13_7_UNIT13","GEYSERS UNIT 13 (HEALDSBURG)",643444,1,0.0333802816901409,0.966619718309859
"YELPIN_2_YP2BT1","Yellow Pine 2 BESS",761691,1,0.0333863275039746,0.966613672496025
"SUNCAT_2_A2BSR2","Arlington Solar Unit 2B",780584,1,0.0334848484848485,0.966515151515152
"SALTSP_7_UNITS","SALT SPRINGS HYDRO AGGREGATE",939948,1,0.0335294117647059,0.966470588235294
"IVWEST_2_SOLAR1","Imperial Valley West ( Q # 608)",805736,1,0.0335454545454545,0.966454545454545
"BOGUE_1_UNITA1","Feather River Energy Center, Unit #1",997249,1,0.0335584634867033,0.966441536513297
"CHEVMN_2_UNITS","CHEVRON U.S.A. UNITS 1 & 2 AGGREGATE",650182,1,0.0336842105263158,0.966315789473684
"MTWIND_1_MVPWD1","Mountain View Power Project I Repower",428176,1,0.0337078651685392,0.966292134831461
"TOWNSITE_2_MEADDYN","Townsite Solar BESS",856960,1,0.03375,0.96625
"LMBEPK_2_UNITA3","Goose Haven Energy Center, Unit #1",286732,1,0.0337552742616034,0.966244725738397
"LMBEPK_2_UNITA3","Goose Haven Energy Center, Unit #1",698265,1,0.0337552742616034,0.966244725738397
"LMBEPK_2_UNITA3","Goose Haven Energy Center, Unit #1",118390,1,0.0337552742616034,0.966244725738397
"LMBEPK_2_UNITA3","Goose Haven Energy Center, Unit #1",620765,1,0.0337552742616034,0.966244725738397
"DREWS_6_PL1X4","Drews Generating Plant",133829,1,0.0338164251207729,0.966183574879227
"CALFTS_2_CFSSR1","California Flats Solar South",134860,1,0.0338181818181818,0.966181818181818
"RVRVEW_1_UNITA1","Riverview Energy Center (GP Antioch)",529201,1,0.0338235294117647,0.966176470588235
"COLUSA_2_PL1X3","Colusa Generating Station",177232,1,0.0338709677419355,0.966129032258064
"ARBWD_6_QF","Wind Resource II",217748,1,0.03387220939184,0.96612779060816
"PALA_6_PGCBT1","Pala Gomez Creek BESS",401817,1,0.0339285714285715,0.966071428571428
"TULLCK_7_UNITS","Tullock Hydro",124287,1,0.0339622641509433,0.966037735849057
"SCHNDR_1_WSTSDE","Westside Solar Station",118048,1,0.034,0.966
"ALMASL_2_AL6BT6","Almasol 6 BES",628632,1,0.0340909090909091,0.965909090909091
"YUBACT_6_UNITA1","Yuba City Energy Center (Calpine)",764895,1,0.0340909090909091,0.965909090909091
"USWNDR_2_SMUD2","Solano Wind Project Phase 3",867677,1,0.0340996168582376,0.965900383141762
"WALCRK_2_CTG1","Walnut Creek Energy Park Unit 1",147614,1,0.0341311134235173,0.965868886576483
"TRNQLT_2_RETBT1","RE Tranquillity BESS",321061,1,0.0341666666666666,0.965833333333333
"BOGUE_1_UNITA1","Feather River Energy Center, Unit #1",114138,1,0.0341916420430562,0.965808357956944
"BOGUE_1_UNITA1","Feather River Energy Center, Unit #1",698265,1,0.0341916420430562,0.965808357956944
"BOGUE_1_UNITA1","Feather River Energy Center, Unit #1",188600,1,0.0341916420430562,0.965808357956944
"BOGUE_1_UNITA1","Feather River Energy Center, Unit #1",145264,1,0.0341916420430562,0.965808357956944
"BOGUE_1_UNITA1","Feather River Energy Center, Unit #1",628885,1,0.0341916420430562,0.965808357956944
"BOGUE_1_UNITA1","Feather River Energy Center, Unit #1",118390,1,0.0341916420430562,0.965808357956944
"DSFLWR_2_WS2SR1","Willow Springs 2",701361,1,0.0341965471447542,0.965803452855246
"OMAR_2_UNIT 3","KERN RIVER COGENERATION CO. UNIT 3",176680,1,0.0342465753424658,0.965753424657534
"OMAR_2_UNIT 1","KERN RIVER COGENERATION CO. UNIT 1",176680,1,0.0342465753424658,0.965753424657534
"OMAR_2_UNIT 2","KERN RIVER COGENERATION CO. UNIT 2",176680,1,0.0342465753424658,0.965753424657534
"OGROVE_6_PL1X2","Orange Grove Energy Center",147614,1,0.0342553191489362,0.965744680851064
"CHWCHL_1_UNIT","CHOW 2 PEAKER PLANT",189981,1,0.034375,0.965625
"CHWCHL_1_UNIT","CHOW 2 PEAKER PLANT",942205,1,0.034375,0.965625
"ELCAJN_6_LM6K","El Cajon Energy Center",189981,1,0.034375,0.965625
"ELCAJN_6_LM6K","El Cajon Energy Center",942205,1,0.034375,0.965625
"SPICER_1_UNITS","SPICER HYDRO UNITS 1-3 AGGREGATE",915669,1,0.0343750000000001,0.965625
"SYCAMR_2_UNIT 1","Sycamore Cogeneration Unit 1",643444,1,0.0343835616438357,0.965616438356164
"SALTSP_7_UNITS","SALT SPRINGS HYDRO AGGREGATE",890505,1,0.0344117647058824,0.965588235294118
"PIOPIC_2_CTG1","Pio Pico Unit 1",147614,1,0.0344444444444444,0.965555555555556
"OGROVE_6_PL1X2","Orange Grove Energy Center",896410,1,0.0344680851063829,0.965531914893617
"CARBOU_7_PL2X3","CARIBOU PH 1 UNIT 2 & 3 AGGREGATE",165788,1,0.0344827586206897,0.96551724137931
"CARBOU_7_PL2X3","CARIBOU PH 1 UNIT 2 & 3 AGGREGATE",158082,1,0.0344827586206897,0.96551724137931
"CRSTWD_6_KUMYAY","Kumeyaay Wind Farm",111869,1,0.0344827586206897,0.96551724137931
"OBERON_5_O2BBX2","Oberon 2 BESS",123202,1,0.034516129032258,0.965483870967742
"SPICER_1_UNITS","SPICER HYDRO UNITS 1-3 AGGREGATE",209051,1,0.0345454545454546,0.965454545454545
"ADLIN_1_UNITS","GEYSERS AIDLIN AGGREGATE",269465,1,0.0345454545454546,0.965454545454545
"USWNDR_2_SMUD2","Solano Wind Project Phase 3",170663,1,0.0345864661654135,0.965413533834587
"POEPH_7_UNIT 2","POE HYDRO UNIT 2",663112,1,0.0345864661654135,0.965413533834587
"OCTILO_5_WIND","Ocotillo Wind Energy Facility",492855,1,0.034595807091709,0.965404192908291
"YELPIN_2_YP2BT1","Yellow Pine 2 BESS",956532,1,0.0346581875993641,0.965341812400636
"SUNSLR_1_SSVSR1","Sunshine Valley Solar 1",670863,1,0.0346611484738747,0.965338851526125
"GENESI_2_STG","Genesis Station",360573,1,0.03472,0.96528
"YUBACT_1_SUNSWT","YUBA CITY COGEN",376200,1,0.0347826086956522,0.965217391304348
"MNDALY_6_MCGRTH","McGrath Beach Peaker",376200,1,0.0347826086956522,0.965217391304348
"KEARNY_6_SESBT2","Kearny South Energy Storage",492010,1,0.0348484848484849,0.965151515151515
"BLAST_1_WIND","Mountain View IV Wind",917872,1,0.0348780487804878,0.965121951219512
"CARBOU_7_PL4X5","CARIBOU PH 2 UNIT 4 & 5 AGGREGATE",166745,1,0.0349152542372882,0.965084745762712
"LTBERA_1_LB1SR1","Little Bear Solar 1",180457,1,0.0349922239502333,0.965007776049767
"CONTRL_1_LUNDY","LUNDY",613584,1,0.0349999999999999,0.965
"CRIMSN_2_CRMBT1","Crimson",199688,1,0.035,0.965
"COCOPP_2_CTG3","Marsh Landing 3",457081,1,0.035,0.965
"CLRMNT_6_CLEBT1","Clairemont Energy Storage",292435,1,0.035064935064935,0.964935064935065
"BISHOP_1_ALAMO","BISHOP CREEK PLANT 2  AND  6",164110,1,0.0350877192982456,0.964912280701754
"SLSTR2_2_SOLAR2","Solar Star 2",201021,1,0.0350980392156863,0.964901960784314
"NORCNV_1_NCVBT1","North Central Valley",105465,1,0.0351248413034279,0.964875158696572
"OBERON_5_O2BBX2","Oberon 2 BESS",124574,1,0.0351612903225806,0.964838709677419
"GEYS20_7_UNIT20","GEYSERS UNIT 20 (HEALDSBURG)",286732,1,0.0352941176470589,0.964705882352941
"LECONT_2_LESBT1","LeConte Energy Storage",101706,1,0.0353097345132743,0.964690265486726
"TULLCK_7_UNITS","Tullock Hydro",591854,1,0.0353535353535351,0.964646464646465
"CHWCHL_1_UNIT","CHOW 2 PEAKER PLANT",840234,1,0.0354166666666667,0.964583333333333
"ELCAJN_6_LM6K","El Cajon Energy Center",840234,1,0.0354166666666667,0.964583333333333
"USWNDR_2_SMUD2","Solano Wind Project Phase 3",100454,1,0.0354406130268198,0.96455938697318
"ARBWD_6_QF","Wind Resource II",135958,1,0.0354406130268198,0.96455938697318
"MSOLAR_2_SOLAR1","Mesquite Solar 1",871297,1,0.0354692556634304,0.96453074433657
"AKINGS_6_AMESR1","American Kings Solar",101706,1,0.0354794520547946,0.964520547945205
"PIT3_7_PL1X3","PIT PH 3 UNITS 1, 2 & 3 AGGREGATE",155960,1,0.0355029585798817,0.964497041420118
"BLAST_1_WIND","Mountain View IV Wind",886708,1,0.0355319148936171,0.964468085106383
"WISHON_6_UNITS","Wishon/San Joaquin  #1-A AGGREGATE",152494,1,0.0355555555555555,0.964444444444445
"YELPIN_2_YP2BT1","Yellow Pine 2 BESS",179949,1,0.0356756756756756,0.964324324324324
"NEENCH_6_SOLAR","Alpine Solar",140316,1,0.0356798457087753,0.964320154291225
"OBERON_5_O2BBX2","Oberon 2 BESS",458056,1,0.0356989247311827,0.964301075268817
"BLVRDE_6_BLVBT1","Boulevard Energy Storage",153153,1,0.0357142857142857,0.964285714285714
"GARLND_2_GASLR","Garland B",187658,1,0.0357142857142857,0.964285714285714
"KELSO_2_UNITS","Mariposa Energy",477057,1,0.0357376334713445,0.964262366528655
"BLAST_1_WIND","Mountain View IV Wind",421380,1,0.0357446808510638,0.964255319148936
"CALFTN_2_CFSBT1","California Flats Solar Battery",705142,1,0.03575,0.96425
"LTBERA_1_LB1SR1","Little Bear Solar 1",913449,1,0.035769828926905,0.964230171073095
"LMBEPK_2_UNITA3","Goose Haven Energy Center, Unit #1",841533,1,0.0358649789029535,0.964135021097047
"SALTSP_7_UNITS","SALT SPRINGS HYDRO AGGREGATE",974145,1,0.0358823529411764,0.964117647058824
"SUNCAT_2_A1ABT1","Arlington Solar Unit 1A BESS",286732,1,0.0359090909090909,0.964090909090909
"BLAST_1_WIND","Mountain View IV Wind",187948,1,0.0359574468085106,0.96404255319149
"WESCAN_2_BDSBT1","Bateria Del Sur",589872,1,0.0361,0.9639
"BLAST_1_WIND","Mountain View IV Wind",353349,1,0.0361508452535761,0.963849154746424
"OBERON_5_O2SSR5","Oberon 2B Solar",143349,1,0.0361609003751565,0.963839099624844
"STANTN_2_STAGT1","Stanton 1",148758,1,0.0362500000000001,0.96375
"OCTILO_5_WIND","Ocotillo Wind Energy Facility",242438,1,0.0363562753036437,0.963643724696356
"KEARNY_6_SESBT2","Kearny South Energy Storage",148307,1,0.0363636363636363,0.963636363636364
"YUBACT_6_UNITA1","Yuba City Energy Center (Calpine)",324007,1,0.0363636363636364,0.963636363636364
"ADLIN_1_UNITS","GEYSERS AIDLIN AGGREGATE",159086,1,0.0363636363636364,0.963636363636364
"WHTWTR_1_WINDA1","Whitewater Hill Wind Project",145917,1,0.0363636363636364,0.963636363636364
"WHTWTR_1_WINDA1","Whitewater Hill Wind Project",907297,1,0.0363636363636364,0.963636363636364
"ELECTR_7_PL1X3","ELECTRA PH UNIT 1 & 2 AGGREGATE",517658,1,0.0363784665579119,0.963621533442088
"BLAST_1_WIND","Mountain View IV Wind",478596,1,0.0363829787234043,0.963617021276596
"INTMNT_3_ANAHEIM","Intermountain Power Project",319098,1,0.0363913043478261,0.963608695652174
"CALFTN_2_CFSBT1","California Flats Solar Battery",435258,1,0.0365,0.9635
"DRACKR_2_DSUBT2","Dracker Solar Unit 2 BESS",386441,1,0.0365371637906102,0.96346283620939
"OGROVE_6_PL1X2","Orange Grove Energy Center",189054,1,0.036595744680851,0.963404255319149
"WISHON_6_UNITS","Wishon/San Joaquin  #1-A AGGREGATE",180334,1,0.0366666666666666,0.963333333333333
"BOGUE_1_UNITA1","Feather River Energy Center, Unit #1",356834,1,0.0367243562684676,0.963275643731532
"KERNRG_1_UNITS","South Belridge Cogen Facility",178559,1,0.03675,0.96325
"STANTN_2_STAGT1","Stanton 1",973878,1,0.03675,0.96325
"NCPA_7_GP2UN4","NCPA GEO PLANT 2 UNIT 4",133547,1,0.0367999999999999,0.9632
"LTBERA_1_LB1SR1","Little Bear Solar 1",961578,1,0.0368066355624676,0.963193364437532
"LTBERA_1_LB1SR1","Little Bear Solar 1",497123,1,0.0368066355624676,0.963193364437532
"LTBERA_1_LB1SR1","Little Bear Solar 1",630958,1,0.0368066355624676,0.963193364437532
"ALTA6E_2_WIND10","Alta Wind 10",780584,1,0.0368806093973905,0.96311939060261
"TRNQLT_2_SOLAR","Tranquillity",346515,1,0.0369438955751154,0.963056104424885
"YUBACT_1_SUNSWT","YUBA CITY COGEN",426166,1,0.0369565217391305,0.96304347826087
"MNDALY_6_MCGRTH","McGrath Beach Peaker",426166,1,0.0369565217391305,0.96304347826087
"HATRDG_2_WIND","Hatchet Ridge Wind Farm",173313,1,0.0369696969696969,0.963030303030303
"CLINESCO_3_PVDYN","CLINES CORNERS",127378,1,0.0369747899159664,0.963025210084034
"SPBURN_7_SNOWMT","Burney Creek Hydro",796184,1,0.0370370370370369,0.962962962962963
"SPBURN_7_SNOWMT","Burney Creek Hydro",208415,1,0.0370370370370369,0.962962962962963
"HUMBPP_6_UNITS","Humboldt Bay Generating Station 1",146716,1,0.0370825650481459,0.962917434951854
"HUMBPP_1_UNITS3","Humboldt Bay Generating Station 3",650623,1,0.0370825650481459,0.962917434951854
"LMBEPK_2_UNITA3","Goose Haven Energy Center, Unit #1",120783,1,0.0371308016877637,0.962869198312236
"SUNSLR_1_SSVSR1","Sunshine Valley Solar 1",896410,1,0.0371443352302121,0.962855664769788
"NORCNV_1_NCVBT1","North Central Valley",995493,1,0.0372340425531915,0.962765957446808
"AQUAWS_2_AQWSR1","Aquamarine Westside",360573,1,0.0372616984402079,0.962738301559792
"YUBACT_6_UNITA1","Yuba City Energy Center (Calpine)",356834,1,0.0372727272727273,0.962727272727273
"PIT3_7_PL1X3","PIT PH 3 UNITS 1, 2 & 3 AGGREGATE",956532,1,0.0372781065088757,0.962721893491124
"CALFTN_2_SOLAR","California Flats North",170663,1,0.0372826086956522,0.962717391304348
"ADERA_1_SOLAR1","Adera Solar",142476,1,0.0372972972972974,0.962702702702703
"YUBACT_1_SUNSWT","YUBA CITY COGEN",702721,1,0.0373913043478261,0.962608695652174
"MNDALY_6_MCGRTH","McGrath Beach Peaker",702721,1,0.0373913043478261,0.962608695652174
"TIGRCK_7_UNITS","TIGER CREEK HYDRO AGGREGATE",694071,1,0.0374193548387097,0.96258064516129
"CHWCHL_1_UNIT","CHOW 2 PEAKER PLANT",130812,1,0.0374999999999999,0.9625
"CHWCHL_1_UNIT","CHOW 2 PEAKER PLANT",155479,1,0.0374999999999999,0.9625
"ELCAJN_6_LM6K","El Cajon Energy Center",200325,1,0.0374999999999999,0.9625
"ELCAJN_6_LM6K","El Cajon Energy Center",130812,1,0.0374999999999999,0.9625
"ELCAJN_6_LM6K","El Cajon Energy Center",155479,1,0.0374999999999999,0.9625
"ELLIOT_6_ELIBT1","Elliott Energy Storage",779880,1,0.0375000000000001,0.9625
"BOGUE_1_UNITA1","Feather River Energy Center, Unit #1",324007,1,0.0375685943436048,0.962431405656395
"CABALO_2_M2WSR2","Mustang 2 Whirlaway Solar",139204,1,0.0375925925925926,0.962407407407407
"POEPH_7_UNIT 2","POE HYDRO UNIT 2",428176,1,0.037593984962406,0.962406015037594
"GARNET_2_WIND4","Windustries",186392,1,0.0376470588235294,0.96235294117647
"ELECTR_7_PL1X3","ELECTRA PH UNIT 1 & 2 AGGREGATE",709693,1,0.0376835236541598,0.96231647634584
"BUCKWD_1_QF","Buckwind Re-powering project",153266,1,0.0376923076923077,0.962307692307692
"SBERDO_2_PSP3","Mountainview Gen Sta. Unit 3",129733,1,0.0378285714285715,0.962171428571429
"KEARNY_6_SESBT2","Kearny South Energy Storage",566935,1,0.0378681626928472,0.962131837307153
"BUCKCK_7_PL1X2","BUCKS CREEK AGGREGATE",839105,1,0.0378787878787879,0.962121212121212
"SUNCAT_2_A2BSR2","Arlington Solar Unit 2B",181027,1,0.0378787878787879,0.962121212121212
"SLATE_2_SLASR2","SLATE_2",345462,1,0.037919826652221,0.962080173347779
"ADMEST_6_SOLAR","Adams East",107393,1,0.0379310344827581,0.962068965517242
"MTWIND_1_UNIT 3","Mountain View Power Project III",616561,1,0.0379464285714286,0.962053571428571
"GASKW1_2_GW3SR1","Gaskell West 3",175167,1,0.038,0.962
"GASKW1_2_GW4SR1","Gaskell West 4",175167,1,0.038,0.962
"GASKW1_2_GW5SR1","Gaskell West 5",175167,1,0.038,0.962
"YUBACT_1_SUNSWT","YUBA CITY COGEN",517145,1,0.0380434782608696,0.96195652173913
"MNDALY_6_MCGRTH","McGrath Beach Peaker",517145,1,0.0380434782608696,0.96195652173913
"CLINESCO_3_PVDYN","CLINES CORNERS",164178,1,0.0380672268907563,0.961932773109244
"DRACKR_2_DSUBT2","Dracker Solar Unit 2 BESS",844367,1,0.0380796298081558,0.961920370191844
"CSLR4S_2_SOLAR","Csolar IV South",914978,1,0.0380909090909091,0.961909090909091
"COVERD_2_MCKHY1","Montgomery Creek Hydro",309393,1,0.0380952380952379,0.961904761904762
"CHWCHL_1_UNIT","CHOW 2 PEAKER PLANT",893185,1,0.038125,0.961875
"LMBEPK_2_UNITA3","Goose Haven Energy Center, Unit #1",529201,1,0.0381856540084389,0.961814345991561
"KERNRG_1_UNITS","South Belridge Cogen Facility",123566,1,0.0381999999999999,0.9618
"SNCLRA_2_UNIT1","New Indy Oxnard",839810,1,0.0382022471910112,0.961797752808989
"OAK C_7_UNIT 1","OAKLAND STATION C GT UNIT 1",890505,1,0.0382142857142857,0.961785714285714
"CENTPD_2_BMSSX2","Blythe Mesa Solar",723063,1,0.038224852071006,0.961775147928994
"ALTA3A_2_CPCE4","Alta Wind 4",238053,1,0.0382291666666667,0.961770833333333
"ENWIND_2_WIND2","Ridgetop I",186146,1,0.0382440971067509,0.961755902893249
"FALBRK_6_FESBT1","Fallbrook Energy Storage",186841,1,0.0383333333333333,0.961666666666667
"YELPIN_2_YP2BT1","Yellow Pine 2 BESS",133308,1,0.0383392928088995,0.9616607071911
"OMAR_2_UNIT 1","KERN RIVER COGENERATION CO. UNIT 1",204333,1,0.0383561643835616,0.961643835616438
"OMAR_2_UNIT 2","KERN RIVER COGENERATION CO. UNIT 2",204333,1,0.0383561643835616,0.961643835616438
"OCOTLO_6_OCWSB1","Ocotillo Wells Solar and BESS",603095,1,0.0383747178329572,0.961625282167043
"USWNDR_2_SMUD","SOLANO WIND FARM",204700,1,0.0383762815184263,0.961623718481574
"ADERA_1_SOLAR1","Adera Solar",269465,1,0.0383783783783784,0.961621621621622
"BOGUE_1_UNITA1","Feather River Energy Center, Unit #1",721764,1,0.0384128324187422,0.961587167581258
"VALTNE_2_TBBBT1","Tropico Solar Big Beau",806870,1,0.0384615384615385,0.961538461538462
"NCPA_7_GP2UN4","NCPA GEO PLANT 2 UNIT 4",364184,1,0.0384615384615385,0.961538461538462
"NCPA_7_GP2UN4","NCPA GEO PLANT 2 UNIT 4",134222,1,0.0384615384615385,0.961538461538462
"BUCKWD_1_QF","Buckwind Re-powering project",379476,1,0.0384615384615385,0.961538461538462
"MSTANG_2_SOLAR3","Mustang 3",994050,1,0.0385,0.9615
"USWNDR_2_SMUD","SOLANO WIND FARM",181382,1,0.0385057471264367,0.961494252873563
"BOGUE_1_UNITA1","Feather River Energy Center, Unit #1",209550,1,0.0386238919375265,0.961376108062474
"COLUSA_2_PL1X3","Colusa Generating Station",114630,1,0.0387096774193548,0.961290322580645
"ARCOGN_2_UNITS","WATSON COGENERATION",135915,1,0.0387317073170732,0.961268292682927
"ASTORA_2_SOLAR1","Astoria 1",187185,1,0.03875,0.96125
"NCPA_7_GP2UN4","NCPA GEO PLANT 2 UNIT 4",563035,1,0.0388461538461539,0.961153846153846
"CLINESCO_3_PVDYN","CLINES CORNERS",166745,1,0.03890756302521,0.96109243697479
"GARLND_2_GARBT1","Garland B BESS",142584,1,0.038961038961039,0.961038961038961
"VSTAES_6_VESBT1","Vista Energy Storage",961578,1,0.038961038961039,0.961038961038961
"VSTAES_6_VESBT1","Vista Energy Storage",497123,1,0.038961038961039,0.961038961038961
"VSTAES_6_VESBT1","Vista Energy Storage",630958,1,0.038961038961039,0.961038961038961
"NEENCH_6_SOLAR","Alpine Solar",694071,1,0.0390070921985816,0.960992907801418
"NCPA_7_GP2UN4","NCPA GEO PLANT 2 UNIT 4",418650,1,0.0390384615384616,0.960961538461538
"OCTILO_5_WIND","Ocotillo Wind Energy Facility",144983,1,0.0390576565406075,0.960942343459392
"ADLIN_1_UNITS","GEYSERS AIDLIN AGGREGATE",720443,1,0.0390909090909091,0.960909090909091
"VICTOR_1_CREST","Victor Aggregate Solar Resources",189560,1,0.0391304347826086,0.960869565217391
"DRUM_7_PL1X2","Drum PH 1 Units 1 & 2 Aggregate",768776,1,0.0392307692307692,0.960769230769231
"WESCAN_2_BDSBT1","Bateria Del Sur",166139,1,0.0392313851080865,0.960768614891913
"PIT5_7_PL1X2","PIT PH 5 UNITS 1 & 2 AGGREGATE",895511,1,0.0392682926829268,0.960731707317073
"GASKW1_2_GW3SR1","Gaskell West 3",261853,1,0.0393333333333333,0.960666666666667
"GASKW1_2_GW4SR1","Gaskell West 4",261853,1,0.0393333333333333,0.960666666666667
"GASKW1_2_GW5SR1","Gaskell West 5",261853,1,0.0393333333333333,0.960666666666667
"POEPH_7_UNIT 1","POE HYDRO UNIT 1",204333,1,0.0393939393939394,0.960606060606061
"ALAMIT_7_ES1","Alamitos Energy Storage",147614,1,0.0394,0.9606
"PIT4_7_PL1X2","PIT PH 4 UNITS 1 & 2 AGGREGATE",139204,1,0.0394545454545455,0.960545454545454
"ADERA_1_SOLAR1","Adera Solar",731498,1,0.0394594594594595,0.96054054054054
"ALAMIT_7_ES1","Alamitos Energy Storage",709693,1,0.0394666666666666,0.960533333333333
"OCOTLO_6_OCWSB1","Ocotillo Wells Solar and BESS",161142,1,0.0395033860045147,0.960496613995485
"CHWCHL_1_UNIT","CHOW 2 PEAKER PLANT",259869,1,0.0395833333333333,0.960416666666667
"ELCAJN_6_LM6K","El Cajon Energy Center",259869,1,0.0395833333333333,0.960416666666667
"ELCAJN_6_LM6K","El Cajon Energy Center",628885,1,0.0395833333333333,0.960416666666667
"ROSMDW_2_WIND1","Pacific Wind - Phase 1",695464,1,0.0396825396825397,0.96031746031746
"GYS5X6_7_UNITS","GEYSERS UNITS 5 & 6 AGGREGATE",849325,1,0.0397449206584607,0.960255079341539
"BISHOP_1_UNITS","BISHOP CREEK PLANT 3  AND  4",132762,1,0.0398058252427185,0.960194174757282
"WESCAN_2_BDSBT1","Bateria Del Sur",165806,1,0.0399519615692555,0.960048038430744
"NCPA_7_GP2UN4","NCPA GEO PLANT 2 UNIT 4",444308,1,0.0399999999999999,0.96
"NCPA_7_GP2UN4","NCPA GEO PLANT 2 UNIT 4",915712,1,0.0399999999999999,0.96
"OXMTN_6_LNDFIL","Ox Mountain Landfill Generating Plant",749304,1,0.0399999999999999,0.96
"JOANEC_2_STABT2","Santa Ana Storage 2",139242,1,0.0399999999999999,0.96
"ADLIN_1_UNITS","GEYSERS AIDLIN AGGREGATE",865501,1,0.04,0.96
"ADLIN_1_UNITS","GEYSERS AIDLIN AGGREGATE",339674,1,0.04,0.96
"JOANEC_2_ST3BT3","Santa Ana Storage 3",922006,1,0.04,0.96
"ALAMIT_7_ES1","Alamitos Energy Storage",952550,1,0.04,0.96
"ELCAJN_6_EB1BT1","Eastern BESS 1",610033,1,0.04,0.96
"GEYS13_7_UNIT13","GEYSERS UNIT 13 (HEALDSBURG)",179949,1,0.04,0.96
"CARBOU_7_PL2X3","CARIBOU PH 1 UNIT 2 & 3 AGGREGATE",620765,1,0.04,0.96
"CARBOU_7_PL2X3","CARIBOU PH 1 UNIT 2 & 3 AGGREGATE",266436,1,0.04,0.96
"PEORIA_1_SOLAR","Sonora 1",738714,1,0.04,0.96
"PEORIA_1_SOLAR","Sonora 1",618661,1,0.04,0.96
"CHILLS_1_SYCENG","Sycamore Energy 1",380369,1,0.04,0.96
"POEPH_7_UNIT 2","POE HYDRO UNIT 2",418080,1,0.04,0.96
"VSTAES_6_VESBT1","Vista Energy Storage",151446,1,0.04,0.96
"CONTRL_1_RUSHCK","RUSH CREEK",220818,1,0.0400000000000002,0.96
"SLATE_2_SLASR2","SLATE_2",952550,1,0.0400866738894908,0.959913326110509
"ROMOLA_5_MPBBT1","Menifee Power Bank",167719,1,0.0401,0.9599
"ROMOLA_5_MPBBT2","Menifee Power Bank 2",167719,1,0.0401,0.9599
"VENWD_1_WIND3","Painted Hills",939948,1,0.0401234567901234,0.959876543209877
"ELCAJN_6_LM6K","El Cajon Energy Center",114138,1,0.0402083333333333,0.959791666666667
"GLNARM_7_UNIT 4","GLEN ARM UNIT 4",186146,1,0.0402366863905323,0.959763313609468
"MSTANG_2_SOLAR","Mustang",731385,1,0.0402684563758389,0.959731543624161
"IVWEST_2_SOLAR1","Imperial Valley West ( Q # 608)",871297,1,0.0403636363636363,0.959636363636364
"SLATE_2_SLASR3","SLATE_3",858777,1,0.0403655750190405,0.95963442498096
"SLATE_2_SLASR3","SLATE_3",127688,1,0.0403655750190405,0.95963442498096
"SLATE_2_SLASR3","SLATE_3",206601,1,0.0403655750190405,0.95963442498096
"SLATE_2_SLASR3","SLATE_3",104756,1,0.0403655750190405,0.95963442498096
"SLATE_2_SLASR3","SLATE_3",690855,1,0.0403655750190405,0.95963442498096
"SLATE_2_SLASR3","SLATE_3",118774,1,0.0403655750190405,0.95963442498096
"NCPA_7_GP2UN4","NCPA GEO PLANT 2 UNIT 4",259869,1,0.0403846153846154,0.959615384615385
"CHESTN_2_CHWBX2","Chestnut Westside BESS",932856,1,0.0404040404040404,0.95959595959596
"BEKWJS_5_BV1SCEDYN","Broadview 1",932856,1,0.0404040404040404,0.95959595959596
"GRADYW_5_GDYWD1","Grady Wind",457081,1,0.0404040404040404,0.95959595959596
"SYCAMR_2_UNIT 2","Sycamore Cogeneration Unit 2",130239,1,0.0405405405405405,0.959459459459459
"CHWCHL_1_UNIT","CHOW 2 PEAKER PLANT",161142,1,0.0406250000000001,0.959375
"ELCAJN_6_LM6K","El Cajon Energy Center",161142,1,0.0406250000000001,0.959375
"DREWS_6_PL1X4","Drews Generating Plant",186146,1,0.0406542056074767,0.959345794392523
"GASKW1_2_GW3SR1","Gaskell West 3",175742,1,0.0406666666666666,0.959333333333333
"GASKW1_2_GW4SR1","Gaskell West 4",175742,1,0.0406666666666666,0.959333333333333
"GASKW1_2_GW5SR1","Gaskell West 5",175742,1,0.0406666666666666,0.959333333333333
"GLNARM_7_UNIT 1","GLEN ARM UNIT 1",206925,1,0.0406666666666666,0.959333333333333
"KERNRG_1_UNITS","South Belridge Cogen Facility",187760,1,0.0407500000000001,0.95925
"AVSOLR_2_SOLAR","AV SOLAR RANCH 1",723063,1,0.0408280621046578,0.959171937895342
"FMEADO_7_UNIT","FRENCH MEADOWS HYDRO",725823,1,0.0408333333333334,0.959166666666667
"STANTN_2_SBEBX2","Stanton Battery Energy Storage",204333,1,0.0408602150537635,0.959139784946237
"DRUM_7_PL3X4","Drum PH 1 Units 3 & 4 Aggregate",817770,1,0.0408921933085502,0.95910780669145
"SPAULD_6_UNIT12","SPAULDING HYDRO PH 1 & 2 AGGREGATE",108706,1,0.0409090909090908,0.959090909090909
"CHWCHL_1_UNIT","CHOW 2 PEAKER PLANT",418650,1,0.0410416666666666,0.958958333333333
"ELCAJN_6_LM6K","El Cajon Energy Center",418650,1,0.0410416666666666,0.958958333333333
"NGILAA_5_SDGDYN","NGILAA_5_SDGDYN",997249,1,0.0410418310970796,0.95895816890292
"ADERA_1_SOLAR1","Adera Solar",303420,1,0.0410810810810812,0.958918918918919
"PIT4_7_PL1X2","PIT PH 4 UNITS 1 & 2 AGGREGATE",181382,1,0.041090909090909,0.958909090909091
"OMAR_2_UNIT 3","KERN RIVER COGENERATION CO. UNIT 3",155960,1,0.0410958904109589,0.958904109589041
"OMAR_2_UNIT 3","KERN RIVER COGENERATION CO. UNIT 3",900843,1,0.0410958904109589,0.958904109589041
"OMAR_2_UNIT 4","KERN RIVER COGENERATION CO. UNIT 4",900843,1,0.0410958904109589,0.958904109589041
"OMAR_2_UNIT 1","KERN RIVER COGENERATION CO. UNIT 1",155960,1,0.0410958904109589,0.958904109589041
"OMAR_2_UNIT 1","KERN RIVER COGENERATION CO. UNIT 1",900843,1,0.0410958904109589,0.958904109589041
"OMAR_2_UNIT 1","KERN RIVER COGENERATION CO. UNIT 1",116825,1,0.0410958904109589,0.958904109589041
"OMAR_2_UNIT 2","KERN RIVER COGENERATION CO. UNIT 2",155960,1,0.0410958904109589,0.958904109589041
"OMAR_2_UNIT 2","KERN RIVER COGENERATION CO. UNIT 2",900843,1,0.0410958904109589,0.958904109589041
"OMAR_2_UNIT 2","KERN RIVER COGENERATION CO. UNIT 2",116825,1,0.0410958904109589,0.958904109589041
"SYCAMR_2_UNIT 1","Sycamore Cogeneration Unit 1",883285,1,0.0410958904109589,0.958904109589041
"SYCAMR_2_UNIT 1","Sycamore Cogeneration Unit 1",196140,1,0.0410958904109589,0.958904109589041
"SUNCAT_2_A2BSR2","Arlington Solar Unit 2B",264747,1,0.0412121212121212,0.958787878787879
"PIT1_7_UNIT 1","PIT PH 1 UNIT 1",185644,1,0.0412322274881515,0.958767772511848
"PIT1_7_UNIT 2","PIT PH 1 UNIT 2",185644,1,0.0412322274881515,0.958767772511848
"CLINESCO_3_WBDYN","CLINES CORNERS B",457081,1,0.0412371134020619,0.958762886597938
"CHWCHL_1_UNIT","CHOW 2 PEAKER PLANT",563035,1,0.0412499999999999,0.95875
"ELCAJN_6_LM6K","El Cajon Energy Center",563035,1,0.0412499999999999,0.95875
"SUNCAT_2_A1ABT1","Arlington Solar Unit 1A BESS",120783,1,0.0413179916317993,0.958682008368201
"BOGUE_1_UNITA1","Feather River Energy Center, Unit #1",288377,1,0.0413676656817221,0.958632334318278
"PIT3_7_PL1X3","PIT PH 3 UNITS 1, 2 & 3 AGGREGATE",650623,1,0.0414201183431952,0.958579881656805
"LMEC_1_PL1X3","Los Medanos Energy Center AGGREGATE",435045,1,0.0414507772020725,0.958549222797927
"LMEC_1_PL1X3","Los Medanos Energy Center AGGREGATE",140969,1,0.0414507772020725,0.958549222797927
"NEENCH_6_SOLAR","Alpine Solar",650623,1,0.0414657666345226,0.958534233365477
"MRGT_6_TGEBT1","Top Gun Energy Storage",921125,1,0.0414999999999999,0.9585
"CARBOU_7_PL2X3","CARIBOU PH 1 UNIT 2 & 3 AGGREGATE",893185,1,0.0416,0.9584
"SANBRN_2_EESSB2","Edsan 2 Edwards Sanborn E1B",106183,1,0.0416083916083915,0.958391608391608
"MSTANG_2_SOLAR","Mustang",723250,1,0.0416107382550336,0.958389261744966
"BEKWJS_5_BV1SCEDYN","Broadview 1",124574,1,0.0416161616161617,0.958383838383838
"MOORPK_2_CALABS","Calabasas Gas-to-Energy Facility",101989,1,0.0416666666666665,0.958333333333333
"CHWCHL_1_UNIT","CHOW 2 PEAKER PLANT",179047,1,0.0416666666666667,0.958333333333333
"CHWCHL_1_UNIT","CHOW 2 PEAKER PLANT",161666,1,0.0416666666666667,0.958333333333333
"CHWCHL_1_UNIT","CHOW 2 PEAKER PLANT",134222,1,0.0416666666666667,0.958333333333333
"CHWCHL_1_UNIT","CHOW 2 PEAKER PLANT",236654,1,0.0416666666666667,0.958333333333333
"CHWCHL_1_UNIT","CHOW 2 PEAKER PLANT",603095,1,0.0416666666666667,0.958333333333333
"CHWCHL_1_UNIT","CHOW 2 PEAKER PLANT",915712,1,0.0416666666666667,0.958333333333333
"KEARNY_6_SESBT2","Kearny South Energy Storage",882665,1,0.0416666666666667,0.958333333333333
"ALTA3A_2_CPCE4","Alta Wind 4",661055,1,0.0416666666666667,0.958333333333333
"ALTA3A_2_CPCE4","Alta Wind 4",131448,1,0.0416666666666667,0.958333333333333
"ALTA3A_2_CPCE4","Alta Wind 4",834563,1,0.0416666666666667,0.958333333333333
"ALTA3A_2_CPCE4","Alta Wind 4",410177,1,0.0416666666666667,0.958333333333333
"ALTA3A_2_CPCE4","Alta Wind 4",670863,1,0.0416666666666667,0.958333333333333
"ALTA3A_2_CPCE4","Alta Wind 4",919446,1,0.0416666666666667,0.958333333333333
"ALTA3A_2_CPCE4","Alta Wind 4",852414,1,0.0416666666666667,0.958333333333333
"ALTA3A_2_CPCE4","Alta Wind 4",779582,1,0.0416666666666667,0.958333333333333
"ALTA3A_2_CPCE4","Alta Wind 4",950515,1,0.0416666666666667,0.958333333333333
"ALTA3A_2_CPCE4","Alta Wind 4",742329,1,0.0416666666666667,0.958333333333333
"ALTA3A_2_CPCE4","Alta Wind 4",938106,1,0.0416666666666667,0.958333333333333
"HAASPH_7_PL1X2","HAAS PH UNIT 1 & 2 AGGREGATE",599786,1,0.0416666666666667,0.958333333333333
"OMAR_2_UNIT 4","KERN RIVER COGENERATION CO. UNIT 4",798391,1,0.0416666666666667,0.958333333333333
"ASTORA_2_SOLAR1","Astoria 1",131448,1,0.0416666666666667,0.958333333333333
"ASTORA_2_SOLAR1","Astoria 1",410177,1,0.0416666666666667,0.958333333333333
"ASTORA_2_SOLAR1","Astoria 1",919446,1,0.0416666666666667,0.958333333333333
"ASTORA_2_SOLAR1","Astoria 1",852414,1,0.0416666666666667,0.958333333333333
"ASTORA_2_SOLAR1","Astoria 1",117370,1,0.0416666666666667,0.958333333333333
"ASTORA_2_SOLAR1","Astoria 1",779582,1,0.0416666666666667,0.958333333333333
"ASTORA_2_SOLAR1","Astoria 1",742329,1,0.0416666666666667,0.958333333333333
"ASTORA_2_SOLAR1","Astoria 1",938106,1,0.0416666666666667,0.958333333333333
"TRNQLT_2_RETBT1","RE Tranquillity BESS",469821,1,0.0416666666666667,0.958333333333333
"SYCAMR_2_UNIT 3","Sycamore Cogeneration Unit 3",159511,1,0.0416666666666667,0.958333333333333
"SYCAMR_2_UNIT 3","Sycamore Cogeneration Unit 3",844979,1,0.0416666666666667,0.958333333333333
"SYCAMR_2_UNIT 3","Sycamore Cogeneration Unit 3",882763,1,0.0416666666666667,0.958333333333333
"SYCAMR_2_UNIT 3","Sycamore Cogeneration Unit 3",962064,1,0.0416666666666667,0.958333333333333
"SYCAMR_2_UNIT 3","Sycamore Cogeneration Unit 3",428176,1,0.0416666666666667,0.958333333333333
"SYCAMR_2_UNIT 3","Sycamore Cogeneration Unit 3",184942,1,0.0416666666666667,0.958333333333333
"SYCAMR_2_UNIT 3","Sycamore Cogeneration Unit 3",742355,1,0.0416666666666667,0.958333333333333
"SYCAMR_2_UNIT 4","Sycamore Cogeneration Unit 4",159511,1,0.0416666666666667,0.958333333333333
"SYCAMR_2_UNIT 4","Sycamore Cogeneration Unit 4",844979,1,0.0416666666666667,0.958333333333333
"SYCAMR_2_UNIT 4","Sycamore Cogeneration Unit 4",882763,1,0.0416666666666667,0.958333333333333
"SYCAMR_2_UNIT 4","Sycamore Cogeneration Unit 4",962064,1,0.0416666666666667,0.958333333333333
"SYCAMR_2_UNIT 4","Sycamore Cogeneration Unit 4",428176,1,0.0416666666666667,0.958333333333333
"SYCAMR_2_UNIT 4","Sycamore Cogeneration Unit 4",184942,1,0.0416666666666667,0.958333333333333
"SYCAMR_2_UNIT 4","Sycamore Cogeneration Unit 4",742355,1,0.0416666666666667,0.958333333333333
"ELCAJN_6_LM6K","El Cajon Energy Center",179047,1,0.0416666666666667,0.958333333333333
"ELCAJN_6_LM6K","El Cajon Energy Center",134222,1,0.0416666666666667,0.958333333333333
"ELCAJN_6_LM6K","El Cajon Energy Center",119063,1,0.0416666666666667,0.958333333333333
"SANBRN_2_EESSB2","Edsan 2 Edwards Sanborn E1B",995749,1,0.0416783216783217,0.958321678321678
"MORWD_6_QF","Morwind",685873,1,0.0417033773861968,0.958296622613803
"HUMBPP_1_UNITS3","Humboldt Bay Generating Station 3",882600,1,0.0417947141979102,0.95820528580209
"HIGHDS_2_H5SSR1","High 5 Solar",210154,1,0.0418333333333333,0.958166666666667
"ALAMIT_7_ES1","Alamitos Energy Storage",257158,1,0.0419,0.9581
"MSTANG_2_SOLAR3","Mustang 3",922006,1,0.0419254658385093,0.958074534161491
"ELECTR_7_PL1X3","ELECTRA PH UNIT 1 & 2 AGGREGATE",754907,1,0.0419558359621452,0.958044164037855
"CANTUA_1_SOLAR","Cantua Solar Station",994055,1,0.042,0.958
"ALAMIT_7_ES1","Alamitos Energy Storage",345462,1,0.042,0.958
"GLNARM_7_UNIT 1","GLEN ARM UNIT 1",883073,1,0.042,0.958
"WALCRK_2_CTG5","Walnut Creek Energy Park Unit 5",187185,1,0.042093023255814,0.957906976744186
"TRNQLT_2_SOLAR","Tranquillity",321874,1,0.042159383033419,0.957840616966581
"ALTA6E_2_WIND10","Alta Wind 10",181027,1,0.0421600422354627,0.957839957764537
"EDWARD_2_ESSSB2","Sanborn Solar 2",145233,1,0.0421621621621622,0.957837837837838
"DSRTSL_2_SOLAR1","Desert Stateline",219791,1,0.0421952457160701,0.95780475428393
"LODI25_6_ERKNG1","LODI STRATEGIC RESERVE",939948,1,0.042198233562316,0.957801766437684
"GEYS13_7_UNIT13","GEYSERS UNIT 13 (HEALDSBURG)",141180,1,0.0422535211267606,0.95774647887324
"GEYS13_7_UNIT13","GEYSERS UNIT 13 (HEALDSBURG)",787026,1,0.0422535211267606,0.95774647887324
"GEYS13_7_UNIT13","GEYSERS UNIT 13 (HEALDSBURG)",140315,1,0.0422535211267606,0.95774647887324
"GEYS13_7_UNIT13","GEYSERS UNIT 13 (HEALDSBURG)",129089,1,0.0422535211267606,0.95774647887324
"MCFLND_5_MFSSR1","McFarland Solar A PV",213199,1,0.0422631578947368,0.957736842105263
"JOANEC_2_STABT2","Santa Ana Storage 2",107701,1,0.0422857142857142,0.957714285714286
"GARNET_1_WIND","GARNET WIND ENERGY CENTER",915669,1,0.0424028268551237,0.957597173144876
"POEPH_7_UNIT 1","POE HYDRO UNIT 1",663112,1,0.0424242424242424,0.957575757575758
"LMEC_1_PL1X3","Los Medanos Energy Center AGGREGATE",123314,1,0.0424870466321244,0.957512953367876
"STANIS_7_UNIT 1","STANISLAUS HYDRO",189054,1,0.0425,0.9575
"PARDEB_6_UNITS","Pardee Power House",640385,1,0.0425000000000001,0.9575
"BLAST_1_WIND","Mountain View IV Wind",200325,1,0.0425531914893617,0.957446808510638
"BLAST_1_WIND","Mountain View IV Wind",114138,1,0.0425531914893617,0.957446808510638
"BLAST_1_WIND","Mountain View IV Wind",698265,1,0.0425531914893617,0.957446808510638
"BLAST_1_WIND","Mountain View IV Wind",188600,1,0.0425531914893617,0.957446808510638
"BLAST_1_WIND","Mountain View IV Wind",145264,1,0.0425531914893617,0.957446808510638
"BLAST_1_WIND","Mountain View IV Wind",628885,1,0.0425531914893617,0.957446808510638
"BLAST_1_WIND","Mountain View IV Wind",118390,1,0.0425531914893617,0.957446808510638
"ROSMDW_2_WIND1","Pacific Wind - Phase 1",101706,1,0.0426724137931035,0.957327586206897
"SUNCAT_2_A2ABT2","Arlington Solar Unit 2A BESS",165806,1,0.042695652173913,0.957304347826087
"IVANPA_1_UNIT3","Ivanpah 3",165806,1,0.042695652173913,0.957304347826087
"ADERA_1_SOLAR1","Adera Solar",182745,1,0.0427027027027027,0.957297297297297
"SYCAMR_2_UNIT 2","Sycamore Cogeneration Unit 2",643444,1,0.0427027027027027,0.957297297297297
"ALTA3A_2_CPCE4","Alta Wind 4",699344,1,0.0427083333333333,0.957291666666667
"ALTA3A_2_CPCE4","Alta Wind 4",820471,1,0.0427083333333333,0.957291666666667
"ALTA3A_2_CPCE4","Alta Wind 4",495058,1,0.0427083333333333,0.957291666666667
"ALTA3A_2_CPCE4","Alta Wind 4",188521,1,0.0427083333333333,0.957291666666667
"ALTA3A_2_CPCE4","Alta Wind 4",125988,1,0.0427083333333333,0.957291666666667
"ASTORA_2_SOLAR1","Astoria 1",699344,1,0.0427083333333333,0.957291666666667
"ASTORA_2_SOLAR1","Astoria 1",820471,1,0.0427083333333333,0.957291666666667
"ASTORA_2_SOLAR1","Astoria 1",495058,1,0.0427083333333333,0.957291666666667
"ASTORA_2_SOLAR1","Astoria 1",188521,1,0.0427083333333333,0.957291666666667
"ASTORA_2_SOLAR1","Astoria 1",125988,1,0.0427083333333333,0.957291666666667
"ADLIN_1_UNITS","GEYSERS AIDLIN AGGREGATE",158034,1,0.0427272727272728,0.957272727272727
"PIT6_7_UNIT 1","PIT PH 6 UNIT 1",133829,1,0.0427350427350412,0.957264957264959
"CARBOU_7_PL4X5","CARIBOU PH 2 UNIT 4 & 5 AGGREGATE",127378,1,0.0427868852459016,0.957213114754098
"IVWEST_2_SOLAR1","Imperial Valley West ( Q # 608)",590225,1,0.0428571428571429,0.957142857142857
"TRNQLT_2_RETBT1","RE Tranquillity BESS",261727,1,0.0428571428571429,0.957142857142857
"TRNQLT_2_RETBT1","RE Tranquillity BESS",182568,1,0.0428571428571429,0.957142857142857
"TRNQLT_2_RETBT1","RE Tranquillity BESS",882763,1,0.0428571428571429,0.957142857142857
"TRNQLT_2_RETBT1","RE Tranquillity BESS",962064,1,0.0428571428571429,0.957142857142857
"TRNQLT_2_RETBT1","RE Tranquillity BESS",184942,1,0.0428571428571429,0.957142857142857
"TRNQLT_2_RETBT1","RE Tranquillity BESS",742355,1,0.0428571428571429,0.957142857142857
"GARNET_2_WIND5","Eastwind",303733,1,0.0428571428571428,0.957142857142857
"OCOTLO_6_OCWSB1","Ocotillo Wells Solar and BESS",130812,1,0.0428893905191875,0.957110609480813
"CLINESCO_3_PVDYN","CLINES CORNERS",780584,1,0.0429411764705882,0.957058823529412
"EASTWD_7_UNIT","EASTWOOD PUMP-GEN",193259,1,0.0429444444444444,0.957055555555556
"BGSKYN_2_ASPSR2","Antelope Solar 2 San Pablo",202220,1,0.043,0.957
"RCKCRK_7_UNIT 2","ROCK CREEK HYDRO UNIT 2",705142,1,0.0430128454651614,0.956987154534839
"VICTOR_1_CREST","Victor Aggregate Solar Resources",114767,1,0.0430434782608695,0.95695652173913
"BOGUE_1_UNITA1","Feather River Energy Center, Unit #1",917526,1,0.0430561418319968,0.956943858168003
"STANIS_7_UNIT 1","STANISLAUS HYDRO",210154,1,0.043090909090909,0.956909090909091
"WALCRK_2_CTG1","Walnut Creek Energy Park Unit 1",389995,1,0.043125,0.956875
"CARBOU_7_PL2X3","CARIBOU PH 1 UNIT 2 & 3 AGGREGATE",973878,1,0.0431999999999999,0.9568
"VENWD_1_WIND3","Painted Hills",852416,1,0.0432098765432098,0.95679012345679
"BRDSLD_2_SHLO3A","Shiloh III Wind Project, LLC",360176,1,0.0432249322493225,0.956775067750678
"ADERA_1_SOLAR1","Adera Solar",923750,1,0.0432432432432433,0.956756756756757
"OXBOW_6_DRUM","OXBOW HYDRO",672385,1,0.0433333333333333,0.956666666666667
"KEARNY_6_SESBT2","Kearny South Energy Storage",205771,1,0.0433333333333333,0.956666666666667
"ASTORA_2_SOLAR1","Astoria 1",118279,1,0.0433333333333333,0.956666666666667
"SLATE_2_SLASR3","SLATE_3",603374,1,0.0434120335110433,0.956587966488957
"MSTANG_2_SOLAR","Mustang",198465,1,0.0434782608695652,0.956521739130435
"SUNCAT_2_A2ABT2","Arlington Solar Unit 2A BESS",166139,1,0.0434782608695652,0.956521739130435
"IVANPA_1_UNIT3","Ivanpah 3",166139,1,0.0434782608695652,0.956521739130435
"YUBACT_1_SUNSWT","YUBA CITY COGEN",444308,1,0.0434782608695652,0.956521739130435
"YUBACT_1_SUNSWT","YUBA CITY COGEN",142447,1,0.0434782608695652,0.956521739130435
"YUBACT_1_SUNSWT","YUBA CITY COGEN",167586,1,0.0434782608695652,0.956521739130435
"YUBACT_1_SUNSWT","YUBA CITY COGEN",146423,1,0.0434782608695652,0.956521739130435
"YUBACT_1_SUNSWT","YUBA CITY COGEN",480008,1,0.0434782608695652,0.956521739130435
"MNDALY_6_MCGRTH","McGrath Beach Peaker",165788,1,0.0434782608695652,0.956521739130435
"MNDALY_6_MCGRTH","McGrath Beach Peaker",142447,1,0.0434782608695652,0.956521739130435
"MNDALY_6_MCGRTH","McGrath Beach Peaker",852416,1,0.0434782608695652,0.956521739130435
"MNDALY_6_MCGRTH","McGrath Beach Peaker",146423,1,0.0434782608695652,0.956521739130435
"MNDALY_6_MCGRTH","McGrath Beach Peaker",158082,1,0.0434782608695652,0.956521739130435
"MNDALY_6_MCGRTH","McGrath Beach Peaker",306098,1,0.0434782608695652,0.956521739130435
"MNDALY_6_MCGRTH","McGrath Beach Peaker",707240,1,0.0434782608695652,0.956521739130435
"MNDALY_6_MCGRTH","McGrath Beach Peaker",133683,1,0.0434782608695652,0.956521739130435
"MNDALY_6_MCGRTH","McGrath Beach Peaker",340172,1,0.0434782608695652,0.956521739130435
"VICTOR_1_CREST","Victor Aggregate Solar Resources",616561,1,0.0434782608695652,0.956521739130435
"VICTOR_1_CREST","Victor Aggregate Solar Resources",749591,1,0.0434782608695652,0.956521739130435
"VICTOR_1_CREST","Victor Aggregate Solar Resources",928357,1,0.0434782608695652,0.956521739130435
"VICTOR_1_CREST","Victor Aggregate Solar Resources",385165,1,0.0434782608695652,0.956521739130435
"VICTOR_1_CREST","Victor Aggregate Solar Resources",742465,1,0.0434782608695652,0.956521739130435
"VICTOR_1_CREST","Victor Aggregate Solar Resources",903445,1,0.0434782608695652,0.956521739130435
"SUNSHN_2_LNDFL","Sunshine Gas Producers",202531,1,0.0435294117647058,0.956470588235294
"CHESTN_2_CHWBX2","Chestnut Westside BESS",780584,1,0.0435353535353536,0.956464646464646
"BISHOP_1_ALAMO","BISHOP CREEK PLANT 2  AND  6",305439,1,0.0435483870967741,0.956451612903226
"TIGRCK_7_UNITS","TIGER CREEK HYDRO AGGREGATE",435258,1,0.0435483870967742,0.956451612903226
"NEENCH_6_SOLAR","Alpine Solar",288336,1,0.0435551269688203,0.95644487303118
"SUNCAT_2_A1ABT1","Arlington Solar Unit 1A BESS",744292,1,0.0435555555555556,0.956444444444444
"ENWIND_2_WIND2","Ridgetop I",719983,1,0.0435650149650814,0.956434985034919
"ELCAJN_6_EB1BT1","Eastern BESS 1",188719,1,0.0436363636363637,0.956363636363636
"BERCYN_2_BCEBT1","Bear Canyon Energy Storage",209945,1,0.0436363636363637,0.956363636363636
"ADLIN_1_UNITS","GEYSERS AIDLIN AGGREGATE",180334,1,0.0436363636363637,0.956363636363636
"NEENCH_6_SOLAR","Alpine Solar",236353,1,0.0437158469945355,0.956284153005465
"BOGUE_1_UNITA1","Feather River Energy Center, Unit #1",951689,1,0.0439003799071338,0.956099620092866
"BOGUE_1_UNITA1","Feather River Energy Center, Unit #1",932153,1,0.0439003799071338,0.956099620092866
"BOGUE_1_UNITA1","Feather River Energy Center, Unit #1",156192,1,0.0439003799071338,0.956099620092866
"KEARNY_6_SESBT2","Kearny South Energy Storage",284463,1,0.0439393939393939,0.956060606060606
"ELKHRN_1_EESX3","Elkhorn Energy Storage",457081,1,0.0439882697947214,0.956011730205279
"DELAMO_2_ALASB2","Los Alamitos 2",213734,1,0.044,0.956
"ELECTR_7_PL1X3","ELECTRA PH UNIT 1 & 2 AGGREGATE",199925,1,0.0440456769983687,0.955954323001631
"MONTPH_7_UNITS","MONTICELLO HYDRO AGGREGATE",434639,1,0.0441176470588235,0.955882352941177
"GARNET_1_WIND","GARNET WIND ENERGY CENTER",196390,1,0.0441176470588236,0.955882352941176
"FMEADO_7_UNIT","FRENCH MEADOWS HYDRO",104452,1,0.0441666666666666,0.955833333333333
"BRDSLD_2_SHLO3A","Shiloh III Wind Project, LLC",181382,1,0.0441734417344172,0.955826558265583
"NCPA_7_GP2UN4","NCPA GEO PLANT 2 UNIT 4",840234,1,0.0442307692307692,0.955769230769231
"YELPIN_2_YP2BT1","Yellow Pine 2 BESS",428176,1,0.0442678774120319,0.955732122587968
"NORCNV_1_NCVBT1","North Central Valley",264747,1,0.044324058113765,0.955675941886235
"YUBACT_1_SUNSWT","YUBA CITY COGEN",154612,1,0.0443478260869565,0.955652173913043
"YUBACT_1_SUNSWT","YUBA CITY COGEN",990961,1,0.0443478260869565,0.955652173913043
"MNDALY_6_MCGRTH","McGrath Beach Peaker",154612,1,0.0443478260869565,0.955652173913043
"MNDALY_6_MCGRTH","McGrath Beach Peaker",990961,1,0.0443478260869565,0.955652173913043
"VICTOR_1_CREST","Victor Aggregate Solar Resources",975528,1,0.0443478260869565,0.955652173913043
"GASKW1_2_GW1SR1","Gaskell West 1",316580,1,0.0443925233644859,0.955607476635514
"SPBURN_7_SNOWMT","Burney Creek Hydro",303733,1,0.0444444444444443,0.955555555555556
"SPBURN_7_SNOWMT","Burney Creek Hydro",613584,1,0.0444444444444443,0.955555555555556
"SUNCAT_2_A1ABT1","Arlington Solar Unit 1A BESS",111621,1,0.0444444444444444,0.955555555555556
"SUNCAT_2_A1ABT1","Arlington Solar Unit 1A BESS",241464,1,0.0444444444444444,0.955555555555556
"SUNCAT_2_A1ABT1","Arlington Solar Unit 1A BESS",258757,1,0.0444444444444444,0.955555555555556
"SUNCAT_2_A1ABT1","Arlington Solar Unit 1A BESS",839931,1,0.0444444444444444,0.955555555555556
"MSHGTS_6_MMARLF","MIRAMAR LANDFILL",209145,1,0.0444444444444445,0.955555555555555
"ESCNDO_6_EB3BT3","Escondido BESS 3",197582,1,0.0444444444444445,0.955555555555555
"SPBURN_7_SNOWMT","Burney Creek Hydro",127538,1,0.0444444444444445,0.955555555555555
"CARBOU_7_PL2X3","CARIBOU PH 1 UNIT 2 & 3 AGGREGATE",939948,1,0.0444827586206896,0.95551724137931
"ADLIN_1_UNITS","GEYSERS AIDLIN AGGREGATE",165103,1,0.0445454545454546,0.955454545454545
"CARBOU_7_PL4X5","CARIBOU PH 2 UNIT 4 & 5 AGGREGATE",145233,1,0.0445762711864407,0.955423728813559
"KERNRG_1_UNITS","South Belridge Cogen Facility",774713,1,0.0445999999999999,0.9554
"PNCHPP_1_PL1X2","Midway Peaking Aggregate",828735,1,0.0446123403489837,0.955387659651016
"BUCKWD_1_QF","Buckwind Re-powering project",928755,1,0.0446153846153846,0.955384615384615
"SUNCAT_2_A1BBT1","Arlington Solar Unit 1B BESS",131675,1,0.0446428571428571,0.955357142857143
"ETIWND_6_GRPLND","Grapeland Peaker",912055,1,0.0446448207609413,0.955355179239059
"INDIGO_1_UNIT 3","INDIGO PEAKER UNIT 3",104155,1,0.0446555819477434,0.955344418052257
"RCKCRK_7_UNIT 1","ROCK CREEK HYDRO UNIT 1",705142,1,0.0446862249854284,0.955313775014572
"SUNCAT_2_A2ABT2","Arlington Solar Unit 2A BESS",143349,1,0.044695652173913,0.955304347826087
"OBERON_5_O2SSR5","Oberon 2B Solar",736344,1,0.0447761194029846,0.955223880597015
"WOLFSK_1_UNITA1","Wolfskill Energy Center",698265,1,0.0447761194029851,0.955223880597015
"WOLFSK_1_UNITA1","Wolfskill Energy Center",118390,1,0.0447761194029851,0.955223880597015
"COCOPP_2_CTG3","Marsh Landing 3",263628,1,0.0448,0.9552
"GUERNS_6_SOLAR","Guernsey Solar Station",193686,1,0.0448484848484848,0.955151515151515
"VESTAL_2_WELLHD","Wellhead Power Delano",764895,1,0.0448780487804879,0.955121951219512
"PIT5_7_PL1X2","PIT PH 5 UNITS 1 & 2 AGGREGATE",321061,1,0.0448780487804879,0.955121951219512
"DUANE_1_PL1X3","DONALD VON RAESFELD POWER PROJECT",144886,1,0.0448936170212763,0.955106382978724
"CARBOU_7_PL4X5","CARIBOU PH 2 UNIT 4 & 5 AGGREGATE",194654,1,0.0449152542372881,0.955084745762712
"OAK C_7_UNIT 1","OAKLAND STATION C GT UNIT 1",628632,1,0.0450000000000001,0.955
"ARBWD_6_QF","Wind Resource II",862299,1,0.0450191570881225,0.954980842911877
"ARBWD_6_QF","Wind Resource II",379813,1,0.0450191570881225,0.954980842911877
"INDIGO_1_UNIT 3","INDIGO PEAKER UNIT 3",707240,1,0.0451306413301664,0.954869358669834
"INDIGO_1_UNIT 3","INDIGO PEAKER UNIT 3",133683,1,0.0451306413301664,0.954869358669834
"INDIGO_1_UNIT 3","INDIGO PEAKER UNIT 3",340172,1,0.0451306413301664,0.954869358669834
"RVRVEW_1_UNITA1","Riverview Energy Center (GP Antioch)",104155,1,0.0451680672268907,0.954831932773109
"NCPA_7_GP2UN4","NCPA GEO PLANT 2 UNIT 4",189981,1,0.0451923076923077,0.954807692307692
"NCPA_7_GP2UN4","NCPA GEO PLANT 2 UNIT 4",942205,1,0.0451923076923077,0.954807692307692
"YUBACT_1_SUNSWT","YUBA CITY COGEN",928918,1,0.0452173913043478,0.954782608695652
"MNDALY_6_MCGRTH","McGrath Beach Peaker",928918,1,0.0452173913043478,0.954782608695652
"CALFTS_2_CFSSR1","California Flats Solar South",195432,1,0.0452616690240453,0.954738330975955
"GARLND_2_GARBT1","Garland B BESS",189054,1,0.0452857142857143,0.954714285714286
"ASTORA_2_SOLAR1","Astoria 1",941221,1,0.0454166666666667,0.954583333333333
"BISHOP_1_ALAMO","BISHOP CREEK PLANT 2  AND  6",971962,1,0.0454545454545455,0.954545454545455
"OCOTLO_6_OCWSB1","Ocotillo Wells Solar and BESS",200325,1,0.0454545454545455,0.954545454545455
"DVLCYN_1_UNITS","DEVIL CANYON HYDRO UNITS 1-4 AGGREGATE",521317,1,0.0454545454545455,0.954545454545455
"SUNCAT_2_A1ABT1","Arlington Solar Unit 1A BESS",620765,1,0.0454545454545455,0.954545454545455
"SUNCAT_2_A1ABT1","Arlington Solar Unit 1A BESS",266436,1,0.0454545454545455,0.954545454545455
"YUBACT_6_UNITA1","Yuba City Energy Center (Calpine)",839931,1,0.0454545454545455,0.954545454545455
"BUCKCK_7_PL1X2","BUCKS CREEK AGGREGATE",187760,1,0.0454545454545455,0.954545454545455
"DVLCYN_1_UNITS","DEVIL CANYON HYDRO UNITS 1-4 AGGREGATE",181514,1,0.0454545454545455,0.954545454545455
"STANTN_2_STAGT1","Stanton 1",794449,1,0.0455,0.9545
"PNCHPP_1_PL1X2","Midway Peaking Aggregate",476474,1,0.0455117826947292,0.954488217305271
"TANHIL_6_SOLART","Berry Cogen 18",139242,1,0.0455555555555556,0.954444444444444
"SALTSP_7_UNITS","SALT SPRINGS HYDRO AGGREGATE",189802,1,0.0455882352941176,0.954411764705882
"MONTPH_7_UNITS","MONTICELLO HYDRO AGGREGATE",220818,1,0.0455882352941177,0.954411764705882
"ELCAJN_6_LM6K","El Cajon Energy Center",201838,1,0.045625,0.954375
"VALTNE_2_TRSBT1","Tropico Solar",248020,1,0.045625,0.954375
"YUBACT_1_SUNSWT","YUBA CITY COGEN",208876,1,0.0456521739130435,0.954347826086956
"MNDALY_6_MCGRTH","McGrath Beach Peaker",208876,1,0.0456521739130435,0.954347826086956
"VICTOR_1_CREST","Victor Aggregate Solar Resources",768776,1,0.0456521739130435,0.954347826086956
"DRACKR_2_DSUBT1","Dracker Solar Unit 1 BESS",497303,1,0.0458333333333333,0.954166666666667
"ALTA3A_2_CPCE4","Alta Wind 4",932206,1,0.0458333333333334,0.954166666666667
"ALTA3A_2_CPCE4","Alta Wind 4",532320,1,0.0458333333333334,0.954166666666667
"ASTORA_2_SOLAR1","Astoria 1",932206,1,0.0458333333333334,0.954166666666667
"ASTORA_2_SOLAR1","Astoria 1",532320,1,0.0458333333333334,0.954166666666667
"YELPIN_2_YP2BT1","Yellow Pine 2 BESS",751688,1,0.0458640458640459,0.954135954135954
"SUNSTR_5_SS1SCEDYN","Sunstream Solar 1",456702,1,0.0458653846153846,0.954134615384615
"CENTPD_2_BMSSX2","Blythe Mesa Solar",492855,1,0.0459090909090909,0.954090909090909
"GARNET_1_WIND","GARNET WIND ENERGY CENTER",209051,1,0.0459363957597173,0.954063604240283
"SYCAMR_2_UNIT 2","Sycamore Cogeneration Unit 2",261727,1,0.045945945945946,0.954054054054054
"BEKWJS_5_BV1SCEDYN","Broadview 1",164178,1,0.0459595959595959,0.954040404040404
"OAKWD_6_QF","Oak Creek",975528,1,0.045965770171149,0.954034229828851
"NEENCH_6_SOLAR","Alpine Solar",956532,1,0.0459659273545484,0.954034072645452
"USWNDR_2_SMUD","SOLANO WIND FARM",798542,1,0.0459770114942529,0.954022988505747
"ALAMIT_7_ES1","Alamitos Energy Storage",202220,1,0.0459999999999999,0.954
"KERNRG_1_UNITS","South Belridge Cogen Facility",594888,1,0.0459999999999999,0.954
"MSTANG_2_SOLAR3","Mustang 3",154578,1,0.0460000000000001,0.954
"STANTN_2_STAGT1","Stanton 1",764895,1,0.0460000000000001,0.954
"IVANPA_1_UNIT3","Ivanpah 3",166745,1,0.0460000000000001,0.954
"BISHOP_1_ALAMO","BISHOP CREEK PLANT 2  AND  6",434763,1,0.0460251046025104,0.95397489539749
"GYS7X8_7_UNITS","GEYSERS UNITS 7 & 8 AGGREGATE",701361,1,0.0460526315789473,0.953947368421053
"GUERNS_6_SOLAR","Guernsey Solar Station",339674,1,0.046060606060606,0.953939393939394
"CARBOU_7_PL4X5","CARIBOU PH 2 UNIT 4 & 5 AGGREGATE",458056,1,0.0461016949152542,0.953898305084746
"WESCAN_2_BDSBT1","Bateria Del Sur",143349,1,0.0461168935148118,0.953883106485188
"ELLIOT_6_ELIBT1","Elliott Energy Storage",749304,1,0.0461538461538461,0.953846153846154
"PARDSE_6_PESBT1","Paradise Energy Storage",101363,1,0.0461538461538461,0.953846153846154
"GYS7X8_7_UNITS","GEYSERS UNITS 7 & 8 AGGREGATE",152145,1,0.0461538461538462,0.953846153846154
"PALOMR_2_PL1X3","Palomar Energy Center",552587,1,0.0462244897959183,0.953775510204082
"PNCHPP_1_PL1X2","Midway Peaking Aggregate",101706,1,0.0462313365713258,0.953768663428674
"YELPIN_2_YP2BT1","Yellow Pine 2 BESS",105870,1,0.0462639109697934,0.953736089030207
"GYS5X6_7_UNITS","GEYSERS UNITS 5 & 6 AGGREGATE",147614,1,0.0463043478260868,0.953695652173913
"GARNET_2_COAWD2","Coachella 2",205771,1,0.0463096960926194,0.95369030390738
"CARBOU_7_PL2X3","CARIBOU PH 1 UNIT 2 & 3 AGGREGATE",286732,1,0.0464,0.9536
"BELDEN_7_UNIT 1","BELDEN HYDRO",469253,1,0.0464,0.9536
"CAVLSR_2_BSOLAR","California Valley Solar Ranch-Phase B",154578,1,0.0464285714285715,0.953571428571429
"GARNET_2_WIND4","Windustries",731152,1,0.0464396284829722,0.953560371517028
"NORCNV_1_NCVBT1","North Central Valley",195275,1,0.0464663563267034,0.953533643673297
"OMAR_2_UNIT 3","KERN RIVER COGENERATION CO. UNIT 3",321061,1,0.0465753424657535,0.953424657534247
"OMAR_2_UNIT 4","KERN RIVER COGENERATION CO. UNIT 4",321061,1,0.0465753424657535,0.953424657534247
"SLATE_2_SLASR2","SLATE_2",699344,1,0.0465872156013001,0.9534127843987
"YUBACT_6_UNITA1","Yuba City Energy Center (Calpine)",161142,1,0.046590909090909,0.953409090909091
"CONTRL_1_RUSHCK","RUSH CREEK",779880,1,0.0466666666666666,0.953333333333333
"SALTSP_7_UNITS","SALT SPRINGS HYDRO AGGREGATE",200325,1,0.0466666666666666,0.953333333333333
"JOANEC_2_STABT2","Santa Ana Storage 2",316580,1,0.0466666666666667,0.953333333333333
"LITLRK_6_GBCSR1","Green Beanworks C",198022,1,0.0466666666666667,0.953333333333333
"LITLRK_6_GBCSR1","Green Beanworks C",995483,1,0.0466666666666667,0.953333333333333
"SLATE_2_SLASR2","SLATE_2",345990,1,0.0466955579631636,0.953304442036836
"IVANPA_1_UNIT1","Ivanpah 1",905347,1,0.0467532467532468,0.953246753246753
"OBERON_5_O2BBX2","Oberon 2 BESS",166745,1,0.046774193548387,0.953225806451613
"CAVLSR_2_RSOLAR","California Valley Solar Ranch-Phase A",477057,1,0.0468027210884353,0.953197278911565
"BLAST_1_WIND","Mountain View IV Wind",721764,1,0.0468085106382979,0.953191489361702
"ETIWND_6_GRPLND","Grapeland Peaker",376200,1,0.0468440730151749,0.953155926984825
"JOANEC_2_ST3BT3","Santa Ana Storage 3",437886,1,0.046875,0.953125
"GARNET_2_COAWD2","Coachella 2",513723,1,0.046875,0.953125
"ENWIND_2_WIND2","Ridgetop I",141013,1,0.0468905886265381,0.953109411373462
"RUSCTY_2_UNITS","Russell City Energy Center",509317,1,0.0469011725293132,0.953098827470687
"HOOVER_2_SCEPT","Hoover DAM - SCE Share",193488,1,0.0469314079422383,0.953068592057762
"EDWARD_2_ESSSB2","Sanborn Solar 2",867677,1,0.046952380952381,0.953047619047619
"SANBRN_2_ES1BT3","EdSan 1 Edwards 1",624752,1,0.0470000000000001,0.953
"BLAST_1_WIND","Mountain View IV Wind",209550,1,0.0470212765957447,0.952978723404255
"ALMASL_2_AL6BT6","Almasol 6 BES",114138,1,0.0470454545454546,0.952954545454545
"YUBACT_6_UNITA1","Yuba City Energy Center (Calpine)",114138,1,0.0470454545454546,0.952954545454545
"HIGHDS_2_H5SSR1","High 5 Solar",187185,1,0.0470572640509013,0.952942735949099
"ATHOS_5_AP2X2","Athos Power Plant 2",856960,1,0.0471264367816093,0.952873563218391
"SLATE_2_SLASR2","SLATE_2",820471,1,0.0471289274106176,0.952871072589382
"SLATE_2_SLASR2","SLATE_2",125988,1,0.0471289274106176,0.952871072589382
"LMEC_1_PL1X3","Los Medanos Energy Center AGGREGATE",844371,1,0.0471502590673574,0.952849740932643
"WESCAN_2_BDSBT1","Bateria Del Sur",476474,1,0.0472377902321858,0.952762209767814
"BLVRDE_6_BLVBT1","Boulevard Energy Storage",292435,1,0.0473684210526316,0.952631578947368
"ALAMIT_7_ES1","Alamitos Energy Storage",360176,1,0.0474,0.9526
"INTMNT_3_ANAHEIM","Intermountain Power Project",167719,1,0.0474647887323944,0.952535211267606
"USWNDR_2_SMUD2","Solano Wind Project Phase 3",170587,1,0.0475,0.9525
"PALA_6_PGCBT1","Pala Gomez Creek BESS",279660,1,0.0475,0.9525
"GARNET_2_WIND5","Eastwind",163107,1,0.0476190476190477,0.952380952380952
"GARNET_2_WIND5","Eastwind",151240,1,0.0476190476190477,0.952380952380952
"GARNET_2_WIND5","Eastwind",613584,1,0.0476190476190477,0.952380952380952
"COVERD_2_MCKHY1","Montgomery Creek Hydro",798816,1,0.0476190476190479,0.952380952380952
"MCFLND_5_MFSSR1","McFarland Solar A PV",122732,1,0.0476842105263158,0.952315789473684
"ALMASL_2_AL6BT6","Almasol 6 BES",628885,1,0.0477272727272728,0.952272727272727
"YUBACT_6_UNITA1","Yuba City Energy Center (Calpine)",628885,1,0.0477272727272728,0.952272727272727
"CALFTN_2_CFSBT1","California Flats Solar Battery",264638,1,0.0477499999999999,0.95225
"CHESTN_2_CHWBX2","Chestnut Westside BESS",458056,1,0.0478787878787878,0.952121212121212
"ARBWD_6_QF","Wind Resource II",339674,1,0.0478927203065134,0.952107279693487
"BOGUE_1_UNITA1","Feather River Energy Center, Unit #1",189981,1,0.0479105107640355,0.952089489235964
"BOGUE_1_UNITA1","Feather River Energy Center, Unit #1",942205,1,0.0479105107640355,0.952089489235964
"DRACKR_2_DSUBT2","Dracker Solar Unit 2 BESS",993410,1,0.0479128506700087,0.952087149329991
"DEADCK_1_UNIT","DEADCK_1_UNIT",500324,1,0.0479452054794521,0.952054794520548
"SLATE_2_SLASR3","SLATE_3",663112,1,0.0479817212490478,0.952018278750952
"SLATE_2_SLASR3","SLATE_3",327142,1,0.0479817212490481,0.952018278750952
"ALAMIT_7_ES1","Alamitos Energy Storage",160461,1,0.048,0.952
"SUNCAT_2_A1ABT1","Arlington Solar Unit 1A BESS",713009,1,0.0479999999999999,0.952
"KERNRG_1_UNITS","South Belridge Cogen Facility",261590,1,0.048,0.952
"USWNDR_2_SMUD2","Solano Wind Project Phase 3",105465,1,0.0480591497227356,0.951940850277264
"EASTWD_7_UNIT","EASTWOOD PUMP-GEN",199688,1,0.0480606060606061,0.951939393939394
"DREWS_6_PL1X4","Drews Generating Plant",974145,1,0.0481308411214952,0.951869158878505
"CSLR4S_2_SOLAR","Csolar IV South",828735,1,0.0481818181818182,0.951818181818182
"ADLIN_1_UNITS","GEYSERS AIDLIN AGGREGATE",179366,1,0.0481818181818181,0.951818181818182
"PIT7_7_UNIT 1","PIT PH 7 UNIT 1",360257,1,0.0483031064823129,0.951696893517687
"RVRVEW_1_UNITA1","Riverview Energy Center (GP Antioch)",893185,1,0.0483193277310924,0.951680672268908
"RVRVEW_1_UNITA1","Riverview Energy Center (GP Antioch)",951689,1,0.0483193277310925,0.951680672268908
"RVRVEW_1_UNITA1","Riverview Energy Center (GP Antioch)",932153,1,0.0483193277310925,0.951680672268908
"RVRVEW_1_UNITA1","Riverview Energy Center (GP Antioch)",156192,1,0.0483193277310925,0.951680672268908
"MSTANG_2_SOLAR","Mustang",805057,1,0.0483221476510068,0.951677852348993
"ARCOGN_2_UNITS","WATSON COGENERATION",122696,1,0.0483333333333334,0.951666666666667
"ALTA6E_2_WIND10","Alta Wind 10",100454,1,0.0483445207029187,0.951655479297081
"ALTA6E_2_WIND10","Alta Wind 10",117281,1,0.0483445207029187,0.951655479297081
"OILFLD_7_QFUNTS","Nacimiento Hydroelectric Plant",183431,1,0.0484330484330485,0.951566951566951
"SUNCAT_2_A1ABT1","Arlington Solar Unit 1A BESS",528875,1,0.0484444444444444,0.951555555555556
"CALFTN_2_SOLAR","California Flats North",164178,1,0.0484782608695652,0.951521739130435
"CABALO_2_M2WSR2","Mustang 2 Whirlaway Solar",854844,1,0.0485185185185185,0.951481481481481
"LMBEPK_2_UNITA3","Goose Haven Energy Center, Unit #1",418650,1,0.0485232067510549,0.951476793248945
"MSTANG_2_SOLAR3","Mustang 3",141013,1,0.0485248447204968,0.951475155279503
"KERNRG_1_UNITS","South Belridge Cogen Facility",713184,1,0.0486,0.9514
"SYCAMR_2_UNIT 3","Sycamore Cogeneration Unit 3",176680,1,0.0486111111111111,0.951388888888889
"SYCAMR_2_UNIT 4","Sycamore Cogeneration Unit 4",176680,1,0.0486111111111111,0.951388888888889
"SLATE_2_SLASR3","SLATE_3",234172,1,0.0486891385767789,0.951310861423221
"KRAMER_1_R1PX3","Resurgence 1 PV",954013,1,0.0487142857142857,0.951285714285714
"NCPA_7_GP2UN4","NCPA GEO PLANT 2 UNIT 4",201838,1,0.04875,0.95125
"SYCAMR_2_UNIT 3","Sycamore Cogeneration Unit 3",643444,1,0.0487500000000001,0.95125
"SYCAMR_2_UNIT 4","Sycamore Cogeneration Unit 4",643444,1,0.0487500000000001,0.95125
"VESTAL_2_WELLHD","Wellhead Power Delano",444308,1,0.048780487804878,0.951219512195122
"PIT5_7_PL3X4","PIT PH 5 UNITS 3 & 4 AGGREGATE",130239,1,0.048780487804878,0.951219512195122
"OTMESA_2_PL1X3","OTAY MESA ENERGY CENTER",844371,1,0.0487931034482758,0.951206896551724
"INTMNT_3_RIVERSIDE","IPPDYN",914978,1,0.0488059701492537,0.951194029850746
"WESCAN_2_BDSBT1","Bateria Del Sur",101706,1,0.0488333333333333,0.951166666666667
"BOGUE_1_UNITA1","Feather River Energy Center, Unit #1",840234,1,0.0489658083579571,0.951034191642043
"BOGUE_1_UNITA1","Feather River Energy Center, Unit #1",418650,1,0.0489658083579571,0.951034191642043
"CARBOU_7_PL2X3","CARIBOU PH 1 UNIT 2 & 3 AGGREGATE",297766,1,0.049,0.951
"RUSSELL_2_SOLANO1","Solano Renewables 1",968309,1,0.0490244302344646,0.950975569765535
"ETIWND_6_GRPLND","Grapeland Peaker",426166,1,0.0490433252694085,0.950956674730592
"JOANEC_2_ST3BT3","Santa Ana Storage 3",974145,1,0.0490625,0.9509375
"CHWCHL_1_UNIT","CHOW 2 PEAKER PLANT",356834,1,0.0491666666666667,0.950833333333333
"ELCAJN_6_LM6K","El Cajon Energy Center",356834,1,0.0491666666666667,0.950833333333333
"WOLFSK_1_UNITA1","Wolfskill Energy Center",529201,1,0.0492537313432836,0.950746268656716
"OBERON_5_O2SSR5","Oberon 2B Solar",641340,1,0.0492700729927008,0.950729927007299
"OBERON_5_O2SSR5","Oberon 2B Solar",525442,1,0.0492700729927008,0.950729927007299
"CLRMNT_6_CLEBT1","Clairemont Energy Storage",368954,1,0.0493506493506493,0.950649350649351
"VENWD_1_WIND3","Painted Hills",480008,1,0.0493827160493828,0.950617283950617
"PIT5_7_PL1X2","PIT PH 5 UNITS 1 & 2 AGGREGATE",130317,1,0.0493827160493827,0.950617283950617
"OCOTLO_6_OCWSB1","Ocotillo Wells Solar and BESS",698118,1,0.0494356659142213,0.950564334085779
"OXMTN_6_LNDFIL","Ox Mountain Landfill Generating Plant",492010,1,0.0494736842105264,0.950526315789474
"ETIWND_6_GRPLND","Grapeland Peaker",702721,1,0.0494831757202551,0.950516824279745
"TITANS_2_TTSSR1","Titan Solar 1 Pseudo",248020,1,0.0494999999999999,0.9505
"SANBRN_2_SS2BT3","Sanborn Solar 2 SBESS 3",100651,1,0.0495049504950495,0.95049504950495
"CHEVMN_2_UNITS","CHEVRON U.S.A. UNITS 1 & 2 AGGREGATE",118485,1,0.0495555555555555,0.950444444444445
"DREWS_6_PL1X4","Drews Generating Plant",189802,1,0.0495974235104669,0.950402576489533
"NCPA_7_GP2UN4","NCPA GEO PLANT 2 UNIT 4",917526,1,0.0496153846153846,0.950384615384615
"TULLCK_7_UNITS","Tullock Hydro",637410,1,0.0497076023391814,0.950292397660819
"TRNQLT_2_SOLAR","Tranquillity",120025,1,0.0498714652956298,0.95012853470437
"ALTA3A_2_CPCE5","Alta Wind 5",883062,1,0.0499397590361445,0.950060240963855
"SLATE_2_SLASR2","SLATE_2",188521,1,0.0499458288190682,0.950054171180932
"CONTRL_1_LUNDY","LUNDY",840018,1,0.0499999999999998,0.95
"FMEADO_7_UNIT","FRENCH MEADOWS HYDRO",131964,1,0.05,0.95
"SPICER_1_UNITS","SPICER HYDRO UNITS 1-3 AGGREGATE",504926,1,0.05,0.95
"MNDALY_6_MCGRTH","McGrath Beach Peaker",167586,1,0.0499999999999999,0.95
"SPICER_1_UNITS","SPICER HYDRO UNITS 1-3 AGGREGATE",163405,1,0.0499999999999999,0.95
"ELCAJN_6_LM6K","El Cajon Energy Center",324007,1,0.05,0.95
"SANBRN_2_ES1BT3","EdSan 1 Edwards 1",744292,1,0.05,0.95
"ALAMIT_7_ES1","Alamitos Energy Storage",155930,1,0.05,0.95
"ALAMIT_7_ES1","Alamitos Energy Storage",146716,1,0.05,0.95
"PARDEB_6_UNITS","Pardee Power House",198465,1,0.05,0.95
"TITANS_2_TTSSR1","Titan Solar 1 Pseudo",159511,1,0.05,0.95
"PIT4_7_PL1X2","PIT PH 4 UNITS 1 & 2 AGGREGATE",837024,1,0.05,0.95
"KERNRG_1_UNITS","South Belridge Cogen Facility",192354,1,0.05,0.95
