"RESOURCE ID","RESOURCEBID_SEQ","curtailment_date","expected_available_mw","daily_max_mw","mw_error","pct_error"
"ADLIN_1_UNITS",316580,2023-05-23,9,8.94,-0.0600000000000005,-0.00666666666666672
"ADLIN_1_UNITS",316580,2023-05-24,9,8.98,-0.0199999999999996,-0.00222222222222217
"ADLIN_1_UNITS",316580,2023-05-25,9,8.86,-0.140000000000001,-0.0155555555555556
"AKINGS_6_AMESR1",828735,2024-09-07,72.5,72.2,-0.299999999999997,-0.00413793103448272
"AKINGS_6_AMESR1",828735,2024-09-08,72.5,71.19,-1.31,-0.0180689655172414
"ALHMBR_1_ALHSLR",165788,2024-11-01,13,13,0,0
"ALHMBR_1_ALHSLR",165788,2024-11-04,13,13,0,0
"ALHMBR_1_ALHSLR",165788,2024-11-05,13,13,0,0
"ALMASL_2_AL6BT6",163688,2023-04-02,44,45,1,0.0227272727272727
"ALMASL_2_AL6BT6",163688,2023-04-29,44,45,1,0.0227272727272727
"ALMASL_2_AL6BT6",163688,2023-05-06,44,45,1,0.0227272727272727
"ALMASL_2_AL6BT6",163688,2023-05-07,44,45,1,0.0227272727272727
"ARBWD_6_QF",107701,2023-02-01,12.99,13.1,0.110000000000001,0.00846805234796006
"ARBWD_6_QF",107701,2024-11-04,10.44,10.83,0.390000000000001,0.0373563218390805
"ARCOGN_2_UNITS",219791,2023-01-13,205,205,0,0
"ARCOGN_2_UNITS",219791,2023-12-19,210,203,-7,-0.0333333333333333
"ARCOGN_2_UNITS",219791,2024-11-11,205,204,-1,-0.0048780487804878
"ARLVAL_5_SOLAR",105465,2024-09-09,100,98,-2,-0.02
"ARLVAL_5_SOLAR",105465,2024-09-10,100,104,4,0.04
"ARLVAL_5_SOLAR",105465,2024-09-13,100,103,3,0.03
"ARLVAL_5_SOLAR",105465,2024-09-14,100,98,-2,-0.02
"AVSOLR_2_SOLAR",492855,2024-03-05,206.4,212.1,5.69999999999999,0.0276162790697674
"AVSOLR_2_SOLAR",492855,2024-03-07,206.4,205.8,-0.599999999999994,-0.00290697674418602
"AVSOLR_2_SOLAR",492855,2024-03-18,206.4,203.6,-2.80000000000001,-0.0135658914728683
"AVSOLR_2_SOLAR",492855,2024-03-19,206.4,203.4,-3,-0.0145348837209302
"AVSOLR_2_SOLAR",492855,2024-03-20,206.4,208.4,2,0.00968992248062015
"AVSOLR_2_SOLAR",492855,2024-03-21,206.4,204.2,-2.20000000000002,-0.0106589147286823
"AVSOLR_2_SOLAR",492855,2024-03-25,206.4,204.7,-1.70000000000002,-0.00823643410852721
"AVSOLR_2_SOLAR",492855,2024-03-26,206.4,204.8,-1.59999999999999,-0.0077519379844961
"AVSOLR_2_SOLAR",492855,2024-03-27,206.4,205.5,-0.900000000000006,-0.0043604651162791
"AVSOLR_2_SOLAR",492855,2024-03-28,206.4,205.8,-0.599999999999994,-0.00290697674418602
"AVSOLR_2_SOLAR",492855,2024-03-29,206.4,205.8,-0.599999999999994,-0.00290697674418602
"AVSOLR_2_SOLAR",492855,2024-04-02,206.4,211.5,5.09999999999999,0.0247093023255814
"AVSOLR_2_SOLAR",492855,2024-04-09,206.4,210.2,3.79999999999998,0.0184108527131782
"BERCYN_2_BCEBT1",153772,2024-09-09,12,11.45,-0.550000000000001,-0.0458333333333334
"BERCYN_2_BCEBT1",153772,2024-09-10,11,11.39,0.390000000000001,0.0354545454545455
"BERCYN_2_BCEBT1",153772,2024-09-11,11,11.5,0.5,0.0454545454545455
"BERCYN_2_BCEBT1",153772,2024-09-12,12,11.42,-0.58,-0.0483333333333333
"BIGCRK_2_EXESWD",166600,2023-01-01,775,799.47,24.47,0.0315741935483871
"BIGCRK_2_EXESWD",166600,2023-01-02,775,799.47,24.47,0.0315741935483871
"BIGCRK_2_EXESWD",166600,2023-02-10,775,799.47,24.47,0.0315741935483871
"BIGCRK_2_EXESWD",166600,2023-02-24,775,799.47,24.47,0.0315741935483871
"BIGCRK_2_EXESWD",166600,2023-02-27,775,799.47,24.47,0.0315741935483871
"BIGCRK_2_EXESWD",166600,2023-02-28,784,799.47,15.47,0.0197321428571429
"BIGCRK_2_EXESWD",166600,2023-03-03,786,799.47,13.47,0.0171374045801527
"BIGCRK_2_EXESWD",166600,2023-03-17,784,799.47,15.47,0.0197321428571429
"BIGCRK_2_EXESWD",166600,2023-04-02,775,799.47,24.47,0.0315741935483871
"BIGCRK_2_EXESWD",166600,2023-04-02,800.2,799.47,-0.730000000000018,-0.000912271932017018
"BIGCRK_2_EXESWD",166600,2023-04-03,775,799.47,24.47,0.0315741935483871
"BIGCRK_2_EXESWD",166600,2023-04-03,800.2,799.47,-0.730000000000018,-0.000912271932017018
"BIGCRK_2_EXESWD",166600,2023-04-05,800.2,799.47,-0.730000000000018,-0.000912271932017018
"BIGCRK_2_EXESWD",166600,2023-04-06,800.2,799.47,-0.730000000000018,-0.000912271932017018
"BIGCRK_2_EXESWD",166600,2023-04-07,800.2,799.47,-0.730000000000018,-0.000912271932017018
"BIGCRK_2_EXESWD",166600,2023-04-07,775,799.47,24.47,0.0315741935483871
"BIGCRK_2_EXESWD",166600,2023-04-08,800.2,799.47,-0.730000000000018,-0.000912271932017018
"BIGCRK_2_EXESWD",166600,2023-04-08,775,799.47,24.47,0.0315741935483871
"BIGCRK_2_EXESWD",166600,2023-04-09,775,799.47,24.47,0.0315741935483871
"BIGCRK_2_EXESWD",166600,2023-04-15,775,799.47,24.47,0.0315741935483871
"BIGCRK_2_EXESWD",166600,2023-04-16,775,799.47,24.47,0.0315741935483871
"BIGCRK_2_EXESWD",166600,2023-04-21,775,799.47,24.47,0.0315741935483871
"BIGCRK_2_EXESWD",166600,2023-04-22,775,799.47,24.47,0.0315741935483871
"BIGCRK_2_EXESWD",166600,2023-04-23,775,799.47,24.47,0.0315741935483871
"BIGCRK_2_EXESWD",166600,2023-04-29,775,792,17,0.0219354838709677
"BIGCRK_2_EXESWD",166600,2023-04-30,783.5,799.47,15.97,0.020382897255903
"BIGCRK_2_EXESWD",166600,2023-04-30,775,799.47,24.47,0.0315741935483871
"BIGCRK_2_EXESWD",166600,2023-05-01,783.5,799.47,15.97,0.020382897255903
"BIGCRK_2_EXESWD",166600,2023-05-01,775,799.47,24.47,0.0315741935483871
"BIGCRK_2_EXESWD",166600,2023-05-06,775,799.47,24.47,0.0315741935483871
"BIGCRK_2_EXESWD",166600,2023-05-07,775,799.47,24.47,0.0315741935483871
"BIGCRK_2_EXESWD",166600,2023-05-07,768.8,799.47,30.6700000000001,0.0398933402705516
"BIGCRK_2_EXESWD",166600,2023-05-12,768.8,799.47,30.6700000000001,0.0398933402705516
"BIGCRK_2_EXESWD",166600,2023-05-13,775,799.47,24.47,0.0315741935483871
"BIGCRK_2_EXESWD",166600,2023-05-14,768.8,799.47,30.6700000000001,0.0398933402705516
"BIGCRK_2_EXESWD",166600,2023-05-14,775,799.47,24.47,0.0315741935483871
"BIGCRK_2_EXESWD",166600,2023-05-15,768.8,799.47,30.6700000000001,0.0398933402705516
"BIGCRK_2_EXESWD",166600,2023-05-15,775,799.47,24.47,0.0315741935483871
"BIGCRK_2_EXESWD",166600,2023-05-19,775,799.47,24.47,0.0315741935483871
"BIGCRK_2_EXESWD",166600,2023-05-19,783.5,799.47,15.97,0.020382897255903
"BIGCRK_2_EXESWD",166600,2023-05-20,775,799.47,24.47,0.0315741935483871
"BIGCRK_2_EXESWD",166600,2023-05-21,775,799.47,24.47,0.0315741935483871
"BIGCRK_2_EXESWD",166600,2023-05-21,767.7,799.47,31.77,0.0413833528722157
"BIGCRK_2_EXESWD",166600,2023-05-27,775,799.47,24.47,0.0315741935483871
"BIGCRK_2_EXESWD",166600,2023-05-28,775,799.47,24.47,0.0315741935483871
"BIGCRK_2_EXESWD",166600,2023-06-02,775,799.47,24.47,0.0315741935483871
"BIGCRK_2_EXESWD",166600,2023-06-03,775,799.47,24.47,0.0315741935483871
"BIGCRK_2_EXESWD",166600,2023-06-04,775,799.47,24.47,0.0315741935483871
"BIGCRK_2_EXESWD",166600,2023-06-08,783.5,799.47,15.97,0.020382897255903
"BIGCRK_2_EXESWD",166600,2023-06-10,775,799.47,24.47,0.0315741935483871
"BIGCRK_2_EXESWD",166600,2023-06-11,775,799.47,24.47,0.0315741935483871
"BIGCRK_2_EXESWD",166600,2023-06-11,783.5,799.47,15.97,0.020382897255903
"BIGCRK_2_EXESWD",166600,2023-06-16,783.5,799.47,15.97,0.020382897255903
"BIGCRK_2_EXESWD",166600,2023-06-17,775,799.47,24.47,0.0315741935483871
"BIGCRK_2_EXESWD",166600,2023-06-18,783.5,799.47,15.97,0.020382897255903
"BIGCRK_2_EXESWD",166600,2023-06-18,775,799.47,24.47,0.0315741935483871
"BIGCRK_2_EXESWD",166600,2023-06-22,775,799.47,24.47,0.0315741935483871
"BIGCRK_2_EXESWD",166600,2023-06-24,775,799.47,24.47,0.0315741935483871
"BIGCRK_2_EXESWD",166600,2023-06-30,775,799.47,24.47,0.0315741935483871
"BIGCRK_2_EXESWD",166600,2023-07-02,775,796,21,0.0270967741935484
"BIGCRK_2_EXESWD",166600,2023-07-08,775,799.47,24.47,0.0315741935483871
"BIGCRK_2_EXESWD",166600,2023-07-09,775,799.47,24.47,0.0315741935483871
"BIGCRK_2_EXESWD",166600,2023-07-10,775,799.47,24.47,0.0315741935483871
"BIGCRK_2_EXESWD",166600,2023-07-10,809.2,799.47,-9.73000000000002,-0.0120242214532872
"BIGCRK_2_EXESWD",166600,2023-07-15,798.4,799.47,1.07000000000005,0.00134018036072151
"BIGCRK_2_EXESWD",166600,2023-07-15,775,799.47,24.47,0.0315741935483871
"BIGCRK_2_EXESWD",166600,2023-07-16,775,793,18,0.0232258064516129
"BIGCRK_2_EXESWD",166600,2023-07-22,775,799.47,24.47,0.0315741935483871
"BIGCRK_2_EXESWD",166600,2023-07-23,775,791,16,0.0206451612903226
"BIGCRK_2_EXESWD",166600,2023-07-29,775,794,19,0.0245161290322581
"BIGCRK_2_EXESWD",166600,2023-07-30,775,796,21,0.0270967741935484
"BIGCRK_2_EXESWD",166600,2023-07-31,775,794,19,0.0245161290322581
"BIGCRK_2_EXESWD",166600,2023-08-01,764.2,791,26.8,0.0350693535723632
"BIGCRK_2_EXESWD",166600,2023-08-01,775,791,16,0.0206451612903226
"BIGCRK_2_EXESWD",166600,2023-08-02,775,790,15,0.0193548387096774
"BIGCRK_2_EXESWD",166600,2023-08-05,775,788,13,0.0167741935483871
"BIGCRK_2_EXESWD",166600,2023-08-06,775,792,17,0.0219354838709677
"BIGCRK_2_EXESWD",166600,2023-08-12,775,785,10,0.0129032258064516
"BIGCRK_2_EXESWD",166600,2023-08-13,775,781,6,0.00774193548387097
"BIGCRK_2_EXESWD",166600,2023-08-18,775,799.47,24.47,0.0315741935483871
"BIGCRK_2_EXESWD",166600,2023-08-19,775,799.47,24.47,0.0315741935483871
"BIGCRK_2_EXESWD",166600,2023-09-04,775,798,23,0.0296774193548387
"BIGCRK_2_EXESWD",166600,2023-09-04,809.2,798,-11.2,-0.013840830449827
"BIGCRK_2_EXESWD",166600,2023-09-08,809.2,797,-12.2,-0.0150766188828473
"BIGCRK_2_EXESWD",166600,2023-09-09,809.2,780,-29.2,-0.0360850222441918
"BIGCRK_2_EXESWD",166600,2023-09-09,790,780,-10,-0.0126582278481013
"BIGCRK_2_EXESWD",166600,2023-09-14,775,799.47,24.47,0.0315741935483871
"BIGCRK_2_EXESWD",166600,2023-09-14,809.2,799.47,-9.73000000000002,-0.0120242214532872
"BIGCRK_2_EXESWD",166600,2023-09-15,775,799.47,24.47,0.0315741935483871
"BIGCRK_2_EXESWD",166600,2023-09-16,775,799.47,24.47,0.0315741935483871
"BIGCRK_2_EXESWD",166600,2023-09-17,775,799.47,24.47,0.0315741935483871
"BIGCRK_2_EXESWD",166600,2023-09-19,775,791,16,0.0206451612903226
"BIGCRK_2_EXESWD",166600,2023-09-20,775,794,19,0.0245161290322581
"BIGCRK_2_EXESWD",166600,2023-09-23,775,793,18,0.0232258064516129
"BIGCRK_2_EXESWD",166600,2023-09-24,775,794,19,0.0245161290322581
"BIGCRK_2_EXESWD",166600,2023-09-29,775,799.47,24.47,0.0315741935483871
"BIGCRK_2_EXESWD",166600,2023-09-30,775,799.47,24.47,0.0315741935483871
"BIGCRK_2_EXESWD",166600,2023-10-01,775,799.47,24.47,0.0315741935483871
"BIGCRK_2_EXESWD",166600,2023-10-02,775,799.47,24.47,0.0315741935483871
"BIGCRK_2_EXESWD",166600,2023-10-05,775,799.47,24.47,0.0315741935483871
"BIGCRK_2_EXESWD",166600,2023-10-06,775,799.47,24.47,0.0315741935483871
"BIGCRK_2_EXESWD",166600,2023-10-07,801,799.47,-1.52999999999997,-0.00191011235955053
"BIGCRK_2_EXESWD",166600,2023-10-07,775,799.47,24.47,0.0315741935483871
"BIGCRK_2_EXESWD",166600,2023-10-08,775,799.47,24.47,0.0315741935483871
"BIGCRK_2_EXESWD",166600,2023-10-09,775,799.47,24.47,0.0315741935483871
"BIGCRK_2_EXESWD",166600,2023-10-10,775,799.47,24.47,0.0315741935483871
"BIGCRK_2_EXESWD",166600,2023-10-11,775,799.47,24.47,0.0315741935483871
"BIGCRK_2_EXESWD",166600,2023-10-11,767.2,799.47,32.27,0.0420620437956204
"BIGCRK_2_EXESWD",166600,2023-10-12,767.2,799.47,32.27,0.0420620437956204
"BIGCRK_2_EXESWD",166600,2023-10-12,775,799.47,24.47,0.0315741935483871
"BIGCRK_2_EXESWD",166600,2023-10-13,775,799.47,24.47,0.0315741935483871
"BIGCRK_2_EXESWD",166600,2023-10-13,767.2,799.47,32.27,0.0420620437956204
"BIGCRK_2_EXESWD",166600,2023-10-14,775,799.47,24.47,0.0315741935483871
"BIGCRK_2_EXESWD",166600,2023-10-15,775,799.47,24.47,0.0315741935483871
"BIGCRK_2_EXESWD",166600,2023-10-16,775,799.47,24.47,0.0315741935483871
"BIGCRK_2_EXESWD",166600,2023-10-20,775,799.47,24.47,0.0315741935483871
"BIGCRK_2_EXESWD",166600,2023-10-20,773,799.47,26.47,0.0342432082794308
"BIGCRK_2_EXESWD",166600,2023-10-21,775,799.47,24.47,0.0315741935483871
"BIGCRK_2_EXESWD",166600,2023-10-22,775,799.47,24.47,0.0315741935483871
"BIGCRK_2_EXESWD",166600,2023-10-22,773,799.47,26.47,0.0342432082794308
"BIGCRK_2_EXESWD",166600,2023-10-23,775,799.47,24.47,0.0315741935483871
"BIGCRK_2_EXESWD",166600,2023-10-23,773,799.47,26.47,0.0342432082794308
"BIGCRK_2_EXESWD",166600,2023-10-25,775,799.47,24.47,0.0315741935483871
"BIGCRK_2_EXESWD",166600,2023-10-25,773,799.47,26.47,0.0342432082794308
"BIGCRK_2_EXESWD",166600,2023-10-26,773,799.47,26.47,0.0342432082794308
"BIGCRK_2_EXESWD",166600,2023-10-26,775,799.47,24.47,0.0315741935483871
"BIGCRK_2_EXESWD",166600,2023-10-27,775,799.47,24.47,0.0315741935483871
"BIGCRK_2_EXESWD",166600,2023-10-28,775,799.47,24.47,0.0315741935483871
"BIGCRK_2_EXESWD",166600,2023-10-29,775,799.47,24.47,0.0315741935483871
"BIGCRK_2_EXESWD",166600,2023-10-29,788.8,799.47,10.6700000000001,0.0135268762677486
"BIGCRK_2_EXESWD",166600,2023-10-29,761.8,799.47,37.6700000000001,0.0494486741927016
"BIGCRK_2_EXESWD",166600,2023-10-30,775,799.47,24.47,0.0315741935483871
"BIGCRK_2_EXESWD",166600,2023-10-31,775,799.47,24.47,0.0315741935483871
"BIGCRK_2_EXESWD",166600,2023-11-02,775,799.47,24.47,0.0315741935483871
"BIGCRK_2_EXESWD",166600,2023-11-03,775,799.47,24.47,0.0315741935483871
"BIGCRK_2_EXESWD",166600,2023-11-05,788.8,799.47,10.6700000000001,0.0135268762677486
"BIGCRK_2_EXESWD",166600,2023-11-08,787,799.47,12.47,0.0158449809402796
"BIGCRK_2_EXESWD",166600,2023-11-27,788.8,799.47,10.6700000000001,0.0135268762677486
"BIGCRK_2_EXESWD",166600,2023-11-30,770,799.47,29.47,0.0382727272727273
"BIGCRK_2_EXESWD",166600,2023-11-30,788.8,799.47,10.6700000000001,0.0135268762677486
"BIGCRK_2_EXESWD",166600,2023-12-01,770,799.47,29.47,0.0382727272727273
"BIGCRK_2_EXESWD",166600,2023-12-01,788.8,799.47,10.6700000000001,0.0135268762677486
"BIGCRK_2_EXESWD",166600,2023-12-03,788.8,799.47,10.6700000000001,0.0135268762677486
"BIGCRK_2_EXESWD",166600,2023-12-04,788.8,799.47,10.6700000000001,0.0135268762677486
"BIGCRK_2_EXESWD",166600,2023-12-06,788.8,799.47,10.6700000000001,0.0135268762677486
"BIGCRK_2_EXESWD",166600,2023-12-07,788.8,799.47,10.6700000000001,0.0135268762677486
"BIGCRK_2_EXESWD",166600,2023-12-08,788.8,799.47,10.6700000000001,0.0135268762677486
"BIGCRK_2_EXESWD",166600,2023-12-10,800.2,799.47,-0.730000000000018,-0.000912271932017018
"BIGCRK_2_EXESWD",166600,2023-12-15,788.8,799.47,10.6700000000001,0.0135268762677486
"BIGCRK_2_EXESWD",166600,2023-12-17,788.8,799.47,10.6700000000001,0.0135268762677486
"BIGCRK_2_EXESWD",166600,2023-12-18,788.8,799.47,10.6700000000001,0.0135268762677486
"BIGCRK_2_EXESWD",166600,2023-12-21,788.8,799.47,10.6700000000001,0.0135268762677486
"BIGCRK_2_EXESWD",166600,2023-12-24,788.8,799.47,10.6700000000001,0.0135268762677486
"BIGCRK_2_EXESWD",166600,2023-12-28,788.8,799.47,10.6700000000001,0.0135268762677486
"BIGCRK_2_EXESWD",166600,2023-12-28,770,799.47,29.47,0.0382727272727273
"BIGCRK_2_EXESWD",166600,2023-12-31,788.8,799.47,10.6700000000001,0.0135268762677486
"BIGCRK_2_EXESWD",166600,2024-01-02,788.8,799.47,10.6700000000001,0.0135268762677486
"BIGCRK_2_EXESWD",166600,2024-01-02,775,799.47,24.47,0.0315741935483871
"BIGCRK_2_EXESWD",166600,2024-01-04,788.8,799.47,10.6700000000001,0.0135268762677486
"BIGCRK_2_EXESWD",166600,2024-01-06,788.8,799.47,10.6700000000001,0.0135268762677486
"BIGCRK_2_EXESWD",166600,2024-01-06,775,799.47,24.47,0.0315741935483871
"BIGCRK_2_EXESWD",166600,2024-01-07,775,799.47,24.47,0.0315741935483871
"BIGCRK_2_EXESWD",166600,2024-01-07,788.8,799.47,10.6700000000001,0.0135268762677486
"BIGCRK_2_EXESWD",166600,2024-01-08,775,799.47,24.47,0.0315741935483871
"BIGCRK_2_EXESWD",166600,2024-01-08,788.8,799.47,10.6700000000001,0.0135268762677486
"BIGCRK_2_EXESWD",166600,2024-01-09,788.8,799.47,10.6700000000001,0.0135268762677486
"BIGCRK_2_EXESWD",166600,2024-01-12,788.8,799.47,10.6700000000001,0.0135268762677486
"BIGCRK_2_EXESWD",166600,2024-01-12,775,799.47,24.47,0.0315741935483871
"BIGCRK_2_EXESWD",166600,2024-01-13,775,799.47,24.47,0.0315741935483871
"BIGCRK_2_EXESWD",166600,2024-01-14,775,799.47,24.47,0.0315741935483871
"BIGCRK_2_EXESWD",166600,2024-01-19,768.2,799.47,31.27,0.0407055454308774
"BIGCRK_2_EXESWD",166600,2024-01-19,775,799.47,24.47,0.0315741935483871
"BIGCRK_2_EXESWD",166600,2024-01-20,775,799.47,24.47,0.0315741935483871
"BIGCRK_2_EXESWD",166600,2024-01-20,768.2,799.47,31.27,0.0407055454308774
"BIGCRK_2_EXESWD",166600,2024-01-21,788.8,799.47,10.6700000000001,0.0135268762677486
"BIGCRK_2_EXESWD",166600,2024-01-21,775,799.47,24.47,0.0315741935483871
"BIGCRK_2_EXESWD",166600,2024-01-21,768.2,799.47,31.27,0.0407055454308774
"BIGCRK_2_EXESWD",166600,2024-01-22,775,799.47,24.47,0.0315741935483871
"BIGCRK_2_EXESWD",166600,2024-01-22,788.8,799.47,10.6700000000001,0.0135268762677486
"BIGCRK_2_EXESWD",166600,2024-01-22,786,799.47,13.47,0.0171374045801527
"BIGCRK_2_EXESWD",166600,2024-01-23,788.8,799.47,10.6700000000001,0.0135268762677486
"BIGCRK_2_EXESWD",166600,2024-01-23,775,799.47,24.47,0.0315741935483871
"BIGCRK_2_EXESWD",166600,2024-01-25,797.2,799.47,2.26999999999998,0.00284746613146009
"BIGCRK_2_EXESWD",166600,2024-01-25,778.2,799.47,21.27,0.0273323053199691
"BIGCRK_2_EXESWD",166600,2024-01-26,778.2,799.47,21.27,0.0273323053199691
"BIGCRK_2_EXESWD",166600,2024-01-26,788.8,799.47,10.6700000000001,0.0135268762677486
"BIGCRK_2_EXESWD",166600,2024-01-26,775,799.47,24.47,0.0315741935483871
"BIGCRK_2_EXESWD",166600,2024-01-26,804.2,799.47,-4.73000000000002,-0.00588162148719226
"BIGCRK_2_EXESWD",166600,2024-01-28,788.8,799.47,10.6700000000001,0.0135268762677486
"BIGCRK_2_EXESWD",166600,2024-01-28,775,799.47,24.47,0.0315741935483871
"BIGCRK_2_EXESWD",166600,2024-01-28,804.2,799.47,-4.73000000000002,-0.00588162148719226
"BIGCRK_2_EXESWD",166600,2024-01-29,775,799.47,24.47,0.0315741935483871
"BIGCRK_2_EXESWD",166600,2024-01-29,788.8,799.47,10.6700000000001,0.0135268762677486
"BIGCRK_2_EXESWD",166600,2024-01-29,804.2,799.47,-4.73000000000002,-0.00588162148719226
"BIGCRK_2_EXESWD",166600,2024-01-31,775,799.47,24.47,0.0315741935483871
"BIGCRK_2_EXESWD",166600,2024-01-31,788.8,799.47,10.6700000000001,0.0135268762677486
"BIGCRK_2_EXESWD",166600,2024-02-01,775,799.47,24.47,0.0315741935483871
"BIGCRK_2_EXESWD",166600,2024-02-02,788.8,799.47,10.6700000000001,0.0135268762677486
"BIGCRK_2_EXESWD",166600,2024-02-02,775,799.47,24.47,0.0315741935483871
"BIGCRK_2_EXESWD",166600,2024-02-02,794,799.47,5.47000000000003,0.00688916876574311
"BIGCRK_2_EXESWD",166600,2024-02-03,775,799.47,24.47,0.0315741935483871
"BIGCRK_2_EXESWD",166600,2024-02-03,788.8,799.47,10.6700000000001,0.0135268762677486
"BIGCRK_2_EXESWD",166600,2024-02-05,790.1,799.47,9.37,0.0118592583217314
"BIGCRK_2_EXESWD",166600,2024-02-05,772.5,799.47,26.97,0.0349126213592233
"BIGCRK_2_EXESWD",166600,2024-02-05,807.6,799.47,-8.13,-0.0100668647845468
"BIGCRK_2_EXESWD",166600,2024-02-07,819.1,799.47,-19.63,-0.0239653277988036
"BIGCRK_2_EXESWD",166600,2024-02-07,786,799.47,13.47,0.0171374045801527
"BIGCRK_2_EXESWD",166600,2024-02-07,790.1,799.47,9.37,0.0118592583217314
"BIGCRK_2_EXESWD",166600,2024-02-08,807.6,799.47,-8.13,-0.0100668647845468
"BIGCRK_2_EXESWD",166600,2024-02-09,807.6,799.47,-8.13,-0.0100668647845468
"BIGCRK_2_EXESWD",166600,2024-02-11,788.8,799.47,10.6700000000001,0.0135268762677486
"BIGCRK_2_EXESWD",166600,2024-02-11,786,799.47,13.47,0.0171374045801527
"BIGCRK_2_EXESWD",166600,2024-02-12,788.8,799.47,10.6700000000001,0.0135268762677486
"BIGCRK_2_EXESWD",166600,2024-02-12,786,799.47,13.47,0.0171374045801527
"BIGCRK_2_EXESWD",166600,2024-02-16,775,799.47,24.47,0.0315741935483871
"BIGCRK_2_EXESWD",166600,2024-02-16,788.8,799.47,10.6700000000001,0.0135268762677486
"BIGCRK_2_EXESWD",166600,2024-02-17,788.8,799.47,10.6700000000001,0.0135268762677486
"BIGCRK_2_EXESWD",166600,2024-02-18,788.8,799.47,10.6700000000001,0.0135268762677486
"BIGCRK_2_EXESWD",166600,2024-02-19,788.8,799.47,10.6700000000001,0.0135268762677486
"BIGCRK_2_EXESWD",166600,2024-02-20,788.8,799.47,10.6700000000001,0.0135268762677486
"BIGCRK_2_EXESWD",166600,2024-02-23,788.8,799.47,10.6700000000001,0.0135268762677486
"BIGCRK_2_EXESWD",166600,2024-02-23,786,799.47,13.47,0.0171374045801527
"BIGCRK_2_EXESWD",166600,2024-02-24,786,799.47,13.47,0.0171374045801527
"BIGCRK_2_EXESWD",166600,2024-02-24,788.8,799.47,10.6700000000001,0.0135268762677486
"BIGCRK_2_EXESWD",166600,2024-02-24,775,799.47,24.47,0.0315741935483871
"BIGCRK_2_EXESWD",166600,2024-02-25,788.8,799.47,10.6700000000001,0.0135268762677486
"BIGCRK_2_EXESWD",166600,2024-02-25,775,799.47,24.47,0.0315741935483871
"BIGCRK_2_EXESWD",166600,2024-02-26,775,799.47,24.47,0.0315741935483871
"BIGCRK_2_EXESWD",166600,2024-02-26,788.8,799.47,10.6700000000001,0.0135268762677486
"BIGCRK_2_EXESWD",166600,2024-02-27,788.8,799.47,10.6700000000001,0.0135268762677486
"BIGCRK_2_EXESWD",166600,2024-02-27,775,799.47,24.47,0.0315741935483871
"BIGCRK_2_EXESWD",166600,2024-02-28,788.8,799.47,10.6700000000001,0.0135268762677486
"BIGCRK_2_EXESWD",166600,2024-02-28,775,799.47,24.47,0.0315741935483871
"BIGCRK_2_EXESWD",166600,2024-02-29,775,799.47,24.47,0.0315741935483871
"BIGCRK_2_EXESWD",166600,2024-02-29,788.8,799.47,10.6700000000001,0.0135268762677486
"BIGCRK_2_EXESWD",166600,2024-03-01,775,799.47,24.47,0.0315741935483871
"BIGCRK_2_EXESWD",166600,2024-03-02,775,799.47,24.47,0.0315741935483871
"BIGCRK_2_EXESWD",166600,2024-03-03,775,799.47,24.47,0.0315741935483871
"BIGCRK_2_EXESWD",166600,2024-03-03,788.8,799.47,10.6700000000001,0.0135268762677486
"BIGCRK_2_EXESWD",166600,2024-03-04,786,799.47,13.47,0.0171374045801527
"BIGCRK_2_EXESWD",166600,2024-03-04,775,799.47,24.47,0.0315741935483871
"BIGCRK_2_EXESWD",166600,2024-03-04,788.8,799.47,10.6700000000001,0.0135268762677486
"BIGCRK_2_EXESWD",166600,2024-03-08,775,799.47,24.47,0.0315741935483871
"BIGCRK_2_EXESWD",166600,2024-03-09,775,799.47,24.47,0.0315741935483871
"BIGCRK_2_EXESWD",166600,2024-03-10,775,799.47,24.47,0.0315741935483871
"BIGCRK_2_EXESWD",166600,2024-03-12,775,799.47,24.47,0.0315741935483871
"BIGCRK_2_EXESWD",166600,2024-03-13,775,799.47,24.47,0.0315741935483871
"BIGCRK_2_EXESWD",166600,2024-03-15,775,799.47,24.47,0.0315741935483871
"BIGCRK_2_EXESWD",166600,2024-03-15,818.8,799.47,-19.3299999999999,-0.0236077186126037
"BIGCRK_2_EXESWD",166600,2024-03-25,786,799.47,13.47,0.0171374045801527
"BIGCRK_2_EXESWD",166600,2024-03-29,786,799.47,13.47,0.0171374045801527
"BIGCRK_2_EXESWD",166600,2024-04-01,804.2,799.47,-4.73000000000002,-0.00588162148719226
"BIGCRK_2_EXESWD",166600,2024-04-02,804.2,799.47,-4.73000000000002,-0.00588162148719226
"BIGCRK_2_EXESWD",166600,2024-04-02,775,799.47,24.47,0.0315741935483871
"BIGCRK_2_EXESWD",166600,2024-04-03,775,799.47,24.47,0.0315741935483871
"BIGCRK_2_EXESWD",166600,2024-04-04,775,799.47,24.47,0.0315741935483871
"BIGCRK_2_EXESWD",166600,2024-04-05,775,799.47,24.47,0.0315741935483871
"BIGCRK_2_EXESWD",166600,2024-04-05,804.2,799.47,-4.73000000000002,-0.00588162148719226
"BIGCRK_2_EXESWD",166600,2024-04-06,775,799.47,24.47,0.0315741935483871
"BIGCRK_2_EXESWD",166600,2024-04-07,775,799.47,24.47,0.0315741935483871
"BIGCRK_2_EXESWD",166600,2024-04-07,804.2,799.47,-4.73000000000002,-0.00588162148719226
"BIGCRK_2_EXESWD",166600,2024-04-08,775,799.47,24.47,0.0315741935483871
"BIGCRK_2_EXESWD",166600,2024-04-08,804.2,799.47,-4.73000000000002,-0.00588162148719226
"BIGCRK_2_EXESWD",166600,2024-04-08,788.4,799.47,11.07,0.014041095890411
"BIGCRK_2_EXESWD",166600,2024-04-09,788.4,799.47,11.07,0.014041095890411
"BIGCRK_2_EXESWD",166600,2024-04-09,790.8,799.47,8.67000000000007,0.0109635811836116
"BIGCRK_2_EXESWD",166600,2024-04-09,775,799.47,24.47,0.0315741935483871
"BIGCRK_2_EXESWD",166600,2024-04-09,804.2,799.47,-4.73000000000002,-0.00588162148719226
"BIGCRK_2_EXESWD",166600,2024-04-10,775,799.47,24.47,0.0315741935483871
"BIGCRK_2_EXESWD",166600,2024-04-10,789.2,799.47,10.27,0.0130131779016726
"BIGCRK_2_EXESWD",166600,2024-04-10,804.2,799.47,-4.73000000000002,-0.00588162148719226
"BIGCRK_2_EXESWD",166600,2024-04-11,804.2,799.47,-4.73000000000002,-0.00588162148719226
"BIGCRK_2_EXESWD",166600,2024-04-13,804.2,799.47,-4.73000000000002,-0.00588162148719226
"BIGCRK_2_EXESWD",166600,2024-04-13,775,799.47,24.47,0.0315741935483871
"BIGCRK_2_EXESWD",166600,2024-04-14,775,799.47,24.47,0.0315741935483871
"BIGCRK_2_EXESWD",166600,2024-04-14,804.2,799.47,-4.73000000000002,-0.00588162148719226
"BIGCRK_2_EXESWD",166600,2024-04-17,804.2,799.47,-4.73000000000002,-0.00588162148719226
"BIGCRK_2_EXESWD",166600,2024-04-17,775,799.47,24.47,0.0315741935483871
"BIGCRK_2_EXESWD",166600,2024-04-18,804.2,799.47,-4.73000000000002,-0.00588162148719226
"BIGCRK_2_EXESWD",166600,2024-04-18,775,799.47,24.47,0.0315741935483871
"BIGCRK_2_EXESWD",166600,2024-04-20,804.2,799.47,-4.73000000000002,-0.00588162148719226
"BIGCRK_2_EXESWD",166600,2024-04-20,775,799.47,24.47,0.0315741935483871
"BIGCRK_2_EXESWD",166600,2024-04-21,775,799.47,24.47,0.0315741935483871
"BIGCRK_2_EXESWD",166600,2024-04-21,804.2,799.47,-4.73000000000002,-0.00588162148719226
"BIGCRK_2_EXESWD",166600,2024-04-24,775,799.47,24.47,0.0315741935483871
"BIGCRK_2_EXESWD",166600,2024-04-24,804.2,799.47,-4.73000000000002,-0.00588162148719226
"BIGCRK_2_EXESWD",166600,2024-04-25,775,799.47,24.47,0.0315741935483871
"BIGCRK_2_EXESWD",166600,2024-04-25,804.2,799.47,-4.73000000000002,-0.00588162148719226
"BIGCRK_2_EXESWD",166600,2024-04-26,804.2,799.47,-4.73000000000002,-0.00588162148719226
"BIGCRK_2_EXESWD",166600,2024-04-27,804.2,799.47,-4.73000000000002,-0.00588162148719226
"BIGCRK_2_EXESWD",166600,2024-04-27,775,799.47,24.47,0.0315741935483871
"BIGCRK_2_EXESWD",166600,2024-04-28,804.2,799.47,-4.73000000000002,-0.00588162148719226
"BIGCRK_2_EXESWD",166600,2024-04-28,775,799.47,24.47,0.0315741935483871
"BIGCRK_2_EXESWD",166600,2024-04-29,804.2,799.47,-4.73000000000002,-0.00588162148719226
"BIGCRK_2_EXESWD",166600,2024-04-29,775,799.47,24.47,0.0315741935483871
"BIGCRK_2_EXESWD",166600,2024-04-30,804.2,799.47,-4.73000000000002,-0.00588162148719226
"BIGCRK_2_EXESWD",166600,2024-04-30,775,799.47,24.47,0.0315741935483871
"BIGCRK_2_EXESWD",166600,2024-05-04,804.2,799.47,-4.73000000000002,-0.00588162148719226
"BIGCRK_2_EXESWD",166600,2024-05-04,775,799.47,24.47,0.0315741935483871
"BIGCRK_2_EXESWD",166600,2024-05-05,775,799.47,24.47,0.0315741935483871
"BIGCRK_2_EXESWD",166600,2024-05-05,804.2,799.47,-4.73000000000002,-0.00588162148719226
"BIGCRK_2_EXESWD",166600,2024-05-06,767.7,799.47,31.77,0.0413833528722157
"BIGCRK_2_EXESWD",166600,2024-05-06,775,799.47,24.47,0.0315741935483871
"BIGCRK_2_EXESWD",166600,2024-05-10,783.5,799.47,15.97,0.020382897255903
"BIGCRK_2_EXESWD",166600,2024-05-10,775,799.47,24.47,0.0315741935483871
"BIGCRK_2_EXESWD",166600,2024-05-11,775,799.47,24.47,0.0315741935483871
"BIGCRK_2_EXESWD",166600,2024-05-12,783.5,799.47,15.97,0.020382897255903
"BIGCRK_2_EXESWD",166600,2024-05-17,783.5,799.47,15.97,0.020382897255903
"BIGCRK_2_EXESWD",166600,2024-05-17,775,799.47,24.47,0.0315741935483871
"BIGCRK_2_EXESWD",166600,2024-05-18,783.5,799.47,15.97,0.020382897255903
"BIGCRK_2_EXESWD",166600,2024-05-18,775,799.47,24.47,0.0315741935483871
"BIGCRK_2_EXESWD",166600,2024-05-19,775,799.47,24.47,0.0315741935483871
"BIGCRK_2_EXESWD",166600,2024-05-19,783.5,799.47,15.97,0.020382897255903
"BIGCRK_2_EXESWD",166600,2024-05-20,783.5,799.47,15.97,0.020382897255903
"BIGCRK_2_EXESWD",166600,2024-05-20,775,799.47,24.47,0.0315741935483871
"BIGCRK_2_EXESWD",166600,2024-05-20,778.5,799.47,20.97,0.0269364161849711
"BIGCRK_2_EXESWD",166600,2024-05-21,783.5,799.47,15.97,0.020382897255903
"BIGCRK_2_EXESWD",166600,2024-05-21,775,799.47,24.47,0.0315741935483871
"BIGCRK_2_EXESWD",166600,2024-05-21,778.5,799.47,20.97,0.0269364161849711
"BIGCRK_2_EXESWD",166600,2024-05-24,783.5,799.47,15.97,0.020382897255903
"BIGCRK_2_EXESWD",166600,2024-05-25,775,799.47,24.47,0.0315741935483871
"BIGCRK_2_EXESWD",166600,2024-05-26,783.5,799.47,15.97,0.020382897255903
"BIGCRK_2_EXESWD",166600,2024-05-29,777.5,799.47,21.97,0.0282572347266881
"BIGCRK_2_EXESWD",166600,2024-05-30,783.5,799.47,15.97,0.020382897255903
"BIGCRK_2_EXESWD",166600,2024-05-31,783.5,799.47,15.97,0.020382897255903
"BIGCRK_2_EXESWD",166600,2024-05-31,775,799.47,24.47,0.0315741935483871
"BIGCRK_2_EXESWD",166600,2024-06-02,775,799.47,24.47,0.0315741935483871
"BIGCRK_2_EXESWD",166600,2024-06-02,783.5,799.47,15.97,0.020382897255903
"BIGCRK_2_EXESWD",166600,2024-06-06,775,791,16,0.0206451612903226
"BIGCRK_2_EXESWD",166600,2024-06-06,758.9,791,32.1,0.0422980629859007
"BIGCRK_2_EXESWD",166600,2024-06-08,775,799.47,24.47,0.0315741935483871
"BIGCRK_2_EXESWD",166600,2024-06-09,775,799.47,24.47,0.0315741935483871
"BIGCRK_2_EXESWD",166600,2024-06-12,775,799,24,0.0309677419354839
"BIGCRK_2_EXESWD",166600,2024-06-14,775,799.47,24.47,0.0315741935483871
"BIGCRK_2_EXESWD",166600,2024-06-15,775,799.47,24.47,0.0315741935483871
"BIGCRK_2_EXESWD",166600,2024-06-16,775,799.47,24.47,0.0315741935483871
"BIGCRK_2_EXESWD",166600,2024-06-19,775,799.47,24.47,0.0315741935483871
"BIGCRK_2_EXESWD",166600,2024-06-20,775,799.47,24.47,0.0315741935483871
"BIGCRK_2_EXESWD",166600,2024-06-22,775,799.47,24.47,0.0315741935483871
"BIGCRK_2_EXESWD",166600,2024-06-23,775,799.47,24.47,0.0315741935483871
"BIGCRK_2_EXESWD",166600,2024-06-23,819.8,799.47,-20.3299999999999,-0.0247987313979018
"BIGCRK_2_EXESWD",166600,2024-06-25,819.8,781,-38.8,-0.0473286167357892
"BIGCRK_2_EXESWD",166600,2024-06-26,775,786,11,0.0141935483870968
"BIGCRK_2_EXESWD",166600,2024-06-26,799.3,786,-13.3,-0.0166395596146628
"BIGCRK_2_EXESWD",166600,2024-06-26,783.5,786,2.5,0.00319081046585833
"BIGCRK_2_EXESWD",166600,2024-06-26,819.8,786,-33.8,-0.0412295681873627
"BIGCRK_2_EXESWD",166600,2024-06-26,769.3,786,16.7,0.0217080462758352
"BIGCRK_2_EXESWD",166600,2024-06-28,783.5,789,5.5,0.00701978302488832
"BIGCRK_2_EXESWD",166600,2024-06-28,815.3,789,-26.3,-0.032258064516129
"BIGCRK_2_EXESWD",166600,2024-06-29,775,788,13,0.0167741935483871
"BIGCRK_2_EXESWD",166600,2024-06-30,775,789,14,0.0180645161290323
"BIGCRK_2_EXESWD",166600,2024-07-03,775,782,7,0.00903225806451613
"BIGCRK_2_EXESWD",166600,2024-07-06,775,782,7,0.00903225806451613
"BIGCRK_2_EXESWD",166600,2024-07-07,775,779,4,0.00516129032258065
"BIGCRK_2_EXESWD",166600,2024-07-08,775,783,8,0.0103225806451613
"BIGCRK_2_EXESWD",166600,2024-07-08,809.2,783,-26.2,-0.032377656945131
"BIGCRK_2_EXESWD",166600,2024-07-12,809.2,782,-27.2,-0.0336134453781513
"BIGCRK_2_EXESWD",166600,2024-07-13,809.2,778,-31.2,-0.0385565991102324
"BIGCRK_2_EXESWD",166600,2024-07-13,775,778,3,0.00387096774193548
"BIGCRK_2_EXESWD",166600,2024-07-14,775,785,10,0.0129032258064516
"BIGCRK_2_EXESWD",166600,2024-07-14,773.2,785,11.8,0.0152612519399896
"BIGCRK_2_EXESWD",166600,2024-07-16,775,783,8,0.0103225806451613
"BIGCRK_2_EXESWD",166600,2024-07-16,773.2,783,9.79999999999995,0.0126745990688049
"BIGCRK_2_EXESWD",166600,2024-07-17,775,786,11,0.0141935483870968
"BIGCRK_2_EXESWD",166600,2024-07-17,773.2,786,12.8,0.0165545783755819
"BIGCRK_2_EXESWD",166600,2024-07-18,773.2,789,15.8,0.020434557682359
"BIGCRK_2_EXESWD",166600,2024-07-19,773.2,790,16.8,0.0217278841179513
"BIGCRK_2_EXESWD",166600,2024-07-20,775,787,12,0.0154838709677419
"BIGCRK_2_EXESWD",166600,2024-07-21,775,787,12,0.0154838709677419
"BIGCRK_2_EXESWD",166600,2024-07-21,773.2,787,13.8,0.0178479048111743
"BIGCRK_2_EXESWD",166600,2024-07-25,773.2,772.47,-0.730000000000018,-0.000944128297982434
"BIGCRK_2_EXESWD",166600,2024-07-26,809.2,787,-22.2,-0.02743450321305
"BIGCRK_2_EXESWD",166600,2024-07-27,775,793,18,0.0232258064516129
"BIGCRK_2_EXESWD",166600,2024-07-28,775,791,16,0.0206451612903226
"BIGCRK_2_EXESWD",166600,2024-07-28,809.2,791,-18.2,-0.0224913494809689
"BIGCRK_2_EXESWD",166600,2024-07-29,809.2,791,-18.2,-0.0224913494809689
"BIGCRK_2_EXESWD",166600,2024-07-30,775,783,8,0.0103225806451613
"BIGCRK_2_EXESWD",166600,2024-07-30,809.2,783,-26.2,-0.032377656945131
"BIGCRK_2_EXESWD",166600,2024-08-03,775,774,-1,-0.00129032258064516
"BIGCRK_2_EXESWD",166600,2024-08-04,775,782,7,0.00903225806451613
"BIGCRK_2_EXESWD",166600,2024-08-04,809.2,782,-27.2,-0.0336134453781513
"BIGCRK_2_EXESWD",166600,2024-08-06,809.2,782,-27.2,-0.0336134453781513
"BIGCRK_2_EXESWD",166600,2024-08-09,809.2,782,-27.2,-0.0336134453781513
"BIGCRK_2_EXESWD",166600,2024-08-10,775,781,6,0.00774193548387097
"BIGCRK_2_EXESWD",166600,2024-08-11,750,783,33,0.044
"BIGCRK_2_EXESWD",166600,2024-08-11,775,783,8,0.0103225806451613
"BIGCRK_2_EXESWD",166600,2024-08-12,775,785,10,0.0129032258064516
"BIGCRK_2_EXESWD",166600,2024-08-13,809.2,788,-21.2,-0.0261987147800297
"BIGCRK_2_EXESWD",166600,2024-08-13,775,788,13,0.0167741935483871
"BIGCRK_2_EXESWD",166600,2024-08-16,809.2,791,-18.2,-0.0224913494809689
"BIGCRK_2_EXESWD",166600,2024-08-16,775,791,16,0.0206451612903226
"BIGCRK_2_EXESWD",166600,2024-08-17,775,791,16,0.0206451612903226
"BIGCRK_2_EXESWD",166600,2024-08-18,775,789,14,0.0180645161290323
"BIGCRK_2_EXESWD",166600,2024-08-24,775,790,15,0.0193548387096774
"BIGCRK_2_EXESWD",166600,2024-09-01,775,785,10,0.0129032258064516
"BIGCRK_2_EXESWD",166600,2024-09-05,775,780,5,0.00645161290322581
"BIGCRK_2_EXESWD",166600,2024-09-06,775,777,2,0.00258064516129032
"BIGCRK_2_EXESWD",166600,2024-09-07,775,779,4,0.00516129032258065
"BIGCRK_2_EXESWD",166600,2024-09-08,775,781,6,0.00774193548387097
"BIGCRK_2_EXESWD",166600,2024-09-09,775,783,8,0.0103225806451613
"BIGCRK_2_EXESWD",166600,2024-09-10,775,788,13,0.0167741935483871
"BIGCRK_2_EXESWD",166600,2024-09-12,775,792,17,0.0219354838709677
"BIGCRK_2_EXESWD",166600,2024-09-12,770,792,22,0.0285714285714286
"BIGCRK_2_EXESWD",166600,2024-09-13,775,790,15,0.0193548387096774
"BIGCRK_2_EXESWD",166600,2024-09-13,795,790,-5,-0.00628930817610063
"BIGCRK_2_EXESWD",166600,2024-09-14,775,791,16,0.0206451612903226
"BIGCRK_2_EXESWD",166600,2024-09-15,775,792,17,0.0219354838709677
"BIGCRK_2_EXESWD",166600,2024-09-20,775,790,15,0.0193548387096774
"BIGCRK_2_EXESWD",166600,2024-09-20,798.4,790,-8.39999999999998,-0.0105210420841683
"BIGCRK_2_EXESWD",166600,2024-09-21,775,787,12,0.0154838709677419
"BIGCRK_2_EXESWD",166600,2024-09-30,775,786,11,0.0141935483870968
"BIGCRK_2_EXESWD",166600,2024-10-01,775,799.47,24.47,0.0315741935483871
"BIGCRK_2_EXESWD",166600,2024-10-01,786,799.47,13.47,0.0171374045801527
"BIGCRK_2_EXESWD",166600,2024-10-02,775,798,23,0.0296774193548387
"BIGCRK_2_EXESWD",166600,2024-10-02,786,798,12,0.0152671755725191
"BIGCRK_2_EXESWD",166600,2024-10-05,775,799,24,0.0309677419354839
"BIGCRK_2_EXESWD",166600,2024-10-06,775,799,24,0.0309677419354839
"BIGCRK_2_EXESWD",166600,2024-10-07,775,799.47,24.47,0.0315741935483871
"BIGCRK_2_EXESWD",166600,2024-10-09,775,799.47,24.47,0.0315741935483871
"BIGCRK_2_EXESWD",166600,2024-10-10,775,799.47,24.47,0.0315741935483871
"BIGCRK_2_EXESWD",166600,2024-10-11,775,799.47,24.47,0.0315741935483871
"BIGCRK_2_EXESWD",166600,2024-10-12,775,799.47,24.47,0.0315741935483871
"BIGCRK_2_EXESWD",166600,2024-10-13,775,799.47,24.47,0.0315741935483871
"BIGCRK_2_EXESWD",166600,2024-10-14,775,799.47,24.47,0.0315741935483871
"BIGCRK_2_EXESWD",166600,2024-10-16,775,799.47,24.47,0.0315741935483871
"BIGCRK_2_EXESWD",166600,2024-10-19,775,799.47,24.47,0.0315741935483871
"BIGCRK_2_EXESWD",166600,2024-10-20,775,799.47,24.47,0.0315741935483871
"BIGCRK_2_EXESWD",166600,2024-10-26,775,799.47,24.47,0.0315741935483871
"BIGCRK_2_EXESWD",166600,2024-10-27,775,799.47,24.47,0.0315741935483871
"BIGCRK_2_EXESWD",166600,2024-11-01,775,799.47,24.47,0.0315741935483871
"BIGCRK_2_EXESWD",166600,2024-11-02,775,799.47,24.47,0.0315741935483871
"BIGCRK_2_EXESWD",166600,2024-11-03,775,799.47,24.47,0.0315741935483871
"BIGCRK_2_EXESWD",166600,2024-11-04,775,799.47,24.47,0.0315741935483871
"BIGCRK_2_EXESWD",166600,2024-11-05,775,799.47,24.47,0.0315741935483871
"BISHOP_1_ALAMO",742900,2023-01-31,10.9,11,0.0999999999999996,0.00917431192660547
"BISHOP_1_ALAMO",742900,2023-02-01,10.9,11,0.0999999999999996,0.00917431192660547
"BISHOP_1_ALAMO",742900,2023-02-06,10.9,11,0.0999999999999996,0.00917431192660547
"BISHOP_1_ALAMO",742900,2023-02-13,10.9,11,0.0999999999999996,0.00917431192660547
"BISHOP_1_ALAMO",742900,2023-02-16,10.9,11,0.0999999999999996,0.00917431192660547
"BISHOP_1_ALAMO",742900,2023-02-17,10.9,11,0.0999999999999996,0.00917431192660547
"BISHOP_1_ALAMO",742900,2023-04-03,11,11,0,0
"BISHOP_1_ALAMO",742900,2023-04-05,11,11,0,0
"BISHOP_1_ALAMO",742900,2024-02-05,11.4,11,-0.4,-0.0350877192982456
"BISHOP_1_ALAMO",742900,2024-02-19,11.4,11,-0.4,-0.0350877192982456
"BISHOP_1_ALAMO",742900,2024-03-29,11,11,0,0
"BISHOP_1_ALAMO",742900,2024-03-31,11,11,0,0
"BISHOP_1_ALAMO",742900,2024-04-01,11,11,0,0
"BISHOP_1_ALAMO",742900,2024-04-08,11,11,0,0
"BISHOP_1_ALAMO",742900,2024-04-11,11,11,0,0
"BISHOP_1_ALAMO",742900,2024-04-15,11,11,0,0
"BISHOP_1_ALAMO",742900,2024-04-18,11,11,0,0
"BISHOP_1_UNITS",301986,2023-02-21,13.3,13,-0.300000000000001,-0.0225563909774437
"BISHOP_1_UNITS",301986,2023-02-22,13.3,13,-0.300000000000001,-0.0225563909774437
"BISHOP_1_UNITS",301986,2023-03-03,13.3,13,-0.300000000000001,-0.0225563909774437
"BISHOP_1_UNITS",301986,2023-03-07,13.3,13,-0.300000000000001,-0.0225563909774437
"BISHOP_1_UNITS",301986,2023-03-13,13.3,13,-0.300000000000001,-0.0225563909774437
"BISHOP_1_UNITS",301986,2024-03-04,13.1,13,-0.100000000000001,-0.00763358778625965
"BISHOP_1_UNITS",301986,2024-03-07,13.1,13,-0.100000000000001,-0.00763358778625965
"BISHOP_1_UNITS",301986,2024-04-01,13.28,13,-0.280000000000001,-0.0210843373493977
"BLAST_1_WIND",106763,2023-02-06,38.45,37.75,-0.700000000000003,-0.0182054616384916
"BLAST_1_WIND",106763,2023-02-08,38.45,37.75,-0.700000000000003,-0.0182054616384916
"BLAST_1_WIND",106763,2023-02-15,37.68,38.25,0.57,0.0151273885350319
"BLAST_1_WIND",106763,2023-02-17,40.6,39.5,-1.1,-0.0270935960591133
"BLAST_1_WIND",106763,2023-02-19,40.6,39.5,-1.1,-0.0270935960591133
"BLVRDE_6_BLVBT1",284463,2024-06-24,9.75,9.95,0.199999999999999,0.0205128205128204
"BLVRDE_6_BLVBT1",284463,2024-06-25,9.75,9.82,0.0700000000000003,0.00717948717948721
"BLVRDE_6_BLVBT1",284463,2024-06-26,9.75,10,0.25,0.0256410256410256
"BLVRDE_6_BLVBT1",284463,2024-06-27,9.75,10,0.25,0.0256410256410256
"BLVRDE_6_BLVBT1",284463,2024-06-28,9.75,9.9,0.15,0.0153846153846154
"BLVRDE_6_BLVBT1",284463,2024-11-05,7,6.8,-0.2,-0.0285714285714286
"BLVRDE_6_BLVBT1",284463,2024-11-06,7.25,7.35,0.0999999999999996,0.0137931034482758
"BLVRDE_6_BLVBT1",284463,2024-11-06,7,7.35,0.35,0.05
"BUCKCK_7_PL1X2",497303,2023-01-01,33,33,0,0
"BUCKCK_7_PL1X2",497303,2023-01-02,33,33,0,0
"BUCKCK_7_PL1X2",497303,2023-01-07,33,33,0,0
"BUCKCK_7_PL1X2",497303,2023-01-08,33,33,0,0
"BUCKCK_7_PL1X2",497303,2023-01-09,33,33,0,0
"BUCKCK_7_PL1X2",497303,2023-01-12,33,33,0,0
"BUCKCK_7_PL1X2",497303,2023-01-15,33,33,0,0
"BUCKCK_7_PL1X2",497303,2023-01-16,33,33,0,0
"BUCKCK_7_PL1X2",497303,2023-01-17,33,33,0,0
"BUCKCK_7_PL1X2",497303,2023-03-05,33,33,0,0
"BUCKCK_7_PL1X2",497303,2023-04-04,33,33,0,0
"BUCKCK_7_PL1X2",497303,2023-04-05,33,33,0,0
"BUCKCK_7_PL1X2",497303,2023-07-01,33,33,0,0
"BUCKCK_7_PL1X2",497303,2023-07-25,33,33,0,0
"BUCKCK_7_PL1X2",497303,2023-08-01,33,33,0,0
"BUCKCK_7_PL1X2",497303,2023-08-10,33,33,0,0
"BUCKCK_7_PL1X2",497303,2023-08-12,33,33,0,0
"BUCKCK_7_PL1X2",497303,2023-08-15,33,33,0,0
"BUCKCK_7_PL1X2",497303,2023-08-18,33,33,0,0
"BUCKCK_7_PL1X2",497303,2023-12-20,33,33,0,0
"BUCKCK_7_PL1X2",497303,2023-12-21,33,33,0,0
"BUCKCK_7_PL1X2",497303,2024-01-01,33,33,0,0
"BUCKCK_7_PL1X2",497303,2024-01-25,33,33,0,0
"BUCKCK_7_PL1X2",497303,2024-02-08,33,33,0,0
"BUCKCK_7_PL1X2",497303,2024-03-15,33,33,0,0
"BUCKCK_7_PL1X2",497303,2024-03-31,33,33,0,0
"BUCKCK_7_PL1X2",497303,2024-04-18,33,33,0,0
"BUCKCK_7_PL1X2",497303,2024-04-24,33,33,0,0
"BUCKCK_7_PL1X2",497303,2024-04-25,33,33,0,0
"BUCKCK_7_PL1X2",497303,2024-05-01,33,33,0,0
"BUCKCK_7_PL1X2",497303,2024-05-04,33,33,0,0
"BUCKCK_7_PL1X2",497303,2024-05-05,33,33,0,0
"BUCKCK_7_PL1X2",497303,2024-05-06,33,33,0,0
"BUCKCK_7_PL1X2",497303,2024-05-07,33,33,0,0
"BUCKCK_7_PL1X2",497303,2024-05-21,33,33,0,0
"BUCKCK_7_PL1X2",497303,2024-05-30,33,33,0,0
"BUCKCK_7_PL1X2",497303,2024-06-03,33,33,0,0
"BUCKCK_7_PL1X2",497303,2024-06-11,33,33,0,0
"BUCKCK_7_PL1X2",497303,2024-06-27,33,33,0,0
"BUCKCK_7_PL1X2",497303,2024-07-01,33,33,0,0
"BUCKCK_7_PL1X2",497303,2024-07-05,33,33,0,0
"BUCKCK_7_PL1X2",497303,2024-07-12,33,33,0,0
"BUCKCK_7_PL1X2",497303,2024-07-13,33,33,0,0
"BUCKCK_7_PL1X2",497303,2024-08-25,33,33,0,0
"BUCKCK_7_PL1X2",497303,2024-08-29,33,33,0,0
"BUCKCK_7_PL1X2",497303,2024-08-30,33,33,0,0
"BUCKCK_7_PL1X2",497303,2024-09-03,33,33,0,0
"BUCKCK_7_PL1X2",497303,2024-09-24,33,33,0,0
"BUCKCK_7_PL1X2",497303,2024-09-25,33,33,0,0
"BUCKCK_7_PL1X2",497303,2024-09-28,33,33,0,0
"BUCKCK_7_PL1X2",497303,2024-09-30,33,33.43,0.43,0.013030303030303
"BUCKCK_7_PL1X2",497303,2024-10-01,33,33,0,0
"BUCKCK_7_PL1X2",497303,2024-10-20,33,33,0,0
"BUCKCK_7_PL1X2",497303,2024-10-24,33,33,0,0
"BUCKCK_7_PL1X2",497303,2024-10-26,33,33,0,0
"BUCKCK_7_PL1X2",497303,2024-10-27,33,33,0,0
"BUCKCK_7_PL1X2",497303,2024-10-28,33,33,0,0
"BUCKCK_7_PL1X2",497303,2024-10-30,33,33,0,0
"BUCKCK_7_PL1X2",497303,2024-10-31,33,33,0,0
"BUCKCK_7_PL1X2",497303,2024-11-01,33,33,0,0
"BUCKCK_7_PL1X2",497303,2024-11-02,33,33,0,0
"BUCKCK_7_PL1X2",497303,2024-11-03,33,33,0,0
"BUCKCK_7_PL1X2",497303,2024-11-04,33,33,0,0
"BUCKCK_7_PL1X2",497303,2024-11-05,33,33,0,0
"BUCKCK_7_PL1X2",497303,2024-11-11,33,33,0,0
"BUCKCK_7_PL1X2",497303,2024-11-14,33,33,0,0
"BUCKCK_7_PL1X2",497303,2024-11-27,33,33,0,0
"BUCKCK_7_PL1X2",497303,2024-12-01,33,33,0,0
"BUCKCK_7_PL1X2",497303,2024-12-03,33,33,0,0
"BUCKCK_7_PL1X2",497303,2024-12-06,33,33,0,0
"BUCKCK_7_PL1X2",497303,2024-12-07,33,33,0,0
"BUCKCK_7_PL1X2",497303,2024-12-11,33,33,0,0
"BUCKCK_7_PL1X2",497303,2024-12-13,33,33,0,0
"BUCKCK_7_PL1X2",497303,2024-12-21,33,33,0,0
"BUCKCK_7_PL1X2",497303,2024-12-23,33,33,0,0
"BUCKCK_7_PL1X2",497303,2024-12-29,33,33,0,0
"BUCKCK_7_PL1X2",497303,2024-12-31,33,33,0,0
"CALFTN_2_SOLAR",195275,2024-04-08,92,92.37,0.370000000000005,0.00402173913043483
"CALFTN_2_SOLAR",195275,2024-04-17,92,88.29,-3.70999999999999,-0.0403260869565217
"CALFTN_2_SOLAR",195275,2024-09-19,92,90.32,-1.68000000000001,-0.0182608695652175
"CALFTN_2_SOLAR",195275,2024-09-20,92,94.09,2.09,0.0227173913043479
"CALFTS_2_CFSSR1",576455,2024-09-25,109,112.8,3.8,0.0348623853211009
"CALFTS_2_CFSSR1",576455,2024-09-26,109,112.8,3.8,0.0348623853211009
"CALFTS_2_CFSSR1",576455,2024-09-30,109,112.8,3.8,0.0348623853211009
"CALFTS_2_CFSSR1",576455,2024-10-01,109,107.4,-1.59999999999999,-0.0146788990825688
"CALFTS_2_CFSSR1",576455,2024-10-02,109,107.4,-1.59999999999999,-0.0146788990825688
"CALFTS_2_CFSSR1",576455,2024-10-03,109,107.4,-1.59999999999999,-0.0146788990825688
"CALFTS_2_CFSSR1",576455,2024-10-04,109,107.4,-1.59999999999999,-0.0146788990825688
"CARBOU_7_PL2X3",890505,2023-05-11,24,25.07,1.07,0.0445833333333333
"CARBOU_7_PL2X3",890505,2023-05-11,25,25.07,0.0700000000000003,0.00280000000000001
"CARBOU_7_PL2X3",890505,2023-06-09,25,25.34,0.34,0.0136
"CARBOU_7_PL4X5",108072,2023-06-23,59,60,1,0.0169491525423729
"CARBOU_7_PL4X5",108072,2023-09-29,61,60,-1,-0.0163934426229508
"CARBOU_7_PL4X5",108072,2023-09-30,61,60,-1,-0.0163934426229508
"CARBOU_7_PL4X5",108072,2023-10-01,61,60,-1,-0.0163934426229508
"CARBOU_7_PL4X5",108072,2023-11-26,61,60,-1,-0.0163934426229508
"CARBOU_7_PL4X5",108072,2023-11-27,61,60,-1,-0.0163934426229508
"CARBOU_7_PL4X5",108072,2023-12-04,59,60,1,0.0169491525423729
"CARBOU_7_PL4X5",108072,2024-04-12,59,59,0,0
"CARBOU_7_PL4X5",108072,2024-04-12,60,59,-1,-0.0166666666666667
"CARBOU_7_PL4X5",108072,2024-04-26,60,60,0,0
"CARBOU_7_PL4X5",108072,2024-05-27,60,60,0,0
"CARBOU_7_PL4X5",108072,2024-05-31,60,60,0,0
"CARBOU_7_PL4X5",108072,2024-06-10,60,60,0,0
"CARBOU_7_PL4X5",108072,2024-07-25,60,60,0,0
"CARBOU_7_UNIT 1",160554,2023-06-09,20,19,-1,-0.05
"CARBOU_7_UNIT 1",160554,2023-06-12,20,19,-1,-0.05
"CARLS1_2_CARCT1",160605,2024-02-05,406.5,407,0.5,0.001230012300123
"CARLS1_2_CARCT1",160605,2024-02-06,406.5,407,0.5,0.001230012300123
"CARLS1_2_CARCT1",160605,2024-02-08,406.5,407,0.5,0.001230012300123
"CARLS1_2_CARCT1",160605,2024-02-09,406.5,407,0.5,0.001230012300123
"CENTPD_2_BMSSX2",238485,2023-11-28,216,210,-6,-0.0277777777777778
"CENTPD_2_BMSSX2",238485,2023-11-29,216,210,-6,-0.0277777777777778
"CENTPD_2_BMSSX2",238485,2023-12-06,220,210,-10,-0.0454545454545455
"CHEVMN_2_UNITS",736344,2024-10-18,48,46,-2,-0.0416666666666667
"CHEVMN_2_UNITS",736344,2024-10-21,45,46,1,0.0222222222222222
"CHEVMN_2_UNITS",736344,2024-10-22,45,46,1,0.0222222222222222
"CLINESCO_3_PVDYN",914978,2023-03-08,64.97,63.79,-1.18,-0.0181622287209481
"CLINESCO_3_PVDYN",914978,2023-03-08,65,63.79,-1.21,-0.0186153846153846
"CLRMNT_6_CLEBT1",143302,2024-11-20,4.5,4.7,0.2,0.0444444444444445
"CLRMNT_6_CLEBT1",143302,2024-11-21,4.5,4.7,0.2,0.0444444444444445
"CLRMNT_6_CLEBT1",143302,2024-11-22,4.5,4.7,0.2,0.0444444444444445
"CLRMNT_6_CLEBT1",143302,2024-12-09,4.5,4.7,0.2,0.0444444444444445
"CLRMNT_6_CLEBT1",143302,2024-12-10,4.5,4.7,0.2,0.0444444444444445
"CLRMNT_6_CLEBT1",143302,2024-12-11,4.5,4.7,0.2,0.0444444444444445
"CNTNLA_2_SOLAR1",124574,2023-07-12,58.82,57.87,-0.949999999999996,-0.0161509690581434
"CNTNLA_2_SOLAR1",124574,2024-08-06,60,57.89,-2.11,-0.0351666666666667
"COLUSA_2_PL1X3",101489,2023-11-03,420,420,0,0
"COLUSA_2_PL1X3",101489,2024-10-08,420,420,0,0
"COLVIL_7_PL1X2",201370,2024-10-06,126,123,-3.00000000000001,-0.0238095238095239
"COLVIL_7_PL1X2",201370,2024-10-06,120.86,123,2.13999999999999,0.0177064372000661
"COLVIL_7_PL1X2",201370,2024-10-23,120.86,116.3,-4.56000000000002,-0.0377296045010758
"COLVIL_7_PL1X2",201370,2024-10-24,120.86,116.3,-4.56000000000002,-0.0377296045010758
"CONTRL_1_LUNDY",163107,2023-10-03,1.5,1.5,0,0
"CONTRL_1_LUNDY",163107,2023-10-20,1.5,1.5,0,0
"CONTRL_1_LUNDY",163107,2024-07-30,0.8,0.8,2.22044604925031e-16,2.77555756156289e-16
"CONTRL_1_POOLE",814548,2023-10-20,9.95,10,0.0499999999999989,0.0050251256281406
"CONTRL_1_POOLE",814548,2023-10-20,9.95,10,0.0499999999999989,0.0050251256281406
"CONTRL_1_POOLE",814548,2024-01-15,10.12,10,-0.120000000000001,-0.0118577075098815
"CONTRL_1_POOLE",814548,2024-01-15,10.12,10,-0.120000000000001,-0.0118577075098815
"CONTRL_1_RUSHCK",151598,2023-11-13,6,6.11,0.110000000000001,0.0183333333333335
"CONTRL_1_RUSHCK",151598,2023-12-01,6,6.15,0.150000000000001,0.0250000000000002
"COVERD_2_MCKHY1",133011,2024-06-21,2.1,2.2,0.100000000000001,0.0476190476190479
"COVERD_2_MCKHY1",133011,2024-06-23,2.1,2.2,0.100000000000001,0.0476190476190479
"CRESTA_7_PL1X2",179949,2023-05-28,35.2,33.5,-1.7,-0.0482954545454546
"CRESTA_7_PL1X2",179949,2023-05-31,35.2,33.5,-1.7,-0.0482954545454546
"CRESTA_7_PL1X2",179949,2023-08-30,35.2,35,-0.200000000000003,-0.00568181818181826
"CRESTA_7_PL1X2",179949,2023-09-17,35.2,35,-0.200000000000003,-0.00568181818181826
"CRESTA_7_PL1X2",179949,2024-03-16,35.2,33.5,-1.7,-0.0482954545454546
"CRESTA_7_PL1X2",179949,2024-03-17,35.2,33.5,-1.7,-0.0482954545454546
"CRESTA_7_PL1X2",179949,2024-03-21,35.2,35,-0.200000000000003,-0.00568181818181826
"CRESTA_7_PL1X2",179949,2024-03-27,35.2,35,-0.200000000000003,-0.00568181818181826
"CRIMSN_2_CRMBT2",589872,2024-04-15,100,103.56,3.56,0.0356
"CRIMSN_2_CRMBT2",589872,2024-04-16,100,99.36,-0.640000000000001,-0.0064
"CRIMSN_2_CRMBT2",589872,2024-04-18,100,102.88,2.88,0.0288
"CRSTWD_6_KUMYAY",997249,2023-01-21,25,24.91,-0.0899999999999999,-0.00359999999999999
"CRSTWD_6_KUMYAY",997249,2023-03-09,25,25.71,0.710000000000001,0.0284
"CRSTWD_6_KUMYAY",997249,2023-11-17,25,24.63,-0.370000000000001,-0.0148
"CRSTWD_6_KUMYAY",997249,2023-12-02,31,31.53,0.530000000000001,0.0170967741935484
"CRSTWD_6_KUMYAY",997249,2024-01-05,25,24.89,-0.109999999999999,-0.00439999999999998
"CRSTWD_6_KUMYAY",997249,2024-11-22,25,25.72,0.719999999999999,0.0288
"DEADCK_1_UNIT",148199,2024-08-08,1.46,1.5,0.04,0.0273972602739726
"DEADCK_1_UNIT",148199,2024-08-09,1.46,1.5,0.04,0.0273972602739726
"DEADCK_1_UNIT",148199,2024-08-16,1.46,1.5,0.04,0.0273972602739726
"DEADCK_1_UNIT",148199,2024-08-23,1.46,1.5,0.04,0.0273972602739726
"DELAMO_2_ALASB2",963357,2023-08-26,1,1,0,0
"DELAMO_2_ALASB2",963357,2023-08-27,1,1,0,0
"DIABLO_7_UNIT 1",126417,2023-03-19,1135,1135,0,0
"DIABLO_7_UNIT 1",126417,2023-03-19,1100,1135,35,0.0318181818181818
"DIABLO_7_UNIT 1",126417,2023-03-20,1135,1135,0,0
"DIABLO_7_UNIT 1",126417,2024-09-01,1135,1135,0,0
"DIABLO_7_UNIT 1",126417,2024-09-14,1005,1005,0,0
"DIABLO_7_UNIT 1",126417,2024-09-16,1130,1124.1,-5.90000000000009,-0.00522123893805318
"DIABLO_7_UNIT 1",126417,2024-09-27,1100,1101,1,0.000909090909090909
"DIABLO_7_UNIT 1",126417,2024-09-28,550,553.5,3.5,0.00636363636363636
"DIABLO_7_UNIT 1",126417,2024-10-04,1100,1110,10,0.00909090909090909
"DIABLO_7_UNIT 1",126417,2024-10-05,550,558,8,0.0145454545454545
"DIABLO_7_UNIT 2",195335,2023-11-10,988,983,-5,-0.00506072874493927
"DIABLO_7_UNIT 2",195335,2023-11-10,983,983,0,0
"DRACKR_2_DSUBT1",140316,2023-10-01,60,60,0,0
"DRACKR_2_DSUBT1",140316,2023-10-01,57.4,60,2.6,0.0452961672473868
"DRACKR_2_DSUBT1",140316,2023-10-02,59.84,60,0.159999999999997,0.00267379679144379
"DRACKR_2_DSUBT1",140316,2023-10-03,60,60,0,0
"DRACKR_2_DSUBT1",140316,2023-10-03,57.8,60,2.2,0.0380622837370243
"DRACKR_2_DSUBT1",140316,2023-10-05,59.04,60,0.960000000000001,0.016260162601626
"DRACKR_2_DSUBT1",140316,2023-10-06,62.32,60,-2.32,-0.0372272143774069
"DRACKR_2_DSUBT1",140316,2023-10-09,57.4,60,2.6,0.0452961672473868
"DRACKR_2_DSUBT1",140316,2023-10-10,57.4,60,2.6,0.0452961672473868
"DRACKR_2_DSUBT1",140316,2023-10-10,60,60,0,0
"DRACKR_2_DSUBT1",140316,2023-10-10,59.04,60,0.960000000000001,0.016260162601626
"DRACKR_2_DSUBT1",140316,2023-10-11,60,60,0,0
"DRACKR_2_DSUBT1",140316,2023-10-12,59.04,60,0.960000000000001,0.016260162601626
"DRACKR_2_DSUBT1",140316,2023-10-12,60,60,0,0
"DRACKR_2_DSUBT1",140316,2023-10-13,60,60,0,0
"DRACKR_2_DSUBT1",140316,2023-10-14,60,60,0,0
"DRACKR_2_DSUBT1",140316,2023-10-14,59.04,60,0.960000000000001,0.016260162601626
"DRACKR_2_DSUBT1",140316,2023-10-15,60,60,0,0
"DRACKR_2_DSUBT1",140316,2023-10-15,57.4,60,2.6,0.0452961672473868
"DRACKR_2_DSUBT1",140316,2023-10-15,58.83,60,1.17,0.0198878123406426
"DRACKR_2_DSUBT1",140316,2023-10-16,60,60,0,0
"DRACKR_2_DSUBT1",140316,2023-10-17,61.9,60,-1.9,-0.0306946688206785
"DRACKR_2_DSUBT1",140316,2023-10-17,59.04,60,0.960000000000001,0.016260162601626
"DRACKR_2_DSUBT1",140316,2023-10-17,62.32,60,-2.32,-0.0372272143774069
"DRACKR_2_DSUBT1",140316,2023-10-17,57.4,60,2.6,0.0452961672473868
"DRACKR_2_DSUBT1",140316,2023-10-17,60.26,60,-0.259999999999998,-0.00431463657484232
"DRACKR_2_DSUBT1",140316,2023-10-18,60,60,0,0
"DRACKR_2_DSUBT1",140316,2023-10-19,61.5,60,-1.5,-0.024390243902439
"DRACKR_2_DSUBT1",140316,2023-10-20,61.08,60,-1.08,-0.0176817288801571
"DRACKR_2_DSUBT1",140316,2023-10-20,62.32,60,-2.32,-0.0372272143774069
"DRACKR_2_DSUBT1",140316,2023-10-21,59.04,60,0.960000000000001,0.016260162601626
"DRACKR_2_DSUBT1",140316,2023-10-21,57.4,60,2.6,0.0452961672473868
"DRACKR_2_DSUBT1",140316,2023-10-21,60.68,60,-0.68,-0.011206328279499
"DRACKR_2_DSUBT1",140316,2023-10-22,57.4,60,2.6,0.0452961672473868
"DRACKR_2_DSUBT1",140316,2023-10-22,61.9,60,-1.9,-0.0306946688206785
"DRACKR_2_DSUBT1",140316,2023-10-22,59.04,60,0.960000000000001,0.016260162601626
"DRACKR_2_DSUBT1",140316,2023-10-23,62.32,60,-2.32,-0.0372272143774069
"DRACKR_2_DSUBT1",140316,2023-10-23,58.62,60,1.38,0.0235414534288639
"DRACKR_2_DSUBT1",140316,2023-10-24,60,60,0,0
"DRACKR_2_DSUBT1",140316,2024-11-01,57.45,60,2.55,0.0443864229765013
"DREWS_6_PL1X4",186841,2023-11-16,31.05,31.2,0.150000000000002,0.0048309178743962
"DREWS_6_PL1X4",186841,2023-12-01,31.05,31.05,3.5527136788005e-15,1.14419120090193e-16
"DREWS_6_PL1X4",186841,2023-12-07,31.05,31,-0.0499999999999972,-0.00161030595813195
"DREWS_6_PL1X4",186841,2023-12-08,31.05,31,-0.0499999999999972,-0.00161030595813195
"DREWS_6_PL1X4",186841,2024-01-23,31.05,31.1,0.0500000000000043,0.00161030595813218
"DRUM_7_PL1X2",591854,2024-01-06,13,12.87,-0.130000000000001,-0.0100000000000001
"DRUM_7_PL1X2",591854,2024-01-08,13,13.15,0.15,0.0115384615384616
"DRUM_7_PL3X4",171240,2023-02-06,16,16,1.77635683940025e-15,1.11022302462516e-16
"DRUM_7_PL3X4",171240,2023-03-06,13,13,1.77635683940025e-15,1.36642833800019e-16
"DRUM_7_PL3X4",171240,2023-03-07,13,13,1.77635683940025e-15,1.36642833800019e-16
"DRUM_7_PL3X4",171240,2024-02-12,12.9,13,0.100000000000001,0.00775193798449623
"DRUM_7_PL3X4",171240,2024-02-14,16,16,1.77635683940025e-15,1.11022302462516e-16
"DSRTSL_2_SOLAR1",201021,2024-04-30,256.19,246.56,-9.63,-0.0375892891994223
"DSRTSL_2_SOLAR1",201021,2024-05-01,256.19,245.66,-10.53,-0.0411023068816113
"DSRTSL_2_SOLAR1",201021,2024-05-02,256.19,248.12,-8.06999999999999,-0.0315000585502947
"DSRTSL_2_SOLAR1",201021,2024-05-03,256.19,261.75,5.56,0.0217026425699676
"DSRTSN_2_DS2X2",263628,2023-01-16,216,208.96,-7.03999999999999,-0.0325925925925926
"DSRTSN_2_DS2X2",263628,2023-01-17,216,208.96,-7.03999999999999,-0.0325925925925926
"DUANE_1_PL1X3",514544,2023-11-17,63,63,-1.4210854715202e-14,-2.25569122463524e-16
"DUANE_1_PL1X3",514544,2023-11-18,63,63,-1.4210854715202e-14,-2.25569122463524e-16
"DUANE_1_PL1X3",514544,2023-11-19,63,63,-1.4210854715202e-14,-2.25569122463524e-16
"DVLCYN_1_UNITS",319098,2023-03-06,190,195.77,5.77000000000001,0.0303684210526316
"DVLCYN_1_UNITS",319098,2023-07-26,220,226.01,6.00999999999999,0.0273181818181818
"DVLCYN_1_UNITS",319098,2023-10-04,220,230.92,10.92,0.0496363636363636
"DVLCYN_1_UNITS",319098,2023-10-05,220,228.21,8.21000000000001,0.0373181818181819
"DVLCYN_1_UNITS",319098,2023-10-06,220,228.09,8.09,0.0367727272727273
"DVLCYN_1_UNITS",319098,2023-10-07,220,215.39,-4.61000000000001,-0.0209545454545455
"DVLCYN_1_UNITS",319098,2023-10-08,220,211.32,-8.68000000000001,-0.0394545454545455
"DVLCYN_1_UNITS",319098,2023-10-09,220,228.23,8.22999999999999,0.0374090909090909
"DVLCYN_1_UNITS",319098,2023-10-12,220,220.56,0.560000000000002,0.00254545454545456
"DVLCYN_1_UNITS",319098,2023-11-27,175,173.57,-1.43000000000001,-0.00817142857142861
"DVLCYN_1_UNITS",319098,2023-11-29,175,180.3,5.30000000000001,0.0302857142857143
"DVLCYN_1_UNITS",319098,2024-02-08,200,194.07,-5.93000000000001,-0.02965
"DVLCYN_1_UNITS",319098,2024-02-18,200,206.97,6.97,0.03485
"DVLCYN_1_UNITS",319098,2024-03-06,200,198.6,-1.40000000000001,-0.00700000000000003
"DVLCYN_1_UNITS",319098,2024-09-19,220,218.4,-1.59999999999999,-0.00727272727272725
"DVLCYN_1_UNITS",319098,2024-09-26,220,227.32,7.31999999999999,0.0332727272727272
"DVLCYN_1_UNITS",319098,2024-09-27,220,227.36,7.36000000000001,0.0334545454545455
"DVLCYN_1_UNITS",319098,2024-10-02,220,216.35,-3.65000000000001,-0.0165909090909091
"DVLCYN_1_UNITS",319098,2024-10-08,200,192.88,-7.12,-0.0356
"DVLCYN_1_UNITS",319098,2024-10-09,200,202.67,2.66999999999999,0.0133499999999999
"DVLCYN_1_UNITS",319098,2024-10-10,200,200.3,0.300000000000011,0.00150000000000006
"DVLCYN_1_UNITS",319098,2024-10-18,200,195,-5,-0.025
"DVLCYN_1_UNITS",319098,2024-10-23,200,196.62,-3.38,-0.0169
"DVLCYN_1_UNITS",319098,2024-10-24,200,192.49,-7.50999999999999,-0.03755
"DVLCYN_1_UNITS",319098,2024-10-25,200,194.46,-5.53999999999999,-0.0277
"EASTWD_7_UNIT",983166,2024-12-30,180,186,6,0.0333333333333333
"EASTWD_7_UNIT",983166,2024-12-31,180,182,2,0.0111111111111111
"EDWARD_2_ESSSB2",170587,2024-11-21,111,110.31,-0.689999999999998,-0.0062162162162162
"EDWARD_2_ESSSB2",170587,2024-12-02,105,102.77,-2.23,-0.0212380952380953
"ELCAJN_6_EB1BT1",372178,2023-06-02,6,6,0,0
"ELCAJN_6_EB1BT1",372178,2023-06-03,6,6,0,0
"ELCAJN_6_EB1BT1",372178,2023-06-04,6,6,0,0
"ELCAJN_6_EB1BT1",372178,2023-06-05,6,6,0,0
"ELCAJN_6_EB1BT1",372178,2023-06-06,6,6,0,0
"ELCAJN_6_EB1BT1",372178,2023-06-07,6,6,0,0
"ELCAJN_6_EB1BT1",372178,2023-06-09,6,6,0,0
"ELCAJN_6_EB1BT1",372178,2023-06-10,6,6,0,0
"ELCAJN_6_EB1BT1",372178,2023-06-11,6,6,0,0
"ELCAJN_6_EB1BT1",372178,2023-06-12,6,6,0,0
"ELCAJN_6_EB1BT1",372178,2023-06-13,6,6,0,0
"ELCAJN_6_EB1BT1",372178,2023-06-17,6,6,0,0
"ELCAJN_6_EB1BT1",372178,2023-06-18,6,6,0,0
"ELCAJN_6_EB1BT1",372178,2023-06-19,6,6,0,0
"ELCAJN_6_EB1BT1",372178,2023-06-20,6,6,0,0
"ELCAJN_6_EB1BT1",372178,2023-06-21,6,6,0,0
"ELCAJN_6_EB1BT1",372178,2023-06-22,6,6,0,0
"ELCAJN_6_EB1BT1",372178,2023-06-23,6,6,0,0
"ELCAJN_6_EB1BT1",372178,2023-06-24,6,6,0,0
"ELCAJN_6_EB1BT1",372178,2023-06-25,6,6,0,0
"ELCAJN_6_EB1BT1",372178,2023-06-26,6,6,0,0
"ELCAJN_6_EB1BT1",372178,2023-06-27,6,6,0,0
"ELCAJN_6_EB1BT1",372178,2023-06-29,6,6,0,0
"ELCAJN_6_EB1BT1",372178,2023-06-30,6,6,0,0
"ELCAJN_6_EB1BT1",372178,2023-08-10,6,6,0,0
"ELCAJN_6_EB1BT1",372178,2023-08-11,6,6,0,0
"ELCAJN_6_EB1BT1",372178,2023-08-12,6,6,0,0
"ELCAJN_6_EB1BT1",372178,2023-08-13,6,6,0,0
"ELCAJN_6_EB1BT1",372178,2023-08-14,6,6,0,0
"ELCAJN_6_EB1BT1",372178,2023-08-15,6,6,0,0
"ELCAJN_6_EB1BT1",372178,2023-08-16,6,6,0,0
"ELCAJN_6_EB1BT1",372178,2023-08-17,6,6,0,0
"ELCAJN_6_EB1BT1",372178,2023-08-18,6,6,0,0
"ELCAJN_6_EB1BT1",372178,2023-08-19,6,6,0,0
"ELCAJN_6_EB1BT1",372178,2023-08-20,6,6,0,0
"ELCAJN_6_EB1BT1",372178,2023-08-21,6,6,0,0
"ELCAJN_6_EB1BT1",372178,2023-08-22,6,6,0,0
"ELCAJN_6_EB1BT1",372178,2023-08-23,6,6,0,0
"ELCAJN_6_EB1BT1",372178,2023-08-24,6,6,0,0
"ELCAJN_6_EB1BT1",372178,2023-08-25,6,6,0,0
"ELCAJN_6_EB1BT1",372178,2023-08-26,6,6,0,0
"ELCAJN_6_EB1BT1",372178,2023-08-27,6,6,0,0
"ELCAJN_6_EB1BT1",372178,2023-08-28,6,6,0,0
"ELCAJN_6_EB1BT1",372178,2023-08-29,6,6,0,0
"ELCAJN_6_EB1BT1",372178,2023-08-30,6,6,0,0
"ELCAJN_6_EB1BT1",372178,2023-08-31,6,6,0,0
"ELCAJN_6_EB1BT1",372178,2023-09-01,6,6,0,0
"ELCAJN_6_EB1BT1",372178,2023-09-02,6,6,0,0
"ELCAJN_6_EB1BT1",372178,2023-09-03,6,6,0,0
"ELCAJN_6_EB1BT1",372178,2023-09-04,6,6,0,0
"ELCAJN_6_EB1BT1",372178,2023-09-05,6,6,0,0
"ELCAJN_6_EB1BT1",372178,2023-09-06,6,6,0,0
"ELCAJN_6_EB1BT1",372178,2023-09-07,6,6,0,0
"ELCAJN_6_EB1BT1",372178,2023-09-08,6,6,0,0
"ELCAJN_6_EB1BT1",372178,2023-09-09,6,6,0,0
"ELCAJN_6_EB1BT1",372178,2023-09-10,6,6,0,0
"ELCAJN_6_EB1BT1",372178,2023-09-11,6,6,0,0
"ELCAJN_6_EB1BT1",372178,2023-09-12,6,6,0,0
"ELCAJN_6_EB1BT1",372178,2023-09-13,6,6,0,0
"ELCAJN_6_EB1BT1",372178,2023-09-14,6,6,0,0
"ELCAJN_6_EB1BT1",372178,2023-09-16,6,6,0,0
"ELCAJN_6_EB1BT1",372178,2023-09-17,6,6,0,0
"ELCAJN_6_EB1BT1",372178,2023-09-18,6,6,0,0
"ELCAJN_6_EB1BT1",372178,2023-09-19,6,6,0,0
"ELCAJN_6_EB1BT1",372178,2023-09-20,6,6,0,0
"ELCAJN_6_EB1BT1",372178,2023-09-21,6,6,0,0
"ELCAJN_6_EB1BT1",372178,2023-09-22,6,6,0,0
"ELCAJN_6_EB1BT1",372178,2023-09-23,6,6,0,0
"ELCAJN_6_EB1BT1",372178,2023-09-24,6,6,0,0
"ELCAJN_6_EB1BT1",372178,2023-09-25,6,6,0,0
"ELCAJN_6_EB1BT1",372178,2023-09-26,6,6,0,0
"ELCAJN_6_EB1BT1",372178,2023-09-27,6,6,0,0
"ELCAJN_6_EB1BT1",372178,2023-09-28,6,6,0,0
"ELCAJN_6_EB1BT1",372178,2023-09-29,6,6,0,0
"ELCAJN_6_EB1BT1",372178,2023-09-30,6,6,0,0
"ELCAJN_6_EB1BT1",372178,2023-10-01,6,6,0,0
"ELCAJN_6_EB1BT1",372178,2023-10-02,6,6,0,0
"ELCAJN_6_EB1BT1",372178,2023-10-03,6,6,0,0
"ELCAJN_6_EB1BT1",372178,2023-10-04,6,6,0,0
"ELCAJN_6_EB1BT1",372178,2023-10-05,6,6,0,0
"ELCAJN_6_EB1BT1",372178,2023-10-06,6,6,0,0
"ELCAJN_6_EB1BT1",372178,2023-10-07,6,6,0,0
"ELCAJN_6_EB1BT1",372178,2023-10-08,6,6,0,0
"ELCAJN_6_EB1BT1",372178,2023-10-09,6,6,0,0
"ELCAJN_6_EB1BT1",372178,2023-10-10,6,6,0,0
"ELCAJN_6_EB1BT1",372178,2023-10-12,6,6,0,0
"ELCAJN_6_EB1BT1",372178,2023-10-13,6,6,0,0
"ELCAJN_6_EB1BT1",372178,2023-10-14,6,6,0,0
"ELCAJN_6_EB1BT1",372178,2023-10-15,6,6,0,0
"ELCAJN_6_EB1BT1",372178,2023-10-16,6,6,0,0
"ELCAJN_6_EB1BT1",372178,2023-10-17,6,6,0,0
"ELCAJN_6_EB1BT1",372178,2023-10-18,6,6,0,0
"ELCAJN_6_EB1BT1",372178,2023-10-20,6,6,0,0
"ELCAJN_6_EB1BT1",372178,2023-10-23,6,6,0,0
"ELCAJN_6_EB1BT1",372178,2023-10-24,6,6,0,0
"ELCAJN_6_EB1BT1",372178,2023-10-26,6,6,0,0
"ELCAJN_6_EB1BT1",372178,2023-10-27,6,6,0,0
"ELCAJN_6_EB1BT1",372178,2023-10-28,6,6,0,0
"ELCAJN_6_EB1BT1",372178,2023-10-29,6,6,0,0
"ELCAJN_6_EB1BT1",372178,2023-10-30,6,6,0,0
"ELCAJN_6_EB1BT1",372178,2023-10-31,6,6,0,0
"ELCAJN_6_EB1BT1",372178,2023-11-01,6,6,0,0
"ELCAJN_6_EB1BT1",372178,2023-11-02,6,6,0,0
"ELCAJN_6_EB1BT1",372178,2023-11-03,6,6,0,0
"ELCAJN_6_EB1BT1",372178,2023-11-04,6,6,0,0
"ELCAJN_6_EB1BT1",372178,2023-11-05,6,6,0,0
"ELCAJN_6_EB1BT1",372178,2023-11-06,6,6,0,0
"ELCAJN_6_EB1BT1",372178,2023-11-07,6,6,0,0
"ELCAJN_6_EB1BT1",372178,2023-11-08,6,6,0,0
"ELCAJN_6_EB1BT1",372178,2023-11-09,6,6,0,0
"ELCAJN_6_EB1BT1",372178,2023-11-10,6,6,0,0
"ELCAJN_6_EB1BT1",372178,2023-11-11,6,6,0,0
"ELCAJN_6_EB1BT1",372178,2023-11-12,6,6,0,0
"ELCAJN_6_EB1BT1",372178,2023-11-13,6,6,0,0
"ELCAJN_6_EB1BT1",372178,2023-11-14,6,6,0,0
"ELCAJN_6_EB1BT1",372178,2023-11-15,6,6,0,0
"ELCAJN_6_EB1BT1",372178,2023-11-16,6,6,0,0
"ELCAJN_6_EB1BT1",372178,2023-11-17,6,6,0,0
"ELCAJN_6_EB1BT1",372178,2023-11-18,6,6,0,0
"ELCAJN_6_EB1BT1",372178,2023-11-19,6,6,0,0
"ELCAJN_6_EB1BT1",372178,2023-11-20,6,6,0,0
"ELCAJN_6_EB1BT1",372178,2023-11-21,6,6,0,0
"ELCAJN_6_EB1BT1",372178,2023-11-22,6,6,0,0
"ELCAJN_6_EB1BT1",372178,2023-11-23,6,6,0,0
"ELCAJN_6_EB1BT1",372178,2023-11-24,6,6,0,0
"ELCAJN_6_EB1BT1",372178,2023-11-25,6,6,0,0
"ELCAJN_6_EB1BT1",372178,2023-11-26,6,6,0,0
"ELCAJN_6_EB1BT1",372178,2023-11-27,6,6,0,0
"ELCAJN_6_EB1BT1",372178,2023-11-28,6,6,0,0
"ELCAJN_6_EB1BT1",372178,2023-11-29,6,6,0,0
"ELCAJN_6_EB1BT1",372178,2023-11-30,6,6,0,0
"ELCAJN_6_EB1BT1",372178,2024-05-20,5,5,0,0
"ELCAJN_6_EB1BT1",372178,2024-06-05,6,6,0,0
"ELCAJN_6_EB1BT1",372178,2024-06-06,6,6,0,0
"ELCAJN_6_EB1BT1",372178,2024-06-07,6,6,0,0
"ELCAJN_6_EB1BT1",372178,2024-06-19,6,6,0,0
"ELCAJN_6_EB1BT1",372178,2024-06-20,6,6,0,0
"ELCAJN_6_EB1BT1",372178,2024-06-21,6,6,0,0
"ELCAJN_6_EB1BT1",372178,2024-06-22,6,6,0,0
"ELCAJN_6_EB1BT1",372178,2024-06-23,6,6,0,0
"ELCAJN_6_EB1BT1",372178,2024-06-24,6,6,0,0
"ELCAJN_6_EB1BT1",372178,2024-06-25,6,6,0,0
"ELCAJN_6_EB1BT1",372178,2024-06-26,6,6,0,0
"ELCAJN_6_EB1BT1",372178,2024-06-27,6,6,0,0
"ELCAJN_6_EB1BT1",372178,2024-06-28,6,6,0,0
"ELCAJN_6_EB1BT1",372178,2024-06-29,6,6,0,0
"ELCAJN_6_EB1BT1",372178,2024-06-30,6,6,0,0
"ELCAJN_6_EB1BT1",372178,2024-07-24,6,6,0,0
"ELCAJN_6_EB1BT1",372178,2024-07-25,6,6,0,0
"ELCAJN_6_EB1BT1",372178,2024-07-26,6,6,0,0
"ELCAJN_6_EB1BT1",372178,2024-07-27,6,6,0,0
"ELCAJN_6_EB1BT1",372178,2024-07-28,6,6,0,0
"ELCAJN_6_EB1BT1",372178,2024-07-29,6,6,0,0
"ELCAJN_6_EB1BT1",372178,2024-07-30,6,6,0,0
"ELCAJN_6_EB1BT1",372178,2024-07-31,6,6,0,0
"ELECTR_7_PL1X3",954013,2023-05-16,62,62.59,0.590000000000003,0.00951612903225812
"ELECTR_7_PL1X3",954013,2023-06-10,62,63.23,1.23,0.0198387096774193
"ELECTR_7_PL1X3",954013,2023-06-11,62,61.97,-0.0300000000000011,-0.000483870967741954
"ELECTR_7_PL1X3",954013,2023-10-23,62,59.34,-2.66,-0.0429032258064516
"ELECTR_7_PL1X3",954013,2023-11-06,61.3,60.92,-0.379999999999995,-0.00619902120717774
"ELECTR_7_PL1X3",954013,2023-11-08,62,61.47,-0.530000000000001,-0.00854838709677421
"ELECTR_7_PL1X3",954013,2024-10-21,61.3,60.75,-0.549999999999997,-0.00897226753670468
"ELECTR_7_PL1X3",954013,2024-10-21,63.4,60.75,-2.65,-0.0417981072555205
"ELECTR_7_PL1X3",954013,2024-10-23,63.4,62.54,-0.859999999999999,-0.0135646687697161
"ELECTR_7_PL1X3",954013,2024-10-23,61.3,62.54,1.24,0.0202283849918434
"ELECTR_7_PL1X3",954013,2024-10-31,61.3,60.97,-0.329999999999998,-0.00538336052202281
"ELECTR_7_PL1X3",954013,2024-10-31,63.4,60.97,-2.43,-0.0383280757097792
"ELECTR_7_PL1X3",954013,2024-11-04,61.3,58.77,-2.52999999999999,-0.0412724306688417
"ELECTR_7_PL1X3",954013,2024-11-08,61.3,58.27,-3.02999999999999,-0.0494290375203914
"ELKHRN_1_EESX3",883062,2023-10-23,170.5,174.29,3.78999999999999,0.0222287390029325
"ELKHRN_1_EESX3",883062,2023-10-23,177,174.29,-2.71000000000001,-0.0153107344632769
"ELKHRN_1_EESX3",883062,2023-10-24,177,174.29,-2.71000000000001,-0.0153107344632769
"ELKHRN_1_EESX3",883062,2023-10-25,170.5,174.29,3.78999999999999,0.0222287390029325
"ELKHRN_1_EESX3",883062,2023-10-26,170.5,174.29,3.78999999999999,0.0222287390029325
"ELKHRN_1_EESX3",883062,2023-10-27,175,174.29,-0.710000000000008,-0.0040571428571429
"ELKHRN_1_EESX3",883062,2023-10-30,170.5,174.29,3.78999999999999,0.0222287390029325
"ELKHRN_1_EESX3",883062,2023-10-31,169.5,174.29,4.78999999999999,0.0282595870206489
"ELKHRN_1_EESX3",883062,2023-11-01,170.5,174.29,3.78999999999999,0.0222287390029325
"ELKHRN_1_EESX3",883062,2023-11-02,172.5,174.29,1.78999999999999,0.0103768115942029
"ELKHRN_1_EESX3",883062,2023-11-03,170.5,174.29,3.78999999999999,0.0222287390029325
"ELLIOT_6_ELIBT1",376549,2024-04-23,9.75,10,0.25,0.0256410256410256
"ELLIOT_6_ELIBT1",376549,2024-04-24,9.75,10,0.25,0.0256410256410256
"ELLIOT_6_ELIBT1",376549,2024-12-16,7,6.7,-0.3,-0.0428571428571428
"ELLIOT_6_ELIBT1",376549,2024-12-17,7,6.89,-0.11,-0.0157142857142858
"ELLIOT_6_ELIBT1",376549,2024-12-18,7,6.66,-0.34,-0.0485714285714286
"ESCNDO_6_EB1BT1",882665,2023-01-25,6,6.02,0.0199999999999996,0.00333333333333326
"ESCNDO_6_EB1BT1",882665,2023-02-28,4.5,4.47,-0.0300000000000002,-0.00666666666666672
"ESCNDO_6_EB1BT1",882665,2023-03-11,4.5,4.45,-0.0499999999999998,-0.0111111111111111
"ESCNDO_6_EB1BT1",882665,2023-03-17,4.5,4.35,-0.15,-0.0333333333333334
"ESCNDO_6_EB1BT1",882665,2023-03-25,5.5,5.32,-0.18,-0.0327272727272727
"ESCNDO_6_EB1BT1",882665,2023-03-27,5.5,5.36,-0.14,-0.0254545454545454
"ESCNDO_6_EB1BT1",882665,2023-10-24,6,5.9,-0.0999999999999996,-0.0166666666666666
"ESCNDO_6_EB1BT1",882665,2023-11-30,6,6.21,0.21,0.035
"ESCNDO_6_EB1BT1",882665,2024-01-01,6,5.97,-0.0300000000000002,-0.00500000000000004
"ESCNDO_6_EB1BT1",882665,2024-03-01,6,5.91,-0.0899999999999999,-0.015
"ESCNDO_6_EB1BT1",882665,2024-05-20,7.5,7.28,-0.22,-0.0293333333333333
"ESCNDO_6_EB1BT1",882665,2024-05-24,7.5,7.21,-0.29,-0.0386666666666667
"ESCNDO_6_EB1BT1",882665,2024-08-22,6.25,6.42,0.17,0.0272
"ESCNDO_6_EB2BT2",193527,2023-04-08,5.5,5.35,-0.15,-0.0272727272727273
"ESCNDO_6_EB2BT2",193527,2023-04-10,5.5,5.35,-0.15,-0.0272727272727273
"ESCNDO_6_EB2BT2",193527,2023-04-14,5.5,5.35,-0.15,-0.0272727272727273
"ESCNDO_6_EB2BT2",193527,2023-04-15,5.5,5.35,-0.15,-0.0272727272727273
"ESCNDO_6_EB2BT2",193527,2023-10-10,4.5,4.5,0,0
"ESCNDO_6_EB2BT2",193527,2023-10-11,4.5,4.5,0,0
"ESCNDO_6_EB2BT2",193527,2023-10-13,4.5,4.5,0,0
"ESCNDO_6_EB2BT2",193527,2023-10-16,4.5,4.5,0,0
"ESCNDO_6_EB2BT2",193527,2023-10-17,4.5,4.5,0,0
"ESCNDO_6_EB2BT2",193527,2023-10-23,4.5,4.5,0,0
"ESCNDO_6_EB2BT2",193527,2023-10-24,4.5,4.5,0,0
"ESCNDO_6_EB2BT2",193527,2023-10-27,4.5,4.5,0,0
"ESCNDO_6_EB2BT2",193527,2023-11-28,4.5,4.5,0,0
"ESCNDO_6_EB2BT2",193527,2024-08-21,6.5,6.5,0,0
"ESCNDO_6_EB2BT2",193527,2024-08-22,6.5,6.5,0,0
"ESCNDO_6_UNITB1",917872,2024-05-14,25,25.92,0.920000000000002,0.0368000000000001
"ESCNDO_6_UNITB1",917872,2024-05-16,25,24.55,-0.449999999999999,-0.018
"ETIWND_2_FONTNA",190607,2024-10-14,2.06,2,-0.06,-0.029126213592233
"ETIWND_2_FONTNA",190607,2024-10-31,2.06,2,-0.06,-0.029126213592233
"ETIWND_2_FONTNA",190607,2024-11-01,2.06,2,-0.06,-0.029126213592233
"ETIWND_6_GRPLND",951689,2024-06-13,45.47,45.3,-0.170000000000002,-0.00373872883219709
"ETIWND_6_GRPLND",951689,2024-06-13,45.22,45.3,0.0799999999999983,0.00176912870411319
"ETIWND_6_GRPLND",951689,2024-06-13,44.99,45.3,0.309999999999995,0.00689042009335397
"EXCHEC_7_UNIT 1",140162,2023-11-29,30,30,0,0
"EXCHEC_7_UNIT 1",140162,2023-11-30,30,30,0,0
"FMEADO_7_UNIT",159739,2024-10-07,12,11.75,-0.25,-0.0208333333333333
"FMEADO_7_UNIT",159739,2024-10-21,12,12.21,0.210000000000001,0.0175000000000001
"GARLND_2_GARBT1",131086,2023-04-11,60,58.48,-1.52,-0.0253333333333334
"GARLND_2_GARBT1",131086,2023-04-14,77,80,3,0.038961038961039
"GARLND_2_GARBT1",131086,2023-04-16,63,61.61,-1.39,-0.0220634920634921
"GARLND_2_GASLR",106183,2024-10-24,146.67,143.2,-3.47000000000003,-0.0236585532146999
"GARLND_2_GASLR",106183,2024-10-25,146.67,143.2,-3.47000000000003,-0.0236585532146999
"GARLND_2_GASLR",106183,2024-10-28,146.67,143.2,-3.47000000000003,-0.0236585532146999
"GARLND_2_GASLR",106183,2024-10-29,146.67,143.2,-3.47000000000003,-0.0236585532146999
"GARLND_2_GASLR",106183,2024-10-30,146.67,143.2,-3.47000000000003,-0.0236585532146999
"GARLND_2_GASLR",106183,2024-10-31,146.67,143.2,-3.47000000000003,-0.0236585532146999
"GARLND_2_GASLR",106183,2024-10-31,143,143.2,0.199999999999989,0.00139860139860132
"GARNET_1_WIND",155043,2023-02-11,5.39,5.43,0.04,0.00742115027829314
"GARNET_1_WIND",155043,2023-02-17,5.39,5.36,-0.0299999999999994,-0.00556586270871973
"GARNET_2_COAWD2",442155,2023-03-27,10.7,10.5,-0.200000000000001,-0.0186915887850468
"GARNET_2_COAWD2",442155,2023-03-28,10.7,10.5,-0.200000000000001,-0.0186915887850468
"GARNET_2_COAWD2",442155,2023-03-29,10.7,10.5,-0.200000000000001,-0.0186915887850468
"GARNET_2_COAWD2",442155,2023-03-30,10.7,10.5,-0.200000000000001,-0.0186915887850468
"GARNET_2_COAWD2",442155,2023-11-09,10.6,10.5,-0.100000000000001,-0.00943396226415108
"GARNET_2_WIND1",186392,2023-03-31,5.42,5.43,0.0100000000000007,0.00184501845018463
"GARNET_2_WIND1",186392,2023-03-31,5.64,5.43,-0.21,-0.0372340425531915
"GARNET_2_WIND3",858482,2023-03-29,7.43,7.7,0.27,0.0363391655450875
"GARNET_2_WIND3",858482,2023-03-30,7.43,7.7,0.27,0.0363391655450875
"GARNET_2_WIND3",858482,2023-03-31,7.43,7.8,0.37,0.0497981157469718
"GARNET_2_WIND3",858482,2023-04-01,7.43,7.5,0.0700000000000003,0.00942126514131902
"GARNET_2_WIND4",916013,2023-02-17,8.12,7.92,-0.200000000000001,-0.0246305418719213
"GARNET_2_WIND4",916013,2023-10-14,8.5,8.29,-0.210000000000001,-0.0247058823529413
"GARNET_2_WIND4",916013,2023-10-24,8.5,8.45,-0.0500000000000007,-0.00588235294117655
"GARNET_2_WIND5",127538,2023-03-29,2.1,2.15,0.0499999999999998,0.0238095238095237
"GARNET_2_WIND5",127538,2023-03-30,2.1,2.15,0.0499999999999998,0.0238095238095237
"GATWAY_2_PL1X3",435045,2023-01-11,536.1,555,18.9,0.0352546166759932
"GATWAY_2_PL1X3",435045,2023-01-12,536.1,555,18.9,0.0352546166759932
"GATWAY_2_PL1X3",435045,2023-01-12,536,555,19,0.0354477611940298
"GATWAY_2_PL1X3",435045,2024-01-23,580,555,-25,-0.0431034482758621
"GATWAY_2_PL1X3",435045,2024-01-24,580,555,-25,-0.0431034482758621
"GATWAY_2_PL1X3",435045,2024-01-25,580,555,-25,-0.0431034482758621
"GATWAY_2_PL1X3",435045,2024-01-26,580,555,-25,-0.0431034482758621
"GEYS18_7_UNIT18",798391,2023-01-26,24,25,1,0.0416666666666667
"GEYS18_7_UNIT18",798391,2023-03-08,20,20,0,0
"GLNARM_7_UNIT 1",190023,2023-05-04,18,18,0,0
"GLNARM_7_UNIT 1",190023,2023-12-01,18,18.5,0.5,0.0277777777777778
"GLNARM_7_UNIT 4",174755,2023-05-24,33.8,33.74,-0.0600000000000023,-0.00177514792899415
"GLNARM_7_UNIT 4",174755,2023-07-11,33.8,33.18,-0.620000000000005,-0.0183431952662723
"GYS5X6_7_UNITS",181382,2023-01-18,67.43,66.29,-1.14,-0.0169064214741213
"GYS5X6_7_UNITS",181382,2023-01-20,67.43,68.22,0.789999999999992,0.0117158534776804
"GYS5X6_7_UNITS",181382,2023-11-06,56.43,56.38,-0.0500000000000043,-0.00088605351763254
"GYS5X6_7_UNITS",181382,2023-11-07,56.43,53.64,-2.79000000000001,-0.0494417862838917
"GYS5X6_7_UNITS",181382,2024-12-01,49,49.65,0.649999999999991,0.0132653061224488
"GYS5X6_7_UNITS",181382,2024-12-03,49,51.15,2.14999999999999,0.043877551020408
"GYS7X8_7_UNITS",670863,2023-12-06,60.8,58.01,-2.79,-0.0458881578947368
"GYS7X8_7_UNITS",670863,2023-12-07,59.8,58.01,-1.79,-0.029933110367893
"HAASPH_7_PL1X2",107633,2023-03-12,72,72,0,0
"HAASPH_7_PL1X2",107633,2023-03-14,72,72,0,0
"HAASPH_7_PL1X2",107633,2023-03-20,72,72,0,0
"HAASPH_7_PL1X2",107633,2023-04-16,72,72,0,0
"HAASPH_7_PL1X2",107633,2023-04-19,72,72,0,0
"HAASPH_7_PL1X2",107633,2023-04-22,72,72,0,0
"HAASPH_7_PL1X2",107633,2023-04-23,72,72,0,0
"HAASPH_7_PL1X2",107633,2023-04-24,72,72,0,0
"HAASPH_7_PL1X2",107633,2023-04-25,72,72,0,0
"HAASPH_7_PL1X2",107633,2023-04-28,72,72,0,0
"HAASPH_7_PL1X2",107633,2023-04-29,72,72,0,0
"HAASPH_7_PL1X2",107633,2023-04-30,72,72,0,0
"HAASPH_7_PL1X2",107633,2023-05-01,72,72,0,0
"HAASPH_7_PL1X2",107633,2023-05-02,72,72,0,0
"HAASPH_7_PL1X2",107633,2023-05-03,72,72,0,0
"HIDSRT_2_UNITS",203842,2023-02-07,823,820,-3,-0.00364520048602673
"HIDSRT_2_UNITS",203842,2023-02-07,791,820,29,0.0366624525916561
"HIDSRT_2_UNITS",203842,2023-02-07,797,820,23,0.0288582183186951
"HIDSRT_2_UNITS",203842,2023-02-07,802,820,18,0.0224438902743142
"HIDSRT_2_UNITS",203842,2023-02-07,810,820,10,0.0123456790123457
"HIDSRT_2_UNITS",203842,2023-02-07,815,820,5,0.00613496932515337
"HIDSRT_2_UNITS",203842,2023-02-07,818,820,2,0.00244498777506112
"HIDSRT_2_UNITS",203842,2023-02-08,822,820,-2,-0.0024330900243309
"HIDSRT_2_UNITS",203842,2023-02-08,823,820,-3,-0.00364520048602673
"HIDSRT_2_UNITS",203842,2023-02-08,826,820,-6,-0.00726392251815981
"HIDSRT_2_UNITS",203842,2023-02-08,827,820,-7,-0.00846432889963724
"HIDSRT_2_UNITS",203842,2023-02-08,785,820,35,0.0445859872611465
"HIDSRT_2_UNITS",203842,2023-02-08,791,820,29,0.0366624525916561
"HIDSRT_2_UNITS",203842,2023-02-08,799,820,21,0.0262828535669587
"HIDSRT_2_UNITS",203842,2023-02-08,804,820,16,0.0199004975124378
"HIDSRT_2_UNITS",203842,2023-02-08,810,820,10,0.0123456790123457
"HIDSRT_2_UNITS",203842,2023-02-08,813,820,7,0.00861008610086101
"HIDSRT_2_UNITS",203842,2023-02-08,817,820,3,0.00367197062423501
"HIDSRT_2_UNITS",203842,2023-02-09,821,820,-1,-0.00121802679658952
"HIDSRT_2_UNITS",203842,2023-02-09,823,820,-3,-0.00364520048602673
"HIDSRT_2_UNITS",203842,2023-02-09,826,820,-6,-0.00726392251815981
"HIDSRT_2_UNITS",203842,2023-02-09,828,820,-8,-0.00966183574879227
"HIDSRT_2_UNITS",203842,2023-02-09,784,820,36,0.0459183673469388
"HIDSRT_2_UNITS",203842,2023-02-09,794,820,26,0.0327455919395466
"HIDSRT_2_UNITS",203842,2023-02-09,802,820,18,0.0224438902743142
"HIDSRT_2_UNITS",203842,2023-02-09,807,820,13,0.0161090458488228
"HIDSRT_2_UNITS",203842,2023-02-09,812,820,8,0.00985221674876847
"HIDSRT_2_UNITS",203842,2023-02-09,817,820,3,0.00367197062423501
"HIDSRT_2_UNITS",203842,2023-02-10,826,820,-6,-0.00726392251815981
"HIDSRT_2_UNITS",203842,2023-02-10,827,820,-7,-0.00846432889963724
"HIDSRT_2_UNITS",203842,2023-02-10,829,820,-9,-0.0108564535585042
"HIGGNS_1_COMBIE",857306,2024-08-12,1,1,0,0
"HIGGNS_1_COMBIE",857306,2024-08-13,1,1,0,0
"HIGGNS_1_COMBIE",857306,2024-08-14,1,1,0,0
"HIGHDS_2_H5SSR1",360176,2024-10-24,60,62.34,2.34,0.0390000000000001
"HIGHDS_2_H5SSR1",360176,2024-10-25,60,61.33,1.33,0.0221666666666666
"HOOVER_2_SCEPT",158253,2023-03-23,277,275,-2,-0.0072202166064982
"HOOVER_2_SCEPT",158253,2023-03-23,276,275,-1,-0.0036231884057971
"HUMBPP_1_UNITS3",133308,2023-01-03,48.81,50.52,1.71,0.0350338045482483
"HUMBPP_1_UNITS3",133308,2023-01-30,48.81,50.06,1.25,0.0256095062487195
"HUMBPP_1_UNITS3",133308,2023-01-31,48.81,50.06,1.25,0.0256095062487195
"HUMBPP_1_UNITS3",133308,2023-02-01,48.81,50.8,1.99,0.0407703339479614
"HUMBPP_1_UNITS3",133308,2023-02-13,49.54,50.8,1.26,0.0254339927331449
"HUMBPP_1_UNITS3",133308,2023-03-01,48.81,51.07,2.26,0.0463019872976849
"HUMBPP_1_UNITS3",133308,2023-11-13,48.81,51.21,2.4,0.0491702519975415
"HUMBPP_1_UNITS3",133308,2023-11-14,48.81,51.21,2.4,0.0491702519975415
"HUMBPP_1_UNITS3",133308,2023-11-15,48.81,51.21,2.4,0.0491702519975415
"HUMBPP_1_UNITS3",133308,2023-11-17,48.81,51.21,2.4,0.0491702519975415
"HUMBPP_1_UNITS3",133308,2023-12-11,48.81,50.16,1.34999999999999,0.027658266748617
"HUMBPP_1_UNITS3",133308,2023-12-18,48.81,50.16,1.34999999999999,0.027658266748617
"HUMBPP_1_UNITS3",133308,2024-01-08,48.81,50.06,1.25,0.0256095062487195
"HUMBPP_1_UNITS3",133308,2024-01-23,48.81,50.06,1.25,0.0256095062487195
"HUMBPP_1_UNITS3",133308,2024-01-29,48.81,50.06,1.25,0.0256095062487195
"HUMBPP_1_UNITS3",133308,2024-02-02,48.81,50.8,1.99,0.0407703339479614
"HUMBPP_1_UNITS3",133308,2024-02-26,48.81,50.8,1.99,0.0407703339479614
"HUMBPP_1_UNITS3",133308,2024-02-27,48.81,50.8,1.99,0.0407703339479614
"HUMBPP_1_UNITS3",133308,2024-02-28,48.81,50.8,1.99,0.0407703339479614
"HUMBPP_1_UNITS3",133308,2024-03-07,48.81,51.07,2.26,0.0463019872976849
"HUMBPP_1_UNITS3",133308,2024-03-09,48.81,51.07,2.26,0.0463019872976849
"HUMBPP_1_UNITS3",133308,2024-03-10,48.81,51.07,2.26,0.0463019872976849
"HUMBPP_1_UNITS3",133308,2024-03-11,48.81,51.07,2.26,0.0463019872976849
"HUMBPP_1_UNITS3",133308,2024-03-13,48.81,51.07,2.26,0.0463019872976849
"HUMBPP_1_UNITS3",133308,2024-03-14,48.81,51.07,2.26,0.0463019872976849
"HUMBPP_1_UNITS3",133308,2024-03-15,48.81,51.07,2.26,0.0463019872976849
"HUMBPP_1_UNITS3",133308,2024-03-18,48.81,51.07,2.26,0.0463019872976849
"HUMBPP_1_UNITS3",133308,2024-03-21,48.81,51.07,2.26,0.0463019872976849
"HUMBPP_1_UNITS3",133308,2024-03-22,48.81,51.07,2.26,0.0463019872976849
"HUMBPP_1_UNITS3",133308,2024-03-28,48.81,51.07,2.26,0.0463019872976849
"HUMBPP_1_UNITS3",133308,2024-03-29,48.81,51.07,2.26,0.0463019872976849
"HUMBPP_1_UNITS3",133308,2024-03-30,48.81,51.07,2.26,0.0463019872976849
"HUMBPP_1_UNITS3",133308,2024-12-02,48.81,50.16,1.34999999999999,0.027658266748617
"HYTTHM_2_UNITS",952796,2023-02-04,897,880,-17,-0.0189520624303233
"HYTTHM_2_UNITS",952796,2023-02-06,897.1,880,-17.1,-0.019061420131535
"HYTTHM_2_UNITS",952796,2023-02-06,897,880,-17,-0.0189520624303233
"HYTTHM_2_UNITS",952796,2023-02-07,897,880,-17,-0.0189520624303233
"HYTTHM_2_UNITS",952796,2023-02-07,897.1,880,-17.1,-0.019061420131535
"HYTTHM_2_UNITS",952796,2023-02-08,897.1,880,-17.1,-0.019061420131535
"HYTTHM_2_UNITS",952796,2023-02-08,897,880,-17,-0.0189520624303233
"HYTTHM_2_UNITS",952796,2023-02-09,897,880,-17,-0.0189520624303233
"HYTTHM_2_UNITS",952796,2023-02-09,897.1,880,-17.1,-0.019061420131535
"HYTTHM_2_UNITS",952796,2023-02-10,897,880,-17,-0.0189520624303233
"HYTTHM_2_UNITS",952796,2023-02-10,897.1,880,-17.1,-0.019061420131535
"HYTTHM_2_UNITS",952796,2023-02-13,897.1,880,-17.1,-0.019061420131535
"HYTTHM_2_UNITS",952796,2023-02-13,897,880,-17,-0.0189520624303233
"HYTTHM_2_UNITS",952796,2023-02-14,897.1,880,-17.1,-0.019061420131535
"HYTTHM_2_UNITS",952796,2023-02-14,897,880,-17,-0.0189520624303233
"HYTTHM_2_UNITS",952796,2023-02-15,897,880,-17,-0.0189520624303233
"HYTTHM_2_UNITS",952796,2023-02-15,897.1,880,-17.1,-0.019061420131535
"HYTTHM_2_UNITS",952796,2023-02-16,897.1,880,-17.1,-0.019061420131535
"HYTTHM_2_UNITS",952796,2023-02-16,897,880,-17,-0.0189520624303233
"HYTTHM_2_UNITS",952796,2023-02-17,897,880,-17,-0.0189520624303233
"HYTTHM_2_UNITS",952796,2023-02-17,897.1,880,-17.1,-0.019061420131535
"HYTTHM_2_UNITS",952796,2023-02-21,897.1,880,-17.1,-0.019061420131535
"HYTTHM_2_UNITS",952796,2023-02-21,897,880,-17,-0.0189520624303233
"HYTTHM_2_UNITS",952796,2023-02-22,897,880,-17,-0.0189520624303233
"HYTTHM_2_UNITS",952796,2023-02-22,897.1,880,-17.1,-0.019061420131535
"HYTTHM_2_UNITS",952796,2023-02-23,897.1,880,-17.1,-0.019061420131535
"HYTTHM_2_UNITS",952796,2023-02-23,897,880,-17,-0.0189520624303233
"HYTTHM_2_UNITS",952796,2023-02-24,897,880,-17,-0.0189520624303233
"HYTTHM_2_UNITS",952796,2023-02-24,897.1,880,-17.1,-0.019061420131535
"HYTTHM_2_UNITS",952796,2023-02-27,897,880,-17,-0.0189520624303233
"HYTTHM_2_UNITS",952796,2023-02-27,897.1,880,-17.1,-0.019061420131535
"HYTTHM_2_UNITS",952796,2023-02-28,897.1,880,-17.1,-0.019061420131535
"HYTTHM_2_UNITS",952796,2023-02-28,897,880,-17,-0.0189520624303233
"HYTTHM_2_UNITS",952796,2023-03-01,897.1,880,-17.1,-0.019061420131535
"HYTTHM_2_UNITS",952796,2023-03-01,897,880,-17,-0.0189520624303233
"HYTTHM_2_UNITS",952796,2023-03-02,897,880,-17,-0.0189520624303233
"HYTTHM_2_UNITS",952796,2023-03-02,897.1,880,-17.1,-0.019061420131535
"HYTTHM_2_UNITS",952796,2023-03-03,897,880,-17,-0.0189520624303233
"HYTTHM_2_UNITS",952796,2023-03-03,897.1,880,-17.1,-0.019061420131535
"HYTTHM_2_UNITS",952796,2023-03-16,915.1,880,-35.1,-0.0383564637744509
"HYTTHM_2_UNITS",952796,2023-03-28,854.1,880,25.9,0.0303243179955508
"HYTTHM_2_UNITS",952796,2023-04-27,897,858,-39,-0.0434782608695652
"HYTTHM_2_UNITS",952796,2023-06-07,899,880,-19,-0.0211345939933259
"HYTTHM_2_UNITS",952796,2023-10-30,860,880,20,0.0232558139534884
"HYTTHM_2_UNITS",952796,2023-10-30,903.1,880,-23.1,-0.02557856272838
"HYTTHM_2_UNITS",952796,2023-10-31,903.1,880,-23.1,-0.02557856272838
"HYTTHM_2_UNITS",952796,2023-10-31,860,880,20,0.0232558139534884
"HYTTHM_2_UNITS",952796,2023-11-01,860,880,20,0.0232558139534884
"HYTTHM_2_UNITS",952796,2023-11-02,860,880,20,0.0232558139534884
"HYTTHM_2_UNITS",952796,2023-11-03,860,879.9,19.9,0.0231395348837209
"HYTTHM_2_UNITS",952796,2023-11-04,885,864,-21,-0.023728813559322
"HYTTHM_2_UNITS",952796,2023-11-04,860,864,4,0.00465116279069767
"HYTTHM_2_UNITS",952796,2023-11-07,860,880,20,0.0232558139534884
"HYTTHM_2_UNITS",952796,2023-11-09,860,880,20,0.0232558139534884
"HYTTHM_2_UNITS",952796,2023-11-10,860,880,20,0.0232558139534884
"HYTTHM_2_UNITS",952796,2024-03-29,923.1,879.9,-43.2,-0.0467988300292493
"HYTTHM_2_UNITS",952796,2024-04-12,880,873.6,-6.39999999999998,-0.00727272727272725
"HYTTHM_2_UNITS",952796,2024-04-13,880,873.6,-6.39999999999998,-0.00727272727272725
"HYTTHM_2_UNITS",952796,2024-04-15,880,879.9,-0.100000000000023,-0.000113636363636389
"HYTTHM_2_UNITS",952796,2024-04-16,880,873.6,-6.39999999999998,-0.00727272727272725
"HYTTHM_2_UNITS",952796,2024-04-18,880,873.6,-6.39999999999998,-0.00727272727272725
"HYTTHM_2_UNITS",952796,2024-04-19,880,873.6,-6.39999999999998,-0.00727272727272725
"HYTTHM_2_UNITS",952796,2024-04-20,880,873.6,-6.39999999999998,-0.00727272727272725
"HYTTHM_2_UNITS",952796,2024-04-22,880,873.6,-6.39999999999998,-0.00727272727272725
"HYTTHM_2_UNITS",952796,2024-04-23,880,873.6,-6.39999999999998,-0.00727272727272725
"HYTTHM_2_UNITS",952796,2024-04-24,880,873.6,-6.39999999999998,-0.00727272727272725
"HYTTHM_2_UNITS",952796,2024-04-25,880,873.6,-6.39999999999998,-0.00727272727272725
"HYTTHM_2_UNITS",952796,2024-04-26,880,873.6,-6.39999999999998,-0.00727272727272725
"HYTTHM_2_UNITS",952796,2024-04-27,880,873.6,-6.39999999999998,-0.00727272727272725
"HYTTHM_2_UNITS",952796,2024-04-29,880,873.6,-6.39999999999998,-0.00727272727272725
"HYTTHM_2_UNITS",952796,2024-04-30,880,873.6,-6.39999999999998,-0.00727272727272725
"HYTTHM_2_UNITS",952796,2024-05-01,880,873.6,-6.39999999999998,-0.00727272727272725
"HYTTHM_2_UNITS",952796,2024-05-02,880,873.6,-6.39999999999998,-0.00727272727272725
"HYTTHM_2_UNITS",952796,2024-05-03,880,873.6,-6.39999999999998,-0.00727272727272725
"HYTTHM_2_UNITS",952796,2024-05-03,893.1,873.6,-19.5,-0.0218340611353712
"HYTTHM_2_UNITS",952796,2024-05-04,893.1,873.6,-19.5,-0.0218340611353712
"HYTTHM_2_UNITS",952796,2024-05-06,893.1,873.6,-19.5,-0.0218340611353712
"HYTTHM_2_UNITS",952796,2024-05-07,893.1,873.6,-19.5,-0.0218340611353712
"HYTTHM_2_UNITS",952796,2024-05-08,893.1,873.6,-19.5,-0.0218340611353712
"HYTTHM_2_UNITS",952796,2024-05-24,907.1,873.6,-33.5,-0.036930878624187
"HYTTHM_2_UNITS",952796,2024-05-25,907.1,873.6,-33.5,-0.036930878624187
"HYTTHM_2_UNITS",952796,2024-05-27,907.1,873.6,-33.5,-0.036930878624187
"HYTTHM_2_UNITS",952796,2024-05-28,907.1,873.6,-33.5,-0.036930878624187
"HYTTHM_2_UNITS",952796,2024-05-30,907.1,873.6,-33.5,-0.036930878624187
"HYTTHM_2_UNITS",952796,2024-06-17,905.1,873.6,-31.5,-0.0348027842227378
"HYTTHM_2_UNITS",952796,2024-06-18,905.1,873.6,-31.5,-0.0348027842227378
"INTKEP_2_UNITS",879947,2023-02-26,396,404,8,0.0202020202020202
"INTKEP_2_UNITS",879947,2023-06-28,385,404,19,0.0493506493506494
"INTKEP_2_UNITS",879947,2023-12-13,385,404,19,0.0493506493506494
"INTKEP_2_UNITS",879947,2024-08-26,400,404,4,0.01
"INTKEP_2_UNITS",879947,2024-08-28,400,404,4,0.01
"INTKEP_2_UNITS",879947,2024-08-31,400,404,4,0.01
"INTKEP_2_UNITS",879947,2024-09-01,400,404,4,0.01
"INTKEP_2_UNITS",879947,2024-09-03,404,404,0,0
"INTKEP_2_UNITS",879947,2024-09-04,404,404,0,0
"INTKEP_2_UNITS",879947,2024-12-03,400,404,4,0.01
"INTMNT_3_ANAHEIM",107681,2023-04-12,154,147.78,-6.22,-0.0403896103896104
"INTMNT_3_ANAHEIM",107681,2023-04-12,142,147.78,5.78,0.0407042253521127
"INTMNT_3_RIVERSIDE",195432,2023-01-01,135,135,0,0
"INTMNT_3_RIVERSIDE",195432,2023-01-14,135,135,0,0
"INTMNT_3_RIVERSIDE",195432,2024-01-01,67,67,0,0
"INTMNT_3_RIVERSIDE",195432,2024-01-09,67,67,0,0
"INTMNT_3_RIVERSIDE",195432,2024-01-10,67,67,0,0
"IVANPA_1_UNIT1",166139,2023-02-16,123.2,120,-3.2,-0.025974025974026
"IVANPA_1_UNIT1",166139,2024-04-18,123.2,120,-3.2,-0.025974025974026
"IVANPA_1_UNIT1",166139,2024-12-05,121,120,-1,-0.00826446280991736
"IVWEST_2_SOLAR1",117281,2024-01-31,140,139,-1,-0.00714285714285714
"IVWEST_2_SOLAR1",117281,2024-02-01,140,139,-1,-0.00714285714285714
"JOANEC_2_ST3BT3",741263,2024-04-22,32,32.5,0.5,0.015625
"JOANEC_2_ST3BT3",741263,2024-04-23,32,32.5,0.5,0.015625
"JOANEC_2_ST3BT3",741263,2024-04-24,32,32.5,0.5,0.015625
"JOANEC_2_ST3BT3",741263,2024-04-25,32,32.5,0.5,0.015625
"JOANEC_2_ST3BT3",741263,2024-04-26,32,32.5,0.5,0.015625
"JOANEC_2_STABT2",108602,2023-01-09,17.5,18.14,0.640000000000001,0.0365714285714286
"JOANEC_2_STABT2",108602,2023-01-11,17.5,18.14,0.640000000000001,0.0365714285714286
"JOANEC_2_STABT2",108602,2023-05-08,18,18,0,0
"JOANEC_2_STABT2",108602,2023-05-09,18,18,0,0
"JOANEC_2_STABT2",108602,2023-05-10,18,18,0,0
"JOANEC_2_STABT2",108602,2023-05-11,18,18,0,0
"JOANEC_2_STABT2",108602,2023-05-12,18,18,0,0
"JOANEC_2_STABT2",108602,2023-05-15,18,18,0,0
"JOANEC_2_STABT2",108602,2023-05-16,18,18,0,0
"JOANEC_2_STABT2",108602,2023-07-10,17.5,17.32,-0.18,-0.0102857142857143
"JOANEC_2_STABT2",108602,2023-08-08,18,17.16,-0.84,-0.0466666666666667
"JOANEC_2_STABT2",108602,2023-08-09,18,17.16,-0.84,-0.0466666666666667
"JOANEC_2_STABT2",108602,2023-08-10,18,17.16,-0.84,-0.0466666666666667
"JOANEC_2_STABT2",108602,2023-08-11,18,17.16,-0.84,-0.0466666666666667
"JOANEC_2_STABT2",108602,2024-02-26,18,17.8,-0.199999999999999,-0.0111111111111111
"JOANEC_2_STABT2",108602,2024-02-27,18,17.8,-0.199999999999999,-0.0111111111111111
"JOANEC_2_STABT2",108602,2024-02-28,18,17.8,-0.199999999999999,-0.0111111111111111
"JOANEC_2_STABT2",108602,2024-02-29,18,17.8,-0.199999999999999,-0.0111111111111111
"JOANEC_2_STABT2",108602,2024-03-01,18,17.71,-0.289999999999999,-0.0161111111111111
"KEARNY_6_SESBT2",779880,2024-10-16,6,5.73,-0.27,-0.0449999999999999
"KEARNY_6_SESBT2",779880,2024-10-17,6,6,0,0
"KEARNY_6_SESBT2",779880,2024-10-18,6,6.15,0.15,0.0250000000000001
"KEARNY_6_SESBT2",779880,2024-10-20,6,6.05,0.0499999999999998,0.0083333333333333
"KEARNY_6_SESBT2",779880,2024-10-22,6,5.71,-0.29,-0.0483333333333333
"KEARNY_6_SESBT2",779880,2024-10-23,6,5.75,-0.25,-0.0416666666666667
"KELSO_2_UNITS",856960,2024-11-07,137.75,138,0.25,0.00181488203266788
"KELSO_2_UNITS",856960,2024-11-08,137.75,134.32,-3.43000000000001,-0.0249001814882033
"KERNRG_1_UNITS",628632,2023-05-10,40,38,-2,-0.05
"KERNRG_1_UNITS",628632,2023-05-16,40,38,-2,-0.05
"KERNRG_1_UNITS",628632,2023-05-26,40,38,-2,-0.05
"KERNRG_1_UNITS",628632,2023-05-31,40,38,-2,-0.05
"KERNRG_1_UNITS",628632,2023-06-08,40,38,-2,-0.05
"KERNRG_1_UNITS",628632,2023-08-22,40,40.5,0.5,0.0125
"KERNRG_1_UNITS",628632,2023-09-25,40,41.79,1.79,0.04475
"KERRGN_1_UNIT 1",124287,2023-02-06,19.03,19.17,0.140000000000001,0.00735680504466635
"KERRGN_1_UNIT 1",124287,2023-03-12,19.03,19,-0.0300000000000011,-0.00157645822385713
"KERRGN_1_UNIT 1",124287,2024-10-31,18,17.1,-0.899999999999999,-0.0499999999999999
"KERRGN_1_UNIT 1",124287,2024-11-11,18,17.6,-0.399999999999999,-0.0222222222222221
"KERRGN_1_UNIT 1",124287,2024-11-20,18,18.5,0.5,0.0277777777777778
"KRAMER_1_R1PX3",105576,2023-05-25,60,60,0,0
"KRAMER_1_R1PX3",105576,2023-05-26,60,60,0,0
"KRAMER_1_R1PX3",105576,2023-05-27,60,60,0,0
"KRAMER_1_R1PX3",105576,2023-05-28,60,60,0,0
"KRAMER_1_R1PX3",105576,2023-05-29,60,60,0,0
"KRAMER_1_R1PX3",105576,2023-06-09,45,45,0,0
"LCKHT1_2_LH1SR1",858777,2023-04-01,60.8,63,2.2,0.0361842105263158
"LCKHT1_2_LH1SR1",858777,2023-04-01,62.7,63,0.299999999999997,0.00478468899521527
"LCKHT1_2_LH1SR1",858777,2023-04-01,64.6,63,-1.59999999999999,-0.0247678018575851
"LCKHT1_2_LH1SR1",858777,2023-04-01,64.98,63,-1.98,-0.0304709141274239
"LCKHT1_2_LH1SR1",858777,2023-04-02,60.8,63,2.2,0.0361842105263158
"LCKHT1_2_LH1SR1",858777,2023-04-02,62.7,63,0.299999999999997,0.00478468899521527
"LCKHT1_2_LH1SR1",858777,2023-04-02,64.6,63,-1.59999999999999,-0.0247678018575851
"LCKHT1_2_LH1SR1",858777,2023-04-02,64.98,63,-1.98,-0.0304709141274239
"LCKHT1_2_LH1SR1",858777,2023-04-03,60.8,63,2.2,0.0361842105263158
"LCKHT1_2_LH1SR1",858777,2023-04-03,62.7,63,0.299999999999997,0.00478468899521527
"LCKHT1_2_LH1SR1",858777,2023-04-03,64.6,63,-1.59999999999999,-0.0247678018575851
"LCKHT1_2_LH1SR1",858777,2023-04-03,64.98,63,-1.98,-0.0304709141274239
"LCKHT1_2_LH1SR1",858777,2023-04-04,60.8,63,2.2,0.0361842105263158
"LCKHT1_2_LH1SR1",858777,2023-04-04,62.7,63,0.299999999999997,0.00478468899521527
"LCKHT1_2_LH1SR1",858777,2023-04-04,64.6,63,-1.59999999999999,-0.0247678018575851
"LCKHT1_2_LH1SR1",858777,2023-04-04,64.98,63,-1.98,-0.0304709141274239
"LCKHT1_2_LH1SR1",858777,2023-04-05,60.8,63,2.2,0.0361842105263158
"LCKHT1_2_LH1SR1",858777,2023-04-05,62.7,63,0.299999999999997,0.00478468899521527
"LCKHT1_2_LH1SR1",858777,2023-04-05,64.6,63,-1.59999999999999,-0.0247678018575851
"LCKHT1_2_LH1SR1",858777,2023-04-05,64.98,63,-1.98,-0.0304709141274239
"LCKHT1_2_LH1SR1",858777,2023-04-06,60.8,63,2.2,0.0361842105263158
"LCKHT1_2_LH1SR1",858777,2023-04-06,62.7,63,0.299999999999997,0.00478468899521527
"LCKHT1_2_LH1SR1",858777,2023-04-06,64.6,63,-1.59999999999999,-0.0247678018575851
"LCKHT1_2_LH1SR1",858777,2023-04-06,64.98,63,-1.98,-0.0304709141274239
"LCKHT1_2_LH1SR1",858777,2023-04-07,60.8,63,2.2,0.0361842105263158
"LCKHT1_2_LH1SR1",858777,2023-04-07,62.7,63,0.299999999999997,0.00478468899521527
"LCKHT1_2_LH1SR1",858777,2023-04-07,64.6,63,-1.59999999999999,-0.0247678018575851
"LCKHT1_2_LH1SR1",858777,2023-04-07,64.98,63,-1.98,-0.0304709141274239
"LCKHT1_2_LH1SR1",858777,2023-04-10,60.8,63,2.2,0.0361842105263158
"LCKHT1_2_LH1SR1",858777,2023-04-10,62.7,63,0.299999999999997,0.00478468899521527
"LCKHT1_2_LH1SR1",858777,2023-04-10,64.6,63,-1.59999999999999,-0.0247678018575851
"LCKHT1_2_LH1SR1",858777,2023-04-10,64.98,63,-1.98,-0.0304709141274239
"LCKHT1_2_LH1SR1",858777,2023-04-11,60.8,63,2.2,0.0361842105263158
"LCKHT1_2_LH1SR1",858777,2023-04-11,62.7,63,0.299999999999997,0.00478468899521527
"LCKHT1_2_LH1SR1",858777,2023-04-11,64.6,63,-1.59999999999999,-0.0247678018575851
"LCKHT1_2_LH1SR1",858777,2023-04-11,64.98,63,-1.98,-0.0304709141274239
"LCKHT1_2_LH1SR1",858777,2023-04-12,60.8,63,2.2,0.0361842105263158
"LCKHT1_2_LH1SR1",858777,2023-04-12,62.7,63,0.299999999999997,0.00478468899521527
"LCKHT1_2_LH1SR1",858777,2023-04-12,64.6,63,-1.59999999999999,-0.0247678018575851
"LCKHT1_2_LH1SR1",858777,2023-04-12,64.98,63,-1.98,-0.0304709141274239
"LCKHT1_2_LH1SR1",858777,2023-04-13,60.8,63,2.2,0.0361842105263158
"LCKHT1_2_LH1SR1",858777,2023-04-13,62.7,63,0.299999999999997,0.00478468899521527
"LCKHT1_2_LH1SR1",858777,2023-04-13,64.6,63,-1.59999999999999,-0.0247678018575851
"LCKHT1_2_LH1SR1",858777,2023-04-13,64.98,63,-1.98,-0.0304709141274239
"LCKHT1_2_LH1SR1",858777,2023-04-14,60.8,63,2.2,0.0361842105263158
"LCKHT1_2_LH1SR1",858777,2023-04-14,62.7,63,0.299999999999997,0.00478468899521527
"LCKHT1_2_LH1SR1",858777,2023-04-14,64.6,63,-1.59999999999999,-0.0247678018575851
"LCKHT1_2_LH1SR1",858777,2023-04-14,64.98,63,-1.98,-0.0304709141274239
"LCKHT1_2_LH1SR1",858777,2023-04-15,60.8,63,2.2,0.0361842105263158
"LCKHT1_2_LH1SR1",858777,2023-04-15,62.7,63,0.299999999999997,0.00478468899521527
"LCKHT1_2_LH1SR1",858777,2023-04-15,64.6,63,-1.59999999999999,-0.0247678018575851
"LCKHT1_2_LH1SR1",858777,2023-04-15,64.98,63,-1.98,-0.0304709141274239
"LCKHT1_2_LH1SR1",858777,2023-04-16,60.8,63,2.2,0.0361842105263158
"LCKHT1_2_LH1SR1",858777,2023-04-16,62.7,63,0.299999999999997,0.00478468899521527
"LCKHT1_2_LH1SR1",858777,2023-04-16,64.6,63,-1.59999999999999,-0.0247678018575851
"LCKHT1_2_LH1SR1",858777,2023-04-16,64.98,63,-1.98,-0.0304709141274239
"LCKHT1_2_LH1SR1",858777,2023-04-17,61.2,63,1.8,0.0294117647058823
"LCKHT1_2_LH1SR1",858777,2023-04-17,61.56,63,1.44,0.023391812865497
"LCKHT1_2_LH1SR1",858777,2023-04-18,61.2,63,1.8,0.0294117647058823
"LCKHT1_2_LH1SR1",858777,2023-04-18,61.56,63,1.44,0.023391812865497
"LCKHT1_2_LH1SR1",858777,2023-04-19,61.2,63,1.8,0.0294117647058823
"LCKHT1_2_LH1SR1",858777,2023-04-19,61.56,63,1.44,0.023391812865497
"LCKHT1_2_LH1SR1",858777,2023-04-20,61.2,63,1.8,0.0294117647058823
"LCKHT1_2_LH1SR1",858777,2023-04-20,61.56,63,1.44,0.023391812865497
"LCKHT1_2_LH1SR1",858777,2023-04-21,61.2,63,1.8,0.0294117647058823
"LCKHT1_2_LH1SR1",858777,2023-04-21,61.56,63,1.44,0.023391812865497
"LCKHT1_2_LH1SR1",858777,2023-04-22,61.2,63,1.8,0.0294117647058823
"LCKHT1_2_LH1SR1",858777,2023-04-22,61.56,63,1.44,0.023391812865497
"LCKHT1_2_LH1SR1",858777,2023-04-23,61.2,63,1.8,0.0294117647058823
"LCKHT1_2_LH1SR1",858777,2023-04-23,61.56,63,1.44,0.023391812865497
"LCKHT1_2_LH1SR1",858777,2023-05-31,65,63,-2,-0.0307692307692308
"LECEF_1_UNITS",475261,2023-11-10,70,70,2.8421709430404e-14,4.06024420434343e-16
"LECEF_1_UNITS",475261,2024-03-12,144,137.5,-6.49999999999997,-0.0451388888888887
"LECEF_1_UNITS",475261,2024-03-14,220,224.4,4.40000000000003,0.0200000000000002
"LECEF_1_UNITS",475261,2024-03-15,220,229.1,9.10000000000002,0.0413636363636365
"LMBEPK_2_UNITA3",116743,2023-05-17,47.4,47.3,-0.100000000000001,-0.00210970464135024
"LMBEPK_2_UNITA3",116743,2024-06-18,47.4,47.3,-0.100000000000001,-0.00210970464135024
"LODI25_6_ERKNG1",148758,2024-04-17,30.57,30.14,-0.43,-0.0140660778541053
"LODI25_6_ERKNG1",148758,2024-04-19,30.57,30.23,-0.34,-0.0111220150474321
"MCFLND_5_MFSSR1",135142,2023-08-23,180,187.4,7.40000000000001,0.0411111111111111
"MCFLND_5_MFSSR1",135142,2023-08-23,190,187.4,-2.59999999999999,-0.0136842105263158
"MIRLOM_2_MLBBTB",491560,2023-01-23,8,7.83,-0.17,-0.02125
"MIRLOM_2_MLBBTB",491560,2023-01-24,8,8.03,0.0299999999999994,0.00374999999999992
"MIRLOM_2_MLBBTB",491560,2023-01-25,8,8.06,0.0600000000000005,0.00750000000000006
"MIRLOM_2_MLBBTB",491560,2023-01-26,8,7.92,-0.0800000000000001,-0.01
"MIRLOM_2_MLBBTB",491560,2023-01-27,8,7.97,-0.0300000000000002,-0.00375000000000003
"MIRLOM_2_MLBBTB",491560,2023-01-31,8,7.75,-0.25,-0.03125
"MIRLOM_2_MLBBTB",491560,2023-02-01,8,7.97,-0.0300000000000002,-0.00375000000000003
"MIRLOM_2_MLBBTB",491560,2023-02-06,8,8.11,0.109999999999999,0.0137499999999999
"MIRLOM_2_MLBBTB",491560,2023-02-07,8,8.19,0.19,0.0237499999999999
"MIRLOM_2_MLBBTB",491560,2023-02-08,8,8.1,0.0999999999999996,0.0125
"MIRLOM_2_MLBBTB",491560,2023-02-09,8,8.24,0.24,0.03
"MIRLOM_2_MLBBTB",491560,2023-02-10,8,8.08,0.0800000000000001,0.01
"MIRLOM_2_MLBBTB",491560,2023-02-13,8,7.8,-0.2,-0.025
"MIRLOM_2_MLBBTB",491560,2023-02-16,8,8,0,0
"MIRLOM_2_MLBBTB",491560,2023-02-20,8,7.61,-0.39,-0.04875
"MONTPH_7_UNITS",184635,2024-03-13,6.8,7,0.2,0.0294117647058824
"MONTPH_7_UNITS",184635,2024-03-15,6.8,7,0.2,0.0294117647058824
"MOORPK_2_CALABS",211201,2023-02-20,2.4,2.38,-0.0200000000000005,-0.00833333333333352
"MOORPK_2_CALABS",211201,2023-02-21,2.4,2.42,0.0199999999999996,0.00833333333333315
"MOORPK_2_CALABS",211201,2023-02-23,2.4,2.52,0.12,0.0499999999999999
"MRGT_6_TGEBT1",285521,2023-06-12,27.5,27,-0.5,-0.0181818181818182
"MRGT_6_TGEBT1",285521,2023-06-13,27.5,27,-0.5,-0.0181818181818182
"MRGT_6_TGEBT1",285521,2023-06-14,27.5,27,-0.5,-0.0181818181818182
"MRGT_6_TGEBT1",285521,2023-06-16,27.5,27,-0.5,-0.0181818181818182
"MRGT_6_TGEBT1",285521,2023-09-13,27,27,0,0
"MRGT_6_TGEBT1",285521,2024-05-03,27.5,27,-0.5,-0.0181818181818182
"MSOLAR_2_SOLAR1",961257,2023-07-01,154.5,154.5,0,0
"MSOLAR_2_SOLAR1",961257,2023-09-27,154.5,150.5,-4,-0.0258899676375405
"MSTANG_2_SOLAR",984603,2024-02-23,23,22.85,-0.149999999999999,-0.00652173913043472
"MSTANG_2_SOLAR",984603,2024-07-01,29.8,28.99,-0.810000000000002,-0.0271812080536914
"MSTANG_2_SOLAR3",974145,2024-02-23,20,20.71,0.710000000000001,0.0355
"MSTANG_2_SOLAR3",974145,2024-03-28,20,19.79,-0.210000000000001,-0.0105
"MSTANG_2_SOLAR4",654478,2023-07-10,8.5,8.5,0,0
"MSTANG_2_SOLAR4",654478,2023-07-11,8.5,8.58,0.0800000000000001,0.00941176470588236
"MTWIND_1_MVPWD1",131675,2023-03-13,53.17,54.5,1.33000000000001,0.0250141056987024
"MTWIND_1_MVPWD1",131675,2023-03-16,53.17,54.5,1.33000000000001,0.0250141056987024
"MTWIND_1_MVPWD1",131675,2023-03-20,53.17,54.5,1.33000000000001,0.0250141056987024
"MTWIND_1_MVPWD1",131675,2023-03-21,53.17,54.5,1.33000000000001,0.0250141056987024
"MTWIND_1_MVPWD1",131675,2023-03-22,53.17,54.5,1.33000000000001,0.0250141056987024
"MTWIND_1_MVPWD1",131675,2023-03-23,53.17,54.5,1.33000000000001,0.0250141056987024
"MTWIND_1_MVPWD1",131675,2023-03-24,53.17,54.5,1.33000000000001,0.0250141056987024
"MTWIND_1_MVPWD1",131675,2023-03-25,53.17,54.5,1.33000000000001,0.0250141056987024
"MTWIND_1_MVPWD1",131675,2023-03-26,53.17,54.5,1.33000000000001,0.0250141056987024
"MTWIND_1_MVPWD1",131675,2023-04-05,56.64,54.5,-2.13999999999999,-0.0377824858757061
"MTWIND_1_MVPWD1",131675,2023-05-23,53.88,54,0.120000000000005,0.00222717149220498
"MTWIND_1_MVPWD1",131675,2023-05-25,53.88,54,0.120000000000005,0.00222717149220498
"MTWIND_1_MVPWD1",131675,2023-10-14,56.16,58.5,2.34,0.0416666666666667
"MTWIND_1_MVPWD1",131675,2023-10-16,56.16,58.5,2.34,0.0416666666666667
"MTWIND_1_UNIT 3",165858,2023-03-16,17.92,17.98,0.0599999999999987,0.00334821428571421
"MTWIND_1_UNIT 3",165858,2023-03-22,17.92,17.79,-0.130000000000003,-0.00725446428571443
"MTWIND_1_UNIT 3",165858,2023-03-23,17.92,17.07,-0.850000000000001,-0.0474330357142858
"MTWIND_1_UNIT 3",165858,2023-03-26,17.92,17.89,-0.0300000000000011,-0.00167410714285721
"NGILAA_5_SDGDYN",174744,2023-03-17,55,55,0,0
"NGILAA_5_SDGDYN",174744,2023-03-17,55,55,0,0
"NGILAA_5_SDGDYN",174744,2023-03-18,55,55,0,0
"NGILAA_5_SDGDYN",174744,2023-03-18,55,55,0,0
"OBERON_5_O2SSR5",118485,2023-06-20,88.7,84.42,-4.28,-0.0482525366403608
"OBERON_5_O2SSR5",118485,2023-07-01,100,104.65,4.65000000000001,0.0465000000000001
"OBERON_5_O2SSR5",118485,2023-07-02,100,101.02,1.02,0.0102
"OBERON_5_O2SSR5",118485,2023-07-03,100,101.81,1.81,0.0181
"OBERON_5_O2SSR5",118485,2023-07-04,92,96.11,4.11,0.0446739130434783
"OBERON_5_O2SSR5",118485,2023-07-04,100,96.11,-3.89,-0.0389
"OBERON_5_O2SSR5",118485,2023-07-06,96,98.08,2.08,0.0216666666666667
"OBERON_5_O2SSR5",118485,2023-07-07,96,99.12,3.12,0.0325
"OBERON_5_O2SSR5",118485,2023-07-08,104,103.51,-0.489999999999995,-0.00471153846153841
"OBERON_5_O2SSR5",118485,2023-07-09,96,100.07,4.06999999999999,0.0423958333333333
"OBERON_5_O2SSR5",118485,2023-07-09,104,100.07,-3.93000000000001,-0.0377884615384616
"OBERON_5_O2SSR5",118485,2023-07-10,96,93.68,-2.31999999999999,-0.0241666666666666
"OBERON_5_O2SSR5",118485,2023-07-14,96,98.31,2.31,0.0240625
"OBERON_5_O2SSR5",118485,2023-07-17,96,94.89,-1.11,-0.0115625
"OBERON_5_O2SSR5",118485,2023-07-18,96,95.8,-0.200000000000003,-0.00208333333333336
"OBERON_5_O2SSR5",118485,2023-07-19,96,96.94,0.939999999999998,0.00979166666666664
"OBERON_5_O2SSR5",118485,2023-07-21,104,103.2,-0.799999999999997,-0.00769230769230766
"OBERON_5_O2SSR5",118485,2023-07-31,95.96,98.77,2.80999999999999,0.0292830345977489
"OBERON_5_O2SSR5",118485,2023-08-01,95.96,98.36,2.39999999999999,0.0250104210087536
"OCOTLO_6_OCWSB1",729047,2024-06-05,33,34,1,0.0303030303030303
"OCOTLO_6_OCWSB1",729047,2024-06-06,33,34,1,0.0303030303030303
"OCOTLO_6_OCWSB1",729047,2024-06-07,33,34,1,0.0303030303030303
"OCOTLO_6_OCWSB1",729047,2024-06-08,33,34,1,0.0303030303030303
"OCOTLO_6_OCWSB1",729047,2024-06-09,33,34,1,0.0303030303030303
"OCOTLO_6_OCWSB1",729047,2024-06-10,33,34,1,0.0303030303030303
"OCOTLO_6_OCWSB1",729047,2024-06-11,33,34,1,0.0303030303030303
"OCOTLO_6_OCWSB1",729047,2024-06-12,33,34,1,0.0303030303030303
"OCOTLO_6_OCWSB1",729047,2024-06-13,33,34,1,0.0303030303030303
"OCOTLO_6_OCWSB1",729047,2024-06-14,33,34,1,0.0303030303030303
"OCOTLO_6_OCWSB1",729047,2024-06-15,33,34,1,0.0303030303030303
"OCOTLO_6_OCWSB1",729047,2024-06-16,33,34,1,0.0303030303030303
"OCOTLO_6_OCWSB1",729047,2024-06-17,33,34,1,0.0303030303030303
"OCOTLO_6_OCWSB1",729047,2024-06-18,33,34,1,0.0303030303030303
"OCOTLO_6_OCWSB1",729047,2024-06-19,33,34,1,0.0303030303030303
"OCOTLO_6_OCWSB1",729047,2024-06-20,33,34,1,0.0303030303030303
"OCOTLO_6_OCWSB1",729047,2024-06-21,33,34,1,0.0303030303030303
"OCOTLO_6_OCWSB1",729047,2024-06-22,33,34,1,0.0303030303030303
"OCOTLO_6_OCWSB1",729047,2024-06-23,33,34,1,0.0303030303030303
"OCOTLO_6_OCWSB1",729047,2024-06-24,33,34,1,0.0303030303030303
"OCOTLO_6_OCWSB1",729047,2024-06-25,33,34,1,0.0303030303030303
"OCOTLO_6_OCWSB1",729047,2024-06-26,33,34,1,0.0303030303030303
"OCOTLO_6_OCWSB1",729047,2024-06-27,33,34,1,0.0303030303030303
"OCOTLO_6_OCWSB1",729047,2024-06-28,33,34,1,0.0303030303030303
"OCOTLO_6_OCWSB1",729047,2024-06-29,33,34,1,0.0303030303030303
"OCOTLO_6_OCWSB1",729047,2024-07-01,33,34,1,0.0303030303030303
"OCOTLO_6_OCWSB1",729047,2024-07-02,33,34,1,0.0303030303030303
"OCOTLO_6_OCWSB1",729047,2024-07-03,33,34,1,0.0303030303030303
"OCOTLO_6_OCWSB1",729047,2024-07-04,33,34,1,0.0303030303030303
"OCOTLO_6_OCWSB1",729047,2024-07-05,33,34,1,0.0303030303030303
"OCOTLO_6_OCWSB1",729047,2024-07-06,33,34,1,0.0303030303030303
"OCOTLO_6_OCWSB1",729047,2024-07-07,33,34,1,0.0303030303030303
"OCOTLO_6_OCWSB1",729047,2024-07-08,33,34,1,0.0303030303030303
"OCOTLO_6_OCWSB1",729047,2024-07-09,33,34,1,0.0303030303030303
"OCOTLO_6_OCWSB1",729047,2024-07-10,33,34,1,0.0303030303030303
"OCOTLO_6_OCWSB1",729047,2024-07-11,33,34,1,0.0303030303030303
"OCOTLO_6_OCWSB1",729047,2024-07-12,33,34,1,0.0303030303030303
"OCOTLO_6_OCWSB1",729047,2024-07-13,33,34,1,0.0303030303030303
"OCOTLO_6_OCWSB1",729047,2024-07-14,33,34,1,0.0303030303030303
"OCOTLO_6_OCWSB1",729047,2024-07-15,33,34,1,0.0303030303030303
"OCOTLO_6_OCWSB1",729047,2024-07-16,33,34,1,0.0303030303030303
"OCOTLO_6_OCWSB1",729047,2024-07-17,33,34,1,0.0303030303030303
"OCOTLO_6_OCWSB1",729047,2024-07-18,33,34,1,0.0303030303030303
"OCOTLO_6_OCWSB1",729047,2024-07-19,33,34,1,0.0303030303030303
"OCOTLO_6_OCWSB1",729047,2024-07-20,33,34,1,0.0303030303030303
"OCOTLO_6_OCWSB1",729047,2024-08-01,33,34,1,0.0303030303030303
"OCOTLO_6_OCWSB1",729047,2024-08-02,33,34,1,0.0303030303030303
"OCOTLO_6_OCWSB1",729047,2024-08-03,33,34,1,0.0303030303030303
"OCOTLO_6_OCWSB1",729047,2024-08-04,33,34,1,0.0303030303030303
"OCOTLO_6_OCWSB1",729047,2024-08-05,33,34,1,0.0303030303030303
"OCOTLO_6_OCWSB1",729047,2024-08-06,33,34,1,0.0303030303030303
"OCOTLO_6_OCWSB1",729047,2024-08-07,33,34,1,0.0303030303030303
"OCOTLO_6_OCWSB1",729047,2024-08-08,33,34,1,0.0303030303030303
"OCOTLO_6_OCWSB1",729047,2024-08-09,33,34,1,0.0303030303030303
"OCOTLO_6_OCWSB1",729047,2024-08-10,33,34,1,0.0303030303030303
"OCOTLO_6_OCWSB1",729047,2024-08-11,33,34,1,0.0303030303030303
"OCOTLO_6_OCWSB1",729047,2024-08-12,33,34,1,0.0303030303030303
"OCOTLO_6_OCWSB1",729047,2024-08-13,33,34,1,0.0303030303030303
"OCOTLO_6_OCWSB1",729047,2024-08-14,33,34,1,0.0303030303030303
"OCOTLO_6_OCWSB1",729047,2024-08-15,33,34,1,0.0303030303030303
"OCOTLO_6_OCWSB1",729047,2024-08-16,33,34,1,0.0303030303030303
"OCOTLO_6_OCWSB1",729047,2024-08-17,33,34,1,0.0303030303030303
"OCOTLO_6_OCWSB1",729047,2024-08-18,33,34,1,0.0303030303030303
"OCOTLO_6_OCWSB1",729047,2024-08-19,33,34,1,0.0303030303030303
"OCOTLO_6_OCWSB1",729047,2024-08-20,33,34,1,0.0303030303030303
"OCOTLO_6_OCWSB1",729047,2024-08-21,33,34,1,0.0303030303030303
"OCOTLO_6_OCWSB1",729047,2024-08-22,33,34,1,0.0303030303030303
"OCOTLO_6_OCWSB1",729047,2024-08-23,33,34,1,0.0303030303030303
"OCOTLO_6_OCWSB1",729047,2024-08-24,33,34,1,0.0303030303030303
"OCOTLO_6_OCWSB1",729047,2024-08-25,33,34,1,0.0303030303030303
"OCOTLO_6_OCWSB1",729047,2024-08-26,33,34,1,0.0303030303030303
"OCOTLO_6_OCWSB1",729047,2024-08-27,33,34,1,0.0303030303030303
"OCOTLO_6_OCWSB1",729047,2024-08-28,33,34,1,0.0303030303030303
"OCOTLO_6_OCWSB1",729047,2024-08-29,33,34,1,0.0303030303030303
"OCOTLO_6_OCWSB1",729047,2024-08-30,33,34,1,0.0303030303030303
"OCOTLO_6_OCWSB1",729047,2024-08-31,33,34,1,0.0303030303030303
"OCOTLO_6_OCWSB1",729047,2024-09-01,33,34,1,0.0303030303030303
"OCOTLO_6_OCWSB1",729047,2024-09-02,33,34,1,0.0303030303030303
"OCOTLO_6_OCWSB1",729047,2024-09-03,33,34,1,0.0303030303030303
"OCOTLO_6_OCWSB1",729047,2024-09-04,33,34,1,0.0303030303030303
"OCOTLO_6_OCWSB1",729047,2024-09-05,33,34,1,0.0303030303030303
"OCOTLO_6_OCWSB1",729047,2024-09-06,33,34,1,0.0303030303030303
"OCOTLO_6_OCWSB1",729047,2024-09-07,33,34,1,0.0303030303030303
"OCOTLO_6_OCWSB1",729047,2024-09-08,33,34,1,0.0303030303030303
"OCOTLO_6_OCWSB1",729047,2024-09-09,33,34,1,0.0303030303030303
"OCOTLO_6_OCWSB1",729047,2024-09-10,33,34,1,0.0303030303030303
"OCOTLO_6_OCWSB1",729047,2024-09-11,33,34,1,0.0303030303030303
"OCOTLO_6_OCWSB1",729047,2024-09-12,33,34,1,0.0303030303030303
"OCOTLO_6_OCWSB1",729047,2024-09-13,33,34,1,0.0303030303030303
"OCOTLO_6_OCWSB1",729047,2024-09-14,33,34,1,0.0303030303030303
"OCOTLO_6_OCWSB1",729047,2024-09-15,33,34,1,0.0303030303030303
"OCOTLO_6_OCWSB1",729047,2024-09-16,33,34,1,0.0303030303030303
"OCOTLO_6_OCWSB1",729047,2024-09-17,33,34,1,0.0303030303030303
"OCOTLO_6_OCWSB1",729047,2024-09-18,33,34,1,0.0303030303030303
"OCOTLO_6_OCWSB1",729047,2024-09-19,33,34,1,0.0303030303030303
"OCOTLO_6_OCWSB1",729047,2024-09-20,33,34,1,0.0303030303030303
"OCOTLO_6_OCWSB1",729047,2024-09-21,33,34,1,0.0303030303030303
"OCOTLO_6_OCWSB1",729047,2024-09-22,33,34,1,0.0303030303030303
"OCOTLO_6_OCWSB1",729047,2024-09-23,33,34,1,0.0303030303030303
"OCOTLO_6_OCWSB1",729047,2024-09-24,33,34,1,0.0303030303030303
"OCOTLO_6_OCWSB1",729047,2024-09-25,33,34,1,0.0303030303030303
"OCOTLO_6_OCWSB1",729047,2024-09-26,33,34,1,0.0303030303030303
"OCOTLO_6_OCWSB1",729047,2024-09-27,33,34,1,0.0303030303030303
"OCOTLO_6_OCWSB1",729047,2024-09-28,33,34,1,0.0303030303030303
"OCOTLO_6_OCWSB1",729047,2024-09-29,33,34,1,0.0303030303030303
"OCOTLO_6_OCWSB1",729047,2024-09-30,33,34,1,0.0303030303030303
"OCOTLO_6_OCWSB1",729047,2024-11-08,33,34,1,0.0303030303030303
"OCOTLO_6_OCWSB1",729047,2024-11-09,33,34,1,0.0303030303030303
"OCOTLO_6_OCWSB1",729047,2024-11-10,33,34,1,0.0303030303030303
"OCOTLO_6_OCWSB1",729047,2024-11-11,33,34,1,0.0303030303030303
"OCOTLO_6_OCWSB1",729047,2024-11-12,33,34,1,0.0303030303030303
"OCOTLO_6_OCWSB1",729047,2024-11-13,33,34,1,0.0303030303030303
"OCOTLO_6_OCWSB1",729047,2024-11-14,33,34,1,0.0303030303030303
"OCOTLO_6_OCWSB1",729047,2024-11-15,33,34,1,0.0303030303030303
"OCOTLO_6_OCWSB1",729047,2024-11-16,33,34,1,0.0303030303030303
"OCOTLO_6_OCWSB1",729047,2024-11-17,33,34,1,0.0303030303030303
"OCOTLO_6_OCWSB1",729047,2024-11-18,33,34,1,0.0303030303030303
"OCOTLO_6_OCWSB1",729047,2024-11-19,33,34,1,0.0303030303030303
"OCOTLO_6_OCWSB1",729047,2024-11-20,33,34,1,0.0303030303030303
"OCOTLO_6_OCWSB1",729047,2024-11-21,33,34,1,0.0303030303030303
"OCOTLO_6_OCWSB1",729047,2024-11-22,33,34,1,0.0303030303030303
"OCOTLO_6_OCWSB1",729047,2024-11-23,33,34,1,0.0303030303030303
"OCOTLO_6_OCWSB1",729047,2024-11-24,33,34,1,0.0303030303030303
"OCOTLO_6_OCWSB1",729047,2024-11-25,33,34,1,0.0303030303030303
"OCOTLO_6_OCWSB1",729047,2024-11-26,33,34,1,0.0303030303030303
"OCOTLO_6_OCWSB1",729047,2024-11-27,33,34,1,0.0303030303030303
"OCOTLO_6_OCWSB1",729047,2024-11-28,33,34,1,0.0303030303030303
"OCOTLO_6_OCWSB1",729047,2024-11-29,33,34,1,0.0303030303030303
"OCOTLO_6_OCWSB1",729047,2024-11-30,33,34,1,0.0303030303030303
"OCTILO_5_WIND",124064,2024-01-15,262.82,264,1.18000000000001,0.0044897648580778
"OCTILO_5_WIND",124064,2024-01-16,262.82,264,1.18000000000001,0.0044897648580778
"OCTILO_5_WIND",124064,2024-01-23,258.08,258,-0.0799999999999841,-0.000309981401115871
"OCTILO_5_WIND",124064,2024-01-24,262.82,255,-7.81999999999999,-0.0297542043984476
"OCTILO_5_WIND",124064,2024-01-25,262.82,258,-4.81999999999999,-0.0183395479796058
"OGROVE_6_PL1X2",139204,2024-10-21,47,48.09,1.09,0.0231914893617022
"OGROVE_6_PL1X2",139204,2024-10-30,47,47.01,0.00999999999999801,0.000212765957446766
"OMAR_2_UNIT 4",962064,2024-06-20,73,73,0,0
"OMAR_2_UNIT 4",962064,2024-12-13,72,72,0,0
"OMAR_2_UNIT 4",962064,2024-12-16,72,72,0,0
"OTMESA_2_PL1X3",304325,2023-06-29,588,585,-3,-0.00510204081632653
"OTMESA_2_PL1X3",304325,2023-06-29,586,585,-1,-0.00170648464163823
"OTMESA_2_PL1X3",304325,2023-06-29,584,585,1,0.00171232876712329
"OTMESA_2_PL1X3",304325,2023-06-29,582,585,3,0.00515463917525773
"OTMESA_2_PL1X3",304325,2023-06-29,581,585,4,0.00688468158347676
"OTMESA_2_PL1X3",304325,2023-06-29,580,585,5,0.00862068965517241
"OXMTN_6_LNDFIL",153153,2024-04-17,9.5,9.2,-0.300000000000001,-0.0315789473684211
"OXMTN_6_LNDFIL",153153,2024-05-08,9,9.17,0.17,0.0188888888888889
"PACLUM_6_UNIT",198465,2023-06-15,22,22,0,0
"PACLUM_6_UNIT",198465,2023-06-16,22,23,1,0.0454545454545455
"PACLUM_6_UNIT",198465,2024-01-23,22,23,1,0.0454545454545455
"PACLUM_6_UNIT",198465,2024-01-24,22,23,1,0.0454545454545455
"PACLUM_6_UNIT",198465,2024-02-14,22,23,1,0.0454545454545455
"PACLUM_6_UNIT",198465,2024-02-16,22,23,1,0.0454545454545455
"PACLUM_6_UNIT",198465,2024-02-20,22,23,1,0.0454545454545455
"PACLUM_6_UNIT",198465,2024-02-22,22,23,1,0.0454545454545455
"PACLUM_6_UNIT",198465,2024-04-02,22,23,1,0.0454545454545455
"PALA_6_PGCBT1",385155,2023-09-28,5,5,0,0
"PALA_6_PGCBT1",385155,2023-09-29,5,5,0,0
"PALA_6_PGCBT1",385155,2024-10-21,5.4,5.5,0.0999999999999996,0.0185185185185185
"PALA_6_PGCBT1",385155,2024-10-22,5.4,5.5,0.0999999999999996,0.0185185185185185
"PALA_6_PGCBT1",385155,2024-10-23,5.4,5.5,0.0999999999999996,0.0185185185185185
"PALA_6_PGCBT1",385155,2024-10-24,5.4,5.5,0.0999999999999996,0.0185185185185185
"PALA_6_PGCBT1",385155,2024-10-25,5.4,5.5,0.0999999999999996,0.0185185185185185
"PALA_6_PGCBT1",385155,2024-10-31,5.6,5.5,-0.0999999999999996,-0.0178571428571428
"PALOMR_2_PL1X3",844371,2023-01-25,540.21,551.7,11.49,0.0212695063031044
"PALOMR_2_PL1X3",844371,2023-09-05,530,551.7,21.7,0.0409433962264152
"PALOMR_2_PL1X3",844371,2023-09-05,540,551.7,11.7,0.0216666666666668
"PALOMR_2_PL1X3",844371,2023-09-06,530,551.7,21.7,0.0409433962264152
"PALOMR_2_PL1X3",844371,2023-09-07,530,551.7,21.7,0.0409433962264152
"PALOMR_2_PL1X3",844371,2023-09-08,530,551.7,21.7,0.0409433962264152
"PALOMR_2_PL1X3",844371,2024-03-13,540.21,551.7,11.49,0.0212695063031044
"PALOMR_2_PL1X3",844371,2024-06-26,540.21,551.7,11.49,0.0212695063031044
"PARDEB_6_UNITS",183275,2023-05-09,20,19.9,-0.100000000000001,-0.00500000000000007
"PARDEB_6_UNITS",183275,2024-02-09,20.3,19.7,-0.600000000000001,-0.0295566502463055
"PARDEB_6_UNITS",183275,2024-07-18,20,19.6,-0.399999999999999,-0.0199999999999999
"PARDEB_6_UNITS",183275,2024-07-19,20,19.6,-0.399999999999999,-0.0199999999999999
"PARDEB_6_UNITS",183275,2024-07-20,20,19.6,-0.399999999999999,-0.0199999999999999
"PARDSE_6_PESBT1",347450,2024-09-27,9.7,9.45,-0.25,-0.0257731958762887
"PARDSE_6_PESBT1",347450,2024-10-28,7,7.3,0.3,0.0428571428571428
"PARDSE_6_PESBT1",347450,2024-10-29,7,7.3,0.3,0.0428571428571428
"PARDSE_6_PESBT1",347450,2024-10-30,7,7.3,0.3,0.0428571428571428
"PARDSE_6_PESBT1",347450,2024-10-31,7,7.3,0.3,0.0428571428571428
"PINFLT_7_UNITS",122732,2024-01-05,135,134.77,-0.22999999999999,-0.00170370370370363
"PINFLT_7_UNITS",122732,2024-01-16,135,129.47,-5.53,-0.040962962962963
"PIT1_7_UNIT 1",687240,2023-11-02,21.1,21,-0.100000000000001,-0.00473933649289106
"PIT1_7_UNIT 1",687240,2023-11-02,21,21,0,0
"PIT1_7_UNIT 1",687240,2024-04-01,19,19,0,0
"PIT1_7_UNIT 1",687240,2024-04-01,20,19,-1,-0.05
"PIT1_7_UNIT 1",687240,2024-04-03,19,19,0,0
"PIT1_7_UNIT 1",687240,2024-04-04,19,19,0,0
"PIT1_7_UNIT 1",687240,2024-04-14,19,19,0,0
"PIT1_7_UNIT 2",823532,2024-04-01,19,19,0,0
"PIT1_7_UNIT 2",823532,2024-04-01,20,19,-1,-0.05
"PIT1_7_UNIT 2",823532,2024-04-03,19,19,0,0
"PIT1_7_UNIT 2",823532,2024-04-04,19,19,0,0
"PIT1_7_UNIT 2",823532,2024-04-14,19,19,0,0
"PIT3_7_PL1X3",428176,2023-03-07,46.6,46,-0.599999999999994,-0.0128755364806866
"PIT3_7_PL1X3",428176,2023-11-29,46,44,-1.99999999999999,-0.0434782608695651
"PIT3_7_PL1X3",428176,2023-12-04,46,46,7.105427357601e-15,1.54465812121761e-16
"PIT3_7_PL1X3",428176,2023-12-05,46,46,7.105427357601e-15,1.54465812121761e-16
"PIT3_7_PL1X3",428176,2023-12-07,46,46,7.105427357601e-15,1.54465812121761e-16
"PIT3_7_PL1X3",428176,2023-12-11,46,46,7.105427357601e-15,1.54465812121761e-16
"PIT3_7_PL1X3",428176,2023-12-16,46,46,7.105427357601e-15,1.54465812121761e-16
"PIT3_7_PL1X3",428176,2024-10-21,46.6,46,-0.599999999999994,-0.0128755364806866
"PIT3_7_PL1X3",428176,2024-11-18,46,44,-1.99999999999999,-0.0434782608695651
"PIT3_7_PL1X3",428176,2024-11-21,46,44,-1.99999999999999,-0.0434782608695651
"PIT3_7_PL1X3",428176,2024-11-22,46,44,-1.99999999999999,-0.0434782608695651
"PIT3_7_PL1X3",428176,2024-11-23,48,48,7.105427357601e-15,1.48029736616688e-16
"PIT3_7_PL1X3",428176,2024-11-25,46,46,7.105427357601e-15,1.54465812121761e-16
"PIT3_7_PL1X3",428176,2024-11-26,48,46,-1.99999999999999,-0.0416666666666665
"PIT3_7_PL1X3",428176,2024-12-03,48,46,-1.99999999999999,-0.0416666666666665
"PIT3_7_PL1X3",428176,2024-12-12,44.6,46,1.40000000000001,0.0313901345291481
"PIT4_7_PL1X2",131041,2024-01-08,48,46.5,-1.5,-0.03125
"PIT4_7_PL1X2",131041,2024-01-08,47,46.5,-0.5,-0.0106382978723404
"PIT4_7_PL1X2",131041,2024-01-23,40,40.8,0.799999999999997,0.0199999999999999
"PIT4_7_PL1X2",131041,2024-02-04,40,40.8,0.799999999999997,0.0199999999999999
"PIT5_7_PL1X2",130239,2023-08-05,5,5,0,0
"PIT5_7_PL1X2",130239,2023-08-06,5,5,0,0
"PIT5_7_PL1X2",130239,2023-10-23,41,40,-1,-0.024390243902439
"PIT5_7_PL1X2",130239,2023-10-24,41,40,-1,-0.024390243902439
"PIT5_7_PL1X2",130239,2024-03-13,81,82,1,0.0123456790123457
"PIT5_7_PL1X2",130239,2024-10-06,41,41,0,0
"PIT5_7_PL1X2",130239,2024-10-08,41,41,0,0
"PIT5_7_PL3X4",142584,2023-07-29,41,41,0,0
"PIT5_7_PL3X4",142584,2023-08-06,48,48,0,0
"PIT5_7_PL3X4",142584,2023-09-09,58,58,0,0
"PIT5_7_PL3X4",142584,2023-09-10,58,58,0,0
"PIT5_7_PL3X4",142584,2023-10-26,41,43,2,0.048780487804878
"PIT5_7_PL3X4",142584,2024-05-28,81,77,-4,-0.0493827160493827
"PIT5_7_PL3X4",142584,2024-05-30,40,40,0,0
"PIT5_7_PL3X4",142584,2024-08-19,41,40,-1,-0.024390243902439
"PIT5_7_PL3X4",142584,2024-08-20,41,41,0,0
"PIT5_7_PL3X4",142584,2024-10-10,41,41,0,0
"PIT6_7_UNIT 2",988619,2024-06-21,3.08,3.07,-0.00999999999999845,-0.00324675324675275
"PIT6_7_UNIT 2",988619,2024-11-04,1.61,1.58,-0.0299999999999994,-0.0186335403726704
"PIT7_7_UNIT 2",806870,2024-06-21,2.02,2,-0.0200000000000031,-0.00990099009901143
"PIT7_7_UNIT 2",806870,2024-06-21,2.1,2,-0.100000000000001,-0.0476190476190483
"RCKCRK_7_UNIT 1",123566,2023-08-12,51.47,51.91,0.439999999999998,0.00854866912764713
"RCKCRK_7_UNIT 1",123566,2023-08-13,51.47,51.91,0.439999999999998,0.00854866912764713
"RCKCRK_7_UNIT 1",123566,2023-08-15,51.47,51.91,0.439999999999998,0.00854866912764713
"ROSMDW_2_WIND1",780584,2023-12-15,115.4,114.75,-0.650000000000006,-0.00563258232235707
"ROSMDW_2_WIND1",780584,2023-12-15,109.4,114.75,5.34999999999999,0.0489031078610603
"ROSMDW_2_WIND1",780584,2024-12-18,114,114.87,0.870000000000005,0.00763157894736846
"RTEDDY_2_SOLAR1",114138,2023-04-19,45.2,46.07,0.869999999999997,0.0192477876106194
"RTEDDY_2_SOLAR1",114138,2023-04-20,45.2,46.07,0.869999999999997,0.0192477876106194
"RTEDDY_2_SOLAR1",114138,2023-04-21,45.2,46.07,0.869999999999997,0.0192477876106194
"RVRVEW_1_UNITA1",376200,2023-03-02,47.6,47.6,0,0
"RVRVEW_1_UNITA1",376200,2023-05-19,47.6,47.6,0,0
"SANBRN_2_EESSB2",111549,2024-12-11,143,150,7,0.048951048951049
"SANBRN_2_EESSB2",111549,2024-12-13,143,150,7,0.048951048951049
"SANBRN_2_EESSB2",111549,2024-12-16,150,150,0,0
"SISPRG_2_DS3BT1",352614,2024-11-05,61.16,61.16,0,0
"SISPRG_2_DS3BT1",352614,2024-11-06,61.16,61.16,0,0
"SISPRG_2_DS3BT2",131816,2024-05-01,59.43,58,-1.43,-0.0240619215884234
"SISPRG_2_DS3BT2",131816,2024-05-01,59.43,58,-1.43,-0.0240619215884234
"SISPRG_2_DS3BT2",131816,2024-05-13,59.43,58,-1.43,-0.0240619215884234
"SISPRG_2_DS3BT2",131816,2024-05-13,59.43,58,-1.43,-0.0240619215884234
"SISPRG_2_DS3BT2",131816,2024-06-09,57.9,58,0.100000000000001,0.00172711571675305
"SISPRG_2_DS3BT2",131816,2024-06-09,57.9,58,0.100000000000001,0.00172711571675305
"SISPRG_2_DS3BT2",131816,2024-06-21,56,58,2,0.0357142857142857
"SISPRG_2_DS3BT2",131816,2024-06-21,56,58,2,0.0357142857142857
"SISPRG_2_DS3BT2",131816,2024-06-22,59,58,-1,-0.0169491525423729
"SISPRG_2_DS3BT2",131816,2024-06-22,59,58,-1,-0.0169491525423729
"SISPRG_2_DS3BT2",131816,2024-06-28,58,58,0,0
"SISPRG_2_DS3BT2",131816,2024-06-28,58,58,0,0
"SLATE_2_SLASR2",561157,2024-05-05,40.8,40,-0.799999999999997,-0.0196078431372548
"SLATE_2_SLASR2",561157,2024-05-06,40.8,40,-0.799999999999997,-0.0196078431372548
"SLATE_2_SLASR2",561157,2024-05-09,40.8,40,-0.799999999999997,-0.0196078431372548
"SLATE_2_SLASR2",561157,2024-05-12,40.8,40,-0.799999999999997,-0.0196078431372548
"SLATE_2_SLASR2",561157,2024-05-13,40.8,40,-0.799999999999997,-0.0196078431372548
"SLATE_2_SLASR3",435258,2024-04-05,26.7,27.27,0.569999999999997,0.0213483146067414
"SLATE_2_SLASR3",435258,2024-04-17,26.7,27.99,1.29,0.0483146067415729
"SLATE_2_SLASR3",435258,2024-04-21,26.7,28.02,1.32,0.0494382022471909
"SLATE_2_SLASR3",435258,2024-04-26,26.7,25.53,-1.17,-0.0438202247191012
"SLATE_2_SLASR3",435258,2024-05-20,26.7,27.18,0.479999999999997,0.0179775280898875
"SLSTR2_2_SOLAR2",360573,2023-11-07,204,199.6,-4.40000000000001,-0.0215686274509804
"SLSTR2_2_SOLAR2",360573,2023-11-08,204,201.55,-2.44999999999999,-0.0120098039215686
"SNCLRA_2_UNIT1",620521,2023-01-01,11,11.3,0.300000000000001,0.0272727272727273
"SNCLRA_2_UNIT1",620521,2023-02-28,11,11.28,0.279999999999999,0.0254545454545454
"SPAULD_6_UNIT12",513723,2023-05-23,7,6.7,-0.3,-0.0428571428571428
"SPAULD_6_UNIT12",513723,2023-05-24,7,6.7,-0.3,-0.0428571428571428
"SPAULD_6_UNIT12",513723,2023-09-11,4.4,4.5,0.0999999999999996,0.0227272727272726
"SPAULD_6_UNIT12",513723,2023-10-01,4.4,4.2,-0.2,-0.0454545454545455
"SPICER_1_UNITS",553779,2023-09-11,3.2,3.3,0.0999999999999996,0.0312499999999999
"SPICER_1_UNITS",553779,2023-09-18,3.2,3.3,0.0999999999999996,0.0312499999999999
"SPICER_1_UNITS",553779,2024-09-16,3.2,3.3,0.0999999999999996,0.0312499999999999
"SUNCAT_2_A1BBT1",615344,2023-10-13,40,40.92,0.920000000000002,0.023
"SUNCAT_2_A1BBT1",615344,2023-10-14,40,40.93,0.93,0.02325
"SUNCAT_2_A1BBT1",615344,2023-10-15,40,40.28,0.280000000000001,0.00700000000000003
"SUNCAT_2_A1BBT1",615344,2023-10-15,38.68,40.28,1.6,0.0413650465356774
"SUNCAT_2_A1BBT1",615344,2023-10-16,40,40.28,0.280000000000001,0.00700000000000003
"SUNCAT_2_A1BBT1",615344,2023-10-17,37.98,39.72,1.74,0.0458135860979461
"SUNCAT_2_A1BBT1",615344,2023-10-17,37.94,39.72,1.78,0.0469161834475488
"SUNCAT_2_A1BBT1",615344,2023-10-17,40,39.72,-0.280000000000001,-0.00700000000000003
"SUNCAT_2_A1BBT1",615344,2023-10-18,40,40.97,0.969999999999999,0.02425
"SUNCAT_2_A1BBT1",615344,2023-10-19,37.72,39.27,1.55,0.0410922587486746
"SUNCAT_2_A1BBT1",615344,2023-10-19,40,39.27,-0.729999999999997,-0.0182499999999999
"SUNCAT_2_A1BBT1",615344,2023-10-19,37.98,39.27,1.29,0.0339652448657188
"SUNCAT_2_A1BBT1",615344,2023-10-24,40,39.17,-0.829999999999998,-0.02075
"SUNCAT_2_A1BBT1",615344,2023-10-24,40.08,39.17,-0.909999999999997,-0.0227045908183632
"SUNCAT_2_A1BBT1",615344,2023-10-24,38.65,39.17,0.520000000000003,0.0134540750323416
"SUNCAT_2_A1BBT1",615344,2023-10-25,40,39.17,-0.829999999999998,-0.02075
"SUNCAT_2_A1BBT1",615344,2023-10-28,37.84,39.11,1.27,0.0335623678646933
"SUNCAT_2_A1BBT1",615344,2023-10-28,39.56,39.11,-0.450000000000003,-0.0113751263902933
"SUNCAT_2_A1BBT1",615344,2023-10-29,39.27,39.11,-0.159999999999997,-0.0040743570155334
"SUNCAT_2_A1BBT1",615344,2023-10-29,37.55,39.11,1.56,0.0415446071904128
"SUNCAT_2_A1BBT1",615344,2023-10-29,37.87,39.11,1.23999999999999,0.0327435965143912
"SUNCAT_2_A1BBT1",615344,2023-10-30,37.61,39.11,1.5,0.0398830098378091
"SUNCAT_2_A1BBT1",615344,2023-10-30,40.16,39.11,-1.05,-0.0261454183266932
"SUNCAT_2_A1BBT1",615344,2023-10-30,37.27,39.11,1.84,0.0493694660584922
"SUNCAT_2_A1BBT1",615344,2023-10-30,40.46,39.11,-1.35,-0.0333662876915472
"SUNCAT_2_A1BBT1",615344,2023-10-31,37,38.57,1.57,0.0424324324324324
"SUNSLR_1_SSVSR1",345990,2024-04-17,96.7,96.61,-0.0900000000000034,-0.000930713547052776
"SUNSLR_1_SSVSR1",345990,2024-04-18,96.7,96.61,-0.0900000000000034,-0.000930713547052776
"SUNSLR_1_SSVSR1",345990,2024-04-19,96.7,96.61,-0.0900000000000034,-0.000930713547052776
"SUNSLR_1_SSVSR1",345990,2024-04-22,96.7,96.61,-0.0900000000000034,-0.000930713547052776
"SUNSLR_1_SSVSR1",345990,2024-04-23,96.7,96.61,-0.0900000000000034,-0.000930713547052776
"SUNSLR_1_SSVSR1",345990,2024-04-24,96.7,96.61,-0.0900000000000034,-0.000930713547052776
"SUNSLR_1_SSVSR1",345990,2024-04-25,96.7,96.61,-0.0900000000000034,-0.000930713547052776
"SUNSLR_1_SSVSR1",345990,2024-04-26,96.7,96.61,-0.0900000000000034,-0.000930713547052776
"SUNSLR_1_SSVSR1",345990,2024-05-06,96.7,96.61,-0.0900000000000034,-0.000930713547052776
"SUNSLR_1_SSVSR1",345990,2024-05-07,96.7,96.61,-0.0900000000000034,-0.000930713547052776
"SUNSLR_1_SSVSR1",345990,2024-05-08,96.7,96.61,-0.0900000000000034,-0.000930713547052776
"SUNSLR_1_SSVSR1",345990,2024-05-09,96.7,96.61,-0.0900000000000034,-0.000930713547052776
"SUNSLR_1_SSVSR1",345990,2024-05-10,96.7,96.61,-0.0900000000000034,-0.000930713547052776
"SUNSLR_1_SSVSR1",345990,2024-07-24,96.65,96.61,-0.0400000000000063,-0.000413864459389615
"SUNSLR_1_SSVSR1",345990,2024-07-26,96.65,96.61,-0.0400000000000063,-0.000413864459389615
"SYCAMR_2_UNIT 1",182568,2023-01-30,74,73,-1,-0.0135135135135135
"SYCAMR_2_UNIT 1",182568,2023-04-11,73,73,0,0
"TANHIL_6_SOLART",379813,2023-11-13,9,8.82,-0.18,-0.02
"TANHIL_6_SOLART",379813,2024-03-24,9,8.74,-0.26,-0.0288888888888889
"TEHAPI_2_PW2WD2",124050,2023-02-21,7.2,7.4,0.2,0.0277777777777778
"TEHAPI_2_PW2WD2",124050,2023-03-28,7.2,7.04,-0.16,-0.0222222222222222
"TIFFNY_1_DILLON",939948,2023-03-20,35.93,34.2,-1.73,-0.048149178959087
"TIFFNY_1_DILLON",939948,2023-03-24,35.93,37.04,1.11,0.0308934038408015
"TIFFNY_1_DILLON",939948,2023-10-14,37.95,36.89,-1.06,-0.0279314888010541
"TIFFNY_1_DILLON",939948,2023-10-25,37.95,37.47,-0.480000000000004,-0.0126482213438736
"TIGRCK_7_UNITS",195278,2023-04-05,31,30,-1,-0.032258064516129
"TIGRCK_7_UNITS",195278,2023-04-13,31,30,-1,-0.032258064516129
"TIGRCK_7_UNITS",195278,2024-03-15,31,30,-1,-0.032258064516129
"TOPAZ_2_SOLAR",200912,2023-02-20,494.2,510,15.8,0.0319708619991906
"TOPAZ_2_SOLAR",200912,2023-02-21,494.2,510,15.8,0.0319708619991906
"TOPAZ_2_SOLAR",200912,2023-02-22,494.2,510,15.8,0.0319708619991906
"TOPAZ_2_SOLAR",200912,2023-02-23,494.2,510,15.8,0.0319708619991906
"TOPAZ_2_SOLAR",200912,2023-07-27,506,510,4,0.00790513833992095
"TOPAZ_2_SOLAR",200912,2024-04-29,510,510,0,0
"TOPAZ_2_SOLAR",200912,2024-04-30,510,510,0,0
"TOPAZ_2_SOLAR",200912,2024-05-24,510,510,0,0
"TOPAZ_2_SOLAR",200912,2024-05-25,510,510,0,0
"TOWNSITE_2_MEADDYN",127137,2023-04-04,120,117.22,-2.78,-0.0231666666666667
"TOWNSITE_2_MEADDYN",127137,2023-04-05,120,115.83,-4.17,-0.03475
"TRNQLT_2_RETBT1",116825,2023-05-02,60,60,0,0
"TRNQLT_2_RETBT1",116825,2024-06-16,70,70,0,0
"TRNQLT_2_SOLAR",358008,2024-08-29,145.02,148,2.97999999999999,0.0205488898083022
"TRNQLT_2_SOLAR",358008,2024-08-30,145.02,148,2.97999999999999,0.0205488898083022
"TRNSWD_1_QF",134471,2024-02-15,31.47,32,0.530000000000001,0.0168414362885288
"TRNSWD_1_QF",134471,2024-12-12,28.97,28,-0.969999999999999,-0.0334829133586468
"TULLCK_7_UNITS",809558,2024-02-05,19.8,20,0.200000000000003,0.0101010101010102
"TULLCK_7_UNITS",809558,2024-02-06,19.8,20,0.200000000000003,0.0101010101010102
"TULLCK_7_UNITS",809558,2024-02-08,19.8,20,0.200000000000003,0.0101010101010102
"TULLCK_7_UNITS",809558,2024-02-12,19.8,20,0.200000000000003,0.0101010101010102
"USWNDR_2_SMUD",837024,2023-03-31,87,89,2,0.0229885057471264
"USWNDR_2_SMUD",837024,2023-04-01,87,89,2,0.0229885057471264
"USWNDR_2_SMUD",837024,2023-04-03,87,91,4,0.0459770114942529
"USWNDR_2_SMUD",837024,2023-08-01,87,90,3,0.0344827586206897
"USWNDR_2_SMUD",837024,2023-08-24,72.18,75.6,3.41999999999999,0.0473815461346632
"USWNDR_2_SMUD2",264747,2023-12-11,104.4,104.05,-0.350000000000009,-0.00335249042145602
"USWNDR_2_SMUD2",264747,2023-12-12,104.4,105.57,1.16999999999999,0.011206896551724
"USWNDR_2_SMUD2",264747,2024-02-21,106.4,104.66,-1.74000000000001,-0.0163533834586467
"VALTNE_2_TBBBT1",594888,2024-03-05,55,52.3,-2.7,-0.0490909090909091
"VALTNE_2_TBBBT1",594888,2024-03-08,55,52.3,-2.7,-0.0490909090909091
"VALTNE_2_TBBBT1",594888,2024-03-09,55,52.3,-2.7,-0.0490909090909091
"VALTNE_2_TBBBT1",594888,2024-04-29,52,52.3,0.299999999999997,0.00576923076923071
"VALTNE_2_TBBBT1",594888,2024-04-30,52,52.3,0.299999999999997,0.00576923076923071
"VALTNE_2_TBBBT1",594888,2024-05-01,52,52.3,0.299999999999997,0.00576923076923071
"VALTNE_2_TBBBT1",594888,2024-05-02,52,52.3,0.299999999999997,0.00576923076923071
"VALTNE_2_TBBBT1",594888,2024-05-03,52,52.3,0.299999999999997,0.00576923076923071
"VALTNE_2_TBBBT1",594888,2024-05-04,52,52.3,0.299999999999997,0.00576923076923071
"VALTNE_2_TBBBT1",594888,2024-05-05,52,52.3,0.299999999999997,0.00576923076923071
"VALTNE_2_TBBBT1",594888,2024-05-06,52,52.3,0.299999999999997,0.00576923076923071
"VALTNE_2_TBBBT1",594888,2024-05-07,52,52.3,0.299999999999997,0.00576923076923071
"VALTNE_2_TBBBT1",594888,2024-05-08,52,52.3,0.299999999999997,0.00576923076923071
"VALTNE_2_TBBBT1",594888,2024-05-09,52,52.3,0.299999999999997,0.00576923076923071
"VALTNE_2_TBBBT1",594888,2024-05-10,52,52.3,0.299999999999997,0.00576923076923071
"VALTNE_2_TBBBT1",594888,2024-06-06,52,52.3,0.299999999999997,0.00576923076923071
"VALTNE_2_TBBBT1",594888,2024-09-18,52,52.3,0.299999999999997,0.00576923076923071
"VALTNE_2_TBBBT1",594888,2024-09-19,52,52.3,0.299999999999997,0.00576923076923071
"VALTNE_2_TRSBT1",650623,2024-03-27,64,64.8,0.799999999999997,0.0125
"VALTNE_2_TRSBT1",650623,2024-03-28,64,64.8,0.799999999999997,0.0125
"VALTNE_2_TRSBT1",650623,2024-03-29,64,64.8,0.799999999999997,0.0125
"VALTNE_2_TRSBT1",650623,2024-03-30,64,64.8,0.799999999999997,0.0125
"VALTNE_2_TRSBT1",650623,2024-04-29,64,64.8,0.799999999999997,0.0125
"VALTNE_2_TRSBT1",650623,2024-04-30,64,64.8,0.799999999999997,0.0125
"VALTNE_2_TRSBT1",650623,2024-05-01,64,64.8,0.799999999999997,0.0125
"VALTNE_2_TRSBT1",650623,2024-05-02,64,64.8,0.799999999999997,0.0125
"VALTNE_2_TRSBT1",650623,2024-05-03,64,64.8,0.799999999999997,0.0125
"VALTNE_2_TRSBT1",650623,2024-05-04,64,64.8,0.799999999999997,0.0125
"VALTNE_2_TRSBT1",650623,2024-05-05,64,64.8,0.799999999999997,0.0125
"VALTNE_2_TRSBT1",650623,2024-05-06,64,64.8,0.799999999999997,0.0125
"VALTNE_2_TRSBT1",650623,2024-05-07,64,64.8,0.799999999999997,0.0125
"VALTNE_2_TRSBT1",650623,2024-05-08,64,64.8,0.799999999999997,0.0125
"VALTNE_2_TRSBT1",650623,2024-05-09,64,64.8,0.799999999999997,0.0125
"VALTNE_2_TRSBT1",650623,2024-05-10,64,64.8,0.799999999999997,0.0125
"VALTNE_2_TRSBT1",650623,2024-06-06,64,64.8,0.799999999999997,0.0125
"VALTNE_2_TRSBT1",650623,2024-09-18,64,64.8,0.799999999999997,0.0125
"VALTNE_2_TRSBT1",650623,2024-09-19,64,64.8,0.799999999999997,0.0125
"VALTNE_2_TRSBT1",650623,2024-12-03,64,64.8,0.799999999999997,0.0125
"VALTNE_2_TRSBT1",650623,2024-12-04,64,64.8,0.799999999999997,0.0125
"VALTNE_2_TRSBT1",650623,2024-12-05,64,64.8,0.799999999999997,0.0125
"VALTNE_2_TRSBT1",650623,2024-12-06,64,64.8,0.799999999999997,0.0125
"VSTAES_6_VESBT1",386425,2023-02-13,38,37.7,-0.299999999999997,-0.00789473684210519
"VSTAES_6_VESBT1",386425,2023-04-18,38,37.7,-0.299999999999997,-0.00789473684210519
"VSTAES_6_VESBT1",386425,2023-07-10,37.5,37.7,0.200000000000003,0.00533333333333341
"VSTAES_6_VESBT1",386425,2023-07-11,37.5,37.7,0.200000000000003,0.00533333333333341
"VSTAES_6_VESBT1",386425,2023-07-12,37.5,37.7,0.200000000000003,0.00533333333333341
"VSTAES_6_VESBT1",386425,2023-07-13,37.5,37.7,0.200000000000003,0.00533333333333341
"VSTAES_6_VESBT1",386425,2023-10-16,38.5,37.7,-0.799999999999997,-0.0207792207792207
"WARNE_2_UNIT",159511,2023-02-06,38,38,0,0
"WARNE_2_UNIT",159511,2023-02-08,38,38,0,0
"WARNE_2_UNIT",159511,2023-02-09,38,38,0,0
"WARNE_2_UNIT",159511,2023-11-01,38,38,0,0
"WARNE_2_UNIT",159511,2023-12-01,38,38,0,0
"WARNE_2_UNIT",159511,2024-02-05,39,38,-1,-0.0256410256410256
"WARNE_2_UNIT",159511,2024-03-07,39,38,-1,-0.0256410256410256
"WARNE_2_UNIT",159511,2024-03-07,37,38,1,0.027027027027027
"WARNE_2_UNIT",159511,2024-09-30,38,38,0,0
"WESCAN_2_BDSBT1",167201,2023-03-29,60,60.04,0.0399999999999991,0.000666666666666652
"WESCAN_2_BDSBT1",167201,2023-04-11,100,95.1,-4.90000000000001,-0.0490000000000001
"WESCAN_2_BDSBT1",167201,2023-04-16,100,96.1,-3.90000000000001,-0.0390000000000001
"WESCAN_2_BDSBT1",167201,2023-07-18,66,69.2,3.2,0.0484848484848485
"WESCAN_2_BDSBT1",167201,2023-07-19,72,68.69,-3.31,-0.0459722222222223
"WESCAN_2_BDSBT1",167201,2023-07-19,71,68.69,-2.31,-0.0325352112676057
"WESCAN_2_BDSBT1",167201,2023-07-21,82,82.15,0.150000000000006,0.001829268292683
"WISHON_6_UNITS",164152,2024-07-15,13.5,14,0.500000000000002,0.0370370370370372
"WISHON_6_UNITS",164152,2024-07-15,13.9,14,0.100000000000001,0.00719424460431665
"WISHON_6_UNITS",164152,2024-07-22,13.9,14,0.100000000000001,0.00719424460431665
"WISHON_6_UNITS",164152,2024-07-22,13.5,14,0.500000000000002,0.0370370370370372
"WISHON_6_UNITS",164152,2024-07-23,13.5,14,0.500000000000002,0.0370370370370372
"WISHON_6_UNITS",164152,2024-07-30,13.5,14,0.500000000000002,0.0370370370370372
"WISHON_6_UNITS",164152,2024-08-01,13.5,14,0.500000000000002,0.0370370370370372
"WISHON_6_UNITS",164152,2024-08-21,13.9,14,0.100000000000001,0.00719424460431665
"WISHON_6_UNITS",164152,2024-08-22,13.9,14,0.100000000000001,0.00719424460431665
"WISHON_6_UNITS",164152,2024-09-01,13.5,14,0.500000000000002,0.0370370370370372
"WISHON_6_UNITS",164152,2024-09-01,13.9,14,0.100000000000001,0.00719424460431665
"WISHON_6_UNITS",164152,2024-09-09,13.9,14,0.100000000000001,0.00719424460431665
"WISHON_6_UNITS",164152,2024-09-16,13.9,14,0.100000000000001,0.00719424460431665
"WISHON_6_UNITS",164152,2024-09-20,13.9,14,0.100000000000001,0.00719424460431665
"WOLFSK_1_UNITA1",111621,2023-03-02,46.9,47,0.100000000000001,0.00213219616204694
"WOLFSK_1_UNITA1",111621,2023-05-15,46.9,47,0.100000000000001,0.00213219616204694
"WOLFSK_1_UNITA1",111621,2024-11-21,47,47,0,0
"YELPIN_2_YP2BT1",655017,2023-10-10,42.55,41.15,-1.4,-0.0329024676850763
"YELPIN_2_YP2BT1",655017,2023-10-14,44.05,44.32,0.270000000000003,0.00612939841089678
"YELPIN_2_YP2BT1",655017,2023-10-15,48.61,47.11,-1.5,-0.030857848179387
"YELPIN_2_YP2BT1",655017,2023-10-19,50.34,49.85,-0.490000000000002,-0.00973381009137866
