"State","Facility Name","Facility ID","Unit ID","Associated Stacks","Year","Program Code","Primary Rep Info","EPA Region","NERC Region","County","County Code","FIPS Code","Source Category","Latitude","Longitude","Owner/Operator","SO2 Phase","NOx Phase","Unit Type","Primary Fuel Type","Secondary Fuel Type","SO2 Controls","NOx Controls","PM Controls","Hg Controls","Commercial Operation Date","Operating Status","Max Hourly HI Rate (mmBtu/hr)","Associated Generators & Nameplate Capacity (MWe)"
"CA","Moss Landing Power Plant",260,"1A",,2022,"ARP","603383",9,"WECC","Monterey County","CA053","053","Electric Utility",36.8042,-121.7775,"Moss Landing Power Company LLC (Owner)|Moss Landing Power Company LLC (Operator)","Phase 2",,"Combined cycle","Pipeline Natural Gas",,,"Dry Low NOx Burners|Selective Catalytic Reduction",,,"2002-04-09","Operating",2057,"ST1 (233), CT1A (275)"
"CA","Moss Landing Power Plant",260,"1A",,2023,"ARP","603383",9,"WECC","Monterey County","CA053","053","Electric Utility",36.8042,-121.7775,"Moss Landing Power Company LLC (Owner)|Moss Landing Power Company LLC (Operator)","Phase 2",,"Combined cycle","Pipeline Natural Gas",,,"Dry Low NOx Burners|Selective Catalytic Reduction",,,"2002-04-09","Operating",2057,"ST1 (233), CT1A (275)"
"CA","Moss Landing Power Plant",260,"1A",,2024,"ARP","603383",9,"WECC","Monterey County","CA053","053","Electric Utility",36.8042,-121.7775,"Moss Landing Power Company LLC (Owner)|Moss Landing Power Company LLC (Operator)","Phase 2",,"Combined cycle","Pipeline Natural Gas",,,"Dry Low NOx Burners|Selective Catalytic Reduction",,,"2002-04-09","Operating",2057,"ST1 (233), CT1A (275)"
"CA","Moss Landing Power Plant",260,"1A",,2025,"ARP","603383",9,"WECC","Monterey County","CA053","053","Electric Utility",36.8042,-121.7775,"Moss Landing Power Company LLC (Owner)|Moss Landing Power Company LLC (Operator)","Phase 2",,"Combined cycle","Pipeline Natural Gas",,,"Dry Low NOx Burners|Selective Catalytic Reduction",,,"2002-04-09","Operating",2057,"ST1 (233), CT1A (275)"
"CA","Moss Landing Power Plant",260,"2A",,2022,"ARP","603383",9,"WECC","Monterey County","CA053","053","Electric Utility",36.8042,-121.7775,"Moss Landing Power Company LLC (Owner)|Moss Landing Power Company LLC (Operator)","Phase 2",,"Combined cycle","Pipeline Natural Gas",,,"Dry Low NOx Burners|Selective Catalytic Reduction",,,"2002-04-09","Operating",2057,"CT1B (275), ST1 (233)"
"CA","Moss Landing Power Plant",260,"2A",,2023,"ARP","603383",9,"WECC","Monterey County","CA053","053","Electric Utility",36.8042,-121.7775,"Moss Landing Power Company LLC (Owner)|Moss Landing Power Company LLC (Operator)","Phase 2",,"Combined cycle","Pipeline Natural Gas",,,"Dry Low NOx Burners|Selective Catalytic Reduction",,,"2002-04-09","Operating",2057,"CT1B (275), ST1 (233)"
"CA","Moss Landing Power Plant",260,"2A",,2024,"ARP","603383",9,"WECC","Monterey County","CA053","053","Electric Utility",36.8042,-121.7775,"Moss Landing Power Company LLC (Owner)|Moss Landing Power Company LLC (Operator)","Phase 2",,"Combined cycle","Pipeline Natural Gas",,,"Dry Low NOx Burners|Selective Catalytic Reduction",,,"2002-04-09","Operating",2057,"CT1B (275), ST1 (233)"
"CA","Moss Landing Power Plant",260,"2A",,2025,"ARP","603383",9,"WECC","Monterey County","CA053","053","Electric Utility",36.8042,-121.7775,"Moss Landing Power Company LLC (Owner)|Moss Landing Power Company LLC (Operator)","Phase 2",,"Combined cycle","Pipeline Natural Gas",,,"Dry Low NOx Burners|Selective Catalytic Reduction",,,"2002-04-09","Operating",2057,"CT1B (275), ST1 (233)"
"CA","Moss Landing Power Plant",260,"3A",,2022,"ARP","603383",9,"WECC","Monterey County","CA053","053","Electric Utility",36.8042,-121.7775,"Moss Landing Power Company LLC (Owner)|Moss Landing Power Company LLC (Operator)","Phase 2",,"Combined cycle","Pipeline Natural Gas",,,"Dry Low NOx Burners|Selective Catalytic Reduction",,,"2002-05-24","Operating",2057,"ST2 (233), CT2A (275)"
"CA","Moss Landing Power Plant",260,"3A",,2023,"ARP","603383",9,"WECC","Monterey County","CA053","053","Electric Utility",36.8042,-121.7775,"Moss Landing Power Company LLC (Owner)|Moss Landing Power Company LLC (Operator)","Phase 2",,"Combined cycle","Pipeline Natural Gas",,,"Dry Low NOx Burners|Selective Catalytic Reduction",,,"2002-05-24","Operating",2057,"ST2 (233), CT2A (275)"
"CA","Moss Landing Power Plant",260,"3A",,2024,"ARP","603383",9,"WECC","Monterey County","CA053","053","Electric Utility",36.8042,-121.7775,"Moss Landing Power Company LLC (Owner)|Moss Landing Power Company LLC (Operator)","Phase 2",,"Combined cycle","Pipeline Natural Gas",,,"Dry Low NOx Burners|Selective Catalytic Reduction",,,"2002-05-24","Operating",2057,"ST2 (233), CT2A (275)"
"CA","Moss Landing Power Plant",260,"3A",,2025,"ARP","603383",9,"WECC","Monterey County","CA053","053","Electric Utility",36.8042,-121.7775,"Moss Landing Power Company LLC (Owner)|Moss Landing Power Company LLC (Operator)","Phase 2",,"Combined cycle","Pipeline Natural Gas",,,"Dry Low NOx Burners|Selective Catalytic Reduction",,,"2002-05-24","Operating",2057,"ST2 (233), CT2A (275)"
"CA","Moss Landing Power Plant",260,"4A",,2022,"ARP","603383",9,"WECC","Monterey County","CA053","053","Electric Utility",36.8042,-121.7775,"Moss Landing Power Company LLC (Owner)|Moss Landing Power Company LLC (Operator)","Phase 2",,"Combined cycle","Pipeline Natural Gas",,,"Dry Low NOx Burners|Selective Catalytic Reduction",,,"2002-05-26","Operating",2057,"ST2 (233), CT2B (275)"
"CA","Moss Landing Power Plant",260,"4A",,2023,"ARP","603383",9,"WECC","Monterey County","CA053","053","Electric Utility",36.8042,-121.7775,"Moss Landing Power Company LLC (Owner)|Moss Landing Power Company LLC (Operator)","Phase 2",,"Combined cycle","Pipeline Natural Gas",,,"Dry Low NOx Burners|Selective Catalytic Reduction",,,"2002-05-26","Operating",2057,"ST2 (233), CT2B (275)"
"CA","Moss Landing Power Plant",260,"4A",,2024,"ARP","603383",9,"WECC","Monterey County","CA053","053","Electric Utility",36.8042,-121.7775,"Moss Landing Power Company LLC (Owner)|Moss Landing Power Company LLC (Operator)","Phase 2",,"Combined cycle","Pipeline Natural Gas",,,"Dry Low NOx Burners|Selective Catalytic Reduction",,,"2002-05-26","Operating",2057,"ST2 (233), CT2B (275)"
"CA","Moss Landing Power Plant",260,"4A",,2025,"ARP","603383",9,"WECC","Monterey County","CA053","053","Electric Utility",36.8042,-121.7775,"Moss Landing Power Company LLC (Owner)|Moss Landing Power Company LLC (Operator)","Phase 2",,"Combined cycle","Pipeline Natural Gas",,,"Dry Low NOx Burners|Selective Catalytic Reduction",,,"2002-05-26","Operating",2057,"ST2 (233), CT2B (275)"
"CA","Cabrillo Power I Encina Power Station",302,"10",,2022,"ARP","609365",9,"WECC","San Diego County","CA073","073","Electric Utility",33.1408,-117.3342,"Carlsbad Energy Center LLC (Owner)|Carlsbad Energy Center LLC (Operator)","Phase 2",,"Combustion turbine","Pipeline Natural Gas",,,"Water Injection|Selective Catalytic Reduction",,,"2018-05-04","Operating",1010,"CEC10 (105.3)"
"CA","Cabrillo Power I Encina Power Station",302,"10",,2023,"ARP","609365",9,"WECC","San Diego County","CA073","073","Electric Utility",33.1408,-117.3342,"Carlsbad Energy Center LLC (Owner)|Carlsbad Energy Center LLC (Operator)","Phase 2",,"Combustion turbine","Pipeline Natural Gas",,,"Water Injection|Selective Catalytic Reduction",,,"2018-05-04","Operating",1010,"CEC10 (105.3)"
"CA","Cabrillo Power I Encina Power Station",302,"10",,2024,"ARP","609365",9,"WECC","San Diego County","CA073","073","Electric Utility",33.1408,-117.3342,"Carlsbad Energy Center LLC (Owner)|Carlsbad Energy Center LLC (Operator)","Phase 2",,"Combustion turbine","Pipeline Natural Gas",,,"Water Injection|Selective Catalytic Reduction",,,"2018-05-04","Operating",1010,"CEC10 (105.3)"
"CA","Cabrillo Power I Encina Power Station",302,"10",,2025,"ARP","609365",9,"WECC","San Diego County","CA073","073","Electric Utility",33.1408,-117.3342,"Carlsbad Energy Center LLC (Owner)|Carlsbad Energy Center LLC (Operator)","Phase 2",,"Combustion turbine","Pipeline Natural Gas",,,"Water Injection|Selective Catalytic Reduction",,,"2018-05-04","Operating",1010,"CEC10 (105.3)"
"CA","Cabrillo Power I Encina Power Station",302,"6",,2022,"ARP","609365",9,"WECC","San Diego County","CA073","073","Electric Utility",33.1408,-117.3342,"Carlsbad Energy Center LLC (Owner)|Carlsbad Energy Center LLC (Operator)","Phase 2",,"Combustion turbine","Pipeline Natural Gas",,,"Water Injection|Selective Catalytic Reduction",,,"2018-08-24","Operating",1010,"CEC6 (105.3)"
"CA","Cabrillo Power I Encina Power Station",302,"6",,2023,"ARP","609365",9,"WECC","San Diego County","CA073","073","Electric Utility",33.1408,-117.3342,"Carlsbad Energy Center LLC (Owner)|Carlsbad Energy Center LLC (Operator)","Phase 2",,"Combustion turbine","Pipeline Natural Gas",,,"Water Injection|Selective Catalytic Reduction",,,"2018-08-24","Operating",1010,"CEC6 (105.3)"
"CA","Cabrillo Power I Encina Power Station",302,"6",,2024,"ARP","609365",9,"WECC","San Diego County","CA073","073","Electric Utility",33.1408,-117.3342,"Carlsbad Energy Center LLC (Owner)|Carlsbad Energy Center LLC (Operator)","Phase 2",,"Combustion turbine","Pipeline Natural Gas",,,"Water Injection|Selective Catalytic Reduction",,,"2018-08-24","Operating",1010,"CEC6 (105.3)"
"CA","Cabrillo Power I Encina Power Station",302,"6",,2025,"ARP","609365",9,"WECC","San Diego County","CA073","073","Electric Utility",33.1408,-117.3342,"Carlsbad Energy Center LLC (Owner)|Carlsbad Energy Center LLC (Operator)","Phase 2",,"Combustion turbine","Pipeline Natural Gas",,,"Water Injection|Selective Catalytic Reduction",,,"2018-08-24","Operating",1010,"CEC6 (105.3)"
"CA","Cabrillo Power I Encina Power Station",302,"7",,2022,"ARP","609365",9,"WECC","San Diego County","CA073","073","Electric Utility",33.1408,-117.3342,"Carlsbad Energy Center LLC (Owner)|Carlsbad Energy Center LLC (Operator)","Phase 2",,"Combustion turbine","Pipeline Natural Gas",,,"Water Injection|Selective Catalytic Reduction",,,"2018-08-15","Operating",1010,"CEC7 (105.3)"
"CA","Cabrillo Power I Encina Power Station",302,"7",,2023,"ARP","609365",9,"WECC","San Diego County","CA073","073","Electric Utility",33.1408,-117.3342,"Carlsbad Energy Center LLC (Owner)|Carlsbad Energy Center LLC (Operator)","Phase 2",,"Combustion turbine","Pipeline Natural Gas",,,"Water Injection|Selective Catalytic Reduction",,,"2018-08-15","Operating",1010,"CEC7 (105.3)"
"CA","Cabrillo Power I Encina Power Station",302,"7",,2024,"ARP","609365",9,"WECC","San Diego County","CA073","073","Electric Utility",33.1408,-117.3342,"Carlsbad Energy Center LLC (Owner)|Carlsbad Energy Center LLC (Operator)","Phase 2",,"Combustion turbine","Pipeline Natural Gas",,,"Water Injection|Selective Catalytic Reduction",,,"2018-08-15","Operating",1010,"CEC7 (105.3)"
"CA","Cabrillo Power I Encina Power Station",302,"7",,2025,"ARP","609365",9,"WECC","San Diego County","CA073","073","Electric Utility",33.1408,-117.3342,"Carlsbad Energy Center LLC (Owner)|Carlsbad Energy Center LLC (Operator)","Phase 2",,"Combustion turbine","Pipeline Natural Gas",,,"Water Injection|Selective Catalytic Reduction",,,"2018-08-15","Operating",1010,"CEC7 (105.3)"
"CA","Cabrillo Power I Encina Power Station",302,"8",,2022,"ARP","609365",9,"WECC","San Diego County","CA073","073","Electric Utility",33.1408,-117.3342,"Carlsbad Energy Center LLC (Owner)|Carlsbad Energy Center LLC (Operator)","Phase 2",,"Combustion turbine","Pipeline Natural Gas",,,"Water Injection|Selective Catalytic Reduction",,,"2018-07-07","Operating",1010,"CEC8 (105.3)"
"CA","Cabrillo Power I Encina Power Station",302,"8",,2023,"ARP","609365",9,"WECC","San Diego County","CA073","073","Electric Utility",33.1408,-117.3342,"Carlsbad Energy Center LLC (Owner)|Carlsbad Energy Center LLC (Operator)","Phase 2",,"Combustion turbine","Pipeline Natural Gas",,,"Water Injection|Selective Catalytic Reduction",,,"2018-07-07","Operating",1010,"CEC8 (105.3)"
"CA","Cabrillo Power I Encina Power Station",302,"8",,2024,"ARP","609365",9,"WECC","San Diego County","CA073","073","Electric Utility",33.1408,-117.3342,"Carlsbad Energy Center LLC (Owner)|Carlsbad Energy Center LLC (Operator)","Phase 2",,"Combustion turbine","Pipeline Natural Gas",,,"Water Injection|Selective Catalytic Reduction",,,"2018-07-07","Operating",1010,"CEC8 (105.3)"
"CA","Cabrillo Power I Encina Power Station",302,"8",,2025,"ARP","609365",9,"WECC","San Diego County","CA073","073","Electric Utility",33.1408,-117.3342,"Carlsbad Energy Center LLC (Owner)|Carlsbad Energy Center LLC (Operator)","Phase 2",,"Combustion turbine","Pipeline Natural Gas",,,"Water Injection|Selective Catalytic Reduction",,,"2018-07-07","Operating",1010,"CEC8 (105.3)"
"CA","Cabrillo Power I Encina Power Station",302,"9",,2022,"ARP","609365",9,"WECC","San Diego County","CA073","073","Electric Utility",33.1408,-117.3342,"Carlsbad Energy Center LLC (Owner)|Carlsbad Energy Center LLC (Operator)","Phase 2",,"Combustion turbine","Pipeline Natural Gas",,,"Water Injection|Selective Catalytic Reduction",,,"2018-06-06","Operating",1010,"CEC9 (105.3)"
"CA","Cabrillo Power I Encina Power Station",302,"9",,2023,"ARP","609365",9,"WECC","San Diego County","CA073","073","Electric Utility",33.1408,-117.3342,"Carlsbad Energy Center LLC (Owner)|Carlsbad Energy Center LLC (Operator)","Phase 2",,"Combustion turbine","Pipeline Natural Gas",,,"Water Injection|Selective Catalytic Reduction",,,"2018-06-06","Operating",1010,"CEC9 (105.3)"
"CA","Cabrillo Power I Encina Power Station",302,"9",,2024,"ARP","609365",9,"WECC","San Diego County","CA073","073","Electric Utility",33.1408,-117.3342,"Carlsbad Energy Center LLC (Owner)|Carlsbad Energy Center LLC (Operator)","Phase 2",,"Combustion turbine","Pipeline Natural Gas",,,"Water Injection|Selective Catalytic Reduction",,,"2018-06-06","Operating",1010,"CEC9 (105.3)"
"CA","Cabrillo Power I Encina Power Station",302,"9",,2025,"ARP","609365",9,"WECC","San Diego County","CA073","073","Electric Utility",33.1408,-117.3342,"Carlsbad Energy Center LLC (Owner)|Carlsbad Energy Center LLC (Operator)","Phase 2",,"Combustion turbine","Pipeline Natural Gas",,,"Water Injection|Selective Catalytic Reduction",,,"2018-06-06","Operating",1010,"CEC9 (105.3)"
"CA","AES Alamitos",315,"3",,2022,"ARP","607401",9,"WECC","Los Angeles County","CA037","037","Electric Utility",33.7688,-118.1009,"AES Corporation (Owner)|AES Corporation (Operator)","Phase 2",,"Tangentially-fired","Pipeline Natural Gas","Residual Oil",,,,,"1961-10-01","Operating",3439,"3 (333)"
"CA","AES Alamitos",315,"3",,2023,"ARP","607401",9,"WECC","Los Angeles County","CA037","037","Electric Utility",33.7688,-118.1009,"AES Corporation (Owner)|AES Corporation (Operator)","Phase 2",,"Tangentially-fired","Pipeline Natural Gas","Residual Oil",,,,,"1961-10-01","Operating",3439,"3 (333)"
"CA","AES Alamitos",315,"3",,2024,"ARP","607401 (Ended May 20, 2024), 608105 (Started May 20, 2024)",9,"WECC","Los Angeles County","CA037","037","Electric Utility",33.7688,-118.1009,"AES Corporation (Owner)|AES Corporation (Operator)","Phase 2",,"Tangentially-fired","Pipeline Natural Gas","Residual Oil",,,,,"1961-10-01","Operating",3439,"3 (333)"
"CA","AES Alamitos",315,"3",,2025,"ARP","608105",9,"WECC","Los Angeles County","CA037","037","Electric Utility",33.7688,-118.1009,"AES Corporation (Owner)|AES Corporation (Operator)","Phase 2",,"Tangentially-fired","Pipeline Natural Gas","Residual Oil",,,,,"1961-10-01","Operating",3439,"3 (333)"
"CA","AES Alamitos",315,"4",,2022,"ARP","607401",9,"WECC","Los Angeles County","CA037","037","Electric Utility",33.7688,-118.1009,"AES Corporation (Owner)|AES Corporation (Operator)","Phase 2",,"Tangentially-fired","Pipeline Natural Gas","Residual Oil",,,,,"1962-04-01","Operating",3439,"4 (333)"
"CA","AES Alamitos",315,"4",,2023,"ARP","607401",9,"WECC","Los Angeles County","CA037","037","Electric Utility",33.7688,-118.1009,"AES Corporation (Owner)|AES Corporation (Operator)","Phase 2",,"Tangentially-fired","Pipeline Natural Gas","Residual Oil",,,,,"1962-04-01","Operating",3439,"4 (333)"
"CA","AES Alamitos",315,"4",,2024,"ARP","607401 (Ended May 20, 2024), 608105 (Started May 20, 2024)",9,"WECC","Los Angeles County","CA037","037","Electric Utility",33.7688,-118.1009,"AES Corporation (Owner)|AES Corporation (Operator)","Phase 2",,"Tangentially-fired","Pipeline Natural Gas","Residual Oil",,,,,"1962-04-01","Operating",3439,"4 (333)"
"CA","AES Alamitos",315,"4",,2025,"ARP","608105",9,"WECC","Los Angeles County","CA037","037","Electric Utility",33.7688,-118.1009,"AES Corporation (Owner)|AES Corporation (Operator)","Phase 2",,"Tangentially-fired","Pipeline Natural Gas","Residual Oil",,,,,"1962-04-01","Operating",3439,"4 (333)"
"CA","AES Alamitos",315,"5",,2022,"ARP","607401",9,"WECC","Los Angeles County","CA037","037","Electric Utility",33.7688,-118.1009,"AES Corporation (Owner)|AES Corporation (Operator)","Phase 2",,"Dry bottom wall-fired boiler","Pipeline Natural Gas","Residual Oil",,,,,"1965-12-01","Operating",5070,"5 (495)"
"CA","AES Alamitos",315,"5",,2023,"ARP","607401",9,"WECC","Los Angeles County","CA037","037","Electric Utility",33.7688,-118.1009,"AES Corporation (Owner)|AES Corporation (Operator)","Phase 2",,"Dry bottom wall-fired boiler","Pipeline Natural Gas","Residual Oil",,,,,"1965-12-01","Operating",5070,"5 (495)"
"CA","AES Alamitos",315,"5",,2024,"ARP","607401 (Ended May 20, 2024), 608105 (Started May 20, 2024)",9,"WECC","Los Angeles County","CA037","037","Electric Utility",33.7688,-118.1009,"AES Corporation (Owner)|AES Corporation (Operator)","Phase 2",,"Dry bottom wall-fired boiler","Pipeline Natural Gas","Residual Oil",,,,,"1965-12-01","Operating",5070,"5 (495)"
"CA","AES Alamitos",315,"5",,2025,"ARP","608105",9,"WECC","Los Angeles County","CA037","037","Electric Utility",33.7688,-118.1009,"AES Corporation (Owner)|AES Corporation (Operator)","Phase 2",,"Dry bottom wall-fired boiler","Pipeline Natural Gas","Residual Oil",,,,,"1965-12-01","Operating",5070,"5 (495)"
"CA","AES Alamitos",315,"CT1",,2022,"ARP","607401",9,"WECC","Los Angeles County","CA037","037","Electric Utility",33.7688,-118.1009,"AES Corporation (Owner)|AES Corporation (Operator)","Phase 2",,"Combined cycle","Pipeline Natural Gas",,,"Dry Low NOx Burners|Selective Catalytic Reduction",,,"2019-10-03","Operating",2350,"1A (231.4), 1S (241.1)"
"CA","AES Alamitos",315,"CT1",,2023,"ARP","607401",9,"WECC","Los Angeles County","CA037","037","Electric Utility",33.7688,-118.1009,"AES Corporation (Owner)|AES Corporation (Operator)","Phase 2",,"Combined cycle","Pipeline Natural Gas",,,"Dry Low NOx Burners|Selective Catalytic Reduction",,,"2019-10-03","Operating",2350,"1A (231.4), 1S (241.1)"
"CA","AES Alamitos",315,"CT1",,2024,"ARP","607401 (Ended May 20, 2024), 608105 (Started May 20, 2024)",9,"WECC","Los Angeles County","CA037","037","Electric Utility",33.7688,-118.1009,"AES Corporation (Owner)|AES Corporation (Operator)","Phase 2",,"Combined cycle","Pipeline Natural Gas",,,"Dry Low NOx Burners|Selective Catalytic Reduction",,,"2019-10-03","Operating",2350,"1A (231.4), 1S (241.1)"
"CA","AES Alamitos",315,"CT1",,2025,"ARP","608105",9,"WECC","Los Angeles County","CA037","037","Electric Utility",33.7688,-118.1009,"AES Corporation (Owner)|AES Corporation (Operator)","Phase 2",,"Combined cycle","Pipeline Natural Gas",,,"Dry Low NOx Burners|Selective Catalytic Reduction",,,"2019-10-03","Operating",2350,"1A (231.4), 1S (241.1)"
"CA","AES Alamitos",315,"CT2",,2022,"ARP","607401",9,"WECC","Los Angeles County","CA037","037","Electric Utility",33.7688,-118.1009,"AES Corporation (Owner)|AES Corporation (Operator)","Phase 2",,"Combined cycle","Pipeline Natural Gas",,,"Dry Low NOx Burners|Selective Catalytic Reduction",,,"2019-10-11","Operating",2350,"1S (241.1), 1B (231.4)"
"CA","AES Alamitos",315,"CT2",,2023,"ARP","607401",9,"WECC","Los Angeles County","CA037","037","Electric Utility",33.7688,-118.1009,"AES Corporation (Owner)|AES Corporation (Operator)","Phase 2",,"Combined cycle","Pipeline Natural Gas",,,"Dry Low NOx Burners|Selective Catalytic Reduction",,,"2019-10-11","Operating",2350,"1S (241.1), 1B (231.4)"
"CA","AES Alamitos",315,"CT2",,2024,"ARP","607401 (Ended May 20, 2024), 608105 (Started May 20, 2024)",9,"WECC","Los Angeles County","CA037","037","Electric Utility",33.7688,-118.1009,"AES Corporation (Owner)|AES Corporation (Operator)","Phase 2",,"Combined cycle","Pipeline Natural Gas",,,"Dry Low NOx Burners|Selective Catalytic Reduction",,,"2019-10-11","Operating",2350,"1S (241.1), 1B (231.4)"
"CA","AES Alamitos",315,"CT2",,2025,"ARP","608105",9,"WECC","Los Angeles County","CA037","037","Electric Utility",33.7688,-118.1009,"AES Corporation (Owner)|AES Corporation (Operator)","Phase 2",,"Combined cycle","Pipeline Natural Gas",,,"Dry Low NOx Burners|Selective Catalytic Reduction",,,"2019-10-11","Operating",2350,"1S (241.1), 1B (231.4)"
"CA","El Segundo",330,"5",,2022,"ARP","604895",9,"WECC","Los Angeles County","CA037","037","Electric Utility",33.9106,-118.425,"El Segundo Power, LLC (Owner)|NRG El Segundo Operations Inc. (Operator)","Phase 2",,"Combined cycle","Pipeline Natural Gas",,,"Dry Low NOx Burners|Selective Catalytic Reduction",,,"2013-05-03","Operating",2600,"6 (70), 5 (198)"
"CA","El Segundo",330,"5",,2023,"ARP","604895 (Ended Jan 15, 2023), 609365 (Started Jan 15, 2023)",9,"WECC","Los Angeles County","CA037","037","Electric Utility",33.9106,-118.425,"El Segundo Power, LLC (Owner)|NRG El Segundo Operations Inc. (Operator)","Phase 2",,"Combined cycle","Pipeline Natural Gas",,,"Dry Low NOx Burners|Selective Catalytic Reduction",,,"2013-05-03","Operating",2600,"6 (70), 5 (198)"
"CA","El Segundo",330,"5",,2024,"ARP","609365",9,"WECC","Los Angeles County","CA037","037","Electric Utility",33.9106,-118.425,"El Segundo Power, LLC (Owner)|NRG El Segundo Operations Inc. (Operator)","Phase 2",,"Combined cycle","Pipeline Natural Gas",,,"Dry Low NOx Burners|Selective Catalytic Reduction",,,"2013-05-03","Operating",2600,"6 (70), 5 (198)"
"CA","El Segundo",330,"5",,2025,"ARP","609365",9,"WECC","Los Angeles County","CA037","037","Electric Utility",33.9106,-118.425,"El Segundo Power, LLC (Owner)|NRG El Segundo Operations Inc. (Operator)","Phase 2",,"Combined cycle","Pipeline Natural Gas",,,"Dry Low NOx Burners|Selective Catalytic Reduction",,,"2013-05-03","Operating",2600,"6 (70), 5 (198)"
"CA","El Segundo",330,"7",,2022,"ARP","604895",9,"WECC","Los Angeles County","CA037","037","Electric Utility",33.9106,-118.425,"El Segundo Power, LLC (Owner)|NRG El Segundo Operations Inc. (Operator)","Phase 2",,"Combined cycle","Pipeline Natural Gas",,,"Dry Low NOx Burners|Selective Catalytic Reduction",,,"2013-04-10","Operating",2400,"7 (198), 8 (70)"
"CA","El Segundo",330,"7",,2023,"ARP","604895 (Ended Jan 15, 2023), 609365 (Started Jan 15, 2023)",9,"WECC","Los Angeles County","CA037","037","Electric Utility",33.9106,-118.425,"El Segundo Power, LLC (Owner)|NRG El Segundo Operations Inc. (Operator)","Phase 2",,"Combined cycle","Pipeline Natural Gas",,,"Dry Low NOx Burners|Selective Catalytic Reduction",,,"2013-04-10","Operating",2400,"7 (198), 8 (70)"
"CA","El Segundo",330,"7",,2024,"ARP","609365",9,"WECC","Los Angeles County","CA037","037","Electric Utility",33.9106,-118.425,"El Segundo Power, LLC (Owner)|NRG El Segundo Operations Inc. (Operator)","Phase 2",,"Combined cycle","Pipeline Natural Gas",,,"Dry Low NOx Burners|Selective Catalytic Reduction",,,"2013-04-10","Operating",2400,"7 (198), 8 (70)"
"CA","El Segundo",330,"7",,2025,"ARP","609365",9,"WECC","Los Angeles County","CA037","037","Electric Utility",33.9106,-118.425,"El Segundo Power, LLC (Owner)|NRG El Segundo Operations Inc. (Operator)","Phase 2",,"Combined cycle","Pipeline Natural Gas",,,"Dry Low NOx Burners|Selective Catalytic Reduction",,,"2013-04-10","Operating",2400,"7 (198), 8 (70)"
"CA","AES Huntington Beach",335,"2",,2022,"ARP","607401",9,"WECC","Orange County","CA059","059","Electric Utility",33.6436,-117.9788,"AES Corporation (Owner)|AES Corporation (Operator)","Phase 2",,"Dry bottom wall-fired boiler","Pipeline Natural Gas","Residual Oil",,,,,"1958-10-01","Operating",2400,"2 (217.6)"
"CA","AES Huntington Beach",335,"2",,2023,"ARP","607401",9,"WECC","Orange County","CA059","059","Electric Utility",33.6436,-117.9788,"AES Corporation (Owner)|AES Corporation (Operator)","Phase 2",,"Dry bottom wall-fired boiler","Pipeline Natural Gas","Residual Oil",,,,,"1958-10-01","Operating",2400,"2 (217.6)"
"CA","AES Huntington Beach",335,"2",,2024,"ARP","607401 (Ended May 20, 2024), 608105 (Started May 20, 2024)",9,"WECC","Orange County","CA059","059","Electric Utility",33.6436,-117.9788,"AES Corporation (Owner)|AES Corporation (Operator)","Phase 2",,"Dry bottom wall-fired boiler","Pipeline Natural Gas","Residual Oil",,,,,"1958-10-01","Operating",2400,"2 (217.6)"
"CA","AES Huntington Beach",335,"2",,2025,"ARP","608105",9,"WECC","Orange County","CA059","059","Electric Utility",33.6436,-117.9788,"AES Corporation (Owner)|AES Corporation (Operator)","Phase 2",,"Dry bottom wall-fired boiler","Pipeline Natural Gas","Residual Oil",,,,,"1958-10-01","Operating",2400,"2 (217.6)"
"CA","AES Huntington Beach",335,"CT1",,2022,"ARP","607401",9,"WECC","Orange County","CA059","059","Electric Utility",33.6436,-117.9788,"AES Corporation (Owner)|AES Corporation (Operator)","Phase 2",,"Combined cycle","Pipeline Natural Gas",,,"Dry Low NOx Burners|Selective Catalytic Reduction",,,"2019-10-04","Operating",2400,"1S (241.1), 1A (231.4)"
"CA","AES Huntington Beach",335,"CT1",,2023,"ARP","607401",9,"WECC","Orange County","CA059","059","Electric Utility",33.6436,-117.9788,"AES Corporation (Owner)|AES Corporation (Operator)","Phase 2",,"Combined cycle","Pipeline Natural Gas",,,"Dry Low NOx Burners|Selective Catalytic Reduction",,,"2019-10-04","Operating",2400,"1S (241.1), 1A (231.4)"
"CA","AES Huntington Beach",335,"CT1",,2024,"ARP","607401 (Ended May 20, 2024), 608105 (Started May 20, 2024)",9,"WECC","Orange County","CA059","059","Electric Utility",33.6436,-117.9788,"AES Corporation (Owner)|AES Corporation (Operator)","Phase 2",,"Combined cycle","Pipeline Natural Gas",,,"Dry Low NOx Burners|Selective Catalytic Reduction",,,"2019-10-04","Operating",2400,"1S (241.1), 1A (231.4)"
"CA","AES Huntington Beach",335,"CT1",,2025,"ARP","608105",9,"WECC","Orange County","CA059","059","Electric Utility",33.6436,-117.9788,"AES Corporation (Owner)|AES Corporation (Operator)","Phase 2",,"Combined cycle","Pipeline Natural Gas",,,"Dry Low NOx Burners|Selective Catalytic Reduction",,,"2019-10-04","Operating",2400,"1S (241.1), 1A (231.4)"
"CA","AES Huntington Beach",335,"CT2",,2022,"ARP","607401",9,"WECC","Orange County","CA059","059","Electric Utility",33.6436,-117.9788,"AES Corporation (Owner)|AES Corporation (Operator)","Phase 2",,"Combined cycle","Pipeline Natural Gas",,,"Dry Low NOx Burners|Selective Catalytic Reduction",,,"2019-10-13","Operating",2400,"1S (241.1), 1B (231.4)"
"CA","AES Huntington Beach",335,"CT2",,2023,"ARP","607401",9,"WECC","Orange County","CA059","059","Electric Utility",33.6436,-117.9788,"AES Corporation (Owner)|AES Corporation (Operator)","Phase 2",,"Combined cycle","Pipeline Natural Gas",,,"Dry Low NOx Burners|Selective Catalytic Reduction",,,"2019-10-13","Operating",2400,"1S (241.1), 1B (231.4)"
"CA","AES Huntington Beach",335,"CT2",,2024,"ARP","607401 (Ended May 20, 2024), 608105 (Started May 20, 2024)",9,"WECC","Orange County","CA059","059","Electric Utility",33.6436,-117.9788,"AES Corporation (Owner)|AES Corporation (Operator)","Phase 2",,"Combined cycle","Pipeline Natural Gas",,,"Dry Low NOx Burners|Selective Catalytic Reduction",,,"2019-10-13","Operating",2400,"1S (241.1), 1B (231.4)"
"CA","AES Huntington Beach",335,"CT2",,2025,"ARP","608105",9,"WECC","Orange County","CA059","059","Electric Utility",33.6436,-117.9788,"AES Corporation (Owner)|AES Corporation (Operator)","Phase 2",,"Combined cycle","Pipeline Natural Gas",,,"Dry Low NOx Burners|Selective Catalytic Reduction",,,"2019-10-13","Operating",2400,"1S (241.1), 1B (231.4)"
"CA","Long Beach Generating Station",341,"1",,2022,"ARP","609365 (Ended Feb 08, 2022), 607293 (Started Feb 08, 2022)",9,,"Los Angeles County","CA037","037","Electric Utility",33.7641,-118.2248,"Long Beach Generation, LLC (Owner)|Long Beach Generation, LLC (Operator)","Phase 2",,"Combustion turbine","Pipeline Natural Gas",,,"Water Injection|Selective Catalytic Reduction",,,"2007-08-01","Operating",1125,"CT1 (63)"
"CA","Long Beach Generating Station",341,"1",,2023,"ARP","607293",9,,"Los Angeles County","CA037","037","Electric Utility",33.7641,-118.2248,"Long Beach Generation, LLC (Owner)|Long Beach Generation, LLC (Operator)","Phase 2",,"Combustion turbine","Pipeline Natural Gas",,,"Water Injection|Selective Catalytic Reduction",,,"2007-08-01","Operating",1125,"CT1 (63)"
"CA","Long Beach Generating Station",341,"1",,2024,"ARP","607293",9,,"Los Angeles County","CA037","037","Electric Utility",33.7641,-118.2248,"Long Beach Generation, LLC (Owner)|Long Beach Generation, LLC (Operator)","Phase 2",,"Combustion turbine","Pipeline Natural Gas",,,"Water Injection|Selective Catalytic Reduction",,,"2007-08-01","Operating",1125,"CT1 (63)"
"CA","Long Beach Generating Station",341,"1",,2025,"ARP","607293",9,,"Los Angeles County","CA037","037","Electric Utility",33.7641,-118.2248,"Long Beach Generation, LLC (Owner)|Long Beach Generation, LLC (Operator)","Phase 2",,"Combustion turbine","Pipeline Natural Gas",,,"Water Injection|Selective Catalytic Reduction",,,"2007-08-01","Operating",1125,"CT1 (63)"
"CA","Long Beach Generating Station",341,"2",,2022,"ARP","609365 (Ended Feb 08, 2022), 607293 (Started Feb 08, 2022)",9,,"Los Angeles County","CA037","037","Electric Utility",33.7641,-118.2248,"Long Beach Generation, LLC (Owner)|Long Beach Generation, LLC (Operator)","Phase 2",,"Combustion turbine","Pipeline Natural Gas",,,"Water Injection|Selective Catalytic Reduction",,,"2007-08-01","Operating",1100,"CT2 (63)"
"CA","Long Beach Generating Station",341,"2",,2023,"ARP","607293",9,,"Los Angeles County","CA037","037","Electric Utility",33.7641,-118.2248,"Long Beach Generation, LLC (Owner)|Long Beach Generation, LLC (Operator)","Phase 2",,"Combustion turbine","Pipeline Natural Gas",,,"Water Injection|Selective Catalytic Reduction",,,"2007-08-01","Operating",1100,"CT2 (63)"
"CA","Long Beach Generating Station",341,"2",,2024,"ARP","607293",9,,"Los Angeles County","CA037","037","Electric Utility",33.7641,-118.2248,"Long Beach Generation, LLC (Owner)|Long Beach Generation, LLC (Operator)","Phase 2",,"Combustion turbine","Pipeline Natural Gas",,,"Water Injection|Selective Catalytic Reduction",,,"2007-08-01","Operating",1100,"CT2 (63)"
"CA","Long Beach Generating Station",341,"2",,2025,"ARP","607293",9,,"Los Angeles County","CA037","037","Electric Utility",33.7641,-118.2248,"Long Beach Generation, LLC (Owner)|Long Beach Generation, LLC (Operator)","Phase 2",,"Combustion turbine","Pipeline Natural Gas",,,"Water Injection|Selective Catalytic Reduction",,,"2007-08-01","Operating",1100,"CT2 (63)"
"CA","Long Beach Generating Station",341,"3",,2022,"ARP","609365 (Ended Feb 08, 2022), 607293 (Started Feb 08, 2022)",9,,"Los Angeles County","CA037","037","Electric Utility",33.7641,-118.2248,"Long Beach Generation, LLC (Owner)|Long Beach Generation, LLC (Operator)","Phase 2",,"Combustion turbine","Pipeline Natural Gas",,,"Water Injection|Selective Catalytic Reduction",,,"2007-08-01","Operating",1136,"CT3 (63)"
"CA","Long Beach Generating Station",341,"3",,2023,"ARP","607293",9,,"Los Angeles County","CA037","037","Electric Utility",33.7641,-118.2248,"Long Beach Generation, LLC (Owner)|Long Beach Generation, LLC (Operator)","Phase 2",,"Combustion turbine","Pipeline Natural Gas",,,"Water Injection|Selective Catalytic Reduction",,,"2007-08-01","Operating",1136,"CT3 (63)"
"CA","Long Beach Generating Station",341,"3",,2024,"ARP","607293",9,,"Los Angeles County","CA037","037","Electric Utility",33.7641,-118.2248,"Long Beach Generation, LLC (Owner)|Long Beach Generation, LLC (Operator)","Phase 2",,"Combustion turbine","Pipeline Natural Gas",,,"Water Injection|Selective Catalytic Reduction",,,"2007-08-01","Operating",1136,"CT3 (63)"
"CA","Long Beach Generating Station",341,"3",,2025,"ARP","607293",9,,"Los Angeles County","CA037","037","Electric Utility",33.7641,-118.2248,"Long Beach Generation, LLC (Owner)|Long Beach Generation, LLC (Operator)","Phase 2",,"Combustion turbine","Pipeline Natural Gas",,,"Water Injection|Selective Catalytic Reduction",,,"2007-08-01","Operating",1136,"CT3 (63)"
"CA","Long Beach Generating Station",341,"4",,2022,"ARP","609365 (Ended Feb 08, 2022), 607293 (Started Feb 08, 2022)",9,,"Los Angeles County","CA037","037","Electric Utility",33.7641,-118.2248,"Long Beach Generation, LLC (Owner)|Long Beach Generation, LLC (Operator)","Phase 2",,"Combustion turbine","Pipeline Natural Gas",,,"Water Injection|Selective Catalytic Reduction",,,"2007-08-01","Operating",1100,"CT4 (63)"
"CA","Long Beach Generating Station",341,"4",,2023,"ARP","607293",9,,"Los Angeles County","CA037","037","Electric Utility",33.7641,-118.2248,"Long Beach Generation, LLC (Owner)|Long Beach Generation, LLC (Operator)","Phase 2",,"Combustion turbine","Pipeline Natural Gas",,,"Water Injection|Selective Catalytic Reduction",,,"2007-08-01","Operating",1100,"CT4 (63)"
"CA","Long Beach Generating Station",341,"4",,2024,"ARP","607293",9,,"Los Angeles County","CA037","037","Electric Utility",33.7641,-118.2248,"Long Beach Generation, LLC (Owner)|Long Beach Generation, LLC (Operator)","Phase 2",,"Combustion turbine","Pipeline Natural Gas",,,"Water Injection|Selective Catalytic Reduction",,,"2007-08-01","Operating",1100,"CT4 (63)"
"CA","Long Beach Generating Station",341,"4",,2025,"ARP","607293",9,,"Los Angeles County","CA037","037","Electric Utility",33.7641,-118.2248,"Long Beach Generation, LLC (Owner)|Long Beach Generation, LLC (Operator)","Phase 2",,"Combustion turbine","Pipeline Natural Gas",,,"Water Injection|Selective Catalytic Reduction",,,"2007-08-01","Operating",1100,"CT4 (63)"
"CA","Ormond Beach Power, LLC.",350,"1",,2022,"ARP","606984",9,"WECC","Ventura County","CA111","111","Electric Utility",34.1292,-119.1689,"Ormond Beach Power, LLC (Owner)|Ormond Beach Power, LLC (Operator)","Phase 2",,"Dry bottom wall-fired boiler","Pipeline Natural Gas",,,"Selective Catalytic Reduction",,,"1971-12-01","Operating",7500,"1 (806.4)"
"CA","Ormond Beach Power, LLC.",350,"1",,2023,"ARP","606984",9,"WECC","Ventura County","CA111","111","Electric Utility",34.1292,-119.1689,"Ormond Beach Power, LLC (Owner)|Ormond Beach Power, LLC (Operator)","Phase 2",,"Dry bottom wall-fired boiler","Pipeline Natural Gas",,,"Selective Catalytic Reduction",,,"1971-12-01","Operating",7500,"1 (806.4)"
"CA","Ormond Beach Power, LLC.",350,"1",,2024,"ARP","606984",9,"WECC","Ventura County","CA111","111","Electric Utility",34.1292,-119.1689,"Ormond Beach Power, LLC (Owner)|Ormond Beach Power, LLC (Operator)","Phase 2",,"Dry bottom wall-fired boiler","Pipeline Natural Gas",,,"Selective Catalytic Reduction",,,"1971-12-01","Operating",7500,"1 (806.4)"
"CA","Ormond Beach Power, LLC.",350,"1",,2025,"ARP","606984",9,"WECC","Ventura County","CA111","111","Electric Utility",34.1292,-119.1689,"Ormond Beach Power, LLC (Owner)|Ormond Beach Power, LLC (Operator)","Phase 2",,"Dry bottom wall-fired boiler","Pipeline Natural Gas",,,"Selective Catalytic Reduction",,,"1971-12-01","Operating",7500,"1 (806.4)"
"CA","Ormond Beach Power, LLC.",350,"2",,2022,"ARP","606984",9,"WECC","Ventura County","CA111","111","Electric Utility",34.1292,-119.1689,"Ormond Beach Power, LLC (Owner)|Ormond Beach Power, LLC (Operator)","Phase 2",,"Dry bottom wall-fired boiler","Pipeline Natural Gas",,,"Selective Catalytic Reduction",,,"1973-06-01","Operating",7500,"2 (806.4)"
"CA","Ormond Beach Power, LLC.",350,"2",,2023,"ARP","606984",9,"WECC","Ventura County","CA111","111","Electric Utility",34.1292,-119.1689,"Ormond Beach Power, LLC (Owner)|Ormond Beach Power, LLC (Operator)","Phase 2",,"Dry bottom wall-fired boiler","Pipeline Natural Gas",,,"Selective Catalytic Reduction",,,"1973-06-01","Operating",7500,"2 (806.4)"
"CA","Ormond Beach Power, LLC.",350,"2",,2024,"ARP","606984",9,"WECC","Ventura County","CA111","111","Electric Utility",34.1292,-119.1689,"Ormond Beach Power, LLC (Owner)|Ormond Beach Power, LLC (Operator)","Phase 2",,"Dry bottom wall-fired boiler","Pipeline Natural Gas",,,"Selective Catalytic Reduction",,,"1973-06-01","Operating",7500,"2 (806.4)"
"CA","Ormond Beach Power, LLC.",350,"2",,2025,"ARP","606984",9,"WECC","Ventura County","CA111","111","Electric Utility",34.1292,-119.1689,"Ormond Beach Power, LLC (Owner)|Ormond Beach Power, LLC (Operator)","Phase 2",,"Dry bottom wall-fired boiler","Pipeline Natural Gas",,,"Selective Catalytic Reduction",,,"1973-06-01","Operating",7500,"2 (806.4)"
"CA","AES Redondo Beach",356,"5",,2022,"ARP","608105",9,"WECC","Los Angeles County","CA037","037","Electric Utility",33.8504,-118.395,"AES Corporation (Owner)|AES Corporation (Operator)","Phase 2",,"Dry bottom wall-fired boiler","Pipeline Natural Gas","Residual Oil",,,,,"1954-09-01","Operating",2000,"5 (175)"
"CA","AES Redondo Beach",356,"5",,2023,"ARP","608105",9,"WECC","Los Angeles County","CA037","037","Electric Utility",33.8504,-118.395,"AES Corporation (Owner)|AES Corporation (Operator)","Phase 2",,"Dry bottom wall-fired boiler","Pipeline Natural Gas","Residual Oil",,,,,"1954-09-01","Operating",2000,"5 (175)"
"CA","AES Redondo Beach",356,"6",,2022,"ARP","608105",9,"WECC","Los Angeles County","CA037","037","Electric Utility",33.8504,-118.395,"AES Corporation (Owner)|AES Corporation (Operator)","Phase 2",,"Dry bottom wall-fired boiler","Pipeline Natural Gas","Residual Oil",,,,,"1957-06-01","Operating",1850,"6 (175)"
"CA","AES Redondo Beach",356,"6",,2023,"ARP","608105",9,"WECC","Los Angeles County","CA037","037","Electric Utility",33.8504,-118.395,"AES Corporation (Owner)|AES Corporation (Operator)","Phase 2",,"Dry bottom wall-fired boiler","Pipeline Natural Gas","Residual Oil",,,,,"1957-06-01","Operating",1850,"6 (175)"
"CA","AES Redondo Beach",356,"8",,2022,"ARP","608105",9,"WECC","Los Angeles County","CA037","037","Electric Utility",33.8504,-118.395,"AES Corporation (Owner)|AES Corporation (Operator)","Phase 2",,"Dry bottom wall-fired boiler","Pipeline Natural Gas","Residual Oil",,,,,"1967-04-01","Operating",5000,"8 (480)"
"CA","AES Redondo Beach",356,"8",,2023,"ARP","608105",9,"WECC","Los Angeles County","CA037","037","Electric Utility",33.8504,-118.395,"AES Corporation (Owner)|AES Corporation (Operator)","Phase 2",,"Dry bottom wall-fired boiler","Pipeline Natural Gas","Residual Oil",,,,,"1967-04-01","Operating",5000,"8 (480)"
"CA","Mountainview Generating Station",358,"3-1",,2022,"ARP","607649",9,"WECC","San Bernardino County","CA071","071","Electric Utility",34.0836,-117.2408,"Southern California Edison Company (Owner)|Southern California Edison Company (Operator)","Phase 2",,"Combined cycle","Pipeline Natural Gas",,,"Dry Low NOx Burners|Ammonia Injection|Selective Catalytic Reduction",,,"2005-08-10","Operating",2113,"MV3A (175.7), MV3C (209.2)"
"CA","Mountainview Generating Station",358,"3-1",,2023,"ARP","607649",9,"WECC","San Bernardino County","CA071","071","Electric Utility",34.0836,-117.2408,"Southern California Edison Company (Owner)|Southern California Edison Company (Operator)","Phase 2",,"Combined cycle","Pipeline Natural Gas",,,"Dry Low NOx Burners|Ammonia Injection|Selective Catalytic Reduction",,,"2005-08-10","Operating",2113,"MV3A (175.7), MV3C (209.2)"
"CA","Mountainview Generating Station",358,"3-1",,2024,"ARP","607649",9,"WECC","San Bernardino County","CA071","071","Electric Utility",34.0836,-117.2408,"Southern California Edison Company (Owner)|Southern California Edison Company (Operator)","Phase 2",,"Combined cycle","Pipeline Natural Gas",,,"Dry Low NOx Burners|Ammonia Injection|Selective Catalytic Reduction",,,"2005-08-10","Operating",2113,"MV3A (175.7), MV3C (209.2)"
"CA","Mountainview Generating Station",358,"3-1",,2025,"ARP","607649 (Ended Mar 05, 2025), 611224 (Started Mar 06, 2025)",9,"WECC","San Bernardino County","CA071","071","Electric Utility",34.0836,-117.2408,"Southern California Edison Company (Owner)|Southern California Edison Company (Operator)","Phase 2",,"Combined cycle","Pipeline Natural Gas",,,"Dry Low NOx Burners|Ammonia Injection|Selective Catalytic Reduction",,,"2005-08-10","Operating",2113,"MV3A (175.7), MV3C (209.2)"
"CA","Mountainview Generating Station",358,"3-2",,2022,"ARP","607649",9,"WECC","San Bernardino County","CA071","071","Electric Utility",34.0836,-117.2408,"Southern California Edison Company (Owner)|Southern California Edison Company (Operator)","Phase 2",,"Combined cycle","Pipeline Natural Gas",,,"Dry Low NOx Burners|Ammonia Injection|Selective Catalytic Reduction",,,"2005-08-20","Operating",2113,"MV3C (209.2), MV3B (175.7)"
"CA","Mountainview Generating Station",358,"3-2",,2023,"ARP","607649",9,"WECC","San Bernardino County","CA071","071","Electric Utility",34.0836,-117.2408,"Southern California Edison Company (Owner)|Southern California Edison Company (Operator)","Phase 2",,"Combined cycle","Pipeline Natural Gas",,,"Dry Low NOx Burners|Ammonia Injection|Selective Catalytic Reduction",,,"2005-08-20","Operating",2113,"MV3C (209.2), MV3B (175.7)"
"CA","Mountainview Generating Station",358,"3-2",,2024,"ARP","607649",9,"WECC","San Bernardino County","CA071","071","Electric Utility",34.0836,-117.2408,"Southern California Edison Company (Owner)|Southern California Edison Company (Operator)","Phase 2",,"Combined cycle","Pipeline Natural Gas",,,"Dry Low NOx Burners|Ammonia Injection|Selective Catalytic Reduction",,,"2005-08-20","Operating",2113,"MV3C (209.2), MV3B (175.7)"
"CA","Mountainview Generating Station",358,"3-2",,2025,"ARP","607649 (Ended Mar 05, 2025), 611224 (Started Mar 06, 2025)",9,"WECC","San Bernardino County","CA071","071","Electric Utility",34.0836,-117.2408,"Southern California Edison Company (Owner)|Southern California Edison Company (Operator)","Phase 2",,"Combined cycle","Pipeline Natural Gas",,,"Dry Low NOx Burners|Ammonia Injection|Selective Catalytic Reduction",,,"2005-08-20","Operating",2113,"MV3C (209.2), MV3B (175.7)"
"CA","Mountainview Generating Station",358,"4-1",,2022,"ARP","607649",9,"WECC","San Bernardino County","CA071","071","Electric Utility",34.0836,-117.2408,"Southern California Edison Company (Owner)|Southern California Edison Company (Operator)","Phase 2",,"Combined cycle","Pipeline Natural Gas",,,"Dry Low NOx Burners|Ammonia Injection|Selective Catalytic Reduction",,,"2005-11-04","Operating",2113,"MV4C (209.2), MV4A (175.7)"
"CA","Mountainview Generating Station",358,"4-1",,2023,"ARP","607649",9,"WECC","San Bernardino County","CA071","071","Electric Utility",34.0836,-117.2408,"Southern California Edison Company (Owner)|Southern California Edison Company (Operator)","Phase 2",,"Combined cycle","Pipeline Natural Gas",,,"Dry Low NOx Burners|Ammonia Injection|Selective Catalytic Reduction",,,"2005-11-04","Operating",2113,"MV4C (209.2), MV4A (175.7)"
"CA","Mountainview Generating Station",358,"4-1",,2024,"ARP","607649",9,"WECC","San Bernardino County","CA071","071","Electric Utility",34.0836,-117.2408,"Southern California Edison Company (Owner)|Southern California Edison Company (Operator)","Phase 2",,"Combined cycle","Pipeline Natural Gas",,,"Dry Low NOx Burners|Ammonia Injection|Selective Catalytic Reduction",,,"2005-11-04","Operating",2113,"MV4C (209.2), MV4A (175.7)"
"CA","Mountainview Generating Station",358,"4-1",,2025,"ARP","607649 (Ended Mar 05, 2025), 611224 (Started Mar 06, 2025)",9,"WECC","San Bernardino County","CA071","071","Electric Utility",34.0836,-117.2408,"Southern California Edison Company (Owner)|Southern California Edison Company (Operator)","Phase 2",,"Combined cycle","Pipeline Natural Gas",,,"Dry Low NOx Burners|Ammonia Injection|Selective Catalytic Reduction",,,"2005-11-04","Operating",2113,"MV4C (209.2), MV4A (175.7)"
"CA","Mountainview Generating Station",358,"4-2",,2022,"ARP","607649",9,"WECC","San Bernardino County","CA071","071","Electric Utility",34.0836,-117.2408,"Southern California Edison Company (Owner)|Southern California Edison Company (Operator)","Phase 2",,"Combined cycle","Pipeline Natural Gas",,,"Dry Low NOx Burners|Ammonia Injection|Selective Catalytic Reduction",,,"2005-11-21","Operating",2113,"MV4B (175.7), MV4C (209.2)"
"CA","Mountainview Generating Station",358,"4-2",,2023,"ARP","607649",9,"WECC","San Bernardino County","CA071","071","Electric Utility",34.0836,-117.2408,"Southern California Edison Company (Owner)|Southern California Edison Company (Operator)","Phase 2",,"Combined cycle","Pipeline Natural Gas",,,"Dry Low NOx Burners|Ammonia Injection|Selective Catalytic Reduction",,,"2005-11-21","Operating",2113,"MV4B (175.7), MV4C (209.2)"
"CA","Mountainview Generating Station",358,"4-2",,2024,"ARP","607649",9,"WECC","San Bernardino County","CA071","071","Electric Utility",34.0836,-117.2408,"Southern California Edison Company (Owner)|Southern California Edison Company (Operator)","Phase 2",,"Combined cycle","Pipeline Natural Gas",,,"Dry Low NOx Burners|Ammonia Injection|Selective Catalytic Reduction",,,"2005-11-21","Operating",2113,"MV4B (175.7), MV4C (209.2)"
"CA","Mountainview Generating Station",358,"4-2",,2025,"ARP","607649 (Ended Mar 05, 2025), 611224 (Started Mar 06, 2025)",9,"WECC","San Bernardino County","CA071","071","Electric Utility",34.0836,-117.2408,"Southern California Edison Company (Owner)|Southern California Edison Company (Operator)","Phase 2",,"Combined cycle","Pipeline Natural Gas",,,"Dry Low NOx Burners|Ammonia Injection|Selective Catalytic Reduction",,,"2005-11-21","Operating",2113,"MV4B (175.7), MV4C (209.2)"
"CA","Grayson Power Plant",377,"4",,2022,"ARP","606760",9,"WECC","Los Angeles County","CA037","037","Electric Utility",34.1556,-118.2782,"City of Glendale (Owner)|City of Glendale (Operator)","Phase 2",,"Dry bottom wall-fired boiler","Pipeline Natural Gas","Diesel Oil, Other Gas",,"Low NOx Burner Technology (Dry Bottom only)",,,"1959-09-15","Operating",650,"4 (44)"
"CA","Grayson Power Plant",377,"4",,2023,"ARP","606760 (Ended Sep 12, 2023), 610773 (Started Sep 12, 2023)",9,"WECC","Los Angeles County","CA037","037","Electric Utility",34.1556,-118.2782,"City of Glendale (Owner)|City of Glendale (Operator)","Phase 2",,"Dry bottom wall-fired boiler","Pipeline Natural Gas","Diesel Oil, Other Gas",,"Low NOx Burner Technology (Dry Bottom only)",,,"1959-09-15","Operating (Retired 05/12/2023)",650,"4 (44)"
"CA","Grayson Power Plant",377,"5",,2022,"ARP","606760",9,"WECC","Los Angeles County","CA037","037","Electric Utility",34.1556,-118.2782,"City of Glendale (Owner)|City of Glendale (Operator)","Phase 2",,"Dry bottom wall-fired boiler","Pipeline Natural Gas","Other Gas, Residual Oil",,"Other",,,"1964-09-01","Operating",650,"5 (44)"
"CA","Grayson Power Plant",377,"5",,2023,"ARP","606760 (Ended Sep 12, 2023), 610773 (Started Sep 12, 2023)",9,"WECC","Los Angeles County","CA037","037","Electric Utility",34.1556,-118.2782,"City of Glendale (Owner)|City of Glendale (Operator)","Phase 2",,"Dry bottom wall-fired boiler","Pipeline Natural Gas","Other Gas, Residual Oil",,"Other",,,"1964-09-01","Operating (Retired 04/27/2023)",650,"5 (44)"
"CA","Grayson Power Plant",377,"9",,2022,"ARP","606760",9,"WECC","Los Angeles County","CA037","037","Electric Utility",34.1556,-118.2782,"City of Glendale (Owner)|City of Glendale (Operator)","Phase 2",,"Combustion turbine","Pipeline Natural Gas",,,"Selective Catalytic Reduction",,,"2004-01-14","Operating",470,"9 (50)"
"CA","Grayson Power Plant",377,"9",,2023,"ARP","606760 (Ended Sep 12, 2023), 610773 (Started Sep 12, 2023)",9,"WECC","Los Angeles County","CA037","037","Electric Utility",34.1556,-118.2782,"City of Glendale (Owner)|City of Glendale (Operator)","Phase 2",,"Combustion turbine","Pipeline Natural Gas",,,"Selective Catalytic Reduction",,,"2004-01-14","Operating",470,"9 (50)"
"CA","Grayson Power Plant",377,"9",,2024,"ARP","610773",9,"WECC","Los Angeles County","CA037","037","Electric Utility",34.1556,-118.2782,"City of Glendale (Owner)|City of Glendale (Operator)","Phase 2",,"Combustion turbine","Pipeline Natural Gas",,,"Selective Catalytic Reduction",,,"2004-01-14","Operating",470,"9 (50)"
"CA","Grayson Power Plant",377,"9",,2025,"ARP","610773",9,"WECC","Los Angeles County","CA037","037","Electric Utility",34.1556,-118.2782,"City of Glendale (Owner)|City of Glendale (Operator)","Phase 2",,"Combustion turbine","Pipeline Natural Gas",,,"Selective Catalytic Reduction",,,"2004-01-14","Operating",470,"9 (50)"
"CA","El Centro",389,"2-2",,2022,"ARP","609428 (Ended Apr 12, 2022), 610320 (Started Apr 12, 2022)",9,"WECC","Imperial County","CA025","025","Electric Utility",32.8022,-115.54,"Imperial Irrigation District (Owner)|Imperial Irrigation District (Operator)","Phase 2",,"Combined cycle","Pipeline Natural Gas","Diesel Oil",,"Selective Catalytic Reduction",,,"1993-06-01","Operating",950,"2 (34.5), 2A (89.9)"
"CA","El Centro",389,"2-2",,2023,"ARP","610320",9,"WECC","Imperial County","CA025","025","Electric Utility",32.8022,-115.54,"Imperial Irrigation District (Owner)|Imperial Irrigation District (Operator)","Phase 2",,"Combined cycle","Pipeline Natural Gas","Diesel Oil",,"Selective Catalytic Reduction",,,"1993-06-01","Operating",950,"2 (34.5), 2A (89.9)"
"CA","El Centro",389,"2-2",,2024,"ARP","610320",9,"WECC","Imperial County","CA025","025","Electric Utility",32.8022,-115.54,"Imperial Irrigation District (Owner)|Imperial Irrigation District (Operator)","Phase 2",,"Combined cycle","Pipeline Natural Gas","Diesel Oil",,"Selective Catalytic Reduction",,,"1993-06-01","Operating",950,"2 (34.5), 2A (89.9)"
"CA","El Centro",389,"2-2",,2025,"ARP","610320",9,"WECC","Imperial County","CA025","025","Electric Utility",32.8022,-115.54,"Imperial Irrigation District (Owner)|Imperial Irrigation District (Operator)","Phase 2",,"Combined cycle","Pipeline Natural Gas","Diesel Oil",,"Selective Catalytic Reduction",,,"1993-06-01","Operating",950,"2 (34.5), 2A (89.9)"
"CA","El Centro",389,"3-1",,2022,"ARP","609428 (Ended Apr 12, 2022), 610320 (Started Apr 12, 2022)",9,"WECC","Imperial County","CA025","025","Electric Utility",32.8022,-115.54,"Imperial Irrigation District (Owner)|Imperial Irrigation District (Operator)","Phase 2",,"Combined cycle","Pipeline Natural Gas",,,"Dry Low NOx Burners|Selective Catalytic Reduction",,,"2012-03-01","Operating",525,"30 (65.9), 31 (43.2)"
"CA","El Centro",389,"3-1",,2023,"ARP","610320",9,"WECC","Imperial County","CA025","025","Electric Utility",32.8022,-115.54,"Imperial Irrigation District (Owner)|Imperial Irrigation District (Operator)","Phase 2",,"Combined cycle","Pipeline Natural Gas",,,"Dry Low NOx Burners|Selective Catalytic Reduction",,,"2012-03-01","Operating",525,"30 (65.9), 31 (43.2)"
"CA","El Centro",389,"3-1",,2024,"ARP","610320",9,"WECC","Imperial County","CA025","025","Electric Utility",32.8022,-115.54,"Imperial Irrigation District (Owner)|Imperial Irrigation District (Operator)","Phase 2",,"Combined cycle","Pipeline Natural Gas",,,"Dry Low NOx Burners|Selective Catalytic Reduction",,,"2012-03-01","Operating",525,"30 (65.9), 31 (43.2)"
"CA","El Centro",389,"3-1",,2025,"ARP","610320",9,"WECC","Imperial County","CA025","025","Electric Utility",32.8022,-115.54,"Imperial Irrigation District (Owner)|Imperial Irrigation District (Operator)","Phase 2",,"Combined cycle","Pipeline Natural Gas",,,"Dry Low NOx Burners|Selective Catalytic Reduction",,,"2012-03-01","Operating",525,"30 (65.9), 31 (43.2)"
"CA","El Centro",389,"3-2",,2022,"ARP","609428 (Ended Apr 12, 2022), 610320 (Started Apr 12, 2022)",9,"WECC","Imperial County","CA025","025","Electric Utility",32.8022,-115.54,"Imperial Irrigation District (Owner)|Imperial Irrigation District (Operator)","Phase 2",,"Combined cycle","Pipeline Natural Gas",,,"Dry Low NOx Burners|Selective Catalytic Reduction",,,"2012-03-06","Operating",525,"32 (43.2), 30 (65.9)"
"CA","El Centro",389,"3-2",,2023,"ARP","610320",9,"WECC","Imperial County","CA025","025","Electric Utility",32.8022,-115.54,"Imperial Irrigation District (Owner)|Imperial Irrigation District (Operator)","Phase 2",,"Combined cycle","Pipeline Natural Gas",,,"Dry Low NOx Burners|Selective Catalytic Reduction",,,"2012-03-06","Operating",525,"32 (43.2), 30 (65.9)"
"CA","El Centro",389,"3-2",,2024,"ARP","610320",9,"WECC","Imperial County","CA025","025","Electric Utility",32.8022,-115.54,"Imperial Irrigation District (Owner)|Imperial Irrigation District (Operator)","Phase 2",,"Combined cycle","Pipeline Natural Gas",,,"Dry Low NOx Burners|Selective Catalytic Reduction",,,"2012-03-06","Operating",525,"32 (43.2), 30 (65.9)"
"CA","El Centro",389,"3-2",,2025,"ARP","610320",9,"WECC","Imperial County","CA025","025","Electric Utility",32.8022,-115.54,"Imperial Irrigation District (Owner)|Imperial Irrigation District (Operator)","Phase 2",,"Combined cycle","Pipeline Natural Gas",,,"Dry Low NOx Burners|Selective Catalytic Reduction",,,"2012-03-06","Operating",525,"32 (43.2), 30 (65.9)"
"CA","El Centro",389,"4",,2022,"ARP","609428 (Ended Apr 12, 2022), 610320 (Started Apr 12, 2022)",9,"WECC","Imperial County","CA025","025","Electric Utility",32.8022,-115.54,"Imperial Irrigation District (Owner)|Imperial Irrigation District (Operator)","Phase 2",,"Dry bottom wall-fired boiler","Pipeline Natural Gas","Residual Oil",,"Selective Catalytic Reduction",,,"1968-08-01","Operating",819,"4 (81.6)"
"CA","El Centro",389,"4",,2023,"ARP","610320",9,"WECC","Imperial County","CA025","025","Electric Utility",32.8022,-115.54,"Imperial Irrigation District (Owner)|Imperial Irrigation District (Operator)","Phase 2",,"Dry bottom wall-fired boiler","Pipeline Natural Gas","Residual Oil",,"Selective Catalytic Reduction",,,"1968-08-01","Operating",819,"4 (81.6)"
"CA","El Centro",389,"4",,2024,"ARP","610320",9,"WECC","Imperial County","CA025","025","Electric Utility",32.8022,-115.54,"Imperial Irrigation District (Owner)|Imperial Irrigation District (Operator)","Phase 2",,"Dry bottom wall-fired boiler","Pipeline Natural Gas","Residual Oil",,"Selective Catalytic Reduction",,,"1968-08-01","Operating",819,"4 (81.6)"
"CA","El Centro",389,"4",,2025,"ARP","610320",9,"WECC","Imperial County","CA025","025","Electric Utility",32.8022,-115.54,"Imperial Irrigation District (Owner)|Imperial Irrigation District (Operator)","Phase 2",,"Dry bottom wall-fired boiler","Pipeline Natural Gas","Residual Oil",,"Selective Catalytic Reduction",,,"1968-08-01","Operating",819,"4 (81.6)"
"CA","Harbor Generating Station",399,"10",,2022,"ARP","2202 (Ended Aug 11, 2022), 609567 (Started Aug 11, 2022)",9,"WECC","Los Angeles County","CA037","037","Electric Utility",33.7691,-118.2662,"Los Angeles Department of Water and Power (Owner)|Los Angeles Department of Water and Power (Operator)","Phase 2",,"Combustion turbine","Pipeline Natural Gas","Diesel Oil",,"Selective Catalytic Reduction",,,"2001-10-28","Operating",500,"GT10 (60.5)"
"CA","Harbor Generating Station",399,"10",,2023,"ARP","609567",9,"WECC","Los Angeles County","CA037","037","Electric Utility",33.7691,-118.2662,"Los Angeles Department of Water and Power (Owner)|Los Angeles Department of Water and Power (Operator)","Phase 2",,"Combustion turbine","Pipeline Natural Gas","Diesel Oil",,"Selective Catalytic Reduction",,,"2001-10-28","Operating",500,"GT10 (60.5)"
"CA","Harbor Generating Station",399,"10",,2024,"ARP","609567",9,"WECC","Los Angeles County","CA037","037","Electric Utility",33.7691,-118.2662,"Los Angeles Department of Water and Power (Owner)|Los Angeles Department of Water and Power (Operator)","Phase 2",,"Combustion turbine","Pipeline Natural Gas","Diesel Oil",,"Selective Catalytic Reduction",,,"2001-10-28","Operating",500,"GT10 (60.5)"
"CA","Harbor Generating Station",399,"10",,2025,"ARP","609567",9,"WECC","Los Angeles County","CA037","037","Electric Utility",33.7691,-118.2662,"Los Angeles Department of Water and Power (Owner)|Los Angeles Department of Water and Power (Operator)","Phase 2",,"Combustion turbine","Pipeline Natural Gas","Diesel Oil",,"Selective Catalytic Reduction",,,"2001-10-28","Operating",500,"GT10 (60.5)"
"CA","Harbor Generating Station",399,"**10A",,2022,"ARP","2202 (Ended Aug 11, 2022), 609567 (Started Aug 11, 2022)",9,"WECC","Los Angeles County","CA037","037","Electric Utility",33.7691,-118.2662,"Los Angeles Department of Water and Power (Owner)|Los Angeles Department of Water and Power (Operator)","Phase 2",,"Combined cycle","Pipeline Natural Gas","Diesel Oil",,"Selective Catalytic Reduction",,,"1994-10-01","Operating",1088,"10A (80), 5 (86.3)"
"CA","Harbor Generating Station",399,"**10A",,2023,"ARP","609567",9,"WECC","Los Angeles County","CA037","037","Electric Utility",33.7691,-118.2662,"Los Angeles Department of Water and Power (Owner)|Los Angeles Department of Water and Power (Operator)","Phase 2",,"Combined cycle","Pipeline Natural Gas","Diesel Oil",,"Selective Catalytic Reduction",,,"1994-10-01","Operating",1088,"10A (80), 5 (86.3)"
"CA","Harbor Generating Station",399,"**10A",,2024,"ARP","609567",9,"WECC","Los Angeles County","CA037","037","Electric Utility",33.7691,-118.2662,"Los Angeles Department of Water and Power (Owner)|Los Angeles Department of Water and Power (Operator)","Phase 2",,"Combined cycle","Pipeline Natural Gas","Diesel Oil",,"Selective Catalytic Reduction",,,"1994-10-01","Operating",1088,"10A (80), 5 (86.3)"
"CA","Harbor Generating Station",399,"**10A",,2025,"ARP","609567",9,"WECC","Los Angeles County","CA037","037","Electric Utility",33.7691,-118.2662,"Los Angeles Department of Water and Power (Owner)|Los Angeles Department of Water and Power (Operator)","Phase 2",,"Combined cycle","Pipeline Natural Gas","Diesel Oil",,"Selective Catalytic Reduction",,,"1994-10-01","Operating",1088,"10A (80), 5 (86.3)"
"CA","Harbor Generating Station",399,"**10B",,2022,"ARP","2202 (Ended Aug 11, 2022), 609567 (Started Aug 11, 2022)",9,"WECC","Los Angeles County","CA037","037","Electric Utility",33.7691,-118.2662,"Los Angeles Department of Water and Power (Owner)|Los Angeles Department of Water and Power (Operator)","Phase 2",,"Combined cycle","Pipeline Natural Gas","Diesel Oil",,"Selective Catalytic Reduction",,,"1994-10-01","Operating",1088,"5 (86.3), 10B (80)"
"CA","Harbor Generating Station",399,"**10B",,2023,"ARP","609567",9,"WECC","Los Angeles County","CA037","037","Electric Utility",33.7691,-118.2662,"Los Angeles Department of Water and Power (Owner)|Los Angeles Department of Water and Power (Operator)","Phase 2",,"Combined cycle","Pipeline Natural Gas","Diesel Oil",,"Selective Catalytic Reduction",,,"1994-10-01","Operating",1088,"5 (86.3), 10B (80)"
"CA","Harbor Generating Station",399,"**10B",,2024,"ARP","609567",9,"WECC","Los Angeles County","CA037","037","Electric Utility",33.7691,-118.2662,"Los Angeles Department of Water and Power (Owner)|Los Angeles Department of Water and Power (Operator)","Phase 2",,"Combined cycle","Pipeline Natural Gas","Diesel Oil",,"Selective Catalytic Reduction",,,"1994-10-01","Operating",1088,"5 (86.3), 10B (80)"
"CA","Harbor Generating Station",399,"**10B",,2025,"ARP","609567",9,"WECC","Los Angeles County","CA037","037","Electric Utility",33.7691,-118.2662,"Los Angeles Department of Water and Power (Owner)|Los Angeles Department of Water and Power (Operator)","Phase 2",,"Combined cycle","Pipeline Natural Gas","Diesel Oil",,"Selective Catalytic Reduction",,,"1994-10-01","Operating",1088,"5 (86.3), 10B (80)"
"CA","Harbor Generating Station",399,"11",,2022,"ARP","2202 (Ended Aug 11, 2022), 609567 (Started Aug 11, 2022)",9,"WECC","Los Angeles County","CA037","037","Electric Utility",33.7691,-118.2662,"Los Angeles Department of Water and Power (Owner)|Los Angeles Department of Water and Power (Operator)","Phase 2",,"Combustion turbine","Pipeline Natural Gas","Diesel Oil",,"Selective Catalytic Reduction",,,"2001-10-30","Operating",800,"GT11 (60.5)"
"CA","Harbor Generating Station",399,"11",,2023,"ARP","609567",9,"WECC","Los Angeles County","CA037","037","Electric Utility",33.7691,-118.2662,"Los Angeles Department of Water and Power (Owner)|Los Angeles Department of Water and Power (Operator)","Phase 2",,"Combustion turbine","Pipeline Natural Gas","Diesel Oil",,"Selective Catalytic Reduction",,,"2001-10-30","Operating",800,"GT11 (60.5)"
"CA","Harbor Generating Station",399,"11",,2024,"ARP","609567",9,"WECC","Los Angeles County","CA037","037","Electric Utility",33.7691,-118.2662,"Los Angeles Department of Water and Power (Owner)|Los Angeles Department of Water and Power (Operator)","Phase 2",,"Combustion turbine","Pipeline Natural Gas","Diesel Oil",,"Selective Catalytic Reduction",,,"2001-10-30","Operating",800,"GT11 (60.5)"
"CA","Harbor Generating Station",399,"11",,2025,"ARP","609567",9,"WECC","Los Angeles County","CA037","037","Electric Utility",33.7691,-118.2662,"Los Angeles Department of Water and Power (Owner)|Los Angeles Department of Water and Power (Operator)","Phase 2",,"Combustion turbine","Pipeline Natural Gas","Diesel Oil",,"Selective Catalytic Reduction",,,"2001-10-30","Operating",800,"GT11 (60.5)"
"CA","Harbor Generating Station",399,"12",,2022,"ARP","2202 (Ended Aug 11, 2022), 609567 (Started Aug 11, 2022)",9,"WECC","Los Angeles County","CA037","037","Electric Utility",33.7691,-118.2662,"Los Angeles Department of Water and Power (Owner)|Los Angeles Department of Water and Power (Operator)","Phase 2",,"Combustion turbine","Pipeline Natural Gas","Diesel Oil",,"Selective Catalytic Reduction",,,"2001-10-26","Operating",800,"GT12 (60.5)"
"CA","Harbor Generating Station",399,"12",,2023,"ARP","609567",9,"WECC","Los Angeles County","CA037","037","Electric Utility",33.7691,-118.2662,"Los Angeles Department of Water and Power (Owner)|Los Angeles Department of Water and Power (Operator)","Phase 2",,"Combustion turbine","Pipeline Natural Gas","Diesel Oil",,"Selective Catalytic Reduction",,,"2001-10-26","Operating",800,"GT12 (60.5)"
"CA","Harbor Generating Station",399,"12",,2024,"ARP","609567",9,"WECC","Los Angeles County","CA037","037","Electric Utility",33.7691,-118.2662,"Los Angeles Department of Water and Power (Owner)|Los Angeles Department of Water and Power (Operator)","Phase 2",,"Combustion turbine","Pipeline Natural Gas","Diesel Oil",,"Selective Catalytic Reduction",,,"2001-10-26","Operating",800,"GT12 (60.5)"
"CA","Harbor Generating Station",399,"12",,2025,"ARP","609567",9,"WECC","Los Angeles County","CA037","037","Electric Utility",33.7691,-118.2662,"Los Angeles Department of Water and Power (Owner)|Los Angeles Department of Water and Power (Operator)","Phase 2",,"Combustion turbine","Pipeline Natural Gas","Diesel Oil",,"Selective Catalytic Reduction",,,"2001-10-26","Operating",800,"GT12 (60.5)"
"CA","Harbor Generating Station",399,"13",,2022,"ARP","2202 (Ended Aug 11, 2022), 609567 (Started Aug 11, 2022)",9,"WECC","Los Angeles County","CA037","037","Electric Utility",33.7691,-118.2662,"Los Angeles Department of Water and Power (Owner)|Los Angeles Department of Water and Power (Operator)","Phase 2",,"Combustion turbine","Pipeline Natural Gas","Diesel Oil",,"Selective Catalytic Reduction",,,"2001-11-01","Operating",500,"GT13 (60.5)"
"CA","Harbor Generating Station",399,"13",,2023,"ARP","609567",9,"WECC","Los Angeles County","CA037","037","Electric Utility",33.7691,-118.2662,"Los Angeles Department of Water and Power (Owner)|Los Angeles Department of Water and Power (Operator)","Phase 2",,"Combustion turbine","Pipeline Natural Gas","Diesel Oil",,"Selective Catalytic Reduction",,,"2001-11-01","Operating",500,"GT13 (60.5)"
"CA","Harbor Generating Station",399,"13",,2024,"ARP","609567",9,"WECC","Los Angeles County","CA037","037","Electric Utility",33.7691,-118.2662,"Los Angeles Department of Water and Power (Owner)|Los Angeles Department of Water and Power (Operator)","Phase 2",,"Combustion turbine","Pipeline Natural Gas","Diesel Oil",,"Selective Catalytic Reduction",,,"2001-11-01","Operating",500,"GT13 (60.5)"
"CA","Harbor Generating Station",399,"13",,2025,"ARP","609567",9,"WECC","Los Angeles County","CA037","037","Electric Utility",33.7691,-118.2662,"Los Angeles Department of Water and Power (Owner)|Los Angeles Department of Water and Power (Operator)","Phase 2",,"Combustion turbine","Pipeline Natural Gas","Diesel Oil",,"Selective Catalytic Reduction",,,"2001-11-01","Operating",500,"GT13 (60.5)"
"CA","Harbor Generating Station",399,"14",,2022,"ARP","2202 (Ended Aug 11, 2022), 609567 (Started Aug 11, 2022)",9,"WECC","Los Angeles County","CA037","037","Electric Utility",33.7691,-118.2662,"Los Angeles Department of Water and Power (Owner)|Los Angeles Department of Water and Power (Operator)","Phase 2",,"Combustion turbine","Pipeline Natural Gas","Diesel Oil",,"Selective Catalytic Reduction",,,"2001-11-01","Operating",556.3,"GT14 (60.5)"
"CA","Harbor Generating Station",399,"14",,2023,"ARP","609567",9,"WECC","Los Angeles County","CA037","037","Electric Utility",33.7691,-118.2662,"Los Angeles Department of Water and Power (Owner)|Los Angeles Department of Water and Power (Operator)","Phase 2",,"Combustion turbine","Pipeline Natural Gas","Diesel Oil",,"Selective Catalytic Reduction",,,"2001-11-01","Operating",556.3,"GT14 (60.5)"
"CA","Harbor Generating Station",399,"14",,2024,"ARP","609567",9,"WECC","Los Angeles County","CA037","037","Electric Utility",33.7691,-118.2662,"Los Angeles Department of Water and Power (Owner)|Los Angeles Department of Water and Power (Operator)","Phase 2",,"Combustion turbine","Pipeline Natural Gas","Diesel Oil",,"Selective Catalytic Reduction",,,"2001-11-01","Operating",556.3,"GT14 (60.5)"
"CA","Harbor Generating Station",399,"14",,2025,"ARP","609567",9,"WECC","Los Angeles County","CA037","037","Electric Utility",33.7691,-118.2662,"Los Angeles Department of Water and Power (Owner)|Los Angeles Department of Water and Power (Operator)","Phase 2",,"Combustion turbine","Pipeline Natural Gas","Diesel Oil",,"Selective Catalytic Reduction",,,"2001-11-01","Operating",556.3,"GT14 (60.5)"
"CA","Haynes Generating Station",400,"1",,2022,"ARP","2202 (Ended Aug 11, 2022), 609567 (Started Aug 11, 2022)",9,"WECC","Los Angeles County","CA037","037","Electric Utility",33.7639,-118.0942,"Los Angeles Department of Water and Power (Owner)|Los Angeles Department of Water and Power (Operator)","Phase 2",,"Dry bottom wall-fired boiler","Pipeline Natural Gas",,,"Selective Catalytic Reduction",,,"1962-07-01","Operating",2180,"1 (230)"
"CA","Haynes Generating Station",400,"1",,2023,"ARP","609567",9,"WECC","Los Angeles County","CA037","037","Electric Utility",33.7639,-118.0942,"Los Angeles Department of Water and Power (Owner)|Los Angeles Department of Water and Power (Operator)","Phase 2",,"Dry bottom wall-fired boiler","Pipeline Natural Gas",,,"Selective Catalytic Reduction",,,"1962-07-01","Operating",2180,"1 (230)"
"CA","Haynes Generating Station",400,"1",,2024,"ARP","609567",9,"WECC","Los Angeles County","CA037","037","Electric Utility",33.7639,-118.0942,"Los Angeles Department of Water and Power (Owner)|Los Angeles Department of Water and Power (Operator)","Phase 2",,"Dry bottom wall-fired boiler","Pipeline Natural Gas",,,"Selective Catalytic Reduction",,,"1962-07-01","Operating",2180,"1 (230)"
"CA","Haynes Generating Station",400,"1",,2025,"ARP","609567",9,"WECC","Los Angeles County","CA037","037","Electric Utility",33.7639,-118.0942,"Los Angeles Department of Water and Power (Owner)|Los Angeles Department of Water and Power (Operator)","Phase 2",,"Dry bottom wall-fired boiler","Pipeline Natural Gas",,,"Selective Catalytic Reduction",,,"1962-07-01","Operating",2180,"1 (230)"
"CA","Haynes Generating Station",400,"10",,2022,"ARP","2202 (Ended Aug 11, 2022), 609567 (Started Aug 11, 2022)",9,"WECC","Los Angeles County","CA037","037","Electric Utility",33.7639,-118.0942,"Los Angeles Department of Water and Power (Owner)|Los Angeles Department of Water and Power (Operator)","Phase 2",,"Combined cycle","Pipeline Natural Gas",,,"Dry Low NOx Burners|Selective Catalytic Reduction",,,"2004-12-01","Operating",2043.6,"10 (182.8), 8 (264.3)"
"CA","Haynes Generating Station",400,"10",,2023,"ARP","609567",9,"WECC","Los Angeles County","CA037","037","Electric Utility",33.7639,-118.0942,"Los Angeles Department of Water and Power (Owner)|Los Angeles Department of Water and Power (Operator)","Phase 2",,"Combined cycle","Pipeline Natural Gas",,,"Dry Low NOx Burners|Selective Catalytic Reduction",,,"2004-12-01","Operating",2043.6,"10 (182.8), 8 (264.3)"
"CA","Haynes Generating Station",400,"10",,2024,"ARP","609567",9,"WECC","Los Angeles County","CA037","037","Electric Utility",33.7639,-118.0942,"Los Angeles Department of Water and Power (Owner)|Los Angeles Department of Water and Power (Operator)","Phase 2",,"Combined cycle","Pipeline Natural Gas",,,"Dry Low NOx Burners|Selective Catalytic Reduction",,,"2004-12-01","Operating",2043.6,"10 (182.8), 8 (264.3)"
"CA","Haynes Generating Station",400,"10",,2025,"ARP","609567",9,"WECC","Los Angeles County","CA037","037","Electric Utility",33.7639,-118.0942,"Los Angeles Department of Water and Power (Owner)|Los Angeles Department of Water and Power (Operator)","Phase 2",,"Combined cycle","Pipeline Natural Gas",,,"Dry Low NOx Burners|Selective Catalytic Reduction",,,"2004-12-01","Operating",2043.6,"10 (182.8), 8 (264.3)"
"CA","Haynes Generating Station",400,"11",,2022,"ARP","2202 (Ended Aug 11, 2022), 609567 (Started Aug 11, 2022)",9,"WECC","Los Angeles County","CA037","037","Electric Utility",33.7639,-118.0942,"Los Angeles Department of Water and Power (Owner)|Los Angeles Department of Water and Power (Operator)","Phase 2",,"Combustion turbine","Pipeline Natural Gas",,,"Water Injection|Selective Catalytic Reduction",,,"2013-04-14","Operating",906.6,"11 (108.2)"
"CA","Haynes Generating Station",400,"11",,2023,"ARP","609567",9,"WECC","Los Angeles County","CA037","037","Electric Utility",33.7639,-118.0942,"Los Angeles Department of Water and Power (Owner)|Los Angeles Department of Water and Power (Operator)","Phase 2",,"Combustion turbine","Pipeline Natural Gas",,,"Water Injection|Selective Catalytic Reduction",,,"2013-04-14","Operating",906.6,"11 (108.2)"
"CA","Haynes Generating Station",400,"11",,2024,"ARP","609567",9,"WECC","Los Angeles County","CA037","037","Electric Utility",33.7639,-118.0942,"Los Angeles Department of Water and Power (Owner)|Los Angeles Department of Water and Power (Operator)","Phase 2",,"Combustion turbine","Pipeline Natural Gas",,,"Water Injection|Selective Catalytic Reduction",,,"2013-04-14","Operating",906.6,"11 (108.2)"
"CA","Haynes Generating Station",400,"11",,2025,"ARP","609567",9,"WECC","Los Angeles County","CA037","037","Electric Utility",33.7639,-118.0942,"Los Angeles Department of Water and Power (Owner)|Los Angeles Department of Water and Power (Operator)","Phase 2",,"Combustion turbine","Pipeline Natural Gas",,,"Water Injection|Selective Catalytic Reduction",,,"2013-04-14","Operating",906.6,"11 (108.2)"
"CA","Haynes Generating Station",400,"12",,2022,"ARP","2202 (Ended Aug 11, 2022), 609567 (Started Aug 11, 2022)",9,"WECC","Los Angeles County","CA037","037","Electric Utility",33.7639,-118.0942,"Los Angeles Department of Water and Power (Owner)|Los Angeles Department of Water and Power (Operator)","Phase 2",,"Combustion turbine","Pipeline Natural Gas",,,"Water Injection|Selective Catalytic Reduction",,,"2013-04-13","Operating",906.6,"12 (108.2)"
"CA","Haynes Generating Station",400,"12",,2023,"ARP","609567",9,"WECC","Los Angeles County","CA037","037","Electric Utility",33.7639,-118.0942,"Los Angeles Department of Water and Power (Owner)|Los Angeles Department of Water and Power (Operator)","Phase 2",,"Combustion turbine","Pipeline Natural Gas",,,"Water Injection|Selective Catalytic Reduction",,,"2013-04-13","Operating",906.6,"12 (108.2)"
"CA","Haynes Generating Station",400,"12",,2024,"ARP","609567",9,"WECC","Los Angeles County","CA037","037","Electric Utility",33.7639,-118.0942,"Los Angeles Department of Water and Power (Owner)|Los Angeles Department of Water and Power (Operator)","Phase 2",,"Combustion turbine","Pipeline Natural Gas",,,"Water Injection|Selective Catalytic Reduction",,,"2013-04-13","Operating",906.6,"12 (108.2)"
"CA","Haynes Generating Station",400,"12",,2025,"ARP","609567",9,"WECC","Los Angeles County","CA037","037","Electric Utility",33.7639,-118.0942,"Los Angeles Department of Water and Power (Owner)|Los Angeles Department of Water and Power (Operator)","Phase 2",,"Combustion turbine","Pipeline Natural Gas",,,"Water Injection|Selective Catalytic Reduction",,,"2013-04-13","Operating",906.6,"12 (108.2)"
"CA","Haynes Generating Station",400,"13",,2022,"ARP","2202 (Ended Aug 11, 2022), 609567 (Started Aug 11, 2022)",9,"WECC","Los Angeles County","CA037","037","Electric Utility",33.7639,-118.0942,"Los Angeles Department of Water and Power (Owner)|Los Angeles Department of Water and Power (Operator)","Phase 2",,"Combustion turbine","Pipeline Natural Gas",,,"Water Injection|Selective Catalytic Reduction",,,"2013-02-17","Operating",906.6,"13 (108.2)"
"CA","Haynes Generating Station",400,"13",,2023,"ARP","609567",9,"WECC","Los Angeles County","CA037","037","Electric Utility",33.7639,-118.0942,"Los Angeles Department of Water and Power (Owner)|Los Angeles Department of Water and Power (Operator)","Phase 2",,"Combustion turbine","Pipeline Natural Gas",,,"Water Injection|Selective Catalytic Reduction",,,"2013-02-17","Operating",906.6,"13 (108.2)"
"CA","Haynes Generating Station",400,"13",,2024,"ARP","609567",9,"WECC","Los Angeles County","CA037","037","Electric Utility",33.7639,-118.0942,"Los Angeles Department of Water and Power (Owner)|Los Angeles Department of Water and Power (Operator)","Phase 2",,"Combustion turbine","Pipeline Natural Gas",,,"Water Injection|Selective Catalytic Reduction",,,"2013-02-17","Operating",906.6,"13 (108.2)"
"CA","Haynes Generating Station",400,"13",,2025,"ARP","609567",9,"WECC","Los Angeles County","CA037","037","Electric Utility",33.7639,-118.0942,"Los Angeles Department of Water and Power (Owner)|Los Angeles Department of Water and Power (Operator)","Phase 2",,"Combustion turbine","Pipeline Natural Gas",,,"Water Injection|Selective Catalytic Reduction",,,"2013-02-17","Operating",906.6,"13 (108.2)"
"CA","Haynes Generating Station",400,"14",,2022,"ARP","2202 (Ended Aug 11, 2022), 609567 (Started Aug 11, 2022)",9,"WECC","Los Angeles County","CA037","037","Electric Utility",33.7639,-118.0942,"Los Angeles Department of Water and Power (Owner)|Los Angeles Department of Water and Power (Operator)","Phase 2",,"Combustion turbine","Pipeline Natural Gas",,,"Water Injection|Selective Catalytic Reduction",,,"2013-03-05","Operating",906.6,"14 (108.2)"
"CA","Haynes Generating Station",400,"14",,2023,"ARP","609567",9,"WECC","Los Angeles County","CA037","037","Electric Utility",33.7639,-118.0942,"Los Angeles Department of Water and Power (Owner)|Los Angeles Department of Water and Power (Operator)","Phase 2",,"Combustion turbine","Pipeline Natural Gas",,,"Water Injection|Selective Catalytic Reduction",,,"2013-03-05","Operating",906.6,"14 (108.2)"
"CA","Haynes Generating Station",400,"14",,2024,"ARP","609567",9,"WECC","Los Angeles County","CA037","037","Electric Utility",33.7639,-118.0942,"Los Angeles Department of Water and Power (Owner)|Los Angeles Department of Water and Power (Operator)","Phase 2",,"Combustion turbine","Pipeline Natural Gas",,,"Water Injection|Selective Catalytic Reduction",,,"2013-03-05","Operating",906.6,"14 (108.2)"
"CA","Haynes Generating Station",400,"14",,2025,"ARP","609567",9,"WECC","Los Angeles County","CA037","037","Electric Utility",33.7639,-118.0942,"Los Angeles Department of Water and Power (Owner)|Los Angeles Department of Water and Power (Operator)","Phase 2",,"Combustion turbine","Pipeline Natural Gas",,,"Water Injection|Selective Catalytic Reduction",,,"2013-03-05","Operating",906.6,"14 (108.2)"
"CA","Haynes Generating Station",400,"15",,2022,"ARP","2202 (Ended Aug 11, 2022), 609567 (Started Aug 11, 2022)",9,"WECC","Los Angeles County","CA037","037","Electric Utility",33.7639,-118.0942,"Los Angeles Department of Water and Power (Owner)|Los Angeles Department of Water and Power (Operator)","Phase 2",,"Combustion turbine","Pipeline Natural Gas",,,"Water Injection|Selective Catalytic Reduction",,,"2013-05-14","Operating",906.6,"15 (108.2)"
"CA","Haynes Generating Station",400,"15",,2023,"ARP","609567",9,"WECC","Los Angeles County","CA037","037","Electric Utility",33.7639,-118.0942,"Los Angeles Department of Water and Power (Owner)|Los Angeles Department of Water and Power (Operator)","Phase 2",,"Combustion turbine","Pipeline Natural Gas",,,"Water Injection|Selective Catalytic Reduction",,,"2013-05-14","Operating",906.6,"15 (108.2)"
"CA","Haynes Generating Station",400,"15",,2024,"ARP","609567",9,"WECC","Los Angeles County","CA037","037","Electric Utility",33.7639,-118.0942,"Los Angeles Department of Water and Power (Owner)|Los Angeles Department of Water and Power (Operator)","Phase 2",,"Combustion turbine","Pipeline Natural Gas",,,"Water Injection|Selective Catalytic Reduction",,,"2013-05-14","Operating",906.6,"15 (108.2)"
"CA","Haynes Generating Station",400,"15",,2025,"ARP","609567",9,"WECC","Los Angeles County","CA037","037","Electric Utility",33.7639,-118.0942,"Los Angeles Department of Water and Power (Owner)|Los Angeles Department of Water and Power (Operator)","Phase 2",,"Combustion turbine","Pipeline Natural Gas",,,"Water Injection|Selective Catalytic Reduction",,,"2013-05-14","Operating",906.6,"15 (108.2)"
"CA","Haynes Generating Station",400,"16",,2022,"ARP","2202 (Ended Aug 11, 2022), 609567 (Started Aug 11, 2022)",9,"WECC","Los Angeles County","CA037","037","Electric Utility",33.7639,-118.0942,"Los Angeles Department of Water and Power (Owner)|Los Angeles Department of Water and Power (Operator)","Phase 2",,"Combustion turbine","Pipeline Natural Gas",,,"Water Injection|Selective Catalytic Reduction",,,"2013-04-18","Operating",906.6,"16 (108.2)"
"CA","Haynes Generating Station",400,"16",,2023,"ARP","609567",9,"WECC","Los Angeles County","CA037","037","Electric Utility",33.7639,-118.0942,"Los Angeles Department of Water and Power (Owner)|Los Angeles Department of Water and Power (Operator)","Phase 2",,"Combustion turbine","Pipeline Natural Gas",,,"Water Injection|Selective Catalytic Reduction",,,"2013-04-18","Operating",906.6,"16 (108.2)"
"CA","Haynes Generating Station",400,"16",,2024,"ARP","609567",9,"WECC","Los Angeles County","CA037","037","Electric Utility",33.7639,-118.0942,"Los Angeles Department of Water and Power (Owner)|Los Angeles Department of Water and Power (Operator)","Phase 2",,"Combustion turbine","Pipeline Natural Gas",,,"Water Injection|Selective Catalytic Reduction",,,"2013-04-18","Operating",906.6,"16 (108.2)"
"CA","Haynes Generating Station",400,"16",,2025,"ARP","609567",9,"WECC","Los Angeles County","CA037","037","Electric Utility",33.7639,-118.0942,"Los Angeles Department of Water and Power (Owner)|Los Angeles Department of Water and Power (Operator)","Phase 2",,"Combustion turbine","Pipeline Natural Gas",,,"Water Injection|Selective Catalytic Reduction",,,"2013-04-18","Operating",906.6,"16 (108.2)"
"CA","Haynes Generating Station",400,"2",,2022,"ARP","2202 (Ended Aug 11, 2022), 609567 (Started Aug 11, 2022)",9,"WECC","Los Angeles County","CA037","037","Electric Utility",33.7639,-118.0942,"Los Angeles Department of Water and Power (Owner)|Los Angeles Department of Water and Power (Operator)","Phase 2",,"Dry bottom wall-fired boiler","Pipeline Natural Gas",,,"Selective Catalytic Reduction",,,"1963-02-01","Operating",2160,"2 (230)"
"CA","Haynes Generating Station",400,"2",,2023,"ARP","609567",9,"WECC","Los Angeles County","CA037","037","Electric Utility",33.7639,-118.0942,"Los Angeles Department of Water and Power (Owner)|Los Angeles Department of Water and Power (Operator)","Phase 2",,"Dry bottom wall-fired boiler","Pipeline Natural Gas",,,"Selective Catalytic Reduction",,,"1963-02-01","Operating",2160,"2 (230)"
"CA","Haynes Generating Station",400,"2",,2024,"ARP","609567",9,"WECC","Los Angeles County","CA037","037","Electric Utility",33.7639,-118.0942,"Los Angeles Department of Water and Power (Owner)|Los Angeles Department of Water and Power (Operator)","Phase 2",,"Dry bottom wall-fired boiler","Pipeline Natural Gas",,,"Selective Catalytic Reduction",,,"1963-02-01","Operating",2160,"2 (230)"
"CA","Haynes Generating Station",400,"2",,2025,"ARP","609567",9,"WECC","Los Angeles County","CA037","037","Electric Utility",33.7639,-118.0942,"Los Angeles Department of Water and Power (Owner)|Los Angeles Department of Water and Power (Operator)","Phase 2",,"Dry bottom wall-fired boiler","Pipeline Natural Gas",,,"Selective Catalytic Reduction",,,"1963-02-01","Operating",2160,"2 (230)"
"CA","Haynes Generating Station",400,"9",,2022,"ARP","2202 (Ended Aug 11, 2022), 609567 (Started Aug 11, 2022)",9,"WECC","Los Angeles County","CA037","037","Electric Utility",33.7639,-118.0942,"Los Angeles Department of Water and Power (Owner)|Los Angeles Department of Water and Power (Operator)","Phase 2",,"Combined cycle","Pipeline Natural Gas",,,"Dry Low NOx Burners|Selective Catalytic Reduction",,,"2004-12-28","Operating",2043.6,"8 (264.3), 9 (182.8)"
"CA","Haynes Generating Station",400,"9",,2023,"ARP","609567",9,"WECC","Los Angeles County","CA037","037","Electric Utility",33.7639,-118.0942,"Los Angeles Department of Water and Power (Owner)|Los Angeles Department of Water and Power (Operator)","Phase 2",,"Combined cycle","Pipeline Natural Gas",,,"Dry Low NOx Burners|Selective Catalytic Reduction",,,"2004-12-28","Operating",2043.6,"8 (264.3), 9 (182.8)"
"CA","Haynes Generating Station",400,"9",,2024,"ARP","609567",9,"WECC","Los Angeles County","CA037","037","Electric Utility",33.7639,-118.0942,"Los Angeles Department of Water and Power (Owner)|Los Angeles Department of Water and Power (Operator)","Phase 2",,"Combined cycle","Pipeline Natural Gas",,,"Dry Low NOx Burners|Selective Catalytic Reduction",,,"2004-12-28","Operating",2043.6,"8 (264.3), 9 (182.8)"
"CA","Haynes Generating Station",400,"9",,2025,"ARP","609567",9,"WECC","Los Angeles County","CA037","037","Electric Utility",33.7639,-118.0942,"Los Angeles Department of Water and Power (Owner)|Los Angeles Department of Water and Power (Operator)","Phase 2",,"Combined cycle","Pipeline Natural Gas",,,"Dry Low NOx Burners|Selective Catalytic Reduction",,,"2004-12-28","Operating",2043.6,"8 (264.3), 9 (182.8)"
"CA","Scattergood Generating Station",404,"1",,2022,"ARP","2202 (Ended Aug 11, 2022), 609567 (Started Aug 11, 2022)",9,"WECC","Los Angeles County","CA037","037","Electric Utility",33.9175,-118.4258,"Los Angeles Department of Water and Power (Owner)|Los Angeles Department of Water and Power (Operator)","Phase 2",,"Dry bottom wall-fired boiler","Pipeline Natural Gas","Other Gas",,"Selective Catalytic Reduction",,,"1958-12-01","Operating",1220,"1 (163.2)"
"CA","Scattergood Generating Station",404,"1",,2023,"ARP","609567",9,"WECC","Los Angeles County","CA037","037","Electric Utility",33.9175,-118.4258,"Los Angeles Department of Water and Power (Owner)|Los Angeles Department of Water and Power (Operator)","Phase 2",,"Dry bottom wall-fired boiler","Pipeline Natural Gas","Other Gas",,"Selective Catalytic Reduction",,,"1958-12-01","Operating",1220,"1 (163.2)"
"CA","Scattergood Generating Station",404,"1",,2024,"ARP","609567",9,"WECC","Los Angeles County","CA037","037","Electric Utility",33.9175,-118.4258,"Los Angeles Department of Water and Power (Owner)|Los Angeles Department of Water and Power (Operator)","Phase 2",,"Dry bottom wall-fired boiler","Pipeline Natural Gas","Other Gas",,"Selective Catalytic Reduction",,,"1958-12-01","Operating",1220,"1 (163.2)"
"CA","Scattergood Generating Station",404,"1",,2025,"ARP","609567",9,"WECC","Los Angeles County","CA037","037","Electric Utility",33.9175,-118.4258,"Los Angeles Department of Water and Power (Owner)|Los Angeles Department of Water and Power (Operator)","Phase 2",,"Dry bottom wall-fired boiler","Pipeline Natural Gas","Other Gas",,"Selective Catalytic Reduction",,,"1958-12-01","Operating",1220,"1 (163.2)"
"CA","Scattergood Generating Station",404,"2",,2022,"ARP","2202 (Ended Aug 11, 2022), 609567 (Started Aug 11, 2022)",9,"WECC","Los Angeles County","CA037","037","Electric Utility",33.9175,-118.4258,"Los Angeles Department of Water and Power (Owner)|Los Angeles Department of Water and Power (Operator)","Phase 2",,"Dry bottom wall-fired boiler","Pipeline Natural Gas","Other Gas",,"Selective Catalytic Reduction",,,"1959-07-01","Operating",1750,"2 (163.2)"
"CA","Scattergood Generating Station",404,"2",,2023,"ARP","609567",9,"WECC","Los Angeles County","CA037","037","Electric Utility",33.9175,-118.4258,"Los Angeles Department of Water and Power (Owner)|Los Angeles Department of Water and Power (Operator)","Phase 2",,"Dry bottom wall-fired boiler","Pipeline Natural Gas","Other Gas",,"Selective Catalytic Reduction",,,"1959-07-01","Operating",1750,"2 (163.2)"
"CA","Scattergood Generating Station",404,"2",,2024,"ARP","609567",9,"WECC","Los Angeles County","CA037","037","Electric Utility",33.9175,-118.4258,"Los Angeles Department of Water and Power (Owner)|Los Angeles Department of Water and Power (Operator)","Phase 2",,"Dry bottom wall-fired boiler","Pipeline Natural Gas","Other Gas",,"Selective Catalytic Reduction",,,"1959-07-01","Operating",1750,"2 (163.2)"
"CA","Scattergood Generating Station",404,"2",,2025,"ARP","609567",9,"WECC","Los Angeles County","CA037","037","Electric Utility",33.9175,-118.4258,"Los Angeles Department of Water and Power (Owner)|Los Angeles Department of Water and Power (Operator)","Phase 2",,"Dry bottom wall-fired boiler","Pipeline Natural Gas","Other Gas",,"Selective Catalytic Reduction",,,"1959-07-01","Operating",1750,"2 (163.2)"
"CA","Scattergood Generating Station",404,"4",,2022,"ARP","2202 (Ended Aug 11, 2022), 609567 (Started Aug 11, 2022)",9,"WECC","Los Angeles County","CA037","037","Electric Utility",33.9175,-118.4258,"Los Angeles Department of Water and Power (Owner)|Los Angeles Department of Water and Power (Operator)","Phase 2",,"Combined cycle","Pipeline Natural Gas",,,"Selective Catalytic Reduction",,,"2015-10-09","Operating",2080.9,"4 (209.5), 5 (108.8)"
"CA","Scattergood Generating Station",404,"4",,2023,"ARP","609567",9,"WECC","Los Angeles County","CA037","037","Electric Utility",33.9175,-118.4258,"Los Angeles Department of Water and Power (Owner)|Los Angeles Department of Water and Power (Operator)","Phase 2",,"Combined cycle","Pipeline Natural Gas",,,"Selective Catalytic Reduction",,,"2015-10-09","Operating",2080.9,"4 (209.5), 5 (108.8)"
"CA","Scattergood Generating Station",404,"4",,2024,"ARP","609567",9,"WECC","Los Angeles County","CA037","037","Electric Utility",33.9175,-118.4258,"Los Angeles Department of Water and Power (Owner)|Los Angeles Department of Water and Power (Operator)","Phase 2",,"Combined cycle","Pipeline Natural Gas",,,"Selective Catalytic Reduction",,,"2015-10-09","Operating",2080.9,"4 (209.5), 5 (108.8)"
"CA","Scattergood Generating Station",404,"4",,2025,"ARP","609567",9,"WECC","Los Angeles County","CA037","037","Electric Utility",33.9175,-118.4258,"Los Angeles Department of Water and Power (Owner)|Los Angeles Department of Water and Power (Operator)","Phase 2",,"Combined cycle","Pipeline Natural Gas",,,"Selective Catalytic Reduction",,,"2015-10-09","Operating",2080.9,"4 (209.5), 5 (108.8)"
"CA","Scattergood Generating Station",404,"6",,2022,"ARP","2202 (Ended Aug 11, 2022), 609567 (Started Aug 11, 2022)",9,"WECC","Los Angeles County","CA037","037","Electric Utility",33.9175,-118.4258,"Los Angeles Department of Water and Power (Owner)|Los Angeles Department of Water and Power (Operator)","Phase 2",,"Combustion turbine","Pipeline Natural Gas",,,"Water Injection|Selective Catalytic Reduction",,,"2015-08-09","Operating",903.4,"6 (103)"
"CA","Scattergood Generating Station",404,"6",,2023,"ARP","609567",9,"WECC","Los Angeles County","CA037","037","Electric Utility",33.9175,-118.4258,"Los Angeles Department of Water and Power (Owner)|Los Angeles Department of Water and Power (Operator)","Phase 2",,"Combustion turbine","Pipeline Natural Gas",,,"Water Injection|Selective Catalytic Reduction",,,"2015-08-09","Operating",903.4,"6 (103)"
"CA","Scattergood Generating Station",404,"6",,2024,"ARP","609567",9,"WECC","Los Angeles County","CA037","037","Electric Utility",33.9175,-118.4258,"Los Angeles Department of Water and Power (Owner)|Los Angeles Department of Water and Power (Operator)","Phase 2",,"Combustion turbine","Pipeline Natural Gas",,,"Water Injection|Selective Catalytic Reduction",,,"2015-08-09","Operating",903.4,"6 (103)"
"CA","Scattergood Generating Station",404,"6",,2025,"ARP","609567",9,"WECC","Los Angeles County","CA037","037","Electric Utility",33.9175,-118.4258,"Los Angeles Department of Water and Power (Owner)|Los Angeles Department of Water and Power (Operator)","Phase 2",,"Combustion turbine","Pipeline Natural Gas",,,"Water Injection|Selective Catalytic Reduction",,,"2015-08-09","Operating",903.4,"6 (103)"
"CA","Scattergood Generating Station",404,"7",,2022,"ARP","2202 (Ended Aug 11, 2022), 609567 (Started Aug 11, 2022)",9,"WECC","Los Angeles County","CA037","037","Electric Utility",33.9175,-118.4258,"Los Angeles Department of Water and Power (Owner)|Los Angeles Department of Water and Power (Operator)","Phase 2",,"Combustion turbine","Pipeline Natural Gas",,,"Water Injection|Selective Catalytic Reduction",,,"2015-09-14","Operating",903.4,"7 (103)"
"CA","Scattergood Generating Station",404,"7",,2023,"ARP","609567",9,"WECC","Los Angeles County","CA037","037","Electric Utility",33.9175,-118.4258,"Los Angeles Department of Water and Power (Owner)|Los Angeles Department of Water and Power (Operator)","Phase 2",,"Combustion turbine","Pipeline Natural Gas",,,"Water Injection|Selective Catalytic Reduction",,,"2015-09-14","Operating",903.4,"7 (103)"
"CA","Scattergood Generating Station",404,"7",,2024,"ARP","609567",9,"WECC","Los Angeles County","CA037","037","Electric Utility",33.9175,-118.4258,"Los Angeles Department of Water and Power (Owner)|Los Angeles Department of Water and Power (Operator)","Phase 2",,"Combustion turbine","Pipeline Natural Gas",,,"Water Injection|Selective Catalytic Reduction",,,"2015-09-14","Operating",903.4,"7 (103)"
"CA","Scattergood Generating Station",404,"7",,2025,"ARP","609567",9,"WECC","Los Angeles County","CA037","037","Electric Utility",33.9175,-118.4258,"Los Angeles Department of Water and Power (Owner)|Los Angeles Department of Water and Power (Operator)","Phase 2",,"Combustion turbine","Pipeline Natural Gas",,,"Water Injection|Selective Catalytic Reduction",,,"2015-09-14","Operating",903.4,"7 (103)"
"CA","Valley Generating Station",408,"5",,2022,"ARP","2202 (Ended Aug 11, 2022), 609567 (Started Aug 11, 2022)",9,,"Los Angeles County","CA037","037","Electric Utility",34.2481,-118.3903,"Los Angeles Department of Water and Power (Owner)|Los Angeles Department of Water and Power (Operator)","Phase 2",,"Combustion turbine","Pipeline Natural Gas","Diesel Oil",,"Selective Catalytic Reduction",,,"2001-08-27","Operating",480,"5 (47)"
"CA","Valley Generating Station",408,"5",,2023,"ARP","609567",9,,"Los Angeles County","CA037","037","Electric Utility",34.2481,-118.3903,"Los Angeles Department of Water and Power (Owner)|Los Angeles Department of Water and Power (Operator)","Phase 2",,"Combustion turbine","Pipeline Natural Gas","Diesel Oil",,"Selective Catalytic Reduction",,,"2001-08-27","Operating",480,"5 (47)"
"CA","Valley Generating Station",408,"5",,2024,"ARP","609567",9,,"Los Angeles County","CA037","037","Electric Utility",34.2481,-118.3903,"Los Angeles Department of Water and Power (Owner)|Los Angeles Department of Water and Power (Operator)","Phase 2",,"Combustion turbine","Pipeline Natural Gas","Diesel Oil",,"Selective Catalytic Reduction",,,"2001-08-27","Operating",480,"5 (47)"
"CA","Valley Generating Station",408,"5",,2025,"ARP","609567",9,,"Los Angeles County","CA037","037","Electric Utility",34.2481,-118.3903,"Los Angeles Department of Water and Power (Owner)|Los Angeles Department of Water and Power (Operator)","Phase 2",,"Combustion turbine","Pipeline Natural Gas","Diesel Oil",,"Selective Catalytic Reduction",,,"2001-08-27","Operating",480,"5 (47)"
"CA","Valley Generating Station",408,"6",,2022,"ARP","2202 (Ended Aug 11, 2022), 609567 (Started Aug 11, 2022)",9,,"Los Angeles County","CA037","037","Electric Utility",34.2481,-118.3903,"Los Angeles Department of Water and Power (Owner)|Los Angeles Department of Water and Power (Operator)","Phase 2",,"Combined cycle","Pipeline Natural Gas",,,"Dry Low NOx Burners|Selective Catalytic Reduction",,,"2003-09-01","Operating",2000,"6 (215), 8 (311)"
"CA","Valley Generating Station",408,"6",,2023,"ARP","609567",9,,"Los Angeles County","CA037","037","Electric Utility",34.2481,-118.3903,"Los Angeles Department of Water and Power (Owner)|Los Angeles Department of Water and Power (Operator)","Phase 2",,"Combined cycle","Pipeline Natural Gas",,,"Dry Low NOx Burners|Selective Catalytic Reduction",,,"2003-09-01","Operating",2000,"6 (215), 8 (311)"
"CA","Valley Generating Station",408,"6",,2024,"ARP","609567",9,,"Los Angeles County","CA037","037","Electric Utility",34.2481,-118.3903,"Los Angeles Department of Water and Power (Owner)|Los Angeles Department of Water and Power (Operator)","Phase 2",,"Combined cycle","Pipeline Natural Gas",,,"Dry Low NOx Burners|Selective Catalytic Reduction",,,"2003-09-01","Operating",2000,"6 (215), 8 (311)"
"CA","Valley Generating Station",408,"6",,2025,"ARP","609567",9,,"Los Angeles County","CA037","037","Electric Utility",34.2481,-118.3903,"Los Angeles Department of Water and Power (Owner)|Los Angeles Department of Water and Power (Operator)","Phase 2",,"Combined cycle","Pipeline Natural Gas",,,"Dry Low NOx Burners|Selective Catalytic Reduction",,,"2003-09-01","Operating",2000,"6 (215), 8 (311)"
"CA","Valley Generating Station",408,"7",,2022,"ARP","2202 (Ended Aug 11, 2022), 609567 (Started Aug 11, 2022)",9,,"Los Angeles County","CA037","037","Electric Utility",34.2481,-118.3903,"Los Angeles Department of Water and Power (Owner)|Los Angeles Department of Water and Power (Operator)","Phase 2",,"Combined cycle","Pipeline Natural Gas",,,"Dry Low NOx Burners|Selective Catalytic Reduction",,,"2003-09-01","Operating",2000,"7 (215), 8 (311)"
"CA","Valley Generating Station",408,"7",,2023,"ARP","609567",9,,"Los Angeles County","CA037","037","Electric Utility",34.2481,-118.3903,"Los Angeles Department of Water and Power (Owner)|Los Angeles Department of Water and Power (Operator)","Phase 2",,"Combined cycle","Pipeline Natural Gas",,,"Dry Low NOx Burners|Selective Catalytic Reduction",,,"2003-09-01","Operating",2000,"7 (215), 8 (311)"
"CA","Valley Generating Station",408,"7",,2024,"ARP","609567",9,,"Los Angeles County","CA037","037","Electric Utility",34.2481,-118.3903,"Los Angeles Department of Water and Power (Owner)|Los Angeles Department of Water and Power (Operator)","Phase 2",,"Combined cycle","Pipeline Natural Gas",,,"Dry Low NOx Burners|Selective Catalytic Reduction",,,"2003-09-01","Operating",2000,"7 (215), 8 (311)"
"CA","Valley Generating Station",408,"7",,2025,"ARP","609567",9,,"Los Angeles County","CA037","037","Electric Utility",34.2481,-118.3903,"Los Angeles Department of Water and Power (Owner)|Los Angeles Department of Water and Power (Operator)","Phase 2",,"Combined cycle","Pipeline Natural Gas",,,"Dry Low NOx Burners|Selective Catalytic Reduction",,,"2003-09-01","Operating",2000,"7 (215), 8 (311)"
"CA","Glenarm",422,"GT3",,2022,"ARP","601602 (Ended Apr 07, 2022), 610313 (Started Apr 07, 2022)",9,"WECC","Los Angeles County","CA037","037","Electric Utility",34.1256,-118.1474,"City of Pasadena Water and Power Department (Owner)|City of Pasadena Water and Power Department (Operator)","Phase 2",,"Combustion turbine","Pipeline Natural Gas",,,"Selective Catalytic Reduction",,,"2003-06-01","Operating",475,"GT3 (47.2)"
"CA","Glenarm",422,"GT3",,2023,"ARP","610313 (Ended Nov 28, 2023), 610846 (Started Nov 28, 2023)",9,"WECC","Los Angeles County","CA037","037","Electric Utility",34.1256,-118.1474,"City of Pasadena Water and Power Department (Owner)|City of Pasadena Water and Power Department (Operator)","Phase 2",,"Combustion turbine","Pipeline Natural Gas",,,"Selective Catalytic Reduction",,,"2003-06-01","Operating",475,"GT3 (47.2)"
"CA","Glenarm",422,"GT3",,2024,"ARP","610846",9,"WECC","Los Angeles County","CA037","037","Electric Utility",34.1256,-118.1474,"City of Pasadena Water and Power Department (Owner)|City of Pasadena Water and Power Department (Operator)","Phase 2",,"Combustion turbine","Pipeline Natural Gas",,,"Selective Catalytic Reduction",,,"2003-06-01","Operating",475,"GT3 (47.2)"
"CA","Glenarm",422,"GT3",,2025,"ARP","610846",9,"WECC","Los Angeles County","CA037","037","Electric Utility",34.1256,-118.1474,"City of Pasadena Water and Power Department (Owner)|City of Pasadena Water and Power Department (Operator)","Phase 2",,"Combustion turbine","Pipeline Natural Gas",,,"Selective Catalytic Reduction",,,"2003-06-01","Operating",475,"GT3 (47.2)"
"CA","Glenarm",422,"GT4",,2022,"ARP","601602 (Ended Apr 07, 2022), 610313 (Started Apr 07, 2022)",9,"WECC","Los Angeles County","CA037","037","Electric Utility",34.1256,-118.1474,"City of Pasadena Water and Power Department (Owner)|City of Pasadena Water and Power Department (Operator)","Phase 2",,"Combustion turbine","Pipeline Natural Gas",,,"Selective Catalytic Reduction",,,"2003-06-01","Operating",475,"GT4 (47.2)"
"CA","Glenarm",422,"GT4",,2023,"ARP","610313 (Ended Nov 28, 2023), 610846 (Started Nov 28, 2023)",9,"WECC","Los Angeles County","CA037","037","Electric Utility",34.1256,-118.1474,"City of Pasadena Water and Power Department (Owner)|City of Pasadena Water and Power Department (Operator)","Phase 2",,"Combustion turbine","Pipeline Natural Gas",,,"Selective Catalytic Reduction",,,"2003-06-01","Operating",475,"GT4 (47.2)"
"CA","Glenarm",422,"GT4",,2024,"ARP","610846",9,"WECC","Los Angeles County","CA037","037","Electric Utility",34.1256,-118.1474,"City of Pasadena Water and Power Department (Owner)|City of Pasadena Water and Power Department (Operator)","Phase 2",,"Combustion turbine","Pipeline Natural Gas",,,"Selective Catalytic Reduction",,,"2003-06-01","Operating",475,"GT4 (47.2)"
"CA","Glenarm",422,"GT4",,2025,"ARP","610846",9,"WECC","Los Angeles County","CA037","037","Electric Utility",34.1256,-118.1474,"City of Pasadena Water and Power Department (Owner)|City of Pasadena Water and Power Department (Operator)","Phase 2",,"Combustion turbine","Pipeline Natural Gas",,,"Selective Catalytic Reduction",,,"2003-06-01","Operating",475,"GT4 (47.2)"
"CA","Glenarm",422,"GT5",,2022,"ARP","601602 (Ended Apr 07, 2022), 610313 (Started Apr 07, 2022)",9,"WECC","Los Angeles County","CA037","037","Electric Utility",34.1256,-118.1474,"City of Pasadena Water and Power Department (Owner)|City of Pasadena Water and Power Department (Operator)","Phase 2",,"Combined cycle","Pipeline Natural Gas",,,"Water Injection|Selective Catalytic Reduction",,,"2016-04-09","Operating",547.5,"CTG5 (59.1), STG5 (16.78)"
"CA","Glenarm",422,"GT5",,2023,"ARP","610313 (Ended Nov 28, 2023), 610846 (Started Nov 28, 2023)",9,"WECC","Los Angeles County","CA037","037","Electric Utility",34.1256,-118.1474,"City of Pasadena Water and Power Department (Owner)|City of Pasadena Water and Power Department (Operator)","Phase 2",,"Combined cycle","Pipeline Natural Gas",,,"Water Injection|Selective Catalytic Reduction",,,"2016-04-09","Operating",547.5,"CTG5 (59.1), STG5 (16.78)"
"CA","Glenarm",422,"GT5",,2024,"ARP","610846",9,"WECC","Los Angeles County","CA037","037","Electric Utility",34.1256,-118.1474,"City of Pasadena Water and Power Department (Owner)|City of Pasadena Water and Power Department (Operator)","Phase 2",,"Combined cycle","Pipeline Natural Gas",,,"Water Injection|Selective Catalytic Reduction",,,"2016-04-09","Operating",547.5,"CTG5 (59.1), STG5 (16.78)"
"CA","Glenarm",422,"GT5",,2025,"ARP","610846",9,"WECC","Los Angeles County","CA037","037","Electric Utility",34.1256,-118.1474,"City of Pasadena Water and Power Department (Owner)|City of Pasadena Water and Power Department (Operator)","Phase 2",,"Combined cycle","Pipeline Natural Gas",,,"Water Injection|Selective Catalytic Reduction",,,"2016-04-09","Operating",547.5,"CTG5 (59.1), STG5 (16.78)"
"CA","Olive",6013,"01",,2022,"ARP","610038",9,"WECC","Los Angeles County","CA037","037","Electric Utility",34.1775,-118.3147,"City of Burbank (Owner)|City of Burbank (Operator)","Phase 2",,"Dry bottom wall-fired boiler","Pipeline Natural Gas",,,"Low NOx Burner Technology (Dry Bottom only)|Selective Catalytic Reduction",,,"1958-01-01","Operating",552,"O1 (44)"
"CA","Olive",6013,"01",,2023,"ARP","610038",9,"WECC","Los Angeles County","CA037","037","Electric Utility",34.1775,-118.3147,"City of Burbank (Owner)|City of Burbank (Operator)","Phase 2",,"Dry bottom wall-fired boiler","Pipeline Natural Gas",,,"Low NOx Burner Technology (Dry Bottom only)|Selective Catalytic Reduction",,,"1958-01-01","Operating",552,"O1 (44)"
"CA","Olive",6013,"01",,2024,"ARP","610038",9,"WECC","Los Angeles County","CA037","037","Electric Utility",34.1775,-118.3147,"City of Burbank (Owner)|City of Burbank (Operator)","Phase 2",,"Dry bottom wall-fired boiler","Pipeline Natural Gas",,,"Low NOx Burner Technology (Dry Bottom only)|Selective Catalytic Reduction",,,"1958-01-01","Operating",552,"O1 (44)"
"CA","Olive",6013,"01",,2025,"ARP","610038 (Ended Jan 23, 2025), 610276 (Started Jan 23, 2025)",9,"WECC","Los Angeles County","CA037","037","Electric Utility",34.1775,-118.3147,"City of Burbank (Owner)|City of Burbank (Operator)","Phase 2",,"Dry bottom wall-fired boiler","Pipeline Natural Gas",,,"Low NOx Burner Technology (Dry Bottom only)|Selective Catalytic Reduction",,,"1958-01-01","Operating",552,"O1 (44)"
"CA","Olive",6013,"02",,2022,"ARP","610038",9,"WECC","Los Angeles County","CA037","037","Electric Utility",34.1775,-118.3147,"City of Burbank (Owner)|City of Burbank (Operator)","Phase 2",,"Dry bottom wall-fired boiler","Pipeline Natural Gas",,,"Combustion Modification/Fuel Reburning|Selective Catalytic Reduction",,,"1964-01-01","Operating",605,"O2 (55)"
"CA","Olive",6013,"02",,2023,"ARP","610038",9,"WECC","Los Angeles County","CA037","037","Electric Utility",34.1775,-118.3147,"City of Burbank (Owner)|City of Burbank (Operator)","Phase 2",,"Dry bottom wall-fired boiler","Pipeline Natural Gas",,,"Combustion Modification/Fuel Reburning|Selective Catalytic Reduction",,,"1964-01-01","Operating",605,"O2 (55)"
"CA","Olive",6013,"02",,2024,"ARP","610038",9,"WECC","Los Angeles County","CA037","037","Electric Utility",34.1775,-118.3147,"City of Burbank (Owner)|City of Burbank (Operator)","Phase 2",,"Dry bottom wall-fired boiler","Pipeline Natural Gas",,,"Combustion Modification/Fuel Reburning|Selective Catalytic Reduction",,,"1964-01-01","Operating",605,"O2 (55)"
"CA","Olive",6013,"02",,2025,"ARP","610038 (Ended Jan 23, 2025), 610276 (Started Jan 23, 2025)",9,"WECC","Los Angeles County","CA037","037","Electric Utility",34.1775,-118.3147,"City of Burbank (Owner)|City of Burbank (Operator)","Phase 2",,"Dry bottom wall-fired boiler","Pipeline Natural Gas",,,"Combustion Modification/Fuel Reburning|Selective Catalytic Reduction",,,"1964-01-01","Operating",605,"O2 (55)"
"CA","Woodland Generation Station",7266,"1",,2022,"ARP","609951",9,,"Stanislaus County","CA099","099","Electric Utility",37.6528,-121.0172,"Modesto Irrigation District (Owner)|Modesto Irrigation District (Operator)","Phase 2",,"Combustion turbine","Pipeline Natural Gas","Diesel Oil",,"Water Injection|Selective Catalytic Reduction|Steam Injection",,,"1993-12-03","Operating",460,"NA1 (50.4)"
"CA","Woodland Generation Station",7266,"1",,2023,"ARP","609951",9,,"Stanislaus County","CA099","099","Electric Utility",37.6528,-121.0172,"Modesto Irrigation District (Owner)|Modesto Irrigation District (Operator)","Phase 2",,"Combustion turbine","Pipeline Natural Gas","Diesel Oil",,"Water Injection|Selective Catalytic Reduction|Steam Injection",,,"1993-12-03","Operating",525,"NA1 (50.4)"
"CA","Woodland Generation Station",7266,"1",,2024,"ARP","609951",9,,"Stanislaus County","CA099","099","Electric Utility",37.6528,-121.0172,"Modesto Irrigation District (Owner)|Modesto Irrigation District (Operator)","Phase 2",,"Combustion turbine","Pipeline Natural Gas","Diesel Oil",,"Water Injection|Selective Catalytic Reduction|Steam Injection",,,"1993-12-03","Operating",525,"NA1 (50.4)"
"CA","Woodland Generation Station",7266,"1",,2025,"ARP","609951",9,,"Stanislaus County","CA099","099","Electric Utility",37.6528,-121.0172,"Modesto Irrigation District (Owner)|Modesto Irrigation District (Operator)","Phase 2",,"Combustion turbine","Pipeline Natural Gas","Diesel Oil",,"Water Injection|Selective Catalytic Reduction|Steam Injection",,,"1993-12-03","Operating",525,"NA1 (50.4)"
"CA","Woodland Generation Station",7266,"2",,2022,"ARP","609951",9,,"Stanislaus County","CA099","099","Electric Utility",37.6528,-121.0172,"Modesto Irrigation District (Owner)|Modesto Irrigation District (Operator)","Phase 2",,"Combined cycle","Pipeline Natural Gas",,,"Water Injection|Selective Catalytic Reduction",,,"2003-06-06","Operating",700,"2 (60.49), 3 (37.73)"
"CA","Woodland Generation Station",7266,"2",,2023,"ARP","609951",9,,"Stanislaus County","CA099","099","Electric Utility",37.6528,-121.0172,"Modesto Irrigation District (Owner)|Modesto Irrigation District (Operator)","Phase 2",,"Combined cycle","Pipeline Natural Gas",,,"Water Injection|Selective Catalytic Reduction",,,"2003-06-06","Operating",525,"2 (60.49), 3 (37.73)"
"CA","Woodland Generation Station",7266,"2",,2024,"ARP","609951",9,,"Stanislaus County","CA099","099","Electric Utility",37.6528,-121.0172,"Modesto Irrigation District (Owner)|Modesto Irrigation District (Operator)","Phase 2",,"Combined cycle","Pipeline Natural Gas",,,"Water Injection|Selective Catalytic Reduction",,,"2003-06-06","Operating",525,"2 (60.49), 3 (37.73)"
"CA","Woodland Generation Station",7266,"2",,2025,"ARP","609951",9,,"Stanislaus County","CA099","099","Electric Utility",37.6528,-121.0172,"Modesto Irrigation District (Owner)|Modesto Irrigation District (Operator)","Phase 2",,"Combined cycle","Pipeline Natural Gas",,,"Water Injection|Selective Catalytic Reduction",,,"2003-06-06","Operating",525,"2 (60.49), 3 (37.73)"
"CA","Redding Power Plant",7307,"5",,2022,"ARP","608776",9,,"Shasta County","CA089","089","Electric Utility",40.5083,-122.4253,"Redding Electric Utility (Owner)|Redding Electric Utility (Operator)","Phase 2",,"Combined cycle","Pipeline Natural Gas",,,"Other",,,"2002-06-01","Operating",508.5,"5 (50)"
"CA","Redding Power Plant",7307,"5",,2023,"ARP","608776",9,,"Shasta County","CA089","089","Electric Utility",40.5083,-122.4253,"Redding Electric Utility (Owner)|Redding Electric Utility (Operator)","Phase 2",,"Combined cycle","Pipeline Natural Gas",,,"Other",,,"2002-06-01","Operating",508.5,"5 (50)"
"CA","Redding Power Plant",7307,"5",,2024,"ARP","608776",9,,"Shasta County","CA089","089","Electric Utility",40.5083,-122.4253,"Redding Electric Utility (Owner)|Redding Electric Utility (Operator)","Phase 2",,"Combined cycle","Pipeline Natural Gas",,,"Other",,,"2002-06-01","Operating",508.5,"5 (50)"
"CA","Redding Power Plant",7307,"5",,2025,"ARP","608776",9,,"Shasta County","CA089","089","Electric Utility",40.5083,-122.4253,"Redding Electric Utility (Owner)|Redding Electric Utility (Operator)","Phase 2",,"Combined cycle","Pipeline Natural Gas",,,"Other",,,"2002-06-01","Operating",508.5,"5 (50)"
"CA","Redding Power Plant",7307,"6",,2022,"ARP","608776",9,,"Shasta County","CA089","089","Electric Utility",40.5083,-122.4253,"Redding Electric Utility (Owner)|Redding Electric Utility (Operator)","Phase 2",,"Combustion turbine","Pipeline Natural Gas",,,"Other",,,"2010-11-12","Operating",508,"6 (50)"
"CA","Redding Power Plant",7307,"6",,2023,"ARP","608776",9,,"Shasta County","CA089","089","Electric Utility",40.5083,-122.4253,"Redding Electric Utility (Owner)|Redding Electric Utility (Operator)","Phase 2",,"Combustion turbine","Pipeline Natural Gas",,,"Other",,,"2010-11-12","Operating",508,"6 (50)"
"CA","Redding Power Plant",7307,"6",,2024,"ARP","608776",9,,"Shasta County","CA089","089","Electric Utility",40.5083,-122.4253,"Redding Electric Utility (Owner)|Redding Electric Utility (Operator)","Phase 2",,"Combustion turbine","Pipeline Natural Gas",,,"Other",,,"2010-11-12","Operating",508,"6 (50)"
"CA","Redding Power Plant",7307,"6",,2025,"ARP","608776",9,,"Shasta County","CA089","089","Electric Utility",40.5083,-122.4253,"Redding Electric Utility (Owner)|Redding Electric Utility (Operator)","Phase 2",,"Combustion turbine","Pipeline Natural Gas",,,"Other",,,"2010-11-12","Operating",508,"6 (50)"
"CA","Almond Power Plant",7315,"1",,2022,"ARP","609358",9,"WECC","Stanislaus County","CA099","099","Electric Utility",37.5739,-120.9854,"Turlock Irrigation District (Owner)|Turlock Irrigation District (Operator)","Phase 2",,"Combustion turbine","Pipeline Natural Gas",,,"Selective Catalytic Reduction|Steam Injection",,,"1996-04-08","Operating",459,"1 (55)"
"CA","Almond Power Plant",7315,"1",,2023,"ARP","609358",9,"WECC","Stanislaus County","CA099","099","Electric Utility",37.5739,-120.9854,"Turlock Irrigation District (Owner)|Turlock Irrigation District (Operator)","Phase 2",,"Combustion turbine","Pipeline Natural Gas",,,"Selective Catalytic Reduction|Steam Injection",,,"1996-04-08","Operating",459,"1 (55)"
"CA","Almond Power Plant",7315,"1",,2024,"ARP","609358",9,"WECC","Stanislaus County","CA099","099","Electric Utility",37.5739,-120.9854,"Turlock Irrigation District (Owner)|Turlock Irrigation District (Operator)","Phase 2",,"Combustion turbine","Pipeline Natural Gas",,,"Selective Catalytic Reduction|Steam Injection",,,"1996-04-08","Operating",459,"1 (55)"
"CA","Almond Power Plant",7315,"1",,2025,"ARP","609358",9,"WECC","Stanislaus County","CA099","099","Electric Utility",37.5739,-120.9854,"Turlock Irrigation District (Owner)|Turlock Irrigation District (Operator)","Phase 2",,"Combustion turbine","Pipeline Natural Gas",,,"Selective Catalytic Reduction|Steam Injection",,,"1996-04-08","Operating",459,"1 (55)"
"CA","Almond Power Plant",7315,"2",,2022,"ARP","609358",9,"WECC","Stanislaus County","CA099","099","Electric Utility",37.5739,-120.9854,"Turlock Irrigation District (Owner)|Turlock Irrigation District (Operator)","Phase 2",,"Combustion turbine","Pipeline Natural Gas",,,"Water Injection|Selective Catalytic Reduction",,,"2012-05-11","Operating",501.1,"2 (54)"
"CA","Almond Power Plant",7315,"2",,2023,"ARP","609358",9,"WECC","Stanislaus County","CA099","099","Electric Utility",37.5739,-120.9854,"Turlock Irrigation District (Owner)|Turlock Irrigation District (Operator)","Phase 2",,"Combustion turbine","Pipeline Natural Gas",,,"Water Injection|Selective Catalytic Reduction",,,"2012-05-11","Operating",501.1,"2 (54)"
"CA","Almond Power Plant",7315,"2",,2024,"ARP","609358",9,"WECC","Stanislaus County","CA099","099","Electric Utility",37.5739,-120.9854,"Turlock Irrigation District (Owner)|Turlock Irrigation District (Operator)","Phase 2",,"Combustion turbine","Pipeline Natural Gas",,,"Water Injection|Selective Catalytic Reduction",,,"2012-05-11","Operating",501.1,"2 (54)"
"CA","Almond Power Plant",7315,"2",,2025,"ARP","609358",9,"WECC","Stanislaus County","CA099","099","Electric Utility",37.5739,-120.9854,"Turlock Irrigation District (Owner)|Turlock Irrigation District (Operator)","Phase 2",,"Combustion turbine","Pipeline Natural Gas",,,"Water Injection|Selective Catalytic Reduction",,,"2012-05-11","Operating",501.1,"2 (54)"
"CA","Almond Power Plant",7315,"3",,2022,"ARP","609358",9,"WECC","Stanislaus County","CA099","099","Electric Utility",37.5739,-120.9854,"Turlock Irrigation District (Owner)|Turlock Irrigation District (Operator)","Phase 2",,"Combustion turbine","Pipeline Natural Gas",,,"Water Injection|Selective Catalytic Reduction",,,"2012-05-03","Operating",501.1,"3 (54)"
"CA","Almond Power Plant",7315,"3",,2023,"ARP","609358",9,"WECC","Stanislaus County","CA099","099","Electric Utility",37.5739,-120.9854,"Turlock Irrigation District (Owner)|Turlock Irrigation District (Operator)","Phase 2",,"Combustion turbine","Pipeline Natural Gas",,,"Water Injection|Selective Catalytic Reduction",,,"2012-05-03","Operating",501.1,"3 (54)"
"CA","Almond Power Plant",7315,"3",,2024,"ARP","609358",9,"WECC","Stanislaus County","CA099","099","Electric Utility",37.5739,-120.9854,"Turlock Irrigation District (Owner)|Turlock Irrigation District (Operator)","Phase 2",,"Combustion turbine","Pipeline Natural Gas",,,"Water Injection|Selective Catalytic Reduction",,,"2012-05-03","Operating",501.1,"3 (54)"
"CA","Almond Power Plant",7315,"3",,2025,"ARP","609358",9,"WECC","Stanislaus County","CA099","099","Electric Utility",37.5739,-120.9854,"Turlock Irrigation District (Owner)|Turlock Irrigation District (Operator)","Phase 2",,"Combustion turbine","Pipeline Natural Gas",,,"Water Injection|Selective Catalytic Reduction",,,"2012-05-03","Operating",501.1,"3 (54)"
"CA","Almond Power Plant",7315,"4",,2022,"ARP","609358",9,"WECC","Stanislaus County","CA099","099","Electric Utility",37.5739,-120.9854,"Turlock Irrigation District (Owner)|Turlock Irrigation District (Operator)","Phase 2",,"Combustion turbine","Pipeline Natural Gas",,,"Water Injection|Selective Catalytic Reduction",,,"2012-04-29","Operating",501.1,"4 (54)"
"CA","Almond Power Plant",7315,"4",,2023,"ARP","609358",9,"WECC","Stanislaus County","CA099","099","Electric Utility",37.5739,-120.9854,"Turlock Irrigation District (Owner)|Turlock Irrigation District (Operator)","Phase 2",,"Combustion turbine","Pipeline Natural Gas",,,"Water Injection|Selective Catalytic Reduction",,,"2012-04-29","Operating",501.1,"4 (54)"
"CA","Almond Power Plant",7315,"4",,2024,"ARP","609358",9,"WECC","Stanislaus County","CA099","099","Electric Utility",37.5739,-120.9854,"Turlock Irrigation District (Owner)|Turlock Irrigation District (Operator)","Phase 2",,"Combustion turbine","Pipeline Natural Gas",,,"Water Injection|Selective Catalytic Reduction",,,"2012-04-29","Operating",501.1,"4 (54)"
"CA","Almond Power Plant",7315,"4",,2025,"ARP","609358",9,"WECC","Stanislaus County","CA099","099","Electric Utility",37.5739,-120.9854,"Turlock Irrigation District (Owner)|Turlock Irrigation District (Operator)","Phase 2",,"Combustion turbine","Pipeline Natural Gas",,,"Water Injection|Selective Catalytic Reduction",,,"2012-04-29","Operating",501.1,"4 (54)"
"CA","NCPA Combustion Turbine Project #2",7449,"NA1",,2022,"ARP","602222",9,,"San Joaquin County","CA077","077","Electric Utility",38.088,-121.3871,"Northern California Power Agency (Owner)|Northern California Power Agency (Operator)","Phase 2",,"Combustion turbine","Pipeline Natural Gas",,,"Selective Catalytic Reduction",,,"1996-04-01","Operating",463,"NA1 (50)"
"CA","NCPA Combustion Turbine Project #2",7449,"NA1",,2023,"ARP","602222 (Ended Jan 26, 2023), 609556 (Started Jan 26, 2023)",9,,"San Joaquin County","CA077","077","Electric Utility",38.088,-121.3871,"Northern California Power Agency (Owner)|Northern California Power Agency (Operator)","Phase 2",,"Combustion turbine","Pipeline Natural Gas",,,"Selective Catalytic Reduction",,,"1996-04-01","Operating",463,"NA1 (50)"
"CA","NCPA Combustion Turbine Project #2",7449,"NA1",,2024,"ARP","609556",9,,"San Joaquin County","CA077","077","Electric Utility",38.088,-121.3871,"Northern California Power Agency (Owner)|Northern California Power Agency (Operator)","Phase 2",,"Combustion turbine","Pipeline Natural Gas",,,"Selective Catalytic Reduction",,,"1996-04-01","Operating",463,"NA1 (50)"
"CA","NCPA Combustion Turbine Project #2",7449,"NA1",,2025,"ARP","609556",9,,"San Joaquin County","CA077","077","Electric Utility",38.088,-121.3871,"Northern California Power Agency (Owner)|Northern California Power Agency (Operator)","Phase 2",,"Combustion turbine","Pipeline Natural Gas",,,"Selective Catalytic Reduction",,,"1996-04-01","Operating",463,"NA1 (50)"
"CA","Carson Power Plant",7527,"1",,2022,"ARP","610159",9,,"Sacramento County","CA067","067","Cogeneration",38.4461,-121.4614,"Sacramento Mun Utility District Financing Author (Owner)|EthosEnergy Group Power Plant Services (Operator)","Phase 2",,"Combined cycle","Natural Gas","Other Gas",,"Water Injection|Selective Catalytic Reduction",,,"1995-10-11","Operating",599,"2 (17.5), 1 (54)"
"CA","Carson Power Plant",7527,"1",,2023,"ARP","610159",9,,"Sacramento County","CA067","067","Cogeneration",38.4461,-121.4614,"Sacramento Mun Utility District Financing Author (Owner)|EthosEnergy Group Power Plant Services (Operator)","Phase 2",,"Combined cycle","Natural Gas","Other Gas",,"Water Injection|Selective Catalytic Reduction",,,"1995-10-11","Operating",599,"2 (17.5), 1 (54)"
"CA","Carson Power Plant",7527,"1",,2024,"ARP","610159",9,,"Sacramento County","CA067","067","Cogeneration",38.4461,-121.4614,"Sacramento Mun Utility District Financing Author (Owner)|EthosEnergy Group Power Plant Services (Operator)","Phase 2",,"Combined cycle","Natural Gas","Other Gas",,"Water Injection|Selective Catalytic Reduction",,,"1995-10-11","Operating",599,"2 (17.5), 1 (54)"
"CA","Carson Power Plant",7527,"1",,2025,"ARP","610159",9,,"Sacramento County","CA067","067","Cogeneration",38.4461,-121.4614,"Sacramento Mun Utility District Financing Author (Owner) (Ended Nov 30, 2025)|Sacramento Municipal Utility District (Owner) (Started Nov 30, 2025)|EthosEnergy Group Power Plant Services (Operator)","Phase 2",,"Combined cycle","Natural Gas","Other Gas",,"Water Injection|Selective Catalytic Reduction",,,"1995-10-11","Operating",599,"2 (17.5), 1 (54)"
"CA","Carson Power Plant",7527,"2",,2022,"ARP","610159",9,,"Sacramento County","CA067","067","Cogeneration",38.4461,-121.4614,"Sacramento Mun Utility District Financing Author (Owner)|EthosEnergy Group Power Plant Services (Operator)","Phase 2",,"Combustion turbine","Natural Gas",,,"Water Injection|Selective Catalytic Reduction",,,"1995-10-11","Operating",460,"CCCT (54)"
"CA","Carson Power Plant",7527,"2",,2023,"ARP","610159",9,,"Sacramento County","CA067","067","Cogeneration",38.4461,-121.4614,"Sacramento Mun Utility District Financing Author (Owner)|EthosEnergy Group Power Plant Services (Operator)","Phase 2",,"Combustion turbine","Natural Gas",,,"Water Injection|Selective Catalytic Reduction",,,"1995-10-11","Operating",460,"CCCT (54)"
"CA","Carson Power Plant",7527,"2",,2024,"ARP","610159",9,,"Sacramento County","CA067","067","Cogeneration",38.4461,-121.4614,"Sacramento Mun Utility District Financing Author (Owner)|EthosEnergy Group Power Plant Services (Operator)","Phase 2",,"Combustion turbine","Natural Gas",,,"Water Injection|Selective Catalytic Reduction",,,"1995-10-11","Operating",460,"CCCT (54)"
"CA","Carson Power Plant",7527,"2",,2025,"ARP","610159",9,,"Sacramento County","CA067","067","Cogeneration",38.4461,-121.4614,"Sacramento Mun Utility District Financing Author (Owner) (Ended Nov 30, 2025)|Sacramento Municipal Utility District (Owner) (Started Nov 30, 2025)|EthosEnergy Group Power Plant Services (Operator)","Phase 2",,"Combustion turbine","Natural Gas",,,"Water Injection|Selective Catalytic Reduction",,,"1995-10-11","Operating",460,"CCCT (54)"
"CA","Procter and Gamble Power Plant",7551,"1A",,2022,"ARP","610159",9,,"Sacramento County","CA067","067","Cogeneration",38.5306,-121.399,"Sacramento Mun Utility District Financing Author (Owner)|EthosEnergy Group Power Plant Services (Operator)","Phase 2",,"Combined cycle","Pipeline Natural Gas",,,"Selective Catalytic Reduction",,,"1997-04-07","Operating",583,"CT1A (49.9), CCST (49.9)"
"CA","Procter and Gamble Power Plant",7551,"1A",,2023,"ARP","610159",9,,"Sacramento County","CA067","067","Cogeneration",38.5306,-121.399,"Sacramento Mun Utility District Financing Author (Owner)|EthosEnergy Group Power Plant Services (Operator)","Phase 2",,"Combined cycle","Pipeline Natural Gas",,,"Selective Catalytic Reduction",,,"1997-04-07","Operating",583,"CT1A (49.9), CCST (49.9)"
"CA","Procter and Gamble Power Plant",7551,"1A",,2024,"ARP","610159",9,,"Sacramento County","CA067","067","Cogeneration",38.5306,-121.399,"Sacramento Mun Utility District Financing Author (Owner)|EthosEnergy Group Power Plant Services (Operator)","Phase 2",,"Combined cycle","Pipeline Natural Gas",,,"Selective Catalytic Reduction",,,"1997-04-07","Operating",583,"CT1A (49.9), CCST (49.9)"
"CA","Procter and Gamble Power Plant",7551,"1A",,2025,"ARP","610159",9,,"Sacramento County","CA067","067","Cogeneration",38.5306,-121.399,"Sacramento Mun Utility District Financing Author (Owner) (Ended Nov 30, 2025)|Sacramento Municipal Utility District (Owner) (Started Nov 30, 2025)|EthosEnergy Group Power Plant Services (Operator)","Phase 2",,"Combined cycle","Pipeline Natural Gas",,,"Selective Catalytic Reduction",,,"1997-04-07","Operating",583,"CT1A (49.9), CCST (49.9)"
"CA","Procter and Gamble Power Plant",7551,"1B",,2022,"ARP","610159",9,,"Sacramento County","CA067","067","Cogeneration",38.5306,-121.399,"Sacramento Mun Utility District Financing Author (Owner)|EthosEnergy Group Power Plant Services (Operator)","Phase 2",,"Combined cycle","Pipeline Natural Gas",,,"Selective Catalytic Reduction",,,"1997-04-07","Operating",583,"CCST (49.9), CT1B (49.9)"
"CA","Procter and Gamble Power Plant",7551,"1B",,2023,"ARP","610159",9,,"Sacramento County","CA067","067","Cogeneration",38.5306,-121.399,"Sacramento Mun Utility District Financing Author (Owner)|EthosEnergy Group Power Plant Services (Operator)","Phase 2",,"Combined cycle","Pipeline Natural Gas",,,"Selective Catalytic Reduction",,,"1997-04-07","Operating",583,"CCST (49.9), CT1B (49.9)"
"CA","Procter and Gamble Power Plant",7551,"1B",,2024,"ARP","610159",9,,"Sacramento County","CA067","067","Cogeneration",38.5306,-121.399,"Sacramento Mun Utility District Financing Author (Owner)|EthosEnergy Group Power Plant Services (Operator)","Phase 2",,"Combined cycle","Pipeline Natural Gas",,,"Selective Catalytic Reduction",,,"1997-04-07","Operating",583,"CCST (49.9), CT1B (49.9)"
"CA","Procter and Gamble Power Plant",7551,"1B",,2025,"ARP","610159",9,,"Sacramento County","CA067","067","Cogeneration",38.5306,-121.399,"Sacramento Mun Utility District Financing Author (Owner) (Ended Nov 30, 2025)|Sacramento Municipal Utility District (Owner) (Started Nov 30, 2025)|EthosEnergy Group Power Plant Services (Operator)","Phase 2",,"Combined cycle","Pipeline Natural Gas",,,"Selective Catalytic Reduction",,,"1997-04-07","Operating",583,"CCST (49.9), CT1B (49.9)"
"CA","Procter and Gamble Power Plant",7551,"1C",,2022,"ARP","610159",9,,"Sacramento County","CA067","067","Cogeneration",38.5306,-121.399,"Sacramento Mun Utility District Financing Author (Owner)|EthosEnergy Group Power Plant Services (Operator)","Phase 2",,"Combustion turbine","Pipeline Natural Gas",,,"Selective Catalytic Reduction",,,"2001-03-01","Operating",500,"CT1C (44)"
"CA","Procter and Gamble Power Plant",7551,"1C",,2023,"ARP","610159",9,,"Sacramento County","CA067","067","Cogeneration",38.5306,-121.399,"Sacramento Mun Utility District Financing Author (Owner)|EthosEnergy Group Power Plant Services (Operator)","Phase 2",,"Combustion turbine","Pipeline Natural Gas",,,"Selective Catalytic Reduction",,,"2001-03-01","Operating",500,"CT1C (44)"
"CA","Procter and Gamble Power Plant",7551,"1C",,2024,"ARP","610159",9,,"Sacramento County","CA067","067","Cogeneration",38.5306,-121.399,"Sacramento Mun Utility District Financing Author (Owner)|EthosEnergy Group Power Plant Services (Operator)","Phase 2",,"Combustion turbine","Pipeline Natural Gas",,,"Selective Catalytic Reduction",,,"2001-03-01","Operating",500,"CT1C (44)"
"CA","Procter and Gamble Power Plant",7551,"1C",,2025,"ARP","610159",9,,"Sacramento County","CA067","067","Cogeneration",38.5306,-121.399,"Sacramento Mun Utility District Financing Author (Owner) (Ended Nov 30, 2025)|Sacramento Municipal Utility District (Owner) (Started Nov 30, 2025)|EthosEnergy Group Power Plant Services (Operator)","Phase 2",,"Combustion turbine","Pipeline Natural Gas",,,"Selective Catalytic Reduction",,,"2001-03-01","Operating",500,"CT1C (44)"
"CA","Campbell Power Plant",7552,"1",,2022,"ARP","610159",9,,"Sacramento County","CA067","067","Cogeneration",38.511,-121.4735,"Sacramento Mun Utility District Financing Author (Owner)|EthosEnergy Group Power Plant Services (Operator)","Phase 2",,"Combined cycle","Pipeline Natural Gas",,,"Selective Catalytic Reduction",,,"1997-08-10","Operating",1610,"CCCT (118.8), CCST (55.3)"
"CA","Campbell Power Plant",7552,"1",,2023,"ARP","610159",9,,"Sacramento County","CA067","067","Cogeneration",38.511,-121.4735,"Sacramento Mun Utility District Financing Author (Owner)|EthosEnergy Group Power Plant Services (Operator)","Phase 2",,"Combined cycle","Pipeline Natural Gas",,,"Selective Catalytic Reduction",,,"1997-08-10","Operating",1610,"CCCT (118.8), CCST (55.3)"
"CA","Campbell Power Plant",7552,"1",,2024,"ARP","610159",9,,"Sacramento County","CA067","067","Cogeneration",38.511,-121.4735,"Sacramento Mun Utility District Financing Author (Owner)|EthosEnergy Group Power Plant Services (Operator)","Phase 2",,"Combined cycle","Pipeline Natural Gas",,,"Selective Catalytic Reduction",,,"1997-08-10","Operating",1610,"CCCT (118.8), CCST (55.3)"
"CA","Campbell Power Plant",7552,"1",,2025,"ARP","610159",9,,"Sacramento County","CA067","067","Cogeneration",38.511,-121.4735,"Sacramento Mun Utility District Financing Author (Owner) (Ended Nov 30, 2025)|Sacramento Municipal Utility District (Owner) (Started Nov 30, 2025)|EthosEnergy Group Power Plant Services (Operator)","Phase 2",,"Combined cycle","Pipeline Natural Gas",,,"Selective Catalytic Reduction",,,"1997-08-10","Operating",1610,"CCCT (118.8), CCST (55.3)"
"CA","Lake",7987,"01",,2022,"ARP","610038",9,"WECC","Los Angeles County","CA037","037","Electric Utility",34.1775,-118.3147,"City of Burbank (Owner)|City of Burbank (Operator)","Phase 2",,"Combustion turbine","Pipeline Natural Gas",,,"Water Injection|Selective Catalytic Reduction",,,"2002-06-22","Operating",460.5,"L1 (48)"
"CA","Lake",7987,"01",,2023,"ARP","610038",9,"WECC","Los Angeles County","CA037","037","Electric Utility",34.1775,-118.3147,"City of Burbank (Owner)|City of Burbank (Operator)","Phase 2",,"Combustion turbine","Pipeline Natural Gas",,,"Water Injection|Selective Catalytic Reduction",,,"2002-06-22","Operating",460.5,"L1 (48)"
"CA","Lake",7987,"01",,2024,"ARP","610038",9,"WECC","Los Angeles County","CA037","037","Electric Utility",34.1775,-118.3147,"City of Burbank (Owner)|City of Burbank (Operator)","Phase 2",,"Combustion turbine","Pipeline Natural Gas",,,"Water Injection|Selective Catalytic Reduction",,,"2002-06-22","Operating",460.5,"L1 (48)"
"CA","Lake",7987,"01",,2025,"ARP","610038 (Ended Jan 23, 2025), 610276 (Started Jan 23, 2025)",9,"WECC","Los Angeles County","CA037","037","Electric Utility",34.1775,-118.3147,"City of Burbank (Owner)|City of Burbank (Operator)","Phase 2",,"Combustion turbine","Pipeline Natural Gas",,,"Water Injection|Selective Catalytic Reduction",,,"2002-06-22","Operating",460.5,"L1 (48)"
"CA","Calpine Gilroy Cogen, LP",10034,"S-100",,2022,"ARP","603807 (Ended Mar 24, 2022), 602696 (Started Mar 24, 2022)",9,,"Santa Clara County","CA085","085","Cogeneration",37.0001,-121.5367,"Calpine Corporation (Owner)|Calpine Corporation (Operator)","Phase 2",,"Combined cycle","Pipeline Natural Gas",,,"Dry Low NOx Burners",,,"1987-09-01","Operating",1085,"GEN2 (40), GEN1 (90)"
"CA","Calpine Gilroy Cogen, LP",10034,"S-100",,2023,"ARP","602696",9,,"Santa Clara County","CA085","085","Cogeneration",37.0001,-121.5367,"Calpine Corporation (Owner)|Calpine Corporation (Operator)","Phase 2",,"Combined cycle","Pipeline Natural Gas",,,"Dry Low NOx Burners",,,"1987-09-01","Operating",1085,"GEN2 (40), GEN1 (90)"
"CA","Calpine Gilroy Cogen, LP",10034,"S-100",,2024,"ARP","602696",9,,"Santa Clara County","CA085","085","Cogeneration",37.0001,-121.5367,"Calpine Corporation (Owner)|Calpine Corporation (Operator)","Phase 2",,"Combined cycle","Pipeline Natural Gas",,,"Dry Low NOx Burners",,,"1987-09-01","Operating",1085,"GEN2 (40), GEN1 (90)"
"CA","Calpine Gilroy Cogen, LP",10034,"S-100",,2025,"ARP","602696",9,,"Santa Clara County","CA085","085","Cogeneration",37.0001,-121.5367,"Calpine Corporation (Owner)|Calpine Corporation (Operator)","Phase 2",,"Combined cycle","Pipeline Natural Gas",,,"Dry Low NOx Burners",,,"1987-09-01","Operating",1085,"GEN2 (40), GEN1 (90)"
"CA","Fresno Cogeneration Partners, LP",10156,"GEN1",,2022,"ARP","602281",9,,"Fresno County","CA019","019","Electric Utility",36.6183,-120.1,"Fresno Cogeneration Partners, LP (Owner)|Wellhead Electric Company, Inc (Operator)","Phase 2",,"Combined cycle","Pipeline Natural Gas",,,"Water Injection|Selective Catalytic Reduction",,,"2005-01-17","Operating",495,"GEN4 (71.2), GEN2 (12.5)"
"CA","Fresno Cogeneration Partners, LP",10156,"GEN1",,2023,"ARP","602281",9,,"Fresno County","CA019","019","Electric Utility",36.6183,-120.1,"Fresno Cogeneration Partners, LP (Owner)|Wellhead Electric Company, Inc (Operator)","Phase 2",,"Combined cycle","Pipeline Natural Gas",,,"Water Injection|Selective Catalytic Reduction",,,"2005-01-17","Operating",495,"GEN4 (71.2), GEN2 (12.5)"
"CA","Fresno Cogeneration Partners, LP",10156,"GEN1",,2024,"ARP","602281",9,,"Fresno County","CA019","019","Electric Utility",36.6183,-120.1,"Fresno Cogeneration Partners, LP (Owner)|Wellhead Electric Company, Inc (Operator)","Phase 2",,"Combined cycle","Pipeline Natural Gas",,,"Water Injection|Selective Catalytic Reduction",,,"2005-01-17","Operating",495,"GEN4 (71.2), GEN2 (12.5)"
"CA","Fresno Cogeneration Partners, LP",10156,"GEN1",,2025,"ARP","602281",9,,"Fresno County","CA019","019","Electric Utility",36.6183,-120.1,"Fresno Cogeneration Partners, LP (Owner)|Wellhead Electric Company, Inc (Operator)","Phase 2",,"Combined cycle","Pipeline Natural Gas",,,"Water Injection|Selective Catalytic Reduction",,,"2005-01-17","Operating",495,"GEN4 (71.2), GEN2 (12.5)"
"CA","Carson Cogeneration Company",10169,"D1",,2022,"ARP","608976",9,,"Los Angeles County","CA037","037","Electric Utility",33.8759,-118.2491,"Carson Cogeneration Company (Owner)|Energy Holdings (Operator)","Phase 2",,"Combined cycle","Pipeline Natural Gas",,,"Water Injection|Selective Catalytic Reduction",,,"2003-11-20","Operating",453,"GEN2 (10.5), GEN1 (45.3)"
"CA","Carson Cogeneration Company",10169,"D1",,2023,"ARP","608976",9,,"Los Angeles County","CA037","037","Electric Utility",33.8759,-118.2491,"Carson Cogeneration Company (Owner)|Energy Holdings (Operator)","Phase 2",,"Combined cycle","Pipeline Natural Gas",,,"Water Injection|Selective Catalytic Reduction",,,"2003-11-20","Operating",453,"GEN2 (10.5), GEN1 (45.3)"
"CA","Carson Cogeneration Company",10169,"D1",,2024,"ARP","608976",9,,"Los Angeles County","CA037","037","Electric Utility",33.8759,-118.2491,"Carson Cogeneration Company (Owner)|Energy Holdings (Operator)","Phase 2",,"Combined cycle","Pipeline Natural Gas",,,"Water Injection|Selective Catalytic Reduction",,,"2003-11-20","Operating",453,"GEN2 (10.5), GEN1 (45.3)"
"CA","Carson Cogeneration Company",10169,"D1",,2025,"ARP","608976",9,,"Los Angeles County","CA037","037","Electric Utility",33.8759,-118.2491,"Carson Cogeneration Company (Owner)|Energy Holdings (Operator)","Phase 2",,"Combined cycle","Pipeline Natural Gas",,,"Water Injection|Selective Catalytic Reduction",,,"2003-11-20","Operating",453,"GEN2 (10.5), GEN1 (45.3)"
"CA","King City Power Plant",10294,"2",,2022,"ARP","603807 (Ended Mar 24, 2022), 602696 (Started Mar 24, 2022)",9,,"Monterey County","CA053","053","Electric Utility",36.225,-121.1278,"Gilroy Energy Center, LLC (Owner)|Calpine Operating Services Company, Inc. (Operator)","Phase 2",,"Combustion turbine","Pipeline Natural Gas",,,"Dry Low NOx Burners|Water Injection|Ammonia Injection|Selective Catalytic Reduction",,,"2001-09-30","Operating",500,"CTG1 (47.3)"
"CA","King City Power Plant",10294,"2",,2023,"ARP","602696",9,,"Monterey County","CA053","053","Electric Utility",36.225,-121.1278,"Gilroy Energy Center, LLC (Owner)|Calpine Operating Services Company, Inc. (Operator)","Phase 2",,"Combustion turbine","Pipeline Natural Gas",,,"Dry Low NOx Burners|Water Injection|Ammonia Injection|Selective Catalytic Reduction",,,"2001-09-30","Operating",500,"CTG1 (47.3)"
"CA","King City Power Plant",10294,"2",,2024,"ARP","602696",9,,"Monterey County","CA053","053","Electric Utility",36.225,-121.1278,"Gilroy Energy Center, LLC (Owner)|Calpine Operating Services Company, Inc. (Operator)","Phase 2",,"Combustion turbine","Pipeline Natural Gas",,,"Dry Low NOx Burners|Water Injection|Ammonia Injection|Selective Catalytic Reduction",,,"2001-09-30","Operating",500,"CTG1 (47.3)"
"CA","King City Power Plant",10294,"2",,2025,"ARP","602696",9,,"Monterey County","CA053","053","Electric Utility",36.225,-121.1278,"Gilroy Energy Center, LLC (Owner)|Calpine Operating Services Company, Inc. (Operator)","Phase 2",,"Combustion turbine","Pipeline Natural Gas",,,"Dry Low NOx Burners|Water Injection|Ammonia Injection|Selective Catalytic Reduction",,,"2001-09-30","Operating",500,"CTG1 (47.3)"
"CA","King City Power Plant",10294,"GTG",,2022,"ARP","603807 (Ended Mar 24, 2022), 602696 (Started Mar 24, 2022)",9,,"Monterey County","CA053","053","Electric Utility",36.225,-121.1278,"Calpine King City Cogen, LLC (Owner)|Calpine Operating Services Company, Inc. (Operator)","Phase 2",,"Combined cycle","Pipeline Natural Gas",,,"Dry Low NOx Burners|Selective Catalytic Reduction",,,"1989-02-01","Operating",1022,"GTG (90.8), STG (42.4)"
"CA","King City Power Plant",10294,"GTG",,2023,"ARP","602696",9,,"Monterey County","CA053","053","Electric Utility",36.225,-121.1278,"Calpine King City Cogen, LLC (Owner)|Calpine Operating Services Company, Inc. (Operator)","Phase 2",,"Combined cycle","Pipeline Natural Gas",,,"Dry Low NOx Burners|Selective Catalytic Reduction",,,"1989-02-01","Operating",1022,"GTG (90.8), STG (42.4)"
"CA","King City Power Plant",10294,"GTG",,2024,"ARP","602696",9,,"Monterey County","CA053","053","Electric Utility",36.225,-121.1278,"Calpine King City Cogen, LLC (Owner)|Calpine Operating Services Company, Inc. (Operator)","Phase 2",,"Combined cycle","Pipeline Natural Gas",,,"Dry Low NOx Burners|Selective Catalytic Reduction",,,"1989-02-01","Operating",1022,"GTG (90.8), STG (42.4)"
"CA","King City Power Plant",10294,"GTG",,2025,"ARP","602696",9,,"Monterey County","CA053","053","Electric Utility",36.225,-121.1278,"Calpine King City Cogen, LLC (Owner)|Calpine Operating Services Company, Inc. (Operator)","Phase 2",,"Combined cycle","Pipeline Natural Gas",,,"Dry Low NOx Burners|Selective Catalytic Reduction",,,"1989-02-01","Operating",1022,"GTG (90.8), STG (42.4)"
"CA","Yuba City Energy Center",10349,"2",,2022,"ARP","606775",9,,"Sutter County","CA101","101","Electric Utility",39.1365,-121.6397,"Calpine Corporation (Owner)|Calpine Corporation (Operator)","Phase 2",,"Combustion turbine","Pipeline Natural Gas",,,"Water Injection|Selective Catalytic Reduction",,,"2002-06-16","Operating",500,"GEN1 (49.5)"
"CA","Yuba City Energy Center",10349,"2",,2023,"ARP","606775",9,,"Sutter County","CA101","101","Electric Utility",39.1365,-121.6397,"Calpine Corporation (Owner)|Calpine Corporation (Operator)","Phase 2",,"Combustion turbine","Pipeline Natural Gas",,,"Water Injection|Selective Catalytic Reduction",,,"2002-06-16","Operating",500,"GEN1 (49.5)"
"CA","Yuba City Energy Center",10349,"2",,2024,"ARP","606775",9,,"Sutter County","CA101","101","Electric Utility",39.1365,-121.6397,"Calpine Corporation (Owner)|Calpine Corporation (Operator)","Phase 2",,"Combustion turbine","Pipeline Natural Gas",,,"Water Injection|Selective Catalytic Reduction",,,"2002-06-16","Operating",500,"GEN1 (49.5)"
"CA","Yuba City Energy Center",10349,"2",,2025,"ARP","606775",9,,"Sutter County","CA101","101","Electric Utility",39.1365,-121.6397,"Calpine Corporation (Owner)|Calpine Corporation (Operator)","Phase 2",,"Combustion turbine","Pipeline Natural Gas",,,"Water Injection|Selective Catalytic Reduction",,,"2002-06-16","Operating",500,"GEN1 (49.5)"
"CA","Greenleaf One",10350,"CTGA","CP1",2022,"ARP","606775",9,,"Sutter County","CA101","101","Electric Utility",39.0536,-121.6942,"California Department of Water Resources (Owner)|Calpine Greenleaf Holdings, Inc. (Operator)","Phase 2",,"Combustion turbine","Pipeline Natural Gas",,,"Water Injection|Selective Catalytic Reduction (Began Jul 01, 2022)",,,"2021-09-17","Operating",366.1,"CTGA (34.9)"
"CA","Greenleaf One",10350,"CTGA",,2023,"ARP","606775",9,,"Sutter County","CA101","101","Electric Utility",39.0536,-121.6942,"California Department of Water Resources (Owner)|Calpine Greenleaf Holdings, Inc. (Operator)","Phase 2",,"Combustion turbine","Pipeline Natural Gas",,,"Water Injection|Selective Catalytic Reduction",,,"2021-09-17","Operating",366.1,"CTGA (34.9)"
"CA","Greenleaf One",10350,"CTGA",,2024,"ARP","606775",9,,"Sutter County","CA101","101","Electric Utility",39.0536,-121.6942,"California Department of Water Resources (Owner)|Calpine Greenleaf Holdings, Inc. (Operator)","Phase 2",,"Combustion turbine","Pipeline Natural Gas",,,"Water Injection|Selective Catalytic Reduction",,,"2021-09-17","Operating",366.1,"CTGA (34.9)"
"CA","Greenleaf One",10350,"CTGA",,2025,"ARP","606775",9,,"Sutter County","CA101","101","Electric Utility",39.0536,-121.6942,"California Department of Water Resources (Owner)|Calpine Greenleaf Holdings, Inc. (Operator)","Phase 2",,"Combustion turbine","Pipeline Natural Gas",,,"Water Injection|Selective Catalytic Reduction",,,"2021-09-17","Operating (Retired 10/15/2025)",366.1,"CTGA (34.9)"
"CA","Greenleaf One",10350,"CTGB","CP1",2022,"ARP","606775",9,,"Sutter County","CA101","101","Electric Utility",39.0536,-121.6942,"California Department of Water Resources (Owner)|Calpine Greenleaf Holdings, Inc. (Operator)","Phase 2",,"Combustion turbine","Pipeline Natural Gas",,,"Water Injection|Selective Catalytic Reduction (Began Jul 01, 2022)",,,"2021-09-18","Operating",366.1,"CTGB (34.9)"
"CA","Greenleaf One",10350,"CTGB",,2023,"ARP","606775",9,,"Sutter County","CA101","101","Electric Utility",39.0536,-121.6942,"California Department of Water Resources (Owner)|Calpine Greenleaf Holdings, Inc. (Operator)","Phase 2",,"Combustion turbine","Pipeline Natural Gas",,,"Water Injection|Selective Catalytic Reduction",,,"2021-09-18","Operating",366.1,"CTGB (34.9)"
"CA","Greenleaf One",10350,"CTGB",,2024,"ARP","606775",9,,"Sutter County","CA101","101","Electric Utility",39.0536,-121.6942,"California Department of Water Resources (Owner)|Calpine Greenleaf Holdings, Inc. (Operator)","Phase 2",,"Combustion turbine","Pipeline Natural Gas",,,"Water Injection|Selective Catalytic Reduction",,,"2021-09-18","Operating",366.1,"CTGB (34.9)"
"CA","Greenleaf One",10350,"CTGB",,2025,"ARP","606775",9,,"Sutter County","CA101","101","Electric Utility",39.0536,-121.6942,"California Department of Water Resources (Owner)|Calpine Greenleaf Holdings, Inc. (Operator)","Phase 2",,"Combustion turbine","Pipeline Natural Gas",,,"Water Injection|Selective Catalytic Reduction",,,"2021-09-18","Operating (Retired 10/15/2025)",366.1,"CTGB (34.9)"
"CA","Kingsburg Cogen Facility",10405,"1",,2022,"ARP","608375",9,,"Fresno County","CA019","019","Electric Utility",36.547,-119.578,"KES Kingsburg, LP (Owner)|KES Kingsburg, LP (Operator)","Phase 2",,"Combined cycle","Pipeline Natural Gas",,,"Selective Catalytic Reduction",,,"1991-04-07","Operating",425,"GEN1 (23.1), GEN2 (13.1)"
"CA","Kingsburg Cogen Facility",10405,"1",,2023,"ARP","608375",9,,"Fresno County","CA019","019","Electric Utility",36.547,-119.578,"KES Kingsburg, LP (Owner)|KES Kingsburg, LP (Operator)","Phase 2",,"Combined cycle","Pipeline Natural Gas",,,"Selective Catalytic Reduction",,,"1991-04-07","Operating",425,"GEN1 (23.1), GEN2 (13.1)"
"CA","Kingsburg Cogen Facility",10405,"1",,2024,"ARP","608375",9,,"Fresno County","CA019","019","Electric Utility",36.547,-119.578,"KES Kingsburg, LP (Owner)|KES Kingsburg, LP (Operator)","Phase 2",,"Combined cycle","Pipeline Natural Gas",,,"Selective Catalytic Reduction",,,"1991-04-07","Operating",425,"GEN1 (23.1), GEN2 (13.1)"
"CA","Kingsburg Cogen Facility",10405,"1",,2025,"ARP","608375",9,,"Fresno County","CA019","019","Electric Utility",36.547,-119.578,"KES Kingsburg, LP (Owner)|KES Kingsburg, LP (Operator)","Phase 2",,"Combined cycle","Pipeline Natural Gas",,,"Selective Catalytic Reduction",,,"1991-04-07","Operating",425,"GEN1 (23.1), GEN2 (13.1)"
"CA","Bear Mountain Limited",10649,"GT1",,2022,"ARP","606604 (Ended Mar 02, 2022), 606765 (Started Mar 02, 2022)",9,,"Kern County","CA029","029","Electric Utility",35.4192,-118.9266,"WGP Redwood Holdings, LLC (Owner) (Ended Mar 02, 2022)|ContourGlobal (Owner) (Started Mar 02, 2022)|WCAC Operating Company (Operator) (Ended Mar 02, 2022)|ContourGlobal (Operator) (Started Mar 02, 2022)","Phase 2",,"Combustion turbine","Pipeline Natural Gas",,,"Selective Catalytic Reduction",,,"1995-04-24","Operating",435,"GEN1 (46)"
"CA","Bear Mountain Limited",10649,"GT1",,2023,"ARP","606765",9,,"Kern County","CA029","029","Electric Utility",35.4192,-118.9266,"ContourGlobal (Owner)|ContourGlobal (Operator)","Phase 2",,"Combustion turbine","Pipeline Natural Gas",,,"Selective Catalytic Reduction",,,"1995-04-24","Operating",435,"GEN1 (46)"
"CA","Bear Mountain Limited",10649,"GT1",,2024,"ARP","606765 (Ended Feb 12, 2024), 605902 (Started Feb 12, 2024)",9,,"Kern County","CA029","029","Electric Utility",35.4192,-118.9266,"ContourGlobal (Owner)|ContourGlobal (Operator)","Phase 2",,"Combustion turbine","Pipeline Natural Gas",,,"Selective Catalytic Reduction",,,"1995-04-24","Operating",435,"GEN1 (46)"
"CA","Bear Mountain Limited",10649,"GT1",,2025,"ARP","605902",9,,"Kern County","CA029","029","Electric Utility",35.4192,-118.9266,"ContourGlobal (Owner)|ContourGlobal (Operator)","Phase 2",,"Combustion turbine","Pipeline Natural Gas",,,"Selective Catalytic Reduction",,,"1995-04-24","Operating",435,"GEN1 (46)"
"CA","Badger Creek Limited",10650,"GT1",,2022,"ARP","606604 (Ended Mar 02, 2022), 606765 (Started Mar 02, 2022)",9,,"Kern County","CA029","029","Electric Utility",35.4837,-119.0299,"WGP Redwood Holdings, LLC (Owner) (Ended Mar 02, 2022)|ContourGlobal (Owner) (Started Mar 02, 2022)|WCAC Operating Company (Operator) (Ended Mar 02, 2022)|ContourGlobal (Operator) (Started Mar 02, 2022)","Phase 2",,"Combustion turbine","Pipeline Natural Gas",,,"Selective Catalytic Reduction",,,"1991-04-19","Operating",432,"GEN1 (46)"
"CA","Badger Creek Limited",10650,"GT1",,2023,"ARP","606765",9,,"Kern County","CA029","029","Electric Utility",35.4837,-119.0299,"ContourGlobal (Owner)|ContourGlobal (Operator)","Phase 2",,"Combustion turbine","Pipeline Natural Gas",,,"Selective Catalytic Reduction",,,"1991-04-19","Operating",432,"GEN1 (46)"
"CA","Badger Creek Limited",10650,"GT1",,2024,"ARP","606765 (Ended Feb 12, 2024), 605902 (Started Feb 12, 2024)",9,,"Kern County","CA029","029","Electric Utility",35.4837,-119.0299,"ContourGlobal (Owner)|ContourGlobal (Operator)","Phase 2",,"Combustion turbine","Pipeline Natural Gas",,,"Selective Catalytic Reduction",,,"1991-04-19","Operating",432,"GEN1 (46)"
"CA","Badger Creek Limited",10650,"GT1",,2025,"ARP","605902",9,,"Kern County","CA029","029","Electric Utility",35.4837,-119.0299,"ContourGlobal (Owner)|ContourGlobal (Operator)","Phase 2",,"Combustion turbine","Pipeline Natural Gas",,,"Selective Catalytic Reduction",,,"1991-04-19","Operating",432,"GEN1 (46)"
"CA","E. F. Oxnard Energy Facility",10776,"GTG",,2022,"ARP","605012 (Started May 11, 2022)",9,,"Ventura County","CA111","111","Electric Utility",34.1963,-119.1663,"EF Oxnard LLC (Owner) (Started May 11, 2022)|EF Oxnard LLC (Operator) (Started May 11, 2022)","Phase 2",,"Combustion turbine","Natural Gas",,,"Selective Catalytic Reduction",,,"1990-04-13","Operating",449.6,"GTG (48.5)"
"CA","E. F. Oxnard Energy Facility",10776,"GTG",,2023,"ARP","605012",9,,"Ventura County","CA111","111","Electric Utility",34.1963,-119.1663,"EF Oxnard LLC (Owner)|EF Oxnard LLC (Operator)","Phase 2",,"Combustion turbine","Natural Gas",,,"Selective Catalytic Reduction",,,"1990-04-13","Operating",449.6,"GTG (48.5)"
"CA","E. F. Oxnard Energy Facility",10776,"GTG",,2024,"ARP","605012 (Ended Feb 23, 2024), 604966 (Started Feb 23, 2024)(Ended Jun 18, 2024), 605465 (Started Sep 09, 2024)",9,,"Ventura County","CA111","111","Electric Utility",34.1963,-119.1663,"EF Oxnard LLC (Owner)|EF Oxnard LLC (Operator)","Phase 2",,"Combustion turbine","Natural Gas",,,"Selective Catalytic Reduction",,,"1990-04-13","Operating",449.6,"GTG (48.5)"
"CA","E. F. Oxnard Energy Facility",10776,"GTG",,2025,"ARP","605465 (Ended Feb 28, 2025), 611013 (Started Feb 28, 2025)",9,,"Ventura County","CA111","111","Electric Utility",34.1963,-119.1663,"EF Oxnard LLC (Owner)|EF Oxnard LLC (Operator)","Phase 2",,"Combustion turbine","Natural Gas",,,"Selective Catalytic Reduction",,,"1990-04-13","Operating",449.6,"GTG (48.5)"
"CA","McKittrick Limited",50612,"GT1",,2022,"ARP","606604 (Ended Mar 02, 2022), 606765 (Started Mar 02, 2022)",9,,"Kern County","CA029","029","Electric Utility",35.3195,-119.662,"WGP Redwood Holdings, LLC (Owner) (Ended Mar 02, 2022)|ContourGlobal (Owner) (Started Mar 02, 2022)|WCAC Operating Company (Operator) (Ended Mar 02, 2022)|ContourGlobal (Operator) (Started Mar 02, 2022)","Phase 2",,"Combustion turbine","Pipeline Natural Gas",,,"Selective Catalytic Reduction",,,"1991-03-01","Operating",432,"GEN1 (48)"
"CA","McKittrick Limited",50612,"GT1",,2023,"ARP","606765",9,,"Kern County","CA029","029","Electric Utility",35.3195,-119.662,"ContourGlobal (Owner)|ContourGlobal (Operator)","Phase 2",,"Combustion turbine","Pipeline Natural Gas",,,"Selective Catalytic Reduction",,,"1991-03-01","Operating",432,"GEN1 (48)"
"CA","McKittrick Limited",50612,"GT1",,2024,"ARP","606765 (Ended Feb 12, 2024), 605902 (Started Feb 12, 2024)",9,,"Kern County","CA029","029","Electric Utility",35.3195,-119.662,"ContourGlobal (Owner)|ContourGlobal (Operator)","Phase 2",,"Combustion turbine","Pipeline Natural Gas",,,"Selective Catalytic Reduction",,,"1991-03-01","Operating",432,"GEN1 (48)"
"CA","McKittrick Limited",50612,"GT1",,2025,"ARP","605902",9,,"Kern County","CA029","029","Electric Utility",35.3195,-119.662,"ContourGlobal (Owner)|ContourGlobal (Operator)","Phase 2",,"Combustion turbine","Pipeline Natural Gas",,,"Selective Catalytic Reduction",,,"1991-03-01","Operating",432,"GEN1 (48)"
"CA","Salinas River Cogeneration Facility",50865,"1",,2022,"ARP","609979",9,,"Monterey County","CA053","053","Cogeneration",35.9515,-120.8679,"Salinas River Cogeneration Company (Owner)|Salinas River Cogeneration Company (Operator)","Phase 2",,"Combustion turbine","Pipeline Natural Gas",,,"Dry Low NOx Burners|Selective Catalytic Reduction",,,"1992-03-06","Operating",525,"K100 (38.9)"
"CA","Salinas River Cogeneration Facility",50865,"1",,2023,"ARP","609979",9,,"Monterey County","CA053","053","Cogeneration",35.9515,-120.8679,"Salinas River Cogeneration Company (Owner)|Salinas River Cogeneration Company (Operator)","Phase 2",,"Combustion turbine","Pipeline Natural Gas",,,"Dry Low NOx Burners|Selective Catalytic Reduction",,,"1992-03-06","Operating",525,"K100 (38.9)"
"CA","Salinas River Cogeneration Facility",50865,"1",,2024,"ARP","609979",9,,"Monterey County","CA053","053","Cogeneration",35.9515,-120.8679,"Salinas River Cogeneration Company (Owner)|Salinas River Cogeneration Company (Operator)","Phase 2",,"Combustion turbine","Pipeline Natural Gas",,,"Dry Low NOx Burners|Selective Catalytic Reduction",,,"1992-03-06","Operating",525,"K100 (38.9)"
"CA","Salinas River Cogeneration Facility",50865,"1",,2025,"ARP","609979",9,,"Monterey County","CA053","053","Cogeneration",35.9515,-120.8679,"Salinas River Cogeneration Company (Owner)|Salinas River Cogeneration Company (Operator)","Phase 2",,"Combustion turbine","Pipeline Natural Gas",,,"Dry Low NOx Burners|Selective Catalytic Reduction",,,"1992-03-06","Operating",525,"K100 (38.9)"
"CA","DTE Stockton",54238,"BIOMS1",,2022,"ARP","603212",9,,"San Joaquin County","CA077","077","Electric Utility",37.9416,-121.3273,"DTE Energy Services (Owner)|DTE Energy Services (Operator)","Phase 2",,"Stoker","Wood",,"Wet Lime FGD","Selective Catalytic Reduction","Electrostatic Precipitator",,"2013-10-26","Operating",780,"STG (49.9)"
"CA","DTE Stockton",54238,"BIOMS1",,2023,"ARP","603212",9,,"San Joaquin County","CA077","077","Electric Utility",37.9416,-121.3273,"DTE Energy Services (Owner)|DTE Energy Services (Operator)","Phase 2",,"Stoker","Wood",,"Wet Lime FGD","Selective Catalytic Reduction","Electrostatic Precipitator",,"2013-10-26","Operating",780,"STG (49.9)"
"CA","DTE Stockton",54238,"BIOMS1",,2024,"ARP","603212",9,,"San Joaquin County","CA077","077","Electric Utility",37.9416,-121.3273,"DTE Energy Services (Owner)|DTE Energy Services (Operator)","Phase 2",,"Stoker","Wood",,"Wet Lime FGD","Selective Catalytic Reduction","Electrostatic Precipitator",,"2013-10-26","Operating",780,"STG (49.9)"
"CA","DTE Stockton",54238,"BIOMS1",,2025,"ARP","603212",9,,"San Joaquin County","CA077","077","Electric Utility",37.9416,-121.3273,"DTE Energy Services (Owner)|DTE Energy Services (Operator)","Phase 2",,"Stoker","Wood",,"Wet Lime FGD","Selective Catalytic Reduction","Electrostatic Precipitator",,"2013-10-26","Operating",780,"STG (49.9)"
"CA","Goal Line",54749,"1",,2022,"ARP","603492",9,,"San Diego County","CA073","073","Cogeneration",33.1185,-117.0995,"Goal Line, LP (Owner)|Goal Line, LP (Operator)","Phase 2",,"Combined cycle","Pipeline Natural Gas",,,"Water Injection|Selective Catalytic Reduction",,,"1994-11-24","Operating",448.1,"CTG (41.2), STG (10.2)"
"CA","Goal Line",54749,"1",,2023,"ARP","603492",9,,"San Diego County","CA073","073","Cogeneration",33.1185,-117.0995,"Goal Line, LP (Owner)|Goal Line, LP (Operator)","Phase 2",,"Combined cycle","Pipeline Natural Gas",,,"Water Injection|Selective Catalytic Reduction",,,"1994-11-24","Operating",448.1,"CTG (41.2), STG (10.2)"
"CA","Goal Line",54749,"1",,2024,"ARP","603492",9,,"San Diego County","CA073","073","Cogeneration",33.1185,-117.0995,"Goal Line, LP (Owner)|Goal Line, LP (Operator)","Phase 2",,"Combined cycle","Pipeline Natural Gas",,,"Water Injection|Selective Catalytic Reduction",,,"1994-11-24","Operating",448.1,"CTG (41.2), STG (10.2)"
"CA","Goal Line",54749,"1",,2025,"ARP","603492",9,,"San Diego County","CA073","073","Cogeneration",33.1185,-117.0995,"Goal Line, LP (Owner)|Goal Line, LP (Operator)","Phase 2",,"Combined cycle","Pipeline Natural Gas",,,"Water Injection|Selective Catalytic Reduction",,,"1994-11-24","Operating",448.1,"CTG (41.2), STG (10.2)"
"CA","Live Oak Limited",54768,"GT1",,2022,"ARP","606604 (Ended Apr 08, 2022), 606765 (Started Apr 08, 2022)",9,,"Kern County","CA029","029","Electric Utility",35.4837,-119.0298,"WGP Redwood Holdings, LLC (Owner) (Ended Apr 08, 2022)|ContourGlobal (Owner) (Started Apr 08, 2022)|WCAC Operating Company (Operator) (Ended Apr 08, 2022)|ContourGlobal (Operator) (Started Apr 08, 2022)","Phase 2",,"Combustion turbine","Pipeline Natural Gas",,,"Selective Catalytic Reduction",,,"1992-03-27","Operating",450,"GEN1 (46)"
"CA","Live Oak Limited",54768,"GT1",,2023,"ARP","606765",9,,"Kern County","CA029","029","Electric Utility",35.4837,-119.0298,"ContourGlobal (Owner)|ContourGlobal (Operator)","Phase 2",,"Combustion turbine","Pipeline Natural Gas",,,"Selective Catalytic Reduction",,,"1992-03-27","Operating",450,"GEN1 (46)"
"CA","Live Oak Limited",54768,"GT1",,2024,"ARP","606765 (Ended Feb 12, 2024), 605902 (Started Feb 12, 2024)",9,,"Kern County","CA029","029","Electric Utility",35.4837,-119.0298,"ContourGlobal (Owner)|ContourGlobal (Operator)","Phase 2",,"Combustion turbine","Pipeline Natural Gas",,,"Selective Catalytic Reduction",,,"1992-03-27","Operating",450,"GEN1 (46)"
"CA","Live Oak Limited",54768,"GT1",,2025,"ARP","605902",9,,"Kern County","CA029","029","Electric Utility",35.4837,-119.0298,"ContourGlobal (Owner)|ContourGlobal (Operator)","Phase 2",,"Combustion turbine","Pipeline Natural Gas",,,"Selective Catalytic Reduction",,,"1992-03-27","Operating",450,"GEN1 (46)"
"CA","Calpine Sutter Energy Center",55112,"CT01",,2022,"ARP","606775",9,,"Sutter County","CA101","101","Electric Utility",39.0531,-121.6939,"Calpine Corporation (Owner)|Calpine Corporation (Operator)","Phase 2",,"Combined cycle","Pipeline Natural Gas",,,"Dry Low NOx Burners|Selective Catalytic Reduction",,,"2001-04-02","Operating",2070,"CT01 (212), ST01 (212)"
"CA","Calpine Sutter Energy Center",55112,"CT01",,2023,"ARP","606775",9,,"Sutter County","CA101","101","Electric Utility",39.0531,-121.6939,"Calpine Corporation (Owner)|Calpine Corporation (Operator)","Phase 2",,"Combined cycle","Pipeline Natural Gas",,,"Dry Low NOx Burners|Selective Catalytic Reduction",,,"2001-04-02","Operating",2070,"CT01 (212), ST01 (212)"
"CA","Calpine Sutter Energy Center",55112,"CT01",,2024,"ARP","606775",9,,"Sutter County","CA101","101","Electric Utility",39.0531,-121.6939,"Calpine Corporation (Owner)|Calpine Corporation (Operator)","Phase 2",,"Combined cycle","Pipeline Natural Gas",,,"Dry Low NOx Burners|Selective Catalytic Reduction",,,"2001-04-02","Operating",2070,"CT01 (212), ST01 (212)"
"CA","Calpine Sutter Energy Center",55112,"CT01",,2025,"ARP","606775",9,,"Sutter County","CA101","101","Electric Utility",39.0531,-121.6939,"Calpine Corporation (Owner)|Calpine Corporation (Operator)","Phase 2",,"Combined cycle","Pipeline Natural Gas",,,"Dry Low NOx Burners|Selective Catalytic Reduction",,,"2001-04-02","Operating",2070,"CT01 (212), ST01 (212)"
"CA","Calpine Sutter Energy Center",55112,"CT02",,2022,"ARP","606775",9,,"Sutter County","CA101","101","Electric Utility",39.0531,-121.6939,"Calpine Corporation (Owner)|Calpine Corporation (Operator)","Phase 2",,"Combined cycle","Pipeline Natural Gas",,,"Dry Low NOx Burners|Selective Catalytic Reduction",,,"2001-04-11","Operating",2070,"ST01 (212), CT02 (212)"
"CA","Calpine Sutter Energy Center",55112,"CT02",,2023,"ARP","606775",9,,"Sutter County","CA101","101","Electric Utility",39.0531,-121.6939,"Calpine Corporation (Owner)|Calpine Corporation (Operator)","Phase 2",,"Combined cycle","Pipeline Natural Gas",,,"Dry Low NOx Burners|Selective Catalytic Reduction",,,"2001-04-11","Operating",2070,"ST01 (212), CT02 (212)"
"CA","Calpine Sutter Energy Center",55112,"CT02",,2024,"ARP","606775",9,,"Sutter County","CA101","101","Electric Utility",39.0531,-121.6939,"Calpine Corporation (Owner)|Calpine Corporation (Operator)","Phase 2",,"Combined cycle","Pipeline Natural Gas",,,"Dry Low NOx Burners|Selective Catalytic Reduction",,,"2001-04-11","Operating",2070,"ST01 (212), CT02 (212)"
"CA","Calpine Sutter Energy Center",55112,"CT02",,2025,"ARP","606775",9,,"Sutter County","CA101","101","Electric Utility",39.0531,-121.6939,"Calpine Corporation (Owner)|Calpine Corporation (Operator)","Phase 2",,"Combined cycle","Pipeline Natural Gas",,,"Dry Low NOx Burners|Selective Catalytic Reduction",,,"2001-04-11","Operating",2070,"ST01 (212), CT02 (212)"
"CA","La Paloma Generating Plant",55151,"CTG-1",,2022,"ARP","603354",9,,"Kern County","CA029","029","Electric Utility",35.2956,-119.5919,"CXA La Paloma, LLC (Owner)|CXA La Paloma, LLC (Operator)","Phase 2",,"Combined cycle","Pipeline Natural Gas",,,"Dry Low NOx Burners|Selective Catalytic Reduction",,,"2002-03-24","Operating",2200,"GEN1 (300)"
"CA","La Paloma Generating Plant",55151,"CTG-1",,2023,"ARP","603354",9,,"Kern County","CA029","029","Electric Utility",35.2956,-119.5919,"CXA La Paloma, LLC (Owner)|CXA La Paloma, LLC (Operator)","Phase 2",,"Combined cycle","Pipeline Natural Gas",,,"Dry Low NOx Burners|Selective Catalytic Reduction",,,"2002-03-24","Operating",2200,"GEN1 (300)"
"CA","La Paloma Generating Plant",55151,"CTG-1",,2024,"ARP","603354 (Ended May 07, 2024), 610964 (Started May 07, 2024)",9,,"Kern County","CA029","029","Electric Utility",35.2956,-119.5919,"CXA La Paloma, LLC (Owner)|CXA La Paloma, LLC (Operator)","Phase 2",,"Combined cycle","Pipeline Natural Gas",,,"Dry Low NOx Burners|Selective Catalytic Reduction",,,"2002-03-24","Operating",2200,"GEN1 (300)"
"CA","La Paloma Generating Plant",55151,"CTG-1",,2025,"ARP","610964",9,,"Kern County","CA029","029","Electric Utility",35.2956,-119.5919,"CXA La Paloma, LLC (Owner)|CXA La Paloma, LLC (Operator)","Phase 2",,"Combined cycle","Pipeline Natural Gas",,,"Dry Low NOx Burners|Selective Catalytic Reduction",,,"2002-03-24","Operating",2200,"GEN1 (300)"
"CA","La Paloma Generating Plant",55151,"CTG-2",,2022,"ARP","603354",9,,"Kern County","CA029","029","Electric Utility",35.2956,-119.5919,"CXA La Paloma, LLC (Owner)|CXA La Paloma, LLC (Operator)","Phase 2",,"Combined cycle","Pipeline Natural Gas",,,"Dry Low NOx Burners|Selective Catalytic Reduction",,,"2002-06-07","Operating",2200,"GEN2 (300)"
"CA","La Paloma Generating Plant",55151,"CTG-2",,2023,"ARP","603354",9,,"Kern County","CA029","029","Electric Utility",35.2956,-119.5919,"CXA La Paloma, LLC (Owner)|CXA La Paloma, LLC (Operator)","Phase 2",,"Combined cycle","Pipeline Natural Gas",,,"Dry Low NOx Burners|Selective Catalytic Reduction",,,"2002-06-07","Operating",2200,"GEN2 (300)"
"CA","La Paloma Generating Plant",55151,"CTG-2",,2024,"ARP","603354 (Ended May 07, 2024), 610964 (Started May 07, 2024)",9,,"Kern County","CA029","029","Electric Utility",35.2956,-119.5919,"CXA La Paloma, LLC (Owner)|CXA La Paloma, LLC (Operator)","Phase 2",,"Combined cycle","Pipeline Natural Gas",,,"Dry Low NOx Burners|Selective Catalytic Reduction",,,"2002-06-07","Operating",2200,"GEN2 (300)"
"CA","La Paloma Generating Plant",55151,"CTG-2",,2025,"ARP","610964",9,,"Kern County","CA029","029","Electric Utility",35.2956,-119.5919,"CXA La Paloma, LLC (Owner)|CXA La Paloma, LLC (Operator)","Phase 2",,"Combined cycle","Pipeline Natural Gas",,,"Dry Low NOx Burners|Selective Catalytic Reduction",,,"2002-06-07","Operating",2200,"GEN2 (300)"
"CA","La Paloma Generating Plant",55151,"CTG-3",,2022,"ARP","603354",9,,"Kern County","CA029","029","Electric Utility",35.2956,-119.5919,"CXA La Paloma, LLC (Owner)|CXA La Paloma, LLC (Operator)","Phase 2",,"Combined cycle","Pipeline Natural Gas",,,"Dry Low NOx Burners|Selective Catalytic Reduction",,,"2002-07-25","Operating",2200,"GEN3 (300)"
"CA","La Paloma Generating Plant",55151,"CTG-3",,2023,"ARP","603354",9,,"Kern County","CA029","029","Electric Utility",35.2956,-119.5919,"CXA La Paloma, LLC (Owner)|CXA La Paloma, LLC (Operator)","Phase 2",,"Combined cycle","Pipeline Natural Gas",,,"Dry Low NOx Burners|Selective Catalytic Reduction",,,"2002-07-25","Operating",2200,"GEN3 (300)"
"CA","La Paloma Generating Plant",55151,"CTG-3",,2024,"ARP","603354 (Ended May 07, 2024), 610964 (Started May 07, 2024)",9,,"Kern County","CA029","029","Electric Utility",35.2956,-119.5919,"CXA La Paloma, LLC (Owner)|CXA La Paloma, LLC (Operator)","Phase 2",,"Combined cycle","Pipeline Natural Gas",,,"Dry Low NOx Burners|Selective Catalytic Reduction",,,"2002-07-25","Operating",2200,"GEN3 (300)"
"CA","La Paloma Generating Plant",55151,"CTG-3",,2025,"ARP","610964",9,,"Kern County","CA029","029","Electric Utility",35.2956,-119.5919,"CXA La Paloma, LLC (Owner)|CXA La Paloma, LLC (Operator)","Phase 2",,"Combined cycle","Pipeline Natural Gas",,,"Dry Low NOx Burners|Selective Catalytic Reduction",,,"2002-07-25","Operating",2200,"GEN3 (300)"
"CA","La Paloma Generating Plant",55151,"CTG-4",,2022,"ARP","603354",9,,"Kern County","CA029","029","Electric Utility",35.2956,-119.5919,"CXA La Paloma, LLC (Owner)|CXA La Paloma, LLC (Operator)","Phase 2",,"Combined cycle","Pipeline Natural Gas",,,"Dry Low NOx Burners|Selective Catalytic Reduction",,,"2002-09-16","Operating",2200,"GEN4 (300)"
"CA","La Paloma Generating Plant",55151,"CTG-4",,2023,"ARP","603354",9,,"Kern County","CA029","029","Electric Utility",35.2956,-119.5919,"CXA La Paloma, LLC (Owner)|CXA La Paloma, LLC (Operator)","Phase 2",,"Combined cycle","Pipeline Natural Gas",,,"Dry Low NOx Burners|Selective Catalytic Reduction",,,"2002-09-16","Operating",2200,"GEN4 (300)"
"CA","La Paloma Generating Plant",55151,"CTG-4",,2024,"ARP","603354 (Ended May 07, 2024), 610964 (Started May 07, 2024)",9,,"Kern County","CA029","029","Electric Utility",35.2956,-119.5919,"CXA La Paloma, LLC (Owner)|CXA La Paloma, LLC (Operator)","Phase 2",,"Combined cycle","Pipeline Natural Gas",,,"Dry Low NOx Burners|Selective Catalytic Reduction",,,"2002-09-16","Operating",2200,"GEN4 (300)"
"CA","La Paloma Generating Plant",55151,"CTG-4",,2025,"ARP","610964",9,,"Kern County","CA029","029","Electric Utility",35.2956,-119.5919,"CXA La Paloma, LLC (Owner)|CXA La Paloma, LLC (Operator)","Phase 2",,"Combined cycle","Pipeline Natural Gas",,,"Dry Low NOx Burners|Selective Catalytic Reduction",,,"2002-09-16","Operating",2200,"GEN4 (300)"
"CA","Sunrise Power Company",55182,"CTG1",,2022,"ARP","607614",9,,"Kern County","CA029","029","Electric Utility",35.2097,-119.585,"Sunrise Power Company, LLC (Owner)|Sunrise Power Company, LLC (Operator)","Phase 2",,"Combined cycle","Pipeline Natural Gas",,,"Selective Catalytic Reduction|Dry Low NOx Burners",,,"2001-06-28","Operating",2175,"STG (270), X718 (167.7)"
"CA","Sunrise Power Company",55182,"CTG1",,2023,"ARP","607614",9,,"Kern County","CA029","029","Electric Utility",35.2097,-119.585,"Sunrise Power Company, LLC (Owner)|Sunrise Power Company, LLC (Operator)","Phase 2",,"Combined cycle","Pipeline Natural Gas",,,"Selective Catalytic Reduction|Dry Low NOx Burners",,,"2001-06-28","Operating",2175,"STG (270), X718 (167.7)"
"CA","Sunrise Power Company",55182,"CTG1",,2024,"ARP","607614",9,,"Kern County","CA029","029","Electric Utility",35.2097,-119.585,"Sunrise Power Company, LLC (Owner)|Sunrise Power Company, LLC (Operator)","Phase 2",,"Combined cycle","Pipeline Natural Gas",,,"Selective Catalytic Reduction|Dry Low NOx Burners",,,"2001-06-28","Operating",2175,"STG (270), X718 (167.7)"
"CA","Sunrise Power Company",55182,"CTG1",,2025,"ARP","607614 (Ended Feb 28, 2025), 611013 (Started Feb 28, 2025)",9,,"Kern County","CA029","029","Electric Utility",35.2097,-119.585,"Sunrise Power Company, LLC (Owner)|Sunrise Power Company, LLC (Operator)","Phase 2",,"Combined cycle","Pipeline Natural Gas",,,"Selective Catalytic Reduction|Dry Low NOx Burners",,,"2001-06-28","Operating",2175,"STG (270), X718 (167.7)"
"CA","Sunrise Power Company",55182,"CTG2",,2022,"ARP","607614",9,,"Kern County","CA029","029","Electric Utility",35.2097,-119.585,"Sunrise Power Company, LLC (Owner)|Sunrise Power Company, LLC (Operator)","Phase 2",,"Combined cycle","Pipeline Natural Gas",,,"Selective Catalytic Reduction|Dry Low NOx Burners",,,"2001-06-29","Operating",2200,"X719 (167.7), STG (270)"
"CA","Sunrise Power Company",55182,"CTG2",,2023,"ARP","607614",9,,"Kern County","CA029","029","Electric Utility",35.2097,-119.585,"Sunrise Power Company, LLC (Owner)|Sunrise Power Company, LLC (Operator)","Phase 2",,"Combined cycle","Pipeline Natural Gas",,,"Selective Catalytic Reduction|Dry Low NOx Burners",,,"2001-06-29","Operating",2200,"X719 (167.7), STG (270)"
"CA","Sunrise Power Company",55182,"CTG2",,2024,"ARP","607614",9,,"Kern County","CA029","029","Electric Utility",35.2097,-119.585,"Sunrise Power Company, LLC (Owner)|Sunrise Power Company, LLC (Operator)","Phase 2",,"Combined cycle","Pipeline Natural Gas",,,"Selective Catalytic Reduction|Dry Low NOx Burners",,,"2001-06-29","Operating",2200,"X719 (167.7), STG (270)"
"CA","Sunrise Power Company",55182,"CTG2",,2025,"ARP","607614 (Ended Feb 28, 2025), 611013 (Started Feb 28, 2025)",9,,"Kern County","CA029","029","Electric Utility",35.2097,-119.585,"Sunrise Power Company, LLC (Owner)|Sunrise Power Company, LLC (Operator)","Phase 2",,"Combined cycle","Pipeline Natural Gas",,,"Selective Catalytic Reduction|Dry Low NOx Burners",,,"2001-06-29","Operating",2200,"X719 (167.7), STG (270)"
"CA","Los Medanos Energy Center, LLC",55217,"X724",,2022,"ARP","609261",9,,"Contra Costa County","CA013","013","Cogeneration",38.03,-121.8708,"Los Medanos Energy Center, LLC (Owner)|Los Medanos Energy Center, LLC (Operator)","Phase 2",,"Combined cycle","Pipeline Natural Gas",,,"Selective Catalytic Reduction",,,"2001-05-06","Operating",2225.1,"CTG1 (198.9), STG3 (280.5)"
"CA","Los Medanos Energy Center, LLC",55217,"X724",,2023,"ARP","609261 (Ended Apr 24, 2023), 610469 (Started Apr 24, 2023)",9,,"Contra Costa County","CA013","013","Cogeneration",38.03,-121.8708,"Los Medanos Energy Center, LLC (Owner)|Los Medanos Energy Center, LLC (Operator)","Phase 2",,"Combined cycle","Pipeline Natural Gas",,,"Selective Catalytic Reduction",,,"2001-05-06","Operating",2225.1,"CTG1 (198.9), STG3 (280.5)"
"CA","Los Medanos Energy Center, LLC",55217,"X724",,2024,"ARP","610469 (Ended Jan 23, 2024), 610848 (Started Jan 23, 2024)",9,,"Contra Costa County","CA013","013","Cogeneration",38.03,-121.8708,"Los Medanos Energy Center, LLC (Owner)|Los Medanos Energy Center, LLC (Operator)","Phase 2",,"Combined cycle","Pipeline Natural Gas",,,"Selective Catalytic Reduction",,,"2001-05-06","Operating",2225.1,"CTG1 (198.9), STG3 (280.5)"
"CA","Los Medanos Energy Center, LLC",55217,"X724",,2025,"ARP","610848",9,,"Contra Costa County","CA013","013","Cogeneration",38.03,-121.8708,"Los Medanos Energy Center, LLC (Owner)|Los Medanos Energy Center, LLC (Operator)","Phase 2",,"Combined cycle","Pipeline Natural Gas",,,"Selective Catalytic Reduction",,,"2001-05-06","Operating",2225.1,"CTG1 (198.9), STG3 (280.5)"
"CA","Los Medanos Energy Center, LLC",55217,"X725",,2022,"ARP","609261",9,,"Contra Costa County","CA013","013","Cogeneration",38.03,-121.8708,"Los Medanos Energy Center, LLC (Owner)|Los Medanos Energy Center, LLC (Operator)","Phase 2",,"Combined cycle","Pipeline Natural Gas",,,"Selective Catalytic Reduction",,,"2001-05-06","Operating",2225.1,"CTG2 (198.9), STG3 (280.5)"
"CA","Los Medanos Energy Center, LLC",55217,"X725",,2023,"ARP","609261 (Ended Apr 24, 2023), 610469 (Started Apr 24, 2023)",9,,"Contra Costa County","CA013","013","Cogeneration",38.03,-121.8708,"Los Medanos Energy Center, LLC (Owner)|Los Medanos Energy Center, LLC (Operator)","Phase 2",,"Combined cycle","Pipeline Natural Gas",,,"Selective Catalytic Reduction",,,"2001-05-06","Operating",2225.1,"CTG2 (198.9), STG3 (280.5)"
"CA","Los Medanos Energy Center, LLC",55217,"X725",,2024,"ARP","610469 (Ended Jan 23, 2024), 610848 (Started Jan 23, 2024)",9,,"Contra Costa County","CA013","013","Cogeneration",38.03,-121.8708,"Los Medanos Energy Center, LLC (Owner)|Los Medanos Energy Center, LLC (Operator)","Phase 2",,"Combined cycle","Pipeline Natural Gas",,,"Selective Catalytic Reduction",,,"2001-05-06","Operating",2225.1,"CTG2 (198.9), STG3 (280.5)"
"CA","Los Medanos Energy Center, LLC",55217,"X725",,2025,"ARP","610848",9,,"Contra Costa County","CA013","013","Cogeneration",38.03,-121.8708,"Los Medanos Energy Center, LLC (Owner)|Los Medanos Energy Center, LLC (Operator)","Phase 2",,"Combined cycle","Pipeline Natural Gas",,,"Selective Catalytic Reduction",,,"2001-05-06","Operating",2225.1,"CTG2 (198.9), STG3 (280.5)"
"CA","Blythe Energy",55295,"1",,2022,"ARP","608443 (Ended Aug 24, 2022), 608886 (Started Aug 24, 2022)",9,"WECC","Riverside County","CA065","065","Electric Utility",33.6157,-114.6865,"Blythe Energy Inc. (Owner)|Blythe Energy Inc. (Operator)","Phase 2",,"Combined cycle","Pipeline Natural Gas",,,"Selective Catalytic Reduction",,,"2003-02-24","Operating",2046,"CT1 (170), ST1 (227)"
"CA","Blythe Energy",55295,"1",,2023,"ARP","608886",9,"WECC","Riverside County","CA065","065","Electric Utility",33.6157,-114.6865,"Blythe Energy Inc. (Owner)|Blythe Energy Inc. (Operator)","Phase 2",,"Combined cycle","Pipeline Natural Gas",,,"Selective Catalytic Reduction",,,"2003-02-24","Operating",2046,"CT1 (170), ST1 (227)"
"CA","Blythe Energy",55295,"1",,2024,"ARP","608886",9,"WECC","Riverside County","CA065","065","Electric Utility",33.6157,-114.6865,"Blythe Energy Inc. (Owner)|Blythe Energy Inc. (Operator)","Phase 2",,"Combined cycle","Pipeline Natural Gas",,,"Selective Catalytic Reduction",,,"2003-02-24","Operating",2046,"CT1 (170), ST1 (227)"
"CA","Blythe Energy",55295,"1",,2025,"ARP","608886",9,"WECC","Riverside County","CA065","065","Electric Utility",33.6157,-114.6865,"Blythe Energy Inc. (Owner)|Blythe Energy Inc. (Operator)","Phase 2",,"Combined cycle","Pipeline Natural Gas",,,"Selective Catalytic Reduction",,,"2003-02-24","Operating",2046,"CT1 (170), ST1 (227)"
"CA","Blythe Energy",55295,"2",,2022,"ARP","608443 (Ended Aug 24, 2022), 608886 (Started Aug 24, 2022)",9,"WECC","Riverside County","CA065","065","Electric Utility",33.6157,-114.6865,"Blythe Energy Inc. (Owner)|Blythe Energy Inc. (Operator)","Phase 2",,"Combined cycle","Pipeline Natural Gas",,,"Selective Catalytic Reduction",,,"2003-02-26","Operating",2046,"CT2 (170), ST1 (227)"
"CA","Blythe Energy",55295,"2",,2023,"ARP","608886",9,"WECC","Riverside County","CA065","065","Electric Utility",33.6157,-114.6865,"Blythe Energy Inc. (Owner)|Blythe Energy Inc. (Operator)","Phase 2",,"Combined cycle","Pipeline Natural Gas",,,"Selective Catalytic Reduction",,,"2003-02-26","Operating",2046,"CT2 (170), ST1 (227)"
"CA","Blythe Energy",55295,"2",,2024,"ARP","608886",9,"WECC","Riverside County","CA065","065","Electric Utility",33.6157,-114.6865,"Blythe Energy Inc. (Owner)|Blythe Energy Inc. (Operator)","Phase 2",,"Combined cycle","Pipeline Natural Gas",,,"Selective Catalytic Reduction",,,"2003-02-26","Operating",2046,"CT2 (170), ST1 (227)"
"CA","Blythe Energy",55295,"2",,2025,"ARP","608886",9,"WECC","Riverside County","CA065","065","Electric Utility",33.6157,-114.6865,"Blythe Energy Inc. (Owner)|Blythe Energy Inc. (Operator)","Phase 2",,"Combined cycle","Pipeline Natural Gas",,,"Selective Catalytic Reduction",,,"2003-02-26","Operating",2046,"CT2 (170), ST1 (227)"
"CA","Delta Energy Center, LLC",55333,"1",,2022,"ARP","609261",9,,"Contra Costa County","CA013","013","Electric Utility",38.0167,-121.8439,"Delta Energy Center, LLC (Owner)|Delta Energy Center, LLC (Operator)","Phase 2",,"Combined cycle","Pipeline Natural Gas",,,"Ammonia Injection",,,"2001-12-01","Operating",2125,"STG1 (306), CTG1 (212)"
"CA","Delta Energy Center, LLC",55333,"1",,2023,"ARP","609261 (Ended Apr 24, 2023), 610469 (Started Apr 24, 2023)",9,,"Contra Costa County","CA013","013","Electric Utility",38.0167,-121.8439,"Delta Energy Center, LLC (Owner)|Delta Energy Center, LLC (Operator)","Phase 2",,"Combined cycle","Pipeline Natural Gas",,,"Ammonia Injection",,,"2001-12-01","Operating",2125,"STG1 (306), CTG1 (212)"
"CA","Delta Energy Center, LLC",55333,"1",,2024,"ARP","610469 (Ended May 15, 2024), 610849 (Started May 15, 2024)",9,,"Contra Costa County","CA013","013","Electric Utility",38.0167,-121.8439,"Delta Energy Center, LLC (Owner)|Delta Energy Center, LLC (Operator)","Phase 2",,"Combined cycle","Pipeline Natural Gas",,,"Ammonia Injection",,,"2001-12-01","Operating",2125,"STG1 (306), CTG1 (212)"
"CA","Delta Energy Center, LLC",55333,"1",,2025,"ARP","610849",9,,"Contra Costa County","CA013","013","Electric Utility",38.0167,-121.8439,"Delta Energy Center, LLC (Owner)|Delta Energy Center, LLC (Operator)","Phase 2",,"Combined cycle","Pipeline Natural Gas",,,"Ammonia Injection",,,"2001-12-01","Operating",2125,"STG1 (306), CTG1 (212)"
"CA","Delta Energy Center, LLC",55333,"2",,2022,"ARP","609261",9,,"Contra Costa County","CA013","013","Electric Utility",38.0167,-121.8439,"Delta Energy Center, LLC (Owner)|Delta Energy Center, LLC (Operator)","Phase 2",,"Combined cycle","Pipeline Natural Gas",,,"Ammonia Injection",,,"2001-12-01","Operating",2125,"STG1 (306), CTG2 (212)"
"CA","Delta Energy Center, LLC",55333,"2",,2023,"ARP","609261 (Ended Apr 24, 2023), 610469 (Started Apr 24, 2023)",9,,"Contra Costa County","CA013","013","Electric Utility",38.0167,-121.8439,"Delta Energy Center, LLC (Owner)|Delta Energy Center, LLC (Operator)","Phase 2",,"Combined cycle","Pipeline Natural Gas",,,"Ammonia Injection",,,"2001-12-01","Operating",2125,"STG1 (306), CTG2 (212)"
"CA","Delta Energy Center, LLC",55333,"2",,2024,"ARP","610469 (Ended May 15, 2024), 610849 (Started May 15, 2024)",9,,"Contra Costa County","CA013","013","Electric Utility",38.0167,-121.8439,"Delta Energy Center, LLC (Owner)|Delta Energy Center, LLC (Operator)","Phase 2",,"Combined cycle","Pipeline Natural Gas",,,"Ammonia Injection",,,"2001-12-01","Operating",2125,"STG1 (306), CTG2 (212)"
"CA","Delta Energy Center, LLC",55333,"2",,2025,"ARP","610849",9,,"Contra Costa County","CA013","013","Electric Utility",38.0167,-121.8439,"Delta Energy Center, LLC (Owner)|Delta Energy Center, LLC (Operator)","Phase 2",,"Combined cycle","Pipeline Natural Gas",,,"Ammonia Injection",,,"2001-12-01","Operating",2125,"STG1 (306), CTG2 (212)"
"CA","Delta Energy Center, LLC",55333,"3",,2022,"ARP","609261",9,,"Contra Costa County","CA013","013","Electric Utility",38.0167,-121.8439,"Delta Energy Center, LLC (Owner)|Delta Energy Center, LLC (Operator)","Phase 2",,"Combined cycle","Pipeline Natural Gas",,,"Ammonia Injection",,,"2001-12-01","Operating",2125,"CTG3 (213.5), STG1 (306)"
"CA","Delta Energy Center, LLC",55333,"3",,2023,"ARP","609261 (Ended Apr 24, 2023), 610469 (Started Apr 24, 2023)",9,,"Contra Costa County","CA013","013","Electric Utility",38.0167,-121.8439,"Delta Energy Center, LLC (Owner)|Delta Energy Center, LLC (Operator)","Phase 2",,"Combined cycle","Pipeline Natural Gas",,,"Ammonia Injection",,,"2001-12-01","Operating",2125,"CTG3 (213.5), STG1 (306)"
"CA","Delta Energy Center, LLC",55333,"3",,2024,"ARP","610469 (Ended May 15, 2024), 610849 (Started May 15, 2024)",9,,"Contra Costa County","CA013","013","Electric Utility",38.0167,-121.8439,"Delta Energy Center, LLC (Owner)|Delta Energy Center, LLC (Operator)","Phase 2",,"Combined cycle","Pipeline Natural Gas",,,"Ammonia Injection",,,"2001-12-01","Operating",2125,"CTG3 (213.5), STG1 (306)"
"CA","Delta Energy Center, LLC",55333,"3",,2025,"ARP","610849",9,,"Contra Costa County","CA013","013","Electric Utility",38.0167,-121.8439,"Delta Energy Center, LLC (Owner)|Delta Energy Center, LLC (Operator)","Phase 2",,"Combined cycle","Pipeline Natural Gas",,,"Ammonia Injection",,,"2001-12-01","Operating",2125,"CTG3 (213.5), STG1 (306)"
"CA","Otay Mesa Energy Center, LLC",55345,"CTG-1",,2022,"ARP","600932",9,"WECC","San Diego County","CA073","073","Electric Utility",32.5733,-116.9153,"Otay Mesa Energy Center, LLC (Owner)|Otay Mesa Energy Center, LLC (Operator)","Phase 2",,"Combined cycle","Pipeline Natural Gas",,,"Dry Low NOx Burners|Selective Catalytic Reduction",,,"2009-07-22","Operating",2200,"1-01 (198.9), 1-03 (290.7)"
"CA","Otay Mesa Energy Center, LLC",55345,"CTG-1",,2023,"ARP","600932",9,"WECC","San Diego County","CA073","073","Electric Utility",32.5733,-116.9153,"Otay Mesa Energy Center, LLC (Owner)|Otay Mesa Energy Center, LLC (Operator)","Phase 2",,"Combined cycle","Pipeline Natural Gas",,,"Dry Low NOx Burners|Selective Catalytic Reduction",,,"2009-07-22","Operating",2200,"1-01 (198.9), 1-03 (290.7)"
"CA","Otay Mesa Energy Center, LLC",55345,"CTG-1",,2024,"ARP","600932",9,"WECC","San Diego County","CA073","073","Electric Utility",32.5733,-116.9153,"Otay Mesa Energy Center, LLC (Owner)|Otay Mesa Energy Center, LLC (Operator)","Phase 2",,"Combined cycle","Pipeline Natural Gas",,,"Dry Low NOx Burners|Selective Catalytic Reduction",,,"2009-07-22","Operating",2200,"1-01 (198.9), 1-03 (290.7)"
"CA","Otay Mesa Energy Center, LLC",55345,"CTG-1",,2025,"ARP","600932",9,"WECC","San Diego County","CA073","073","Electric Utility",32.5733,-116.9153,"Otay Mesa Energy Center, LLC (Owner)|Otay Mesa Energy Center, LLC (Operator)","Phase 2",,"Combined cycle","Pipeline Natural Gas",,,"Dry Low NOx Burners|Selective Catalytic Reduction",,,"2009-07-22","Operating",2200,"1-01 (198.9), 1-03 (290.7)"
"CA","Otay Mesa Energy Center, LLC",55345,"CTG-2",,2022,"ARP","600932",9,"WECC","San Diego County","CA073","073","Electric Utility",32.5733,-116.9153,"Otay Mesa Energy Center, LLC (Owner)|Otay Mesa Energy Center, LLC (Operator)","Phase 2",,"Combined cycle","Pipeline Natural Gas",,,"Dry Low NOx Burners|Selective Catalytic Reduction",,,"2009-07-23","Operating",2200,"1-02 (198.9), 1-03 (290.7)"
"CA","Otay Mesa Energy Center, LLC",55345,"CTG-2",,2023,"ARP","600932",9,"WECC","San Diego County","CA073","073","Electric Utility",32.5733,-116.9153,"Otay Mesa Energy Center, LLC (Owner)|Otay Mesa Energy Center, LLC (Operator)","Phase 2",,"Combined cycle","Pipeline Natural Gas",,,"Dry Low NOx Burners|Selective Catalytic Reduction",,,"2009-07-23","Operating",2200,"1-02 (198.9), 1-03 (290.7)"
"CA","Otay Mesa Energy Center, LLC",55345,"CTG-2",,2024,"ARP","600932",9,"WECC","San Diego County","CA073","073","Electric Utility",32.5733,-116.9153,"Otay Mesa Energy Center, LLC (Owner)|Otay Mesa Energy Center, LLC (Operator)","Phase 2",,"Combined cycle","Pipeline Natural Gas",,,"Dry Low NOx Burners|Selective Catalytic Reduction",,,"2009-07-23","Operating",2200,"1-02 (198.9), 1-03 (290.7)"
"CA","Otay Mesa Energy Center, LLC",55345,"CTG-2",,2025,"ARP","600932",9,"WECC","San Diego County","CA073","073","Electric Utility",32.5733,-116.9153,"Otay Mesa Energy Center, LLC (Owner)|Otay Mesa Energy Center, LLC (Operator)","Phase 2",,"Combined cycle","Pipeline Natural Gas",,,"Dry Low NOx Burners|Selective Catalytic Reduction",,,"2009-07-23","Operating",2200,"1-02 (198.9), 1-03 (290.7)"
"CA","Metcalf Energy Center",55393,"1",,2022,"ARP","602696 (Ended Mar 30, 2022), 603807 (Started Mar 30, 2022)",9,,"Santa Clara County","CA085","085","Electric Utility",37.2169,-121.7439,"Metcalf Energy Center, LLC (Owner)|Metcalf Energy Center, LLC (Operator)","Phase 2",,"Combined cycle","Pipeline Natural Gas",,,"Dry Low NOx Burners|Selective Catalytic Reduction",,,"2005-04-28","Operating",2150,"CTG1 (200), STG1 (235)"
"CA","Metcalf Energy Center",55393,"1",,2023,"ARP","603807",9,,"Santa Clara County","CA085","085","Electric Utility",37.2169,-121.7439,"Metcalf Energy Center, LLC (Owner)|Metcalf Energy Center, LLC (Operator)","Phase 2",,"Combined cycle","Pipeline Natural Gas",,,"Dry Low NOx Burners|Selective Catalytic Reduction",,,"2005-04-28","Operating",2150,"CTG1 (200), STG1 (235)"
"CA","Metcalf Energy Center",55393,"1",,2024,"ARP","603807",9,,"Santa Clara County","CA085","085","Electric Utility",37.2169,-121.7439,"Metcalf Energy Center, LLC (Owner)|Metcalf Energy Center, LLC (Operator)","Phase 2",,"Combined cycle","Pipeline Natural Gas",,,"Dry Low NOx Burners|Selective Catalytic Reduction",,,"2005-04-28","Operating",2150,"CTG1 (200), STG1 (235)"
"CA","Metcalf Energy Center",55393,"1",,2025,"ARP","603807 (Ended Feb 10, 2025), 611187 (Started Feb 10, 2025)",9,,"Santa Clara County","CA085","085","Electric Utility",37.2169,-121.7439,"Metcalf Energy Center, LLC (Owner)|Metcalf Energy Center, LLC (Operator)","Phase 2",,"Combined cycle","Pipeline Natural Gas",,,"Dry Low NOx Burners|Selective Catalytic Reduction",,,"2005-04-28","Operating",2150,"CTG1 (200), STG1 (235)"
"CA","Metcalf Energy Center",55393,"2",,2022,"ARP","602696 (Ended Mar 30, 2022), 603807 (Started Mar 30, 2022)",9,,"Santa Clara County","CA085","085","Electric Utility",37.2169,-121.7439,"Metcalf Energy Center, LLC (Owner)|Metcalf Energy Center, LLC (Operator)","Phase 2",,"Combined cycle","Pipeline Natural Gas",,,"Dry Low NOx Burners|Selective Catalytic Reduction",,,"2005-05-01","Operating",2156,"CTG2 (200), STG1 (235)"
"CA","Metcalf Energy Center",55393,"2",,2023,"ARP","603807",9,,"Santa Clara County","CA085","085","Electric Utility",37.2169,-121.7439,"Metcalf Energy Center, LLC (Owner)|Metcalf Energy Center, LLC (Operator)","Phase 2",,"Combined cycle","Pipeline Natural Gas",,,"Dry Low NOx Burners|Selective Catalytic Reduction",,,"2005-05-01","Operating",2156,"CTG2 (200), STG1 (235)"
"CA","Metcalf Energy Center",55393,"2",,2024,"ARP","603807",9,,"Santa Clara County","CA085","085","Electric Utility",37.2169,-121.7439,"Metcalf Energy Center, LLC (Owner)|Metcalf Energy Center, LLC (Operator)","Phase 2",,"Combined cycle","Pipeline Natural Gas",,,"Dry Low NOx Burners|Selective Catalytic Reduction",,,"2005-05-01","Operating",2156,"CTG2 (200), STG1 (235)"
"CA","Metcalf Energy Center",55393,"2",,2025,"ARP","603807 (Ended Feb 10, 2025), 611187 (Started Feb 10, 2025)",9,,"Santa Clara County","CA085","085","Electric Utility",37.2169,-121.7439,"Metcalf Energy Center, LLC (Owner)|Metcalf Energy Center, LLC (Operator)","Phase 2",,"Combined cycle","Pipeline Natural Gas",,,"Dry Low NOx Burners|Selective Catalytic Reduction",,,"2005-05-01","Operating",2156,"CTG2 (200), STG1 (235)"
"CA","Elk Hills Power",55400,"CTG-1",,2022,"ARP","609009",9,,"Kern County","CA029","029","Industrial Turbine",35.2802,-119.4699,"Elk Hills Power, LLC (Owner)|Elk Hills Power, LLC (Operator)","Phase 2",,"Combined cycle","Pipeline Natural Gas",,,"Dry Low NOx Burners|Selective Catalytic Reduction",,,"2003-03-07","Operating",2061,"STG (225), CTG1 (199)"
"CA","Elk Hills Power",55400,"CTG-1",,2023,"ARP","609009",9,,"Kern County","CA029","029","Industrial Turbine",35.2802,-119.4699,"Elk Hills Power, LLC (Owner)|Elk Hills Power, LLC (Operator)","Phase 2",,"Combined cycle","Pipeline Natural Gas",,,"Dry Low NOx Burners|Selective Catalytic Reduction",,,"2003-03-07","Operating",2061,"STG (225), CTG1 (199)"
"CA","Elk Hills Power",55400,"CTG-1",,2024,"ARP","609009",9,,"Kern County","CA029","029","Industrial Turbine",35.2802,-119.4699,"Elk Hills Power, LLC (Owner)|Elk Hills Power, LLC (Operator)","Phase 2",,"Combined cycle","Pipeline Natural Gas",,,"Dry Low NOx Burners|Selective Catalytic Reduction",,,"2003-03-07","Operating",2061,"STG (225), CTG1 (199)"
"CA","Elk Hills Power",55400,"CTG-1",,2025,"ARP","609009",9,,"Kern County","CA029","029","Industrial Turbine",35.2802,-119.4699,"Elk Hills Power, LLC (Owner)|Elk Hills Power, LLC (Operator)","Phase 2",,"Combined cycle","Pipeline Natural Gas",,,"Dry Low NOx Burners|Selective Catalytic Reduction",,,"2003-03-07","Operating",2061,"STG (225), CTG1 (199)"
"CA","Elk Hills Power",55400,"CTG-2",,2022,"ARP","609009",9,,"Kern County","CA029","029","Industrial Turbine",35.2802,-119.4699,"Elk Hills Power, LLC (Owner)|Elk Hills Power, LLC (Operator)","Phase 2",,"Combined cycle","Pipeline Natural Gas",,,"Dry Low NOx Burners|Selective Catalytic Reduction",,,"2003-03-07","Operating",2061,"CTG2 (199), STG (225)"
"CA","Elk Hills Power",55400,"CTG-2",,2023,"ARP","609009",9,,"Kern County","CA029","029","Industrial Turbine",35.2802,-119.4699,"Elk Hills Power, LLC (Owner)|Elk Hills Power, LLC (Operator)","Phase 2",,"Combined cycle","Pipeline Natural Gas",,,"Dry Low NOx Burners|Selective Catalytic Reduction",,,"2003-03-07","Operating",2061,"CTG2 (199), STG (225)"
"CA","Elk Hills Power",55400,"CTG-2",,2024,"ARP","609009",9,,"Kern County","CA029","029","Industrial Turbine",35.2802,-119.4699,"Elk Hills Power, LLC (Owner)|Elk Hills Power, LLC (Operator)","Phase 2",,"Combined cycle","Pipeline Natural Gas",,,"Dry Low NOx Burners|Selective Catalytic Reduction",,,"2003-03-07","Operating",2061,"CTG2 (199), STG (225)"
"CA","Elk Hills Power",55400,"CTG-2",,2025,"ARP","609009",9,,"Kern County","CA029","029","Industrial Turbine",35.2802,-119.4699,"Elk Hills Power, LLC (Owner)|Elk Hills Power, LLC (Operator)","Phase 2",,"Combined cycle","Pipeline Natural Gas",,,"Dry Low NOx Burners|Selective Catalytic Reduction",,,"2003-03-07","Operating",2061,"CTG2 (199), STG (225)"
"CA","CalPeak Power - Vaca Dixon",55499,"GT-1",,2022,"ARP","609325",9,"WECC","Solano County","CA095","095","Electric Utility",38.3989,-121.9239,"CalPeak Power - Vaca Dixon, LLC (Owner)|CalPeak Power - Vaca Dixon, LLC (Operator)","Phase 2",,"Combustion turbine","Pipeline Natural Gas",,,"Dry Low NOx Burners|Ammonia Injection|Selective Catalytic Reduction",,,"2001-12-02","Operating",600,"CPP1 (60.5)"
"CA","CalPeak Power - Vaca Dixon",55499,"GT-1",,2023,"ARP","609325",9,"WECC","Solano County","CA095","095","Electric Utility",38.3989,-121.9239,"CalPeak Power - Vaca Dixon, LLC (Owner)|CalPeak Power - Vaca Dixon, LLC (Operator)","Phase 2",,"Combustion turbine","Pipeline Natural Gas",,,"Dry Low NOx Burners|Ammonia Injection|Selective Catalytic Reduction",,,"2001-12-02","Operating",600,"CPP1 (60.5)"
"CA","CalPeak Power - Vaca Dixon",55499,"GT-1",,2024,"ARP","609325",9,"WECC","Solano County","CA095","095","Electric Utility",38.3989,-121.9239,"CalPeak Power - Vaca Dixon, LLC (Owner)|CalPeak Power - Vaca Dixon, LLC (Operator)","Phase 2",,"Combustion turbine","Pipeline Natural Gas",,,"Dry Low NOx Burners|Ammonia Injection|Selective Catalytic Reduction",,,"2001-12-02","Operating",600,"CPP1 (60.5)"
"CA","CalPeak Power - Vaca Dixon",55499,"GT-1",,2025,"ARP","609325",9,"WECC","Solano County","CA095","095","Electric Utility",38.3989,-121.9239,"CalPeak Power - Vaca Dixon, LLC (Owner)|CalPeak Power - Vaca Dixon, LLC (Operator)","Phase 2",,"Combustion turbine","Pipeline Natural Gas",,,"Dry Low NOx Burners|Ammonia Injection|Selective Catalytic Reduction",,,"2001-12-02","Operating",600,"CPP1 (60.5)"
"CA","CalPeak Power - Vaca Dixon",55499,"GT-2",,2022,"ARP","609325",9,"WECC","Solano County","CA095","095","Electric Utility",38.3989,-121.9239,"CalPeak Power - Vaca Dixon, LLC (Owner)|CalPeak Power - Vaca Dixon, LLC (Operator)","Phase 2",,"Combustion turbine",,,,,,,"2001-10-01","Operating",,"CPP1 (60.5)"
"CA","CalPeak Power - Vaca Dixon",55499,"GT-2",,2023,"ARP","609325",9,"WECC","Solano County","CA095","095","Electric Utility",38.3989,-121.9239,"CalPeak Power - Vaca Dixon, LLC (Owner)|CalPeak Power - Vaca Dixon, LLC (Operator)","Phase 2",,"Combustion turbine",,,,,,,"2001-10-01","Operating",,"CPP1 (60.5)"
"CA","CalPeak Power - Vaca Dixon",55499,"GT-2",,2024,"ARP","609325",9,"WECC","Solano County","CA095","095","Electric Utility",38.3989,-121.9239,"CalPeak Power - Vaca Dixon, LLC (Owner)|CalPeak Power - Vaca Dixon, LLC (Operator)","Phase 2",,"Combustion turbine",,,,,,,"2001-10-01","Operating",,"CPP1 (60.5)"
"CA","CalPeak Power - Vaca Dixon",55499,"GT-2",,2025,"ARP","609325",9,"WECC","Solano County","CA095","095","Electric Utility",38.3989,-121.9239,"CalPeak Power - Vaca Dixon, LLC (Owner)|CalPeak Power - Vaca Dixon, LLC (Operator)","Phase 2",,"Combustion turbine",,,,,,,"2001-10-01","Operating",,"CPP1 (60.5)"
"CA","CalPeak Power - Panoche",55508,"GT-1",,2022,"ARP","609325",9,"WECC","Fresno County","CA019","019","Electric Utility",36.6531,-120.5797,"CalPeak Power - Panoche, LLC (Owner)|CalPeak Power - Panoche, LLC (Operator)","Phase 2",,"Combustion turbine","Pipeline Natural Gas",,,"Dry Low NOx Burners|Ammonia Injection|Selective Catalytic Reduction",,,"2001-11-19","Operating",600,"CPP2 (60.5)"
"CA","CalPeak Power - Panoche",55508,"GT-1",,2023,"ARP","609325",9,"WECC","Fresno County","CA019","019","Electric Utility",36.6531,-120.5797,"CalPeak Power - Panoche, LLC (Owner)|CalPeak Power - Panoche, LLC (Operator)","Phase 2",,"Combustion turbine","Pipeline Natural Gas",,,"Dry Low NOx Burners|Ammonia Injection|Selective Catalytic Reduction",,,"2001-11-19","Operating",600,"CPP2 (60.5)"
"CA","CalPeak Power - Panoche",55508,"GT-1",,2024,"ARP","609325",9,"WECC","Fresno County","CA019","019","Electric Utility",36.6531,-120.5797,"CalPeak Power - Panoche, LLC (Owner)|CalPeak Power - Panoche, LLC (Operator)","Phase 2",,"Combustion turbine","Pipeline Natural Gas",,,"Dry Low NOx Burners|Ammonia Injection|Selective Catalytic Reduction",,,"2001-11-19","Operating",600,"CPP2 (60.5)"
"CA","CalPeak Power - Panoche",55508,"GT-1",,2025,"ARP","609325",9,"WECC","Fresno County","CA019","019","Electric Utility",36.6531,-120.5797,"CalPeak Power - Panoche, LLC (Owner)|CalPeak Power - Panoche, LLC (Operator)","Phase 2",,"Combustion turbine","Pipeline Natural Gas",,,"Dry Low NOx Burners|Ammonia Injection|Selective Catalytic Reduction",,,"2001-11-19","Operating",600,"CPP2 (60.5)"
"CA","CalPeak Power - Panoche",55508,"GT-2",,2022,"ARP","609325",9,"WECC","Fresno County","CA019","019","Electric Utility",36.6531,-120.5797,"CalPeak Power - Panoche, LLC (Owner)|CalPeak Power - Panoche, LLC (Operator)","Phase 2",,"Combustion turbine",,,,,,,"2001-09-01","Operating",,"CPP2 (60.5)"
"CA","CalPeak Power - Panoche",55508,"GT-2",,2023,"ARP","609325",9,"WECC","Fresno County","CA019","019","Electric Utility",36.6531,-120.5797,"CalPeak Power - Panoche, LLC (Owner)|CalPeak Power - Panoche, LLC (Operator)","Phase 2",,"Combustion turbine",,,,,,,"2001-09-01","Operating",,"CPP2 (60.5)"
"CA","CalPeak Power - Panoche",55508,"GT-2",,2024,"ARP","609325",9,"WECC","Fresno County","CA019","019","Electric Utility",36.6531,-120.5797,"CalPeak Power - Panoche, LLC (Owner)|CalPeak Power - Panoche, LLC (Operator)","Phase 2",,"Combustion turbine",,,,,,,"2001-09-01","Operating",,"CPP2 (60.5)"
"CA","CalPeak Power - Panoche",55508,"GT-2",,2025,"ARP","609325",9,"WECC","Fresno County","CA019","019","Electric Utility",36.6531,-120.5797,"CalPeak Power - Panoche, LLC (Owner)|CalPeak Power - Panoche, LLC (Operator)","Phase 2",,"Combustion turbine",,,,,,,"2001-09-01","Operating",,"CPP2 (60.5)"
"CA","CalPeak Power - Border",55510,"GT-1",,2022,"ARP","609325",9,"WECC","San Diego County","CA073","073","Electric Utility",32.5622,-116.9433,"CalPeak Power - Border, LLC (Owner)|CalPeak Power - Border, LLC (Operator)","Phase 2",,"Combustion turbine","Pipeline Natural Gas",,,"Dry Low NOx Burners|Ammonia Injection|Selective Catalytic Reduction",,,"2001-10-26","Operating",600,"CPP4 (60.5)"
"CA","CalPeak Power - Border",55510,"GT-1",,2023,"ARP","609325",9,"WECC","San Diego County","CA073","073","Electric Utility",32.5622,-116.9433,"CalPeak Power - Border, LLC (Owner)|CalPeak Power - Border, LLC (Operator)","Phase 2",,"Combustion turbine","Pipeline Natural Gas",,,"Dry Low NOx Burners|Ammonia Injection|Selective Catalytic Reduction",,,"2001-10-26","Operating",600,"CPP4 (60.5)"
"CA","CalPeak Power - Border",55510,"GT-1",,2024,"ARP","609325",9,"WECC","San Diego County","CA073","073","Electric Utility",32.5622,-116.9433,"CalPeak Power - Border, LLC (Owner)|CalPeak Power - Border, LLC (Operator)","Phase 2",,"Combustion turbine","Pipeline Natural Gas",,,"Dry Low NOx Burners|Ammonia Injection|Selective Catalytic Reduction",,,"2001-10-26","Operating",600,"CPP4 (60.5)"
"CA","CalPeak Power - Border",55510,"GT-1",,2025,"ARP","609325",9,"WECC","San Diego County","CA073","073","Electric Utility",32.5622,-116.9433,"CalPeak Power - Border, LLC (Owner)|CalPeak Power - Border, LLC (Operator)","Phase 2",,"Combustion turbine","Pipeline Natural Gas",,,"Dry Low NOx Burners|Ammonia Injection|Selective Catalytic Reduction",,,"2001-10-26","Operating",600,"CPP4 (60.5)"
"CA","CalPeak Power - Border",55510,"GT-2",,2022,"ARP","609325",9,"WECC","San Diego County","CA073","073","Electric Utility",32.5622,-116.9433,"CalPeak Power - Border, LLC (Owner)|CalPeak Power - Border, LLC (Operator)","Phase 2",,"Combustion turbine",,,,,,,"2001-09-01","Operating",,"CPP4 (60.5)"
"CA","CalPeak Power - Border",55510,"GT-2",,2023,"ARP","609325",9,"WECC","San Diego County","CA073","073","Electric Utility",32.5622,-116.9433,"CalPeak Power - Border, LLC (Owner)|CalPeak Power - Border, LLC (Operator)","Phase 2",,"Combustion turbine",,,,,,,"2001-09-01","Operating",,"CPP4 (60.5)"
"CA","CalPeak Power - Border",55510,"GT-2",,2024,"ARP","609325",9,"WECC","San Diego County","CA073","073","Electric Utility",32.5622,-116.9433,"CalPeak Power - Border, LLC (Owner)|CalPeak Power - Border, LLC (Operator)","Phase 2",,"Combustion turbine",,,,,,,"2001-09-01","Operating",,"CPP4 (60.5)"
"CA","CalPeak Power - Border",55510,"GT-2",,2025,"ARP","609325",9,"WECC","San Diego County","CA073","073","Electric Utility",32.5622,-116.9433,"CalPeak Power - Border, LLC (Owner)|CalPeak Power - Border, LLC (Operator)","Phase 2",,"Combustion turbine",,,,,,,"2001-09-01","Operating",,"CPP4 (60.5)"
"CA","Cuyamaca Peak Energy",55512,"GT-1",,2022,"ARP","607107",9,,"San Diego County","CA073","073","Electric Utility",32.7971,-116.972,"San Diego Gas and Electric Company (Owner)|San Diego Gas and Electric Company (Operator)","Phase 2",,"Combustion turbine","Pipeline Natural Gas",,,"Dry Low NOx Burners|Ammonia Injection|Selective Catalytic Reduction",,,"2001-12-01","Operating",600,"CPP6 (48.7)"
"CA","Cuyamaca Peak Energy",55512,"GT-1",,2023,"ARP","607107 (Ended Mar 01, 2023), 607385 (Started Mar 01, 2023)",9,,"San Diego County","CA073","073","Electric Utility",32.7971,-116.972,"San Diego Gas and Electric Company (Owner)|San Diego Gas and Electric Company (Operator)","Phase 2",,"Combustion turbine","Pipeline Natural Gas",,,"Dry Low NOx Burners|Ammonia Injection|Selective Catalytic Reduction",,,"2001-12-01","Operating",600,"CPP6 (48.7)"
"CA","Cuyamaca Peak Energy",55512,"GT-1",,2024,"ARP","607385",9,,"San Diego County","CA073","073","Electric Utility",32.7971,-116.972,"San Diego Gas and Electric Company (Owner)|San Diego Gas and Electric Company (Operator)","Phase 2",,"Combustion turbine","Pipeline Natural Gas",,,"Dry Low NOx Burners|Ammonia Injection|Selective Catalytic Reduction",,,"2001-12-01","Operating",600,"CPP6 (48.7)"
"CA","Cuyamaca Peak Energy",55512,"GT-1",,2025,"ARP","607385",9,,"San Diego County","CA073","073","Electric Utility",32.7971,-116.972,"San Diego Gas and Electric Company (Owner)|San Diego Gas and Electric Company (Operator)","Phase 2",,"Combustion turbine","Pipeline Natural Gas",,,"Dry Low NOx Burners|Ammonia Injection|Selective Catalytic Reduction",,,"2001-12-01","Operating",600,"CPP6 (48.7)"
"CA","Cuyamaca Peak Energy",55512,"GT-2",,2022,"ARP","607107",9,,"San Diego County","CA073","073","Electric Utility",32.7971,-116.972,"San Diego Gas and Electric Company (Owner)|San Diego Gas and Electric Company (Operator)","Phase 2",,"Combustion turbine",,,,,,,"2001-12-01","Operating",,"CPP6 (48.7)"
"CA","Cuyamaca Peak Energy",55512,"GT-2",,2023,"ARP","607107 (Ended Mar 01, 2023), 607385 (Started Mar 01, 2023)",9,,"San Diego County","CA073","073","Electric Utility",32.7971,-116.972,"San Diego Gas and Electric Company (Owner)|San Diego Gas and Electric Company (Operator)","Phase 2",,"Combustion turbine",,,,,,,"2001-12-01","Operating",,"CPP6 (48.7)"
"CA","Cuyamaca Peak Energy",55512,"GT-2",,2024,"ARP","607385",9,,"San Diego County","CA073","073","Electric Utility",32.7971,-116.972,"San Diego Gas and Electric Company (Owner)|San Diego Gas and Electric Company (Operator)","Phase 2",,"Combustion turbine",,,,,,,"2001-12-01","Operating",,"CPP6 (48.7)"
"CA","Cuyamaca Peak Energy",55512,"GT-2",,2025,"ARP","607385",9,,"San Diego County","CA073","073","Electric Utility",32.7971,-116.972,"San Diego Gas and Electric Company (Owner)|San Diego Gas and Electric Company (Operator)","Phase 2",,"Combustion turbine",,,,,,,"2001-12-01","Operating",,"CPP6 (48.7)"
"CA","CalPeak Power - Enterprise",55513,"GT-1",,2022,"ARP","609325",9,,"San Diego County","CA073","073","Electric Utility",33.1221,-117.117,"CalPeak Power - Enterprise, LLC (Owner)|CalPeak Power - Enterprise, LLC (Operator)","Phase 2",,"Combustion turbine","Pipeline Natural Gas",,,"Dry Low NOx Burners|Ammonia Injection|Selective Catalytic Reduction",,,"2001-10-23","Operating",600,"CPP7 (58.9)"
"CA","CalPeak Power - Enterprise",55513,"GT-1",,2023,"ARP","609325",9,,"San Diego County","CA073","073","Electric Utility",33.1221,-117.117,"CalPeak Power - Enterprise, LLC (Owner)|CalPeak Power - Enterprise, LLC (Operator)","Phase 2",,"Combustion turbine","Pipeline Natural Gas",,,"Dry Low NOx Burners|Ammonia Injection|Selective Catalytic Reduction",,,"2001-10-23","Operating",600,"CPP7 (58.9)"
"CA","CalPeak Power - Enterprise",55513,"GT-1",,2024,"ARP","609325",9,,"San Diego County","CA073","073","Electric Utility",33.1221,-117.117,"CalPeak Power - Enterprise, LLC (Owner)|CalPeak Power - Enterprise, LLC (Operator)","Phase 2",,"Combustion turbine","Pipeline Natural Gas",,,"Dry Low NOx Burners|Ammonia Injection|Selective Catalytic Reduction",,,"2001-10-23","Operating",600,"CPP7 (58.9)"
"CA","CalPeak Power - Enterprise",55513,"GT-1",,2025,"ARP","609325",9,,"San Diego County","CA073","073","Electric Utility",33.1221,-117.117,"CalPeak Power - Enterprise, LLC (Owner)|CalPeak Power - Enterprise, LLC (Operator)","Phase 2",,"Combustion turbine","Pipeline Natural Gas",,,"Dry Low NOx Burners|Ammonia Injection|Selective Catalytic Reduction",,,"2001-10-23","Operating",600,"CPP7 (58.9)"
"CA","CalPeak Power - Enterprise",55513,"GT-2",,2022,"ARP","609325",9,,"San Diego County","CA073","073","Electric Utility",33.1221,-117.117,"CalPeak Power - Enterprise, LLC (Owner)|CalPeak Power - Enterprise, LLC (Operator)","Phase 2",,"Combustion turbine",,,,,,,"2001-09-01","Operating",,"CPP7 (58.9)"
"CA","CalPeak Power - Enterprise",55513,"GT-2",,2023,"ARP","609325",9,,"San Diego County","CA073","073","Electric Utility",33.1221,-117.117,"CalPeak Power - Enterprise, LLC (Owner)|CalPeak Power - Enterprise, LLC (Operator)","Phase 2",,"Combustion turbine",,,,,,,"2001-09-01","Operating",,"CPP7 (58.9)"
"CA","CalPeak Power - Enterprise",55513,"GT-2",,2024,"ARP","609325",9,,"San Diego County","CA073","073","Electric Utility",33.1221,-117.117,"CalPeak Power - Enterprise, LLC (Owner)|CalPeak Power - Enterprise, LLC (Operator)","Phase 2",,"Combustion turbine",,,,,,,"2001-09-01","Operating",,"CPP7 (58.9)"
"CA","CalPeak Power - Enterprise",55513,"GT-2",,2025,"ARP","609325",9,,"San Diego County","CA073","073","Electric Utility",33.1221,-117.117,"CalPeak Power - Enterprise, LLC (Owner)|CalPeak Power - Enterprise, LLC (Operator)","Phase 2",,"Combustion turbine",,,,,,,"2001-09-01","Operating",,"CPP7 (58.9)"
"CA","High Desert Power Project",55518,"CTG1",,2022,"ARP","609325",9,,"San Bernardino County","CA071","071","Electric Utility",34.5953,-117.3647,"High Desert Power Project, LLC (Owner)|High Desert Power Project, LLC (Operator)","Phase 2",,"Combined cycle","Pipeline Natural Gas",,,"Selective Catalytic Reduction",,,"2003-02-27","Operating",2130,"CTG1 (177), STG1 (330)"
"CA","High Desert Power Project",55518,"CTG1",,2023,"ARP","609325",9,,"San Bernardino County","CA071","071","Electric Utility",34.5953,-117.3647,"High Desert Power Project, LLC (Owner)|High Desert Power Project, LLC (Operator)","Phase 2",,"Combined cycle","Pipeline Natural Gas",,,"Selective Catalytic Reduction",,,"2003-02-27","Operating",2237,"CTG1 (177), STG1 (330)"
"CA","High Desert Power Project",55518,"CTG1",,2024,"ARP","609325",9,,"San Bernardino County","CA071","071","Electric Utility",34.5953,-117.3647,"High Desert Power Project, LLC (Owner)|High Desert Power Project, LLC (Operator)","Phase 2",,"Combined cycle","Pipeline Natural Gas",,,"Selective Catalytic Reduction",,,"2003-02-27","Operating",2237,"CTG1 (177), STG1 (330)"
"CA","High Desert Power Project",55518,"CTG1",,2025,"ARP","609325",9,,"San Bernardino County","CA071","071","Electric Utility",34.5953,-117.3647,"High Desert Power Project, LLC (Owner)|High Desert Power Project, LLC (Operator)","Phase 2",,"Combined cycle","Pipeline Natural Gas",,,"Selective Catalytic Reduction",,,"2003-02-27","Operating",2237,"CTG1 (177), STG1 (330)"
"CA","High Desert Power Project",55518,"CTG2",,2022,"ARP","609325",9,,"San Bernardino County","CA071","071","Electric Utility",34.5953,-117.3647,"High Desert Power Project, LLC (Owner)|High Desert Power Project, LLC (Operator)","Phase 2",,"Combined cycle","Pipeline Natural Gas",,,"Selective Catalytic Reduction",,,"2003-02-27","Operating",2130,"STG2 (330), CTG2 (177)"
"CA","High Desert Power Project",55518,"CTG2",,2023,"ARP","609325",9,,"San Bernardino County","CA071","071","Electric Utility",34.5953,-117.3647,"High Desert Power Project, LLC (Owner)|High Desert Power Project, LLC (Operator)","Phase 2",,"Combined cycle","Pipeline Natural Gas",,,"Selective Catalytic Reduction",,,"2003-02-27","Operating",2237,"STG2 (330), CTG2 (177)"
"CA","High Desert Power Project",55518,"CTG2",,2024,"ARP","609325",9,,"San Bernardino County","CA071","071","Electric Utility",34.5953,-117.3647,"High Desert Power Project, LLC (Owner)|High Desert Power Project, LLC (Operator)","Phase 2",,"Combined cycle","Pipeline Natural Gas",,,"Selective Catalytic Reduction",,,"2003-02-27","Operating",2237,"STG2 (330), CTG2 (177)"
"CA","High Desert Power Project",55518,"CTG2",,2025,"ARP","609325",9,,"San Bernardino County","CA071","071","Electric Utility",34.5953,-117.3647,"High Desert Power Project, LLC (Owner)|High Desert Power Project, LLC (Operator)","Phase 2",,"Combined cycle","Pipeline Natural Gas",,,"Selective Catalytic Reduction",,,"2003-02-27","Operating",2237,"STG2 (330), CTG2 (177)"
"CA","High Desert Power Project",55518,"CTG3",,2022,"ARP","609325",9,,"San Bernardino County","CA071","071","Electric Utility",34.5953,-117.3647,"High Desert Power Project, LLC (Owner)|High Desert Power Project, LLC (Operator)","Phase 2",,"Combined cycle","Pipeline Natural Gas",,,"Selective Catalytic Reduction",,,"2003-02-27","Operating",2130,"STG3 (330), CTG3 (177)"
"CA","High Desert Power Project",55518,"CTG3",,2023,"ARP","609325",9,,"San Bernardino County","CA071","071","Electric Utility",34.5953,-117.3647,"High Desert Power Project, LLC (Owner)|High Desert Power Project, LLC (Operator)","Phase 2",,"Combined cycle","Pipeline Natural Gas",,,"Selective Catalytic Reduction",,,"2003-02-27","Operating",2237,"STG3 (330), CTG3 (177)"
"CA","High Desert Power Project",55518,"CTG3",,2024,"ARP","609325",9,,"San Bernardino County","CA071","071","Electric Utility",34.5953,-117.3647,"High Desert Power Project, LLC (Owner)|High Desert Power Project, LLC (Operator)","Phase 2",,"Combined cycle","Pipeline Natural Gas",,,"Selective Catalytic Reduction",,,"2003-02-27","Operating",2237,"STG3 (330), CTG3 (177)"
"CA","High Desert Power Project",55518,"CTG3",,2025,"ARP","609325",9,,"San Bernardino County","CA071","071","Electric Utility",34.5953,-117.3647,"High Desert Power Project, LLC (Owner)|High Desert Power Project, LLC (Operator)","Phase 2",,"Combined cycle","Pipeline Natural Gas",,,"Selective Catalytic Reduction",,,"2003-02-27","Operating",2237,"STG3 (330), CTG3 (177)"
"CA","Escondido Energy Center, LLC",55538,"CTG1",,2022,"ARP","601499",9,,"San Diego County","CA073","073","Electric Utility",33.1261,-117.1172,"Wellhead Services, Inc. (Owner)|Escondido Energy Center, LLC (Operator)","Phase 2",,"Combustion turbine","Pipeline Natural Gas",,,"Water Injection",,,"2013-12-20","Operating",500,"1 (46.5)"
"CA","Escondido Energy Center, LLC",55538,"CTG1",,2023,"ARP","601499",9,,"San Diego County","CA073","073","Electric Utility",33.1261,-117.1172,"Wellhead Services, Inc. (Owner)|Escondido Energy Center, LLC (Operator)","Phase 2",,"Combustion turbine","Pipeline Natural Gas",,,"Water Injection",,,"2013-12-20","Operating",500,"1 (46.5)"
"CA","Escondido Energy Center, LLC",55538,"CTG1",,2024,"ARP","601499",9,,"San Diego County","CA073","073","Electric Utility",33.1261,-117.1172,"Wellhead Services, Inc. (Owner)|Escondido Energy Center, LLC (Operator)","Phase 2",,"Combustion turbine","Pipeline Natural Gas",,,"Water Injection",,,"2013-12-20","Operating",500,"1 (46.5)"
"CA","Escondido Energy Center, LLC",55538,"CTG1",,2025,"ARP","601499",9,,"San Diego County","CA073","073","Electric Utility",33.1261,-117.1172,"Wellhead Services, Inc. (Owner)|Escondido Energy Center, LLC (Operator)","Phase 2",,"Combustion turbine","Pipeline Natural Gas",,,"Water Injection",,,"2013-12-20","Operating",500,"1 (46.5)"
"CA","Chula Vista Energy Center",55540,"1A","CS001",2022,"ARP","601499",9,,"San Diego County","CA073","073","Electric Utility",32.5914,-117.0586,"Chula Vista Energy Center, LLC (Owner)|Wellhead Electric Company, Inc (Operator)","Phase 2",,"Combustion turbine","Pipeline Natural Gas",,,"Dry Low NOx Burners|Selective Catalytic Reduction|Water Injection",,,"2001-05-12","Operating",400,"GEN1 (44)"
"CA","Chula Vista Energy Center",55540,"1A","CS001",2023,"ARP","601499",9,,"San Diego County","CA073","073","Electric Utility",32.5914,-117.0586,"Chula Vista Energy Center, LLC (Owner)|Wellhead Electric Company, Inc (Operator)","Phase 2",,"Combustion turbine","Pipeline Natural Gas",,,"Dry Low NOx Burners|Selective Catalytic Reduction|Water Injection",,,"2001-05-12","Operating",400,"GEN1 (44)"
"CA","Chula Vista Energy Center",55540,"1A","CS001",2024,"ARP","601499",9,,"San Diego County","CA073","073","Electric Utility",32.5914,-117.0586,"Chula Vista Energy Center, LLC (Owner)|Wellhead Electric Company, Inc (Operator)","Phase 2",,"Combustion turbine","Pipeline Natural Gas",,,"Dry Low NOx Burners|Selective Catalytic Reduction|Water Injection",,,"2001-05-12","Operating",400,"GEN1 (44)"
"CA","Chula Vista Energy Center",55540,"1A","CS001",2025,"ARP","601499",9,,"San Diego County","CA073","073","Electric Utility",32.5914,-117.0586,"Chula Vista Energy Center, LLC (Owner)|Wellhead Electric Company, Inc (Operator)","Phase 2",,"Combustion turbine","Pipeline Natural Gas",,,"Dry Low NOx Burners|Selective Catalytic Reduction|Water Injection",,,"2001-05-12","Operating",400,"GEN1 (44)"
"CA","Chula Vista Energy Center",55540,"1B","CS001",2022,"ARP","601499",9,,"San Diego County","CA073","073","Electric Utility",32.5914,-117.0586,"Chula Vista Energy Center, LLC (Owner)|Wellhead Electric Company, Inc (Operator)","Phase 2",,"Combustion turbine","Pipeline Natural Gas",,,"Dry Low NOx Burners|Selective Catalytic Reduction|Water Injection",,,"2001-05-12","Operating",400,"GEN1 (44)"
"CA","Chula Vista Energy Center",55540,"1B","CS001",2023,"ARP","601499",9,,"San Diego County","CA073","073","Electric Utility",32.5914,-117.0586,"Chula Vista Energy Center, LLC (Owner)|Wellhead Electric Company, Inc (Operator)","Phase 2",,"Combustion turbine","Pipeline Natural Gas",,,"Dry Low NOx Burners|Selective Catalytic Reduction|Water Injection",,,"2001-05-12","Operating",400,"GEN1 (44)"
"CA","Chula Vista Energy Center",55540,"1B","CS001",2024,"ARP","601499",9,,"San Diego County","CA073","073","Electric Utility",32.5914,-117.0586,"Chula Vista Energy Center, LLC (Owner)|Wellhead Electric Company, Inc (Operator)","Phase 2",,"Combustion turbine","Pipeline Natural Gas",,,"Dry Low NOx Burners|Selective Catalytic Reduction|Water Injection",,,"2001-05-12","Operating",400,"GEN1 (44)"
"CA","Chula Vista Energy Center",55540,"1B","CS001",2025,"ARP","601499",9,,"San Diego County","CA073","073","Electric Utility",32.5914,-117.0586,"Chula Vista Energy Center, LLC (Owner)|Wellhead Electric Company, Inc (Operator)","Phase 2",,"Combustion turbine","Pipeline Natural Gas",,,"Dry Low NOx Burners|Selective Catalytic Reduction|Water Injection",,,"2001-05-12","Operating",400,"GEN1 (44)"
"CA","Indigo Generation Facility",55541,"1",,2022,"ARP","1866",9,,"Riverside County","CA065","065","Electric Utility",33.9114,-116.5533,"Wildflower Energy, LP (Owner)|Diamond Generating Corporation (Owner)|Wildflower Energy, LP (Operator)","Phase 2",,"Combustion turbine","Pipeline Natural Gas",,,"Water Injection|Selective Catalytic Reduction",,,"2001-07-24","Operating",504,"CTG1 (49.9)"
"CA","Indigo Generation Facility",55541,"1",,2023,"ARP","1866",9,,"Riverside County","CA065","065","Electric Utility",33.9114,-116.5533,"Wildflower Energy, LP (Owner)|Diamond Generating Corporation (Owner)|Wildflower Energy, LP (Operator)","Phase 2",,"Combustion turbine","Pipeline Natural Gas",,,"Water Injection|Selective Catalytic Reduction",,,"2001-07-24","Operating",504,"CTG1 (49.9)"
"CA","Indigo Generation Facility",55541,"1",,2024,"ARP","1866",9,,"Riverside County","CA065","065","Electric Utility",33.9114,-116.5533,"Wildflower Energy, LP (Owner)|Diamond Generating Corporation (Owner)|Wildflower Energy, LP (Operator)","Phase 2",,"Combustion turbine","Pipeline Natural Gas",,,"Water Injection|Selective Catalytic Reduction",,,"2001-07-24","Operating",504,"CTG1 (49.9)"
"CA","Indigo Generation Facility",55541,"1",,2025,"ARP","1866 (Ended Apr 10, 2025), 606853 (Started Apr 10, 2025)",9,,"Riverside County","CA065","065","Electric Utility",33.9114,-116.5533,"Wildflower Energy, LP (Owner) (Ended Apr 08, 2025)|Diamond Generating Corporation (Owner) (Ended Apr 08, 2025)|Indigo Generation, LLC (Owner) (Started Apr 08, 2025)|Wildflower Energy, LP (Operator) (Ended Apr 08, 2025)|Indigo Generation, LLC (Operator) (Started Apr 08, 2025)","Phase 2",,"Combustion turbine","Pipeline Natural Gas",,,"Water Injection|Selective Catalytic Reduction",,,"2001-07-24","Operating",504,"CTG1 (49.9)"
"CA","Indigo Generation Facility",55541,"2",,2022,"ARP","1866",9,,"Riverside County","CA065","065","Electric Utility",33.9114,-116.5533,"Wildflower Energy, LP (Owner)|Diamond Generating Corporation (Owner)|Wildflower Energy, LP (Operator)","Phase 2",,"Combustion turbine","Pipeline Natural Gas",,,"Selective Catalytic Reduction",,,"2001-07-24","Operating",504,"CTG2 (49.9)"
"CA","Indigo Generation Facility",55541,"2",,2023,"ARP","1866",9,,"Riverside County","CA065","065","Electric Utility",33.9114,-116.5533,"Wildflower Energy, LP (Owner)|Diamond Generating Corporation (Owner)|Wildflower Energy, LP (Operator)","Phase 2",,"Combustion turbine","Pipeline Natural Gas",,,"Selective Catalytic Reduction",,,"2001-07-24","Operating",504,"CTG2 (49.9)"
"CA","Indigo Generation Facility",55541,"2",,2024,"ARP","1866",9,,"Riverside County","CA065","065","Electric Utility",33.9114,-116.5533,"Wildflower Energy, LP (Owner)|Diamond Generating Corporation (Owner)|Wildflower Energy, LP (Operator)","Phase 2",,"Combustion turbine","Pipeline Natural Gas",,,"Selective Catalytic Reduction",,,"2001-07-24","Operating",504,"CTG2 (49.9)"
"CA","Indigo Generation Facility",55541,"2",,2025,"ARP","1866 (Ended Apr 10, 2025), 606853 (Started Apr 10, 2025)",9,,"Riverside County","CA065","065","Electric Utility",33.9114,-116.5533,"Wildflower Energy, LP (Owner) (Ended Apr 08, 2025)|Diamond Generating Corporation (Owner) (Ended Apr 08, 2025)|Indigo Generation, LLC (Owner) (Started Apr 08, 2025)|Wildflower Energy, LP (Operator) (Ended Apr 08, 2025)|Indigo Generation, LLC (Operator) (Started Apr 08, 2025)","Phase 2",,"Combustion turbine","Pipeline Natural Gas",,,"Selective Catalytic Reduction",,,"2001-07-24","Operating",504,"CTG2 (49.9)"
"CA","Indigo Generation Facility",55541,"3",,2022,"ARP","1866",9,,"Riverside County","CA065","065","Electric Utility",33.9114,-116.5533,"Wildflower Energy, LP (Owner)|Diamond Generating Corporation (Owner)|Wildflower Energy, LP (Operator)","Phase 2",,"Combustion turbine","Pipeline Natural Gas",,,"Selective Catalytic Reduction",,,"2001-09-18","Operating",504,"CTG3 (49.9)"
"CA","Indigo Generation Facility",55541,"3",,2023,"ARP","1866",9,,"Riverside County","CA065","065","Electric Utility",33.9114,-116.5533,"Wildflower Energy, LP (Owner)|Diamond Generating Corporation (Owner)|Wildflower Energy, LP (Operator)","Phase 2",,"Combustion turbine","Pipeline Natural Gas",,,"Selective Catalytic Reduction",,,"2001-09-18","Operating",504,"CTG3 (49.9)"
"CA","Indigo Generation Facility",55541,"3",,2024,"ARP","1866",9,,"Riverside County","CA065","065","Electric Utility",33.9114,-116.5533,"Wildflower Energy, LP (Owner)|Diamond Generating Corporation (Owner)|Wildflower Energy, LP (Operator)","Phase 2",,"Combustion turbine","Pipeline Natural Gas",,,"Selective Catalytic Reduction",,,"2001-09-18","Operating",504,"CTG3 (49.9)"
"CA","Indigo Generation Facility",55541,"3",,2025,"ARP","1866 (Ended Apr 10, 2025), 606853 (Started Apr 10, 2025)",9,,"Riverside County","CA065","065","Electric Utility",33.9114,-116.5533,"Wildflower Energy, LP (Owner) (Ended Apr 08, 2025)|Diamond Generating Corporation (Owner) (Ended Apr 08, 2025)|Indigo Generation, LLC (Owner) (Started Apr 08, 2025)|Wildflower Energy, LP (Operator) (Ended Apr 08, 2025)|Indigo Generation, LLC (Operator) (Started Apr 08, 2025)","Phase 2",,"Combustion turbine","Pipeline Natural Gas",,,"Selective Catalytic Reduction",,,"2001-09-18","Operating",504,"CTG3 (49.9)"
"CA","Larkspur Energy Facility",55542,"1",,2022,"ARP","1866",9,"WECC","San Diego County","CA073","073","Electric Utility",32.5672,-116.9444,"Wildflower Energy, LP (Owner)|Diamond Generating Corporation (Owner)|Wildflower Energy, LP (Operator)","Phase 2",,"Combustion turbine","Pipeline Natural Gas","Diesel Oil",,"Selective Catalytic Reduction",,,"2001-07-08","Operating",504,"CTG1 (49.9)"
"CA","Larkspur Energy Facility",55542,"1",,2023,"ARP","1866",9,"WECC","San Diego County","CA073","073","Electric Utility",32.5672,-116.9444,"Wildflower Energy, LP (Owner)|Diamond Generating Corporation (Owner)|Wildflower Energy, LP (Operator)","Phase 2",,"Combustion turbine","Pipeline Natural Gas","Diesel Oil",,"Selective Catalytic Reduction",,,"2001-07-08","Operating",504,"CTG1 (49.9)"
"CA","Larkspur Energy Facility",55542,"1",,2024,"ARP","1866",9,"WECC","San Diego County","CA073","073","Electric Utility",32.5672,-116.9444,"Wildflower Energy, LP (Owner)|Diamond Generating Corporation (Owner)|Wildflower Energy, LP (Operator)","Phase 2",,"Combustion turbine","Pipeline Natural Gas","Diesel Oil",,"Selective Catalytic Reduction",,,"2001-07-08","Operating",504,"CTG1 (49.9)"
"CA","Larkspur Energy Facility",55542,"1",,2025,"ARP","1866 (Ended Apr 10, 2025), 606853 (Started Apr 10, 2025)",9,"WECC","San Diego County","CA073","073","Electric Utility",32.5672,-116.9444,"Wildflower Energy, LP (Owner) (Ended Apr 08, 2025)|Diamond Generating Corporation (Owner) (Ended Apr 08, 2025)|Larkspur Energy, LLC (Owner) (Started Apr 08, 2025)|Wildflower Energy, LP (Operator) (Ended Apr 08, 2025)|Larkspur Energy, LLC (Operator) (Started Apr 08, 2025)","Phase 2",,"Combustion turbine","Pipeline Natural Gas","Diesel Oil",,"Selective Catalytic Reduction",,,"2001-07-08","Operating",504,"CTG1 (49.9)"
"CA","Larkspur Energy Facility",55542,"2",,2022,"ARP","1866",9,"WECC","San Diego County","CA073","073","Electric Utility",32.5672,-116.9444,"Wildflower Energy, LP (Owner)|Diamond Generating Corporation (Owner)|Wildflower Energy, LP (Operator)","Phase 2",,"Combustion turbine","Pipeline Natural Gas","Diesel Oil",,"Selective Catalytic Reduction",,,"2001-07-08","Operating",504,"CTG2 (49.9)"
"CA","Larkspur Energy Facility",55542,"2",,2023,"ARP","1866",9,"WECC","San Diego County","CA073","073","Electric Utility",32.5672,-116.9444,"Wildflower Energy, LP (Owner)|Diamond Generating Corporation (Owner)|Wildflower Energy, LP (Operator)","Phase 2",,"Combustion turbine","Pipeline Natural Gas","Diesel Oil",,"Selective Catalytic Reduction",,,"2001-07-08","Operating",504,"CTG2 (49.9)"
"CA","Larkspur Energy Facility",55542,"2",,2024,"ARP","1866",9,"WECC","San Diego County","CA073","073","Electric Utility",32.5672,-116.9444,"Wildflower Energy, LP (Owner)|Diamond Generating Corporation (Owner)|Wildflower Energy, LP (Operator)","Phase 2",,"Combustion turbine","Pipeline Natural Gas","Diesel Oil",,"Selective Catalytic Reduction",,,"2001-07-08","Operating",504,"CTG2 (49.9)"
"CA","Larkspur Energy Facility",55542,"2",,2025,"ARP","1866 (Ended Apr 10, 2025), 606853 (Started Apr 10, 2025)",9,"WECC","San Diego County","CA073","073","Electric Utility",32.5672,-116.9444,"Wildflower Energy, LP (Owner) (Ended Apr 08, 2025)|Diamond Generating Corporation (Owner) (Ended Apr 08, 2025)|Larkspur Energy, LLC (Owner) (Started Apr 08, 2025)|Wildflower Energy, LP (Operator) (Ended Apr 08, 2025)|Larkspur Energy, LLC (Operator) (Started Apr 08, 2025)","Phase 2",,"Combustion turbine","Pipeline Natural Gas","Diesel Oil",,"Selective Catalytic Reduction",,,"2001-07-08","Operating",504,"CTG2 (49.9)"
"CA","Creed Energy Center",55625,"UNIT1",,2022,"ARP","606775",9,,"Solano County","CA095","095","Electric Utility",38.2419,-121.8551,"Creed Energy Center, LLC (Owner)|Creed Energy Center, LLC (Operator)","Phase 2",,"Combustion turbine","Pipeline Natural Gas",,,"Ammonia Injection|Selective Catalytic Reduction",,,"2002-12-09","Operating",500,"CT1 (47)"
"CA","Creed Energy Center",55625,"UNIT1",,2023,"ARP","606775",9,,"Solano County","CA095","095","Electric Utility",38.2419,-121.8551,"Creed Energy Center, LLC (Owner)|Creed Energy Center, LLC (Operator)","Phase 2",,"Combustion turbine","Pipeline Natural Gas",,,"Ammonia Injection|Selective Catalytic Reduction",,,"2002-12-09","Operating",500,"CT1 (47)"
"CA","Creed Energy Center",55625,"UNIT1",,2024,"ARP","606775",9,,"Solano County","CA095","095","Electric Utility",38.2419,-121.8551,"Creed Energy Center, LLC (Owner)|Creed Energy Center, LLC (Operator)","Phase 2",,"Combustion turbine","Pipeline Natural Gas",,,"Ammonia Injection|Selective Catalytic Reduction",,,"2002-12-09","Operating",500,"CT1 (47)"
"CA","Creed Energy Center",55625,"UNIT1",,2025,"ARP","606775",9,,"Solano County","CA095","095","Electric Utility",38.2419,-121.8551,"Creed Energy Center, LLC (Owner)|Creed Energy Center, LLC (Operator)","Phase 2",,"Combustion turbine","Pipeline Natural Gas",,,"Ammonia Injection|Selective Catalytic Reduction",,,"2002-12-09","Operating",500,"CT1 (47)"
"CA","Lambie Energy Center",55626,"UNIT1",,2022,"ARP","606775",9,,"Solano County","CA095","095","Electric Utility",38.2216,-121.8683,"Gilroy Energy Center, LLC (Owner)|Gilroy Energy Center, LLC (Operator)","Phase 2",,"Combustion turbine","Pipeline Natural Gas",,,"Ammonia Injection|Selective Catalytic Reduction",,,"2002-12-07","Operating",500,"CT1 (47)"
"CA","Lambie Energy Center",55626,"UNIT1",,2023,"ARP","606775",9,,"Solano County","CA095","095","Electric Utility",38.2216,-121.8683,"Gilroy Energy Center, LLC (Owner)|Gilroy Energy Center, LLC (Operator)","Phase 2",,"Combustion turbine","Pipeline Natural Gas",,,"Ammonia Injection|Selective Catalytic Reduction",,,"2002-12-07","Operating",500,"CT1 (47)"
"CA","Lambie Energy Center",55626,"UNIT1",,2024,"ARP","606775",9,,"Solano County","CA095","095","Electric Utility",38.2216,-121.8683,"Gilroy Energy Center, LLC (Owner)|Gilroy Energy Center, LLC (Operator)","Phase 2",,"Combustion turbine","Pipeline Natural Gas",,,"Ammonia Injection|Selective Catalytic Reduction",,,"2002-12-07","Operating",500,"CT1 (47)"
"CA","Lambie Energy Center",55626,"UNIT1",,2025,"ARP","606775",9,,"Solano County","CA095","095","Electric Utility",38.2216,-121.8683,"Gilroy Energy Center, LLC (Owner)|Gilroy Energy Center, LLC (Operator)","Phase 2",,"Combustion turbine","Pipeline Natural Gas",,,"Ammonia Injection|Selective Catalytic Reduction",,,"2002-12-07","Operating",500,"CT1 (47)"
"CA","Goose Haven Energy Center",55627,"UNIT1",,2022,"ARP","606775",9,,"Solano County","CA095","095","Electric Utility",38.2271,-121.844,"Goose Haven Energy Center, LLC (Owner)|Goose Haven Energy Center, LLC (Operator)","Phase 2",,"Combustion turbine","Pipeline Natural Gas",,,"Water Injection|Ammonia Injection|Selective Catalytic Reduction",,,"2002-12-08","Operating",500,"CT1 (47)"
"CA","Goose Haven Energy Center",55627,"UNIT1",,2023,"ARP","606775",9,,"Solano County","CA095","095","Electric Utility",38.2271,-121.844,"Goose Haven Energy Center, LLC (Owner)|Goose Haven Energy Center, LLC (Operator)","Phase 2",,"Combustion turbine","Pipeline Natural Gas",,,"Water Injection|Ammonia Injection|Selective Catalytic Reduction",,,"2002-12-08","Operating",500,"CT1 (47)"
"CA","Goose Haven Energy Center",55627,"UNIT1",,2024,"ARP","606775",9,,"Solano County","CA095","095","Electric Utility",38.2271,-121.844,"Goose Haven Energy Center, LLC (Owner)|Goose Haven Energy Center, LLC (Operator)","Phase 2",,"Combustion turbine","Pipeline Natural Gas",,,"Water Injection|Ammonia Injection|Selective Catalytic Reduction",,,"2002-12-08","Operating",500,"CT1 (47)"
"CA","Goose Haven Energy Center",55627,"UNIT1",,2025,"ARP","606775",9,,"Solano County","CA095","095","Electric Utility",38.2271,-121.844,"Goose Haven Energy Center, LLC (Owner)|Goose Haven Energy Center, LLC (Operator)","Phase 2",,"Combustion turbine","Pipeline Natural Gas",,,"Water Injection|Ammonia Injection|Selective Catalytic Reduction",,,"2002-12-08","Operating",500,"CT1 (47)"
"CA","Pastoria Energy Facility",55656,"CT001",,2022,"ARP","603395",9,,"Kern County","CA029","029","Electric Utility",34.9556,-118.844,"Pastoria Energy Facility, LLC (Owner)|Pastoria Energy Facility, LLC (Operator)","Phase 2",,"Combined cycle","Pipeline Natural Gas",,,"Dry Low NOx Burners|Selective Catalytic Reduction",,,"2005-05-04","Operating",1981,"ST03 (185), CT01 (168)"
"CA","Pastoria Energy Facility",55656,"CT001",,2023,"ARP","603395",9,,"Kern County","CA029","029","Electric Utility",34.9556,-118.844,"Pastoria Energy Facility, LLC (Owner)|Pastoria Energy Facility, LLC (Operator)","Phase 2",,"Combined cycle","Pipeline Natural Gas",,,"Dry Low NOx Burners|Selective Catalytic Reduction",,,"2005-05-04","Operating",1981,"ST03 (185), CT01 (168)"
"CA","Pastoria Energy Facility",55656,"CT001",,2024,"ARP","603395",9,,"Kern County","CA029","029","Electric Utility",34.9556,-118.844,"Pastoria Energy Facility, LLC (Owner)|Pastoria Energy Facility, LLC (Operator)","Phase 2",,"Combined cycle","Pipeline Natural Gas",,,"Dry Low NOx Burners|Selective Catalytic Reduction",,,"2005-05-04","Operating",2061,"ST03 (185), CT01 (168)"
"CA","Pastoria Energy Facility",55656,"CT001",,2025,"ARP","603395",9,,"Kern County","CA029","029","Electric Utility",34.9556,-118.844,"Pastoria Energy Facility, LLC (Owner)|Pastoria Energy Facility, LLC (Operator)","Phase 2",,"Combined cycle","Pipeline Natural Gas",,,"Dry Low NOx Burners|Selective Catalytic Reduction",,,"2005-05-04","Operating",2061,"ST03 (185), CT01 (168)"
"CA","Pastoria Energy Facility",55656,"CT002",,2022,"ARP","603395",9,,"Kern County","CA029","029","Electric Utility",34.9556,-118.844,"Pastoria Energy Facility, LLC (Owner)|Pastoria Energy Facility, LLC (Operator)","Phase 2",,"Combined cycle","Pipeline Natural Gas",,,"Dry Low NOx Burners|Selective Catalytic Reduction",,,"2005-04-30","Operating",2061,"CT02 (168), ST03 (185)"
"CA","Pastoria Energy Facility",55656,"CT002",,2023,"ARP","603395",9,,"Kern County","CA029","029","Electric Utility",34.9556,-118.844,"Pastoria Energy Facility, LLC (Owner)|Pastoria Energy Facility, LLC (Operator)","Phase 2",,"Combined cycle","Pipeline Natural Gas",,,"Dry Low NOx Burners|Selective Catalytic Reduction",,,"2005-04-30","Operating",2061,"CT02 (168), ST03 (185)"
"CA","Pastoria Energy Facility",55656,"CT002",,2024,"ARP","603395",9,,"Kern County","CA029","029","Electric Utility",34.9556,-118.844,"Pastoria Energy Facility, LLC (Owner)|Pastoria Energy Facility, LLC (Operator)","Phase 2",,"Combined cycle","Pipeline Natural Gas",,,"Dry Low NOx Burners|Selective Catalytic Reduction",,,"2005-04-30","Operating",2061,"CT02 (168), ST03 (185)"
"CA","Pastoria Energy Facility",55656,"CT002",,2025,"ARP","603395",9,,"Kern County","CA029","029","Electric Utility",34.9556,-118.844,"Pastoria Energy Facility, LLC (Owner)|Pastoria Energy Facility, LLC (Operator)","Phase 2",,"Combined cycle","Pipeline Natural Gas",,,"Dry Low NOx Burners|Selective Catalytic Reduction",,,"2005-04-30","Operating",2061,"CT02 (168), ST03 (185)"
"CA","Pastoria Energy Facility",55656,"CT004",,2022,"ARP","603395",9,,"Kern County","CA029","029","Electric Utility",34.9556,-118.844,"Pastoria Energy Facility, LLC (Owner)|Pastoria Energy Facility, LLC (Operator)","Phase 2",,"Combined cycle","Pipeline Natural Gas",,,"Dry Low NOx Burners|Selective Catalytic Reduction",,,"2005-02-17","Operating",2061,"ST05 (90), CT04 (168)"
"CA","Pastoria Energy Facility",55656,"CT004",,2023,"ARP","603395",9,,"Kern County","CA029","029","Electric Utility",34.9556,-118.844,"Pastoria Energy Facility, LLC (Owner)|Pastoria Energy Facility, LLC (Operator)","Phase 2",,"Combined cycle","Pipeline Natural Gas",,,"Dry Low NOx Burners|Selective Catalytic Reduction",,,"2005-02-17","Operating",2061,"ST05 (90), CT04 (168)"
"CA","Pastoria Energy Facility",55656,"CT004",,2024,"ARP","603395",9,,"Kern County","CA029","029","Electric Utility",34.9556,-118.844,"Pastoria Energy Facility, LLC (Owner)|Pastoria Energy Facility, LLC (Operator)","Phase 2",,"Combined cycle","Pipeline Natural Gas",,,"Dry Low NOx Burners|Selective Catalytic Reduction",,,"2005-02-17","Operating",2061,"ST05 (90), CT04 (168)"
"CA","Pastoria Energy Facility",55656,"CT004",,2025,"ARP","603395",9,,"Kern County","CA029","029","Electric Utility",34.9556,-118.844,"Pastoria Energy Facility, LLC (Owner)|Pastoria Energy Facility, LLC (Operator)","Phase 2",,"Combined cycle","Pipeline Natural Gas",,,"Dry Low NOx Burners|Selective Catalytic Reduction",,,"2005-02-17","Operating",2061,"ST05 (90), CT04 (168)"
"CA","Hanford Energy Park Peaker",55698,"HEP1",,2022,"ARP","609325",9,,"Kings County","CA031","031","Electric Utility",36.2689,-119.6469,"MRP San Joaquin Energy (Owner)|MRP San Joaquin Energy (Operator)","Phase 2",,"Combustion turbine","Pipeline Natural Gas",,,"Water Injection|Selective Catalytic Reduction",,,"2001-09-01","Operating",540,"HEP1 (46.1)"
"CA","Hanford Energy Park Peaker",55698,"HEP1",,2023,"ARP","609325",9,,"Kings County","CA031","031","Electric Utility",36.2689,-119.6469,"MRP San Joaquin Energy (Owner)|MRP San Joaquin Energy (Operator)","Phase 2",,"Combustion turbine","Pipeline Natural Gas",,,"Water Injection|Selective Catalytic Reduction",,,"2001-09-01","Operating",540,"HEP1 (46.1)"
"CA","Hanford Energy Park Peaker",55698,"HEP1",,2024,"ARP","609325",9,,"Kings County","CA031","031","Electric Utility",36.2689,-119.6469,"MRP San Joaquin Energy (Owner)|MRP San Joaquin Energy (Operator)","Phase 2",,"Combustion turbine","Pipeline Natural Gas",,,"Water Injection|Selective Catalytic Reduction",,,"2001-09-01","Operating",540,"HEP1 (46.1)"
"CA","Hanford Energy Park Peaker",55698,"HEP1",,2025,"ARP","609325",9,,"Kings County","CA031","031","Electric Utility",36.2689,-119.6469,"MRP San Joaquin Energy (Owner)|MRP San Joaquin Energy (Operator)","Phase 2",,"Combustion turbine","Pipeline Natural Gas",,,"Water Injection|Selective Catalytic Reduction",,,"2001-09-01","Operating",540,"HEP1 (46.1)"
"CA","Hanford Energy Park Peaker",55698,"HEP2",,2022,"ARP","609325",9,,"Kings County","CA031","031","Electric Utility",36.2689,-119.6469,"MRP San Joaquin Energy (Owner)|MRP San Joaquin Energy (Operator)","Phase 2",,"Combustion turbine","Pipeline Natural Gas",,,"Water Injection|Selective Catalytic Reduction",,,"2001-09-01","Operating",540,"HEP2 (46.1)"
"CA","Hanford Energy Park Peaker",55698,"HEP2",,2023,"ARP","609325",9,,"Kings County","CA031","031","Electric Utility",36.2689,-119.6469,"MRP San Joaquin Energy (Owner)|MRP San Joaquin Energy (Operator)","Phase 2",,"Combustion turbine","Pipeline Natural Gas",,,"Water Injection|Selective Catalytic Reduction",,,"2001-09-01","Operating",540,"HEP2 (46.1)"
"CA","Hanford Energy Park Peaker",55698,"HEP2",,2024,"ARP","609325",9,,"Kings County","CA031","031","Electric Utility",36.2689,-119.6469,"MRP San Joaquin Energy (Owner)|MRP San Joaquin Energy (Operator)","Phase 2",,"Combustion turbine","Pipeline Natural Gas",,,"Water Injection|Selective Catalytic Reduction",,,"2001-09-01","Operating",540,"HEP2 (46.1)"
"CA","Hanford Energy Park Peaker",55698,"HEP2",,2025,"ARP","609325",9,,"Kings County","CA031","031","Electric Utility",36.2689,-119.6469,"MRP San Joaquin Energy (Owner)|MRP San Joaquin Energy (Operator)","Phase 2",,"Combustion turbine","Pipeline Natural Gas",,,"Water Injection|Selective Catalytic Reduction",,,"2001-09-01","Operating",540,"HEP2 (46.1)"
"CA","Los Esteros Critical Energy Facility",55748,"CTG1",,2022,"ARP","607011 (Ended Mar 30, 2022), 603807 (Started Mar 30, 2022)",9,,"Santa Clara County","CA085","085","Electric Utility",37.425,-121.9319,"Los Esteros Critical Energy Facility, LLC (Owner)|Los Esteros Critical Energy Facility, LLC (Operator)","Phase 2",,"Combined cycle","Pipeline Natural Gas",,,"Water Injection|Selective Catalytic Reduction",,,"2003-01-18","Operating",639,"CTG1 (55), CAG5 (126.1)"
"CA","Los Esteros Critical Energy Facility",55748,"CTG1",,2023,"ARP","603807",9,,"Santa Clara County","CA085","085","Electric Utility",37.425,-121.9319,"Los Esteros Critical Energy Facility, LLC (Owner)|Los Esteros Critical Energy Facility, LLC (Operator)","Phase 2",,"Combined cycle","Pipeline Natural Gas",,,"Water Injection|Selective Catalytic Reduction",,,"2003-01-18","Operating",639,"CTG1 (55), CAG5 (126.1)"
"CA","Los Esteros Critical Energy Facility",55748,"CTG1",,2024,"ARP","603807",9,,"Santa Clara County","CA085","085","Electric Utility",37.425,-121.9319,"Los Esteros Critical Energy Facility, LLC (Owner)|Los Esteros Critical Energy Facility, LLC (Operator)","Phase 2",,"Combined cycle","Pipeline Natural Gas",,,"Water Injection|Selective Catalytic Reduction",,,"2003-01-18","Operating",639,"CTG1 (55), CAG5 (126.1)"
"CA","Los Esteros Critical Energy Facility",55748,"CTG1",,2025,"ARP","603807 (Ended May 12, 2025), 611238 (Started May 12, 2025)",9,,"Santa Clara County","CA085","085","Electric Utility",37.425,-121.9319,"Los Esteros Critical Energy Facility, LLC (Owner)|Los Esteros Critical Energy Facility, LLC (Operator)","Phase 2",,"Combined cycle","Pipeline Natural Gas",,,"Water Injection|Selective Catalytic Reduction",,,"2003-01-18","Operating",639,"CTG1 (55), CAG5 (126.1)"
"CA","Los Esteros Critical Energy Facility",55748,"CTG2",,2022,"ARP","607011 (Ended Mar 30, 2022), 603807 (Started Mar 30, 2022)",9,,"Santa Clara County","CA085","085","Electric Utility",37.425,-121.9319,"Los Esteros Critical Energy Facility, LLC (Owner)|Los Esteros Critical Energy Facility, LLC (Operator)","Phase 2",,"Combined cycle","Pipeline Natural Gas",,,"Water Injection|Selective Catalytic Reduction",,,"2002-12-29","Operating",639,"CAG5 (126.1), CTG2 (55)"
"CA","Los Esteros Critical Energy Facility",55748,"CTG2",,2023,"ARP","603807",9,,"Santa Clara County","CA085","085","Electric Utility",37.425,-121.9319,"Los Esteros Critical Energy Facility, LLC (Owner)|Los Esteros Critical Energy Facility, LLC (Operator)","Phase 2",,"Combined cycle","Pipeline Natural Gas",,,"Water Injection|Selective Catalytic Reduction",,,"2002-12-29","Operating",639,"CAG5 (126.1), CTG2 (55)"
"CA","Los Esteros Critical Energy Facility",55748,"CTG2",,2024,"ARP","603807",9,,"Santa Clara County","CA085","085","Electric Utility",37.425,-121.9319,"Los Esteros Critical Energy Facility, LLC (Owner)|Los Esteros Critical Energy Facility, LLC (Operator)","Phase 2",,"Combined cycle","Pipeline Natural Gas",,,"Water Injection|Selective Catalytic Reduction",,,"2002-12-29","Operating",639,"CAG5 (126.1), CTG2 (55)"
"CA","Los Esteros Critical Energy Facility",55748,"CTG2",,2025,"ARP","603807 (Ended May 12, 2025), 611238 (Started May 12, 2025)",9,,"Santa Clara County","CA085","085","Electric Utility",37.425,-121.9319,"Los Esteros Critical Energy Facility, LLC (Owner)|Los Esteros Critical Energy Facility, LLC (Operator)","Phase 2",,"Combined cycle","Pipeline Natural Gas",,,"Water Injection|Selective Catalytic Reduction",,,"2002-12-29","Operating",639,"CAG5 (126.1), CTG2 (55)"
"CA","Los Esteros Critical Energy Facility",55748,"CTG3",,2022,"ARP","607011 (Ended Mar 30, 2022), 603807 (Started Mar 30, 2022)",9,,"Santa Clara County","CA085","085","Electric Utility",37.425,-121.9319,"Los Esteros Critical Energy Facility, LLC (Owner)|Los Esteros Critical Energy Facility, LLC (Operator)","Phase 2",,"Combined cycle","Pipeline Natural Gas",,,"Water Injection|Selective Catalytic Reduction",,,"2002-12-21","Operating",639,"CAG5 (126.1), CTG3 (55)"
"CA","Los Esteros Critical Energy Facility",55748,"CTG3",,2023,"ARP","603807",9,,"Santa Clara County","CA085","085","Electric Utility",37.425,-121.9319,"Los Esteros Critical Energy Facility, LLC (Owner)|Los Esteros Critical Energy Facility, LLC (Operator)","Phase 2",,"Combined cycle","Pipeline Natural Gas",,,"Water Injection|Selective Catalytic Reduction",,,"2002-12-21","Operating",639,"CAG5 (126.1), CTG3 (55)"
"CA","Los Esteros Critical Energy Facility",55748,"CTG3",,2024,"ARP","603807",9,,"Santa Clara County","CA085","085","Electric Utility",37.425,-121.9319,"Los Esteros Critical Energy Facility, LLC (Owner)|Los Esteros Critical Energy Facility, LLC (Operator)","Phase 2",,"Combined cycle","Pipeline Natural Gas",,,"Water Injection|Selective Catalytic Reduction",,,"2002-12-21","Operating",639,"CAG5 (126.1), CTG3 (55)"
"CA","Los Esteros Critical Energy Facility",55748,"CTG3",,2025,"ARP","603807 (Ended May 12, 2025), 611238 (Started May 12, 2025)",9,,"Santa Clara County","CA085","085","Electric Utility",37.425,-121.9319,"Los Esteros Critical Energy Facility, LLC (Owner)|Los Esteros Critical Energy Facility, LLC (Operator)","Phase 2",,"Combined cycle","Pipeline Natural Gas",,,"Water Injection|Selective Catalytic Reduction",,,"2002-12-21","Operating",639,"CAG5 (126.1), CTG3 (55)"
"CA","Los Esteros Critical Energy Facility",55748,"CTG4",,2022,"ARP","607011 (Ended Mar 30, 2022), 603807 (Started Mar 30, 2022)",9,,"Santa Clara County","CA085","085","Electric Utility",37.425,-121.9319,"Los Esteros Critical Energy Facility, LLC (Owner)|Los Esteros Critical Energy Facility, LLC (Operator)","Phase 2",,"Combined cycle","Pipeline Natural Gas",,,"Water Injection|Selective Catalytic Reduction",,,"2003-01-11","Operating",639,"CTG4 (55), CAG5 (126.1)"
"CA","Los Esteros Critical Energy Facility",55748,"CTG4",,2023,"ARP","603807",9,,"Santa Clara County","CA085","085","Electric Utility",37.425,-121.9319,"Los Esteros Critical Energy Facility, LLC (Owner)|Los Esteros Critical Energy Facility, LLC (Operator)","Phase 2",,"Combined cycle","Pipeline Natural Gas",,,"Water Injection|Selective Catalytic Reduction",,,"2003-01-11","Operating",639,"CTG4 (55), CAG5 (126.1)"
"CA","Los Esteros Critical Energy Facility",55748,"CTG4",,2024,"ARP","603807",9,,"Santa Clara County","CA085","085","Electric Utility",37.425,-121.9319,"Los Esteros Critical Energy Facility, LLC (Owner)|Los Esteros Critical Energy Facility, LLC (Operator)","Phase 2",,"Combined cycle","Pipeline Natural Gas",,,"Water Injection|Selective Catalytic Reduction",,,"2003-01-11","Operating",639,"CTG4 (55), CAG5 (126.1)"
"CA","Los Esteros Critical Energy Facility",55748,"CTG4",,2025,"ARP","603807 (Ended May 12, 2025), 611238 (Started May 12, 2025)",9,,"Santa Clara County","CA085","085","Electric Utility",37.425,-121.9319,"Los Esteros Critical Energy Facility, LLC (Owner)|Los Esteros Critical Energy Facility, LLC (Operator)","Phase 2",,"Combined cycle","Pipeline Natural Gas",,,"Water Injection|Selective Catalytic Reduction",,,"2003-01-11","Operating",639,"CTG4 (55), CAG5 (126.1)"
"CA","Henrietta Peaker Plant",55807,"HPP1",,2022,"ARP","609325",9,,"Kings County","CA031","031","Electric Utility",36.2397,-119.9044,"MRP San Joaquin Energy (Owner)|MRP San Joaquin Energy (Operator)","Phase 2",,"Combustion turbine","Pipeline Natural Gas",,,"Water Injection|Selective Catalytic Reduction",,,"2002-07-01","Operating",540,"HPP1 (49)"
"CA","Henrietta Peaker Plant",55807,"HPP1",,2023,"ARP","609325",9,,"Kings County","CA031","031","Electric Utility",36.2397,-119.9044,"MRP San Joaquin Energy (Owner)|MRP San Joaquin Energy (Operator)","Phase 2",,"Combustion turbine","Pipeline Natural Gas",,,"Water Injection|Selective Catalytic Reduction",,,"2002-07-01","Operating",540,"HPP1 (49)"
"CA","Henrietta Peaker Plant",55807,"HPP1",,2024,"ARP","609325",9,,"Kings County","CA031","031","Electric Utility",36.2397,-119.9044,"MRP San Joaquin Energy (Owner)|MRP San Joaquin Energy (Operator)","Phase 2",,"Combustion turbine","Pipeline Natural Gas",,,"Water Injection|Selective Catalytic Reduction",,,"2002-07-01","Operating",540,"HPP1 (49)"
"CA","Henrietta Peaker Plant",55807,"HPP1",,2025,"ARP","609325",9,,"Kings County","CA031","031","Electric Utility",36.2397,-119.9044,"MRP San Joaquin Energy (Owner)|MRP San Joaquin Energy (Operator)","Phase 2",,"Combustion turbine","Pipeline Natural Gas",,,"Water Injection|Selective Catalytic Reduction",,,"2002-07-01","Operating",540,"HPP1 (49)"
"CA","Henrietta Peaker Plant",55807,"HPP2",,2022,"ARP","609325",9,,"Kings County","CA031","031","Electric Utility",36.2397,-119.9044,"MRP San Joaquin Energy (Owner)|MRP San Joaquin Energy (Operator)","Phase 2",,"Combustion turbine","Pipeline Natural Gas",,,"Water Injection|Selective Catalytic Reduction",,,"2002-07-01","Operating",540,"HPP2 (49)"
"CA","Henrietta Peaker Plant",55807,"HPP2",,2023,"ARP","609325",9,,"Kings County","CA031","031","Electric Utility",36.2397,-119.9044,"MRP San Joaquin Energy (Owner)|MRP San Joaquin Energy (Operator)","Phase 2",,"Combustion turbine","Pipeline Natural Gas",,,"Water Injection|Selective Catalytic Reduction",,,"2002-07-01","Operating",540,"HPP2 (49)"
"CA","Henrietta Peaker Plant",55807,"HPP2",,2024,"ARP","609325",9,,"Kings County","CA031","031","Electric Utility",36.2397,-119.9044,"MRP San Joaquin Energy (Owner)|MRP San Joaquin Energy (Operator)","Phase 2",,"Combustion turbine","Pipeline Natural Gas",,,"Water Injection|Selective Catalytic Reduction",,,"2002-07-01","Operating",540,"HPP2 (49)"
"CA","Henrietta Peaker Plant",55807,"HPP2",,2025,"ARP","609325",9,,"Kings County","CA031","031","Electric Utility",36.2397,-119.9044,"MRP San Joaquin Energy (Owner)|MRP San Joaquin Energy (Operator)","Phase 2",,"Combustion turbine","Pipeline Natural Gas",,,"Water Injection|Selective Catalytic Reduction",,,"2002-07-01","Operating",540,"HPP2 (49)"
"CA","Gilroy Energy Center, LLC",55810,"S-3",,2022,"ARP","603807 (Ended Mar 24, 2022), 602696 (Started Mar 24, 2022)",9,,"Santa Clara County","CA085","085","Electric Utility",36.999,-121.5363,"Gilroy Energy Center, LLC (Owner)|Gilroy Energy Center, LLC (Operator)","Phase 2",,"Combustion turbine","Pipeline Natural Gas",,,"Water Injection|Ammonia Injection|Selective Catalytic Reduction",,,"2001-11-29","Operating",500,"S3 (45)"
"CA","Gilroy Energy Center, LLC",55810,"S-3",,2023,"ARP","602696",9,,"Santa Clara County","CA085","085","Electric Utility",36.999,-121.5363,"Gilroy Energy Center, LLC (Owner)|Gilroy Energy Center, LLC (Operator)","Phase 2",,"Combustion turbine","Pipeline Natural Gas",,,"Water Injection|Ammonia Injection|Selective Catalytic Reduction",,,"2001-11-29","Operating",500,"S3 (45)"
"CA","Gilroy Energy Center, LLC",55810,"S-3",,2024,"ARP","602696",9,,"Santa Clara County","CA085","085","Electric Utility",36.999,-121.5363,"Gilroy Energy Center, LLC (Owner)|Gilroy Energy Center, LLC (Operator)","Phase 2",,"Combustion turbine","Pipeline Natural Gas",,,"Water Injection|Ammonia Injection|Selective Catalytic Reduction",,,"2001-11-29","Operating",500,"S3 (45)"
"CA","Gilroy Energy Center, LLC",55810,"S-3",,2025,"ARP","602696",9,,"Santa Clara County","CA085","085","Electric Utility",36.999,-121.5363,"Gilroy Energy Center, LLC (Owner)|Gilroy Energy Center, LLC (Operator)","Phase 2",,"Combustion turbine","Pipeline Natural Gas",,,"Water Injection|Ammonia Injection|Selective Catalytic Reduction",,,"2001-11-29","Operating",500,"S3 (45)"
"CA","Gilroy Energy Center, LLC",55810,"S-4",,2022,"ARP","603807 (Ended Mar 24, 2022), 602696 (Started Mar 24, 2022)",9,,"Santa Clara County","CA085","085","Electric Utility",36.999,-121.5363,"Gilroy Energy Center, LLC (Owner)|Gilroy Energy Center, LLC (Operator)","Phase 2",,"Combustion turbine","Pipeline Natural Gas",,,"Water Injection|Ammonia Injection|Selective Catalytic Reduction",,,"2001-11-29","Operating",500,"S4 (45)"
"CA","Gilroy Energy Center, LLC",55810,"S-4",,2023,"ARP","602696",9,,"Santa Clara County","CA085","085","Electric Utility",36.999,-121.5363,"Gilroy Energy Center, LLC (Owner)|Gilroy Energy Center, LLC (Operator)","Phase 2",,"Combustion turbine","Pipeline Natural Gas",,,"Water Injection|Ammonia Injection|Selective Catalytic Reduction",,,"2001-11-29","Operating",500,"S4 (45)"
"CA","Gilroy Energy Center, LLC",55810,"S-4",,2024,"ARP","602696",9,,"Santa Clara County","CA085","085","Electric Utility",36.999,-121.5363,"Gilroy Energy Center, LLC (Owner)|Gilroy Energy Center, LLC (Operator)","Phase 2",,"Combustion turbine","Pipeline Natural Gas",,,"Water Injection|Ammonia Injection|Selective Catalytic Reduction",,,"2001-11-29","Operating",500,"S4 (45)"
"CA","Gilroy Energy Center, LLC",55810,"S-4",,2025,"ARP","602696",9,,"Santa Clara County","CA085","085","Electric Utility",36.999,-121.5363,"Gilroy Energy Center, LLC (Owner)|Gilroy Energy Center, LLC (Operator)","Phase 2",,"Combustion turbine","Pipeline Natural Gas",,,"Water Injection|Ammonia Injection|Selective Catalytic Reduction",,,"2001-11-29","Operating",500,"S4 (45)"
"CA","Gilroy Energy Center, LLC",55810,"S-5",,2022,"ARP","603807 (Ended Mar 24, 2022), 602696 (Started Mar 24, 2022)",9,,"Santa Clara County","CA085","085","Electric Utility",36.999,-121.5363,"Gilroy Energy Center, LLC (Owner)|Gilroy Energy Center, LLC (Operator)","Phase 2",,"Combustion turbine","Pipeline Natural Gas",,,"Water Injection|Ammonia Injection|Selective Catalytic Reduction",,,"2002-02-14","Operating",500,"S5 (45)"
"CA","Gilroy Energy Center, LLC",55810,"S-5",,2023,"ARP","602696",9,,"Santa Clara County","CA085","085","Electric Utility",36.999,-121.5363,"Gilroy Energy Center, LLC (Owner)|Gilroy Energy Center, LLC (Operator)","Phase 2",,"Combustion turbine","Pipeline Natural Gas",,,"Water Injection|Ammonia Injection|Selective Catalytic Reduction",,,"2002-02-14","Operating",500,"S5 (45)"
"CA","Gilroy Energy Center, LLC",55810,"S-5",,2024,"ARP","602696",9,,"Santa Clara County","CA085","085","Electric Utility",36.999,-121.5363,"Gilroy Energy Center, LLC (Owner)|Gilroy Energy Center, LLC (Operator)","Phase 2",,"Combustion turbine","Pipeline Natural Gas",,,"Water Injection|Ammonia Injection|Selective Catalytic Reduction",,,"2002-02-14","Operating",500,"S5 (45)"
"CA","Gilroy Energy Center, LLC",55810,"S-5",,2025,"ARP","602696",9,,"Santa Clara County","CA085","085","Electric Utility",36.999,-121.5363,"Gilroy Energy Center, LLC (Owner)|Gilroy Energy Center, LLC (Operator)","Phase 2",,"Combustion turbine","Pipeline Natural Gas",,,"Water Injection|Ammonia Injection|Selective Catalytic Reduction",,,"2002-02-14","Operating",500,"S5 (45)"
"CA","Feather River Energy Center",55847,"UNIT1",,2022,"ARP","606775",9,,"Sutter County","CA101","101","Electric Utility",39.1088,-121.6133,"Calpine Corporation (Owner)|Calpine Corporation (Operator)","Phase 2",,"Combustion turbine","Pipeline Natural Gas",,,"Water Injection|Selective Catalytic Reduction",,,"2002-12-15","Operating",500,"CTG1 (47)"
"CA","Feather River Energy Center",55847,"UNIT1",,2023,"ARP","606775",9,,"Sutter County","CA101","101","Electric Utility",39.1088,-121.6133,"Calpine Corporation (Owner)|Calpine Corporation (Operator)","Phase 2",,"Combustion turbine","Pipeline Natural Gas",,,"Water Injection|Selective Catalytic Reduction",,,"2002-12-15","Operating",500,"CTG1 (47)"
"CA","Feather River Energy Center",55847,"UNIT1",,2024,"ARP","606775",9,,"Sutter County","CA101","101","Electric Utility",39.1088,-121.6133,"Calpine Corporation (Owner)|Calpine Corporation (Operator)","Phase 2",,"Combustion turbine","Pipeline Natural Gas",,,"Water Injection|Selective Catalytic Reduction",,,"2002-12-15","Operating",500,"CTG1 (47)"
"CA","Feather River Energy Center",55847,"UNIT1",,2025,"ARP","606775",9,,"Sutter County","CA101","101","Electric Utility",39.1088,-121.6133,"Calpine Corporation (Owner)|Calpine Corporation (Operator)","Phase 2",,"Combustion turbine","Pipeline Natural Gas",,,"Water Injection|Selective Catalytic Reduction",,,"2002-12-15","Operating",500,"CTG1 (47)"
"CA","Wolfskill Energy Center",55855,"UNIT1",,2022,"ARP","606775",9,,"Solano County","CA095","095","Electric Utility",38.2282,-122.076,"Gilroy Energy Center, LLC (Owner)|Gilroy Energy Center, LLC (Operator)","Phase 2",,"Combustion turbine","Pipeline Natural Gas",,,"Water Injection|Ammonia Injection|Selective Catalytic Reduction",,,"2003-01-08","Operating",500,"CTG1 (47)"
"CA","Wolfskill Energy Center",55855,"UNIT1",,2023,"ARP","606775",9,,"Solano County","CA095","095","Electric Utility",38.2282,-122.076,"Gilroy Energy Center, LLC (Owner)|Gilroy Energy Center, LLC (Operator)","Phase 2",,"Combustion turbine","Pipeline Natural Gas",,,"Water Injection|Ammonia Injection|Selective Catalytic Reduction",,,"2003-01-08","Operating",500,"CTG1 (47)"
"CA","Wolfskill Energy Center",55855,"UNIT1",,2024,"ARP","606775",9,,"Solano County","CA095","095","Electric Utility",38.2282,-122.076,"Gilroy Energy Center, LLC (Owner)|Gilroy Energy Center, LLC (Operator)","Phase 2",,"Combustion turbine","Pipeline Natural Gas",,,"Water Injection|Ammonia Injection|Selective Catalytic Reduction",,,"2003-01-08","Operating",500,"CTG1 (47)"
"CA","Wolfskill Energy Center",55855,"UNIT1",,2025,"ARP","606775",9,,"Solano County","CA095","095","Electric Utility",38.2282,-122.076,"Gilroy Energy Center, LLC (Owner)|Gilroy Energy Center, LLC (Operator)","Phase 2",,"Combustion turbine","Pipeline Natural Gas",,,"Water Injection|Ammonia Injection|Selective Catalytic Reduction",,,"2003-01-08","Operating",500,"CTG1 (47)"
"CA","Tracy Combined Cycle Power Plant",55933,"TPP1",,2022,"ARP","609325",9,,"San Joaquin County","CA077","077","Electric Utility",37.7107,-121.4906,"MRP San Joaquin Energy (Owner)|MRP San Joaquin Energy (Operator)","Phase 2",,"Combined cycle","Pipeline Natural Gas",,,"Selective Catalytic Reduction|Dry Low NOx Burners",,,"2003-04-02","Operating",1415,"TCC1 (167.3), TPP1 (84.4)"
"CA","Tracy Combined Cycle Power Plant",55933,"TPP1",,2023,"ARP","609325",9,,"San Joaquin County","CA077","077","Electric Utility",37.7107,-121.4906,"MRP San Joaquin Energy (Owner)|MRP San Joaquin Energy (Operator)","Phase 2",,"Combined cycle","Pipeline Natural Gas",,,"Selective Catalytic Reduction|Dry Low NOx Burners",,,"2003-04-02","Operating",1415,"TCC1 (167.3), TPP1 (84.4)"
"CA","Tracy Combined Cycle Power Plant",55933,"TPP1",,2024,"ARP","609325",9,,"San Joaquin County","CA077","077","Electric Utility",37.7107,-121.4906,"MRP San Joaquin Energy (Owner)|MRP San Joaquin Energy (Operator)","Phase 2",,"Combined cycle","Pipeline Natural Gas",,,"Selective Catalytic Reduction|Dry Low NOx Burners",,,"2003-04-02","Operating",1415,"TCC1 (167.3), TPP1 (84.4)"
"CA","Tracy Combined Cycle Power Plant",55933,"TPP1",,2025,"ARP","609325",9,,"San Joaquin County","CA077","077","Electric Utility",37.7107,-121.4906,"MRP San Joaquin Energy (Owner)|MRP San Joaquin Energy (Operator)","Phase 2",,"Combined cycle","Pipeline Natural Gas",,,"Selective Catalytic Reduction|Dry Low NOx Burners",,,"2003-04-02","Operating",1415,"TCC1 (167.3), TPP1 (84.4)"
"CA","Tracy Combined Cycle Power Plant",55933,"TPP2",,2022,"ARP","609325",9,,"San Joaquin County","CA077","077","Electric Utility",37.7107,-121.4906,"MRP San Joaquin Energy (Owner)|MRP San Joaquin Energy (Operator)","Phase 2",,"Combined cycle","Pipeline Natural Gas",,,"Selective Catalytic Reduction|Dry Low NOx Burners",,,"2003-04-02","Operating",1415,"TCC1 (167.3), TPP2 (84.4)"
"CA","Tracy Combined Cycle Power Plant",55933,"TPP2",,2023,"ARP","609325",9,,"San Joaquin County","CA077","077","Electric Utility",37.7107,-121.4906,"MRP San Joaquin Energy (Owner)|MRP San Joaquin Energy (Operator)","Phase 2",,"Combined cycle","Pipeline Natural Gas",,,"Selective Catalytic Reduction|Dry Low NOx Burners",,,"2003-04-02","Operating",1415,"TCC1 (167.3), TPP2 (84.4)"
"CA","Tracy Combined Cycle Power Plant",55933,"TPP2",,2024,"ARP","609325",9,,"San Joaquin County","CA077","077","Electric Utility",37.7107,-121.4906,"MRP San Joaquin Energy (Owner)|MRP San Joaquin Energy (Operator)","Phase 2",,"Combined cycle","Pipeline Natural Gas",,,"Selective Catalytic Reduction|Dry Low NOx Burners",,,"2003-04-02","Operating",1415,"TCC1 (167.3), TPP2 (84.4)"
"CA","Tracy Combined Cycle Power Plant",55933,"TPP2",,2025,"ARP","609325",9,,"San Joaquin County","CA077","077","Electric Utility",37.7107,-121.4906,"MRP San Joaquin Energy (Owner)|MRP San Joaquin Energy (Operator)","Phase 2",,"Combined cycle","Pipeline Natural Gas",,,"Selective Catalytic Reduction|Dry Low NOx Burners",,,"2003-04-02","Operating",1415,"TCC1 (167.3), TPP2 (84.4)"
"CA","Agua Mansa Power",55951,"AMP-1",,2022,"ARP","602206",9,,"San Bernardino County","CA071","071","Electric Utility",34.0414,-117.3603,"City of Colton (Owner)|E I Colton, LLC (Operator)","Phase 2",,"Combustion turbine","Pipeline Natural Gas",,,"Water Injection|Selective Catalytic Reduction",,,"2003-06-08","Operating",470,"AMP1 (60.5)"
"CA","Agua Mansa Power",55951,"AMP-1",,2023,"ARP","602206",9,,"San Bernardino County","CA071","071","Electric Utility",34.0414,-117.3603,"City of Colton (Owner)|E I Colton, LLC (Operator)","Phase 2",,"Combustion turbine","Pipeline Natural Gas",,,"Water Injection|Selective Catalytic Reduction",,,"2003-06-08","Operating",470,"AMP1 (60.5)"
"CA","Agua Mansa Power",55951,"AMP-1",,2024,"ARP","602206",9,,"San Bernardino County","CA071","071","Electric Utility",34.0414,-117.3603,"City of Colton (Owner)|E I Colton, LLC (Operator)","Phase 2",,"Combustion turbine","Pipeline Natural Gas",,,"Water Injection|Selective Catalytic Reduction",,,"2003-06-08","Operating",470,"AMP1 (60.5)"
"CA","Agua Mansa Power",55951,"AMP-1",,2025,"ARP","602206",9,,"San Bernardino County","CA071","071","Electric Utility",34.0414,-117.3603,"City of Colton (Owner)|E I Colton, LLC (Operator)","Phase 2",,"Combustion turbine","Pipeline Natural Gas",,,"Water Injection|Selective Catalytic Reduction",,,"2003-06-08","Operating",470,"AMP1 (60.5)"
"CA","Riverview Energy Center",55963,"1",,2022,"ARP","606775",9,,"Contra Costa County","CA013","013","Electric Utility",38.0145,-121.7901,"Gilroy Energy Center, LLC (Owner)|Calpine Operating Services Company, Inc. (Operator)","Phase 2",,"Combustion turbine","Pipeline Natural Gas",,,"Ammonia Injection|Selective Catalytic Reduction",,,"2003-04-19","Operating",500,"CTG1 (47)"
"CA","Riverview Energy Center",55963,"1",,2023,"ARP","606775",9,,"Contra Costa County","CA013","013","Electric Utility",38.0145,-121.7901,"Gilroy Energy Center, LLC (Owner)|Calpine Operating Services Company, Inc. (Operator)","Phase 2",,"Combustion turbine","Pipeline Natural Gas",,,"Ammonia Injection|Selective Catalytic Reduction",,,"2003-04-19","Operating",500,"CTG1 (47)"
"CA","Riverview Energy Center",55963,"1",,2024,"ARP","606775",9,,"Contra Costa County","CA013","013","Electric Utility",38.0145,-121.7901,"Gilroy Energy Center, LLC (Owner)|Calpine Operating Services Company, Inc. (Operator)","Phase 2",,"Combustion turbine","Pipeline Natural Gas",,,"Ammonia Injection|Selective Catalytic Reduction",,,"2003-04-19","Operating",500,"CTG1 (47)"
"CA","Riverview Energy Center",55963,"1",,2025,"ARP","606775",9,,"Contra Costa County","CA013","013","Electric Utility",38.0145,-121.7901,"Gilroy Energy Center, LLC (Owner)|Calpine Operating Services Company, Inc. (Operator)","Phase 2",,"Combustion turbine","Pipeline Natural Gas",,,"Ammonia Injection|Selective Catalytic Reduction",,,"2003-04-19","Operating",500,"CTG1 (47)"
"CA","Cosumnes Power Plant",55970,"2",,2022,"ARP","610159",9,"WECC","Sacramento County","CA067","067","Electric Utility",38.3383,-121.1239,"Sacramento Mun Utility District Financing Author (Owner)|EthosEnergy Group Power Plant Services (Operator)","Phase 2",,"Combined cycle","Other Gas",,,"Dry Low NOx Burners|Selective Catalytic Reduction",,,"2006-01-09","Operating",2200,"2 (170), 1 (190)"
"CA","Cosumnes Power Plant",55970,"2",,2023,"ARP","610159",9,"WECC","Sacramento County","CA067","067","Electric Utility",38.3383,-121.1239,"Sacramento Mun Utility District Financing Author (Owner)|EthosEnergy Group Power Plant Services (Operator)","Phase 2",,"Combined cycle","Other Gas",,,"Dry Low NOx Burners|Selective Catalytic Reduction",,,"2006-01-09","Operating",2200,"2 (170), 1 (190)"
"CA","Cosumnes Power Plant",55970,"2",,2024,"ARP","610159",9,"WECC","Sacramento County","CA067","067","Electric Utility",38.3383,-121.1239,"Sacramento Mun Utility District Financing Author (Owner)|EthosEnergy Group Power Plant Services (Operator)","Phase 2",,"Combined cycle","Other Gas",,,"Dry Low NOx Burners|Selective Catalytic Reduction",,,"2006-01-09","Operating",2200,"2 (170), 1 (190)"
"CA","Cosumnes Power Plant",55970,"2",,2025,"ARP","610159",9,"WECC","Sacramento County","CA067","067","Electric Utility",38.3383,-121.1239,"Sacramento Mun Utility District Financing Author (Owner) (Ended Nov 30, 2025)|Sacramento Municipal Utility District (Owner) (Started Nov 30, 2025)|EthosEnergy Group Power Plant Services (Operator)","Phase 2",,"Combined cycle","Other Gas",,,"Dry Low NOx Burners|Selective Catalytic Reduction",,,"2006-01-09","Operating",2200,"2 (170), 1 (190)"
"CA","Cosumnes Power Plant",55970,"3",,2022,"ARP","610159",9,"WECC","Sacramento County","CA067","067","Electric Utility",38.3383,-121.1239,"Sacramento Mun Utility District Financing Author (Owner)|EthosEnergy Group Power Plant Services (Operator)","Phase 2",,"Combined cycle","Other Gas",,,"Dry Low NOx Burners|Selective Catalytic Reduction",,,"2006-01-09","Operating",2200,"1 (190), 3 (170)"
"CA","Cosumnes Power Plant",55970,"3",,2023,"ARP","610159",9,"WECC","Sacramento County","CA067","067","Electric Utility",38.3383,-121.1239,"Sacramento Mun Utility District Financing Author (Owner)|EthosEnergy Group Power Plant Services (Operator)","Phase 2",,"Combined cycle","Other Gas",,,"Dry Low NOx Burners|Selective Catalytic Reduction",,,"2006-01-09","Operating",2200,"1 (190), 3 (170)"
"CA","Cosumnes Power Plant",55970,"3",,2024,"ARP","610159",9,"WECC","Sacramento County","CA067","067","Electric Utility",38.3383,-121.1239,"Sacramento Mun Utility District Financing Author (Owner)|EthosEnergy Group Power Plant Services (Operator)","Phase 2",,"Combined cycle","Other Gas",,,"Dry Low NOx Burners|Selective Catalytic Reduction",,,"2006-01-09","Operating",2200,"1 (190), 3 (170)"
"CA","Cosumnes Power Plant",55970,"3",,2025,"ARP","610159",9,"WECC","Sacramento County","CA067","067","Electric Utility",38.3383,-121.1239,"Sacramento Mun Utility District Financing Author (Owner) (Ended Nov 30, 2025)|Sacramento Municipal Utility District (Owner) (Started Nov 30, 2025)|EthosEnergy Group Power Plant Services (Operator)","Phase 2",,"Combined cycle","Other Gas",,,"Dry Low NOx Burners|Selective Catalytic Reduction",,,"2006-01-09","Operating",2200,"1 (190), 3 (170)"
"CA","Palomar Energy Center",55985,"CTG1",,2022,"ARP","607107",9,"WECC","San Diego County","CA073","073","Electric Utility",33.1192,-117.118,"San Diego Gas and Electric Company (Owner)|San Diego Gas and Electric Company (Operator)","Phase 2",,"Combined cycle","Pipeline Natural Gas",,,"Dry Low NOx Burners|Selective Catalytic Reduction",,,"2005-10-30","Operating",3926.7,"STG (229), CTG1 (165)"
"CA","Palomar Energy Center",55985,"CTG1",,2023,"ARP","607107 (Ended Mar 01, 2023), 607385 (Started Mar 01, 2023)",9,"WECC","San Diego County","CA073","073","Electric Utility",33.1192,-117.118,"San Diego Gas and Electric Company (Owner)|San Diego Gas and Electric Company (Operator)","Phase 2",,"Combined cycle","Pipeline Natural Gas",,,"Dry Low NOx Burners|Selective Catalytic Reduction",,,"2005-10-30","Operating",3926.7,"STG (229), CTG1 (165)"
"CA","Palomar Energy Center",55985,"CTG1",,2024,"ARP","607385",9,"WECC","San Diego County","CA073","073","Electric Utility",33.1192,-117.118,"San Diego Gas and Electric Company (Owner)|San Diego Gas and Electric Company (Operator)","Phase 2",,"Combined cycle","Pipeline Natural Gas",,,"Dry Low NOx Burners|Selective Catalytic Reduction",,,"2005-10-30","Operating",3926.7,"STG (229), CTG1 (165)"
"CA","Palomar Energy Center",55985,"CTG1",,2025,"ARP","607385",9,"WECC","San Diego County","CA073","073","Electric Utility",33.1192,-117.118,"San Diego Gas and Electric Company (Owner)|San Diego Gas and Electric Company (Operator)","Phase 2",,"Combined cycle","Pipeline Natural Gas",,,"Dry Low NOx Burners|Selective Catalytic Reduction",,,"2005-10-30","Operating",3926.7,"STG (229), CTG1 (165)"
"CA","Palomar Energy Center",55985,"CTG2",,2022,"ARP","607107",9,"WECC","San Diego County","CA073","073","Electric Utility",33.1192,-117.118,"San Diego Gas and Electric Company (Owner)|San Diego Gas and Electric Company (Operator)","Phase 2",,"Combined cycle","Pipeline Natural Gas",,,"Dry Low NOx Burners|Selective Catalytic Reduction",,,"2005-11-02","Operating",3926.7,"STG (229), CTG2 (165)"
"CA","Palomar Energy Center",55985,"CTG2",,2023,"ARP","607107 (Ended Mar 01, 2023), 607385 (Started Mar 01, 2023)",9,"WECC","San Diego County","CA073","073","Electric Utility",33.1192,-117.118,"San Diego Gas and Electric Company (Owner)|San Diego Gas and Electric Company (Operator)","Phase 2",,"Combined cycle","Pipeline Natural Gas",,,"Dry Low NOx Burners|Selective Catalytic Reduction",,,"2005-11-02","Operating",3926.7,"STG (229), CTG2 (165)"
"CA","Palomar Energy Center",55985,"CTG2",,2024,"ARP","607385",9,"WECC","San Diego County","CA073","073","Electric Utility",33.1192,-117.118,"San Diego Gas and Electric Company (Owner)|San Diego Gas and Electric Company (Operator)","Phase 2",,"Combined cycle","Pipeline Natural Gas","Other Gas",,"Dry Low NOx Burners|Selective Catalytic Reduction",,,"2005-11-02","Operating",3926.7,"STG (229), CTG2 (165)"
"CA","Palomar Energy Center",55985,"CTG2",,2025,"ARP","607385",9,"WECC","San Diego County","CA073","073","Electric Utility",33.1192,-117.118,"San Diego Gas and Electric Company (Owner)|San Diego Gas and Electric Company (Operator)","Phase 2",,"Combined cycle","Pipeline Natural Gas","Other Gas",,"Dry Low NOx Burners|Selective Catalytic Reduction",,,"2005-11-02","Operating",3926.7,"STG (229), CTG2 (165)"
"CA","Donald Von Raesfeld",56026,"PCT1",,2022,"ARP","609510",9,,"Santa Clara County","CA085","085","Electric Utility",37.3767,-121.9508,"Silicon Valley Power (Owner)|Silicon Valley Power (Operator)","Phase 2",,"Combined cycle","Pipeline Natural Gas",,,"Dry Low NOx Burners|Water Injection|Selective Catalytic Reduction",,,"2005-03-15","Operating",610.6,"CTG1 (50), STG (54)"
"CA","Donald Von Raesfeld",56026,"PCT1",,2023,"ARP","609510",9,,"Santa Clara County","CA085","085","Electric Utility",37.3767,-121.9508,"Silicon Valley Power (Owner)|Silicon Valley Power (Operator)","Phase 2",,"Combined cycle","Pipeline Natural Gas",,,"Dry Low NOx Burners|Water Injection|Selective Catalytic Reduction",,,"2005-03-15","Operating",610.6,"CTG1 (50), STG (54)"
"CA","Donald Von Raesfeld",56026,"PCT1",,2024,"ARP","609510",9,,"Santa Clara County","CA085","085","Electric Utility",37.3767,-121.9508,"Silicon Valley Power (Owner)|Silicon Valley Power (Operator)","Phase 2",,"Combined cycle","Pipeline Natural Gas",,,"Dry Low NOx Burners|Water Injection|Selective Catalytic Reduction",,,"2005-03-15","Operating",610.6,"CTG1 (50), STG (54)"
"CA","Donald Von Raesfeld",56026,"PCT1",,2025,"ARP","609510",9,,"Santa Clara County","CA085","085","Electric Utility",37.3767,-121.9508,"Silicon Valley Power (Owner)|Silicon Valley Power (Operator)","Phase 2",,"Combined cycle","Pipeline Natural Gas",,,"Dry Low NOx Burners|Water Injection|Selective Catalytic Reduction",,,"2005-03-15","Operating",610.6,"CTG1 (50), STG (54)"
"CA","Donald Von Raesfeld",56026,"PCT2",,2022,"ARP","609510",9,,"Santa Clara County","CA085","085","Electric Utility",37.3767,-121.9508,"Silicon Valley Power (Owner)|Silicon Valley Power (Operator)","Phase 2",,"Combined cycle","Pipeline Natural Gas",,,"Dry Low NOx Burners|Water Injection|Selective Catalytic Reduction",,,"2005-03-15","Operating",610.6,"STG (54), CTG2 (50)"
"CA","Donald Von Raesfeld",56026,"PCT2",,2023,"ARP","609510",9,,"Santa Clara County","CA085","085","Electric Utility",37.3767,-121.9508,"Silicon Valley Power (Owner)|Silicon Valley Power (Operator)","Phase 2",,"Combined cycle","Pipeline Natural Gas",,,"Dry Low NOx Burners|Water Injection|Selective Catalytic Reduction",,,"2005-03-15","Operating",610.6,"STG (54), CTG2 (50)"
"CA","Donald Von Raesfeld",56026,"PCT2",,2024,"ARP","609510",9,,"Santa Clara County","CA085","085","Electric Utility",37.3767,-121.9508,"Silicon Valley Power (Owner)|Silicon Valley Power (Operator)","Phase 2",,"Combined cycle","Pipeline Natural Gas",,,"Dry Low NOx Burners|Water Injection|Selective Catalytic Reduction",,,"2005-03-15","Operating",610.6,"STG (54), CTG2 (50)"
"CA","Donald Von Raesfeld",56026,"PCT2",,2025,"ARP","609510",9,,"Santa Clara County","CA085","085","Electric Utility",37.3767,-121.9508,"Silicon Valley Power (Owner)|Silicon Valley Power (Operator)","Phase 2",,"Combined cycle","Pipeline Natural Gas",,,"Dry Low NOx Burners|Water Injection|Selective Catalytic Reduction",,,"2005-03-15","Operating",610.6,"STG (54), CTG2 (50)"
"CA","Malburg Generating Station",56041,"M1",,2022,"ARP","610207 (Ended Nov 03, 2022), 610208 (Started Nov 03, 2022)(Ended Nov 22, 2022), 610505 (Started Nov 22, 2022)",9,"WECC","Los Angeles County","CA037","037","Electric Utility",33.9983,-118.2219,"City of Vernon (Owner)|City of Vernon (Operator)","Phase 2",,"Combined cycle","Pipeline Natural Gas",,,"Dry Low NOx Burners|Selective Catalytic Reduction",,,"2005-07-23","Operating",594,"M3 (55), M1 (42.2)"
"CA","Malburg Generating Station",56041,"M1",,2023,"ARP","610505",9,"WECC","Los Angeles County","CA037","037","Electric Utility",33.9983,-118.2219,"City of Vernon (Owner)|City of Vernon (Operator)","Phase 2",,"Combined cycle","Pipeline Natural Gas",,,"Dry Low NOx Burners|Selective Catalytic Reduction",,,"2005-07-23","Operating",594,"M3 (55), M1 (42.2)"
"CA","Malburg Generating Station",56041,"M1",,2024,"ARP","610505",9,"WECC","Los Angeles County","CA037","037","Electric Utility",33.9983,-118.2219,"City of Vernon (Owner)|City of Vernon (Operator)","Phase 2",,"Combined cycle","Pipeline Natural Gas",,,"Dry Low NOx Burners|Selective Catalytic Reduction",,,"2005-07-23","Operating",594,"M3 (55), M1 (42.2)"
"CA","Malburg Generating Station",56041,"M1",,2025,"ARP","610505",9,"WECC","Los Angeles County","CA037","037","Electric Utility",33.9983,-118.2219,"City of Vernon (Owner)|City of Vernon (Operator)","Phase 2",,"Combined cycle","Pipeline Natural Gas",,,"Dry Low NOx Burners|Selective Catalytic Reduction",,,"2005-07-23","Operating",594,"M3 (55), M1 (42.2)"
"CA","Malburg Generating Station",56041,"M2",,2022,"ARP","610207 (Ended Nov 03, 2022), 610208 (Started Nov 03, 2022)(Ended Nov 22, 2022), 610505 (Started Nov 22, 2022)",9,"WECC","Los Angeles County","CA037","037","Electric Utility",33.9983,-118.2219,"City of Vernon (Owner)|City of Vernon (Operator)","Phase 2",,"Combined cycle","Pipeline Natural Gas",,,"Dry Low NOx Burners|Selective Catalytic Reduction",,,"2005-07-25","Operating",594,"M3 (55), M2 (42.2)"
"CA","Malburg Generating Station",56041,"M2",,2023,"ARP","610505",9,"WECC","Los Angeles County","CA037","037","Electric Utility",33.9983,-118.2219,"City of Vernon (Owner)|City of Vernon (Operator)","Phase 2",,"Combined cycle","Pipeline Natural Gas",,,"Dry Low NOx Burners|Selective Catalytic Reduction",,,"2005-07-25","Operating",594,"M3 (55), M2 (42.2)"
"CA","Malburg Generating Station",56041,"M2",,2024,"ARP","610505",9,"WECC","Los Angeles County","CA037","037","Electric Utility",33.9983,-118.2219,"City of Vernon (Owner)|City of Vernon (Operator)","Phase 2",,"Combined cycle","Pipeline Natural Gas",,,"Dry Low NOx Burners|Selective Catalytic Reduction",,,"2005-07-25","Operating",594,"M3 (55), M2 (42.2)"
"CA","Malburg Generating Station",56041,"M2",,2025,"ARP","610505",9,"WECC","Los Angeles County","CA037","037","Electric Utility",33.9983,-118.2219,"City of Vernon (Owner)|City of Vernon (Operator)","Phase 2",,"Combined cycle","Pipeline Natural Gas",,,"Dry Low NOx Burners|Selective Catalytic Reduction",,,"2005-07-25","Operating",594,"M3 (55), M2 (42.2)"
"CA","Magnolia Power Project",56046,"1",,2022,"ARP","610038",9,"WECC","Los Angeles County","CA037","037","Electric Utility",34.1788,-118.3153,"Southern California Public Power Authority (Owner)|City of Burbank (Operator)","Phase 2",,"Combined cycle","Pipeline Natural Gas",,,"Dry Low NOx Burners|Selective Catalytic Reduction",,,"2005-09-09","Operating",2370,"2 (188.7), 1 (198.9)"
"CA","Magnolia Power Project",56046,"1",,2023,"ARP","610038",9,"WECC","Los Angeles County","CA037","037","Electric Utility",34.1788,-118.3153,"Southern California Public Power Authority (Owner)|City of Burbank (Operator)","Phase 2",,"Combined cycle","Pipeline Natural Gas",,,"Dry Low NOx Burners|Selective Catalytic Reduction",,,"2005-09-09","Operating",2370,"2 (188.7), 1 (198.9)"
"CA","Magnolia Power Project",56046,"1",,2024,"ARP","610038 (Ended Aug 20, 2024), 610276 (Started Aug 20, 2024)",9,"WECC","Los Angeles County","CA037","037","Electric Utility",34.1788,-118.3153,"Southern California Public Power Authority (Owner)|City of Burbank (Operator)","Phase 2",,"Combined cycle","Pipeline Natural Gas",,,"Dry Low NOx Burners|Selective Catalytic Reduction",,,"2005-09-09","Operating",2370,"2 (188.7), 1 (198.9)"
"CA","Magnolia Power Project",56046,"1",,2025,"ARP","610276",9,"WECC","Los Angeles County","CA037","037","Electric Utility",34.1788,-118.3153,"Southern California Public Power Authority (Owner)|City of Burbank (Operator)","Phase 2",,"Combined cycle","Pipeline Natural Gas",,,"Dry Low NOx Burners|Selective Catalytic Reduction",,,"2005-09-09","Operating",2370,"2 (188.7), 1 (198.9)"
"CA","Walnut Energy Center",56078,"1",,2022,"ARP","609358",9,"WECC","Stanislaus County","CA099","099","Electric Utility",37.4878,-120.8956,"Walnut Energy Center Authority (Owner)|Turlock Irrigation District (Operator)","Phase 2",,"Combined cycle","Pipeline Natural Gas",,,"Dry Low NOx Burners|Ammonia Injection|Selective Catalytic Reduction",,,"2005-11-21","Operating",1047,"1 (94.9), 3 (110.8)"
"CA","Walnut Energy Center",56078,"1",,2023,"ARP","609358",9,"WECC","Stanislaus County","CA099","099","Electric Utility",37.4878,-120.8956,"Walnut Energy Center Authority (Owner)|Turlock Irrigation District (Operator)","Phase 2",,"Combined cycle","Pipeline Natural Gas",,,"Dry Low NOx Burners|Ammonia Injection|Selective Catalytic Reduction",,,"2005-11-21","Operating",1047,"1 (94.9), 3 (110.8)"
"CA","Walnut Energy Center",56078,"1",,2024,"ARP","609358",9,"WECC","Stanislaus County","CA099","099","Electric Utility",37.4878,-120.8956,"Walnut Energy Center Authority (Owner)|Turlock Irrigation District (Operator)","Phase 2",,"Combined cycle","Pipeline Natural Gas",,,"Dry Low NOx Burners|Ammonia Injection|Selective Catalytic Reduction",,,"2005-11-21","Operating",1047,"1 (94.9), 3 (110.8)"
"CA","Walnut Energy Center",56078,"1",,2025,"ARP","609358",9,"WECC","Stanislaus County","CA099","099","Electric Utility",37.4878,-120.8956,"Walnut Energy Center Authority (Owner)|Turlock Irrigation District (Operator)","Phase 2",,"Combined cycle","Pipeline Natural Gas",,,"Dry Low NOx Burners|Ammonia Injection|Selective Catalytic Reduction",,,"2005-11-21","Operating",1047,"1 (94.9), 3 (110.8)"
"CA","Walnut Energy Center",56078,"2",,2022,"ARP","609358",9,"WECC","Stanislaus County","CA099","099","Electric Utility",37.4878,-120.8956,"Walnut Energy Center Authority (Owner)|Turlock Irrigation District (Operator)","Phase 2",,"Combined cycle","Pipeline Natural Gas",,,"Dry Low NOx Burners|Ammonia Injection|Selective Catalytic Reduction",,,"2005-10-25","Operating",1047,"2 (94.9), 3 (110.8)"
"CA","Walnut Energy Center",56078,"2",,2023,"ARP","609358",9,"WECC","Stanislaus County","CA099","099","Electric Utility",37.4878,-120.8956,"Walnut Energy Center Authority (Owner)|Turlock Irrigation District (Operator)","Phase 2",,"Combined cycle","Pipeline Natural Gas",,,"Dry Low NOx Burners|Ammonia Injection|Selective Catalytic Reduction",,,"2005-10-25","Operating",1047,"2 (94.9), 3 (110.8)"
"CA","Walnut Energy Center",56078,"2",,2024,"ARP","609358",9,"WECC","Stanislaus County","CA099","099","Electric Utility",37.4878,-120.8956,"Walnut Energy Center Authority (Owner)|Turlock Irrigation District (Operator)","Phase 2",,"Combined cycle","Pipeline Natural Gas",,,"Dry Low NOx Burners|Ammonia Injection|Selective Catalytic Reduction",,,"2005-10-25","Operating",1047,"2 (94.9), 3 (110.8)"
"CA","Walnut Energy Center",56078,"2",,2025,"ARP","609358",9,"WECC","Stanislaus County","CA099","099","Electric Utility",37.4878,-120.8956,"Walnut Energy Center Authority (Owner)|Turlock Irrigation District (Operator)","Phase 2",,"Combined cycle","Pipeline Natural Gas",,,"Dry Low NOx Burners|Ammonia Injection|Selective Catalytic Reduction",,,"2005-10-25","Operating",1047,"2 (94.9), 3 (110.8)"
"CA","Ripon Generation Station",56135,"1",,2022,"ARP","609951",9,,"Stanislaus County","CA099","099","Electric Utility",37.7315,-121.116,"Modesto Irrigation District (Owner)|Modesto Irrigation District (Operator)","Phase 2",,"Combustion turbine","Pipeline Natural Gas",,,"Water Injection|Selective Catalytic Reduction",,,"2006-06-21","Operating",505,"1 (60.35)"
"CA","Ripon Generation Station",56135,"1",,2023,"ARP","609951",9,,"Stanislaus County","CA099","099","Electric Utility",37.7315,-121.116,"Modesto Irrigation District (Owner)|Modesto Irrigation District (Operator)","Phase 2",,"Combustion turbine","Pipeline Natural Gas",,,"Water Injection|Selective Catalytic Reduction",,,"2006-06-21","Operating",525,"1 (60.35)"
"CA","Ripon Generation Station",56135,"1",,2024,"ARP","609951",9,,"Stanislaus County","CA099","099","Electric Utility",37.7315,-121.116,"Modesto Irrigation District (Owner)|Modesto Irrigation District (Operator)","Phase 2",,"Combustion turbine","Pipeline Natural Gas",,,"Water Injection|Selective Catalytic Reduction",,,"2006-06-21","Operating",525,"1 (60.35)"
"CA","Ripon Generation Station",56135,"1",,2025,"ARP","609951",9,,"Stanislaus County","CA099","099","Electric Utility",37.7315,-121.116,"Modesto Irrigation District (Owner)|Modesto Irrigation District (Operator)","Phase 2",,"Combustion turbine","Pipeline Natural Gas",,,"Water Injection|Selective Catalytic Reduction",,,"2006-06-21","Operating",525,"1 (60.35)"
"CA","Ripon Generation Station",56135,"2",,2022,"ARP","609951",9,,"Stanislaus County","CA099","099","Electric Utility",37.7315,-121.116,"Modesto Irrigation District (Owner)|Modesto Irrigation District (Operator)","Phase 2",,"Combustion turbine","Pipeline Natural Gas",,,"Water Injection|Selective Catalytic Reduction",,,"2006-06-21","Operating",500,"2 (60.35)"
"CA","Ripon Generation Station",56135,"2",,2023,"ARP","609951",9,,"Stanislaus County","CA099","099","Electric Utility",37.7315,-121.116,"Modesto Irrigation District (Owner)|Modesto Irrigation District (Operator)","Phase 2",,"Combustion turbine","Pipeline Natural Gas",,,"Water Injection|Selective Catalytic Reduction",,,"2006-06-21","Operating",525,"2 (60.35)"
"CA","Ripon Generation Station",56135,"2",,2024,"ARP","609951",9,,"Stanislaus County","CA099","099","Electric Utility",37.7315,-121.116,"Modesto Irrigation District (Owner)|Modesto Irrigation District (Operator)","Phase 2",,"Combustion turbine","Pipeline Natural Gas",,,"Water Injection|Selective Catalytic Reduction",,,"2006-06-21","Operating",525,"2 (60.35)"
"CA","Ripon Generation Station",56135,"2",,2025,"ARP","609951",9,,"Stanislaus County","CA099","099","Electric Utility",37.7315,-121.116,"Modesto Irrigation District (Owner)|Modesto Irrigation District (Operator)","Phase 2",,"Combustion turbine","Pipeline Natural Gas",,,"Water Injection|Selective Catalytic Reduction",,,"2006-06-21","Operating",525,"2 (60.35)"
"CA","Riverside Energy Resource Center",56143,"1",,2022,"ARP","602913",9,"WECC","Riverside County","CA065","065","Electric Utility",33.9636,-117.4528,"City of Riverside, CA (Owner)|City of Riverside, CA (Operator)","Phase 2",,"Combustion turbine","Pipeline Natural Gas",,,"Water Injection|Selective Catalytic Reduction",,,"2006-03-22","Operating",525,"1 (50)"
"CA","Riverside Energy Resource Center",56143,"1",,2023,"ARP","602913",9,"WECC","Riverside County","CA065","065","Electric Utility",33.9636,-117.4528,"City of Riverside, CA (Owner)|City of Riverside, CA (Operator)","Phase 2",,"Combustion turbine","Pipeline Natural Gas",,,"Water Injection|Selective Catalytic Reduction",,,"2006-03-22","Operating",525,"1 (50)"
"CA","Riverside Energy Resource Center",56143,"1",,2024,"ARP","602913",9,"WECC","Riverside County","CA065","065","Electric Utility",33.9636,-117.4528,"City of Riverside, CA (Owner)|City of Riverside, CA (Operator)","Phase 2",,"Combustion turbine","Pipeline Natural Gas",,,"Water Injection|Selective Catalytic Reduction",,,"2006-03-22","Operating",525,"1 (50)"
"CA","Riverside Energy Resource Center",56143,"1",,2025,"ARP","602913",9,"WECC","Riverside County","CA065","065","Electric Utility",33.9636,-117.4528,"City of Riverside, CA (Owner)|City of Riverside, CA (Operator)","Phase 2",,"Combustion turbine","Pipeline Natural Gas",,,"Water Injection|Selective Catalytic Reduction",,,"2006-03-22","Operating",525,"1 (50)"
"CA","Riverside Energy Resource Center",56143,"2",,2022,"ARP","602913",9,"WECC","Riverside County","CA065","065","Electric Utility",33.9636,-117.4528,"City of Riverside, CA (Owner)|City of Riverside, CA (Operator)","Phase 2",,"Combustion turbine","Pipeline Natural Gas",,,"Water Injection|Selective Catalytic Reduction",,,"2006-03-30","Operating",525,"2 (50)"
"CA","Riverside Energy Resource Center",56143,"2",,2023,"ARP","602913",9,"WECC","Riverside County","CA065","065","Electric Utility",33.9636,-117.4528,"City of Riverside, CA (Owner)|City of Riverside, CA (Operator)","Phase 2",,"Combustion turbine","Pipeline Natural Gas",,,"Water Injection|Selective Catalytic Reduction",,,"2006-03-30","Operating",525,"2 (50)"
"CA","Riverside Energy Resource Center",56143,"2",,2024,"ARP","602913",9,"WECC","Riverside County","CA065","065","Electric Utility",33.9636,-117.4528,"City of Riverside, CA (Owner)|City of Riverside, CA (Operator)","Phase 2",,"Combustion turbine","Pipeline Natural Gas",,,"Water Injection|Selective Catalytic Reduction",,,"2006-03-30","Operating",525,"2 (50)"
"CA","Riverside Energy Resource Center",56143,"2",,2025,"ARP","602913",9,"WECC","Riverside County","CA065","065","Electric Utility",33.9636,-117.4528,"City of Riverside, CA (Owner)|City of Riverside, CA (Operator)","Phase 2",,"Combustion turbine","Pipeline Natural Gas",,,"Water Injection|Selective Catalytic Reduction",,,"2006-03-30","Operating",525,"2 (50)"
"CA","Riverside Energy Resource Center",56143,"3",,2022,"ARP","602913",9,"WECC","Riverside County","CA065","065","Electric Utility",33.9636,-117.4528,"City of Riverside, CA (Owner)|City of Riverside, CA (Operator)","Phase 2",,"Combustion turbine","Pipeline Natural Gas",,,"Water Injection|Selective Catalytic Reduction",,,"2011-01-29","Operating",525,"3 (50)"
"CA","Riverside Energy Resource Center",56143,"3",,2023,"ARP","602913",9,"WECC","Riverside County","CA065","065","Electric Utility",33.9636,-117.4528,"City of Riverside, CA (Owner)|City of Riverside, CA (Operator)","Phase 2",,"Combustion turbine","Pipeline Natural Gas",,,"Water Injection|Selective Catalytic Reduction",,,"2011-01-29","Operating",525,"3 (50)"
"CA","Riverside Energy Resource Center",56143,"3",,2024,"ARP","602913",9,"WECC","Riverside County","CA065","065","Electric Utility",33.9636,-117.4528,"City of Riverside, CA (Owner)|City of Riverside, CA (Operator)","Phase 2",,"Combustion turbine","Pipeline Natural Gas",,,"Water Injection|Selective Catalytic Reduction",,,"2011-01-29","Operating",525,"3 (50)"
"CA","Riverside Energy Resource Center",56143,"3",,2025,"ARP","602913",9,"WECC","Riverside County","CA065","065","Electric Utility",33.9636,-117.4528,"City of Riverside, CA (Owner)|City of Riverside, CA (Operator)","Phase 2",,"Combustion turbine","Pipeline Natural Gas",,,"Water Injection|Selective Catalytic Reduction",,,"2011-01-29","Operating",525,"3 (50)"
"CA","Riverside Energy Resource Center",56143,"4",,2022,"ARP","602913",9,"WECC","Riverside County","CA065","065","Electric Utility",33.9636,-117.4528,"City of Riverside, CA (Owner)|City of Riverside, CA (Operator)","Phase 2",,"Combustion turbine","Pipeline Natural Gas",,,"Water Injection|Selective Catalytic Reduction",,,"2010-10-29","Operating",525,"4 (50)"
"CA","Riverside Energy Resource Center",56143,"4",,2023,"ARP","602913",9,"WECC","Riverside County","CA065","065","Electric Utility",33.9636,-117.4528,"City of Riverside, CA (Owner)|City of Riverside, CA (Operator)","Phase 2",,"Combustion turbine","Pipeline Natural Gas",,,"Water Injection|Selective Catalytic Reduction",,,"2010-10-29","Operating",525,"4 (50)"
"CA","Riverside Energy Resource Center",56143,"4",,2024,"ARP","602913",9,"WECC","Riverside County","CA065","065","Electric Utility",33.9636,-117.4528,"City of Riverside, CA (Owner)|City of Riverside, CA (Operator)","Phase 2",,"Combustion turbine","Pipeline Natural Gas",,,"Water Injection|Selective Catalytic Reduction",,,"2010-10-29","Operating",525,"4 (50)"
"CA","Riverside Energy Resource Center",56143,"4",,2025,"ARP","602913",9,"WECC","Riverside County","CA065","065","Electric Utility",33.9636,-117.4528,"City of Riverside, CA (Owner)|City of Riverside, CA (Operator)","Phase 2",,"Combustion turbine","Pipeline Natural Gas",,,"Water Injection|Selective Catalytic Reduction",,,"2010-10-29","Operating",525,"4 (50)"
"CA","Miramar Energy Facility",56232,"1",,2022,"ARP","607107",9,"WECC","San Diego County","CA073","073","Electric Utility",32.8769,-117.1664,"San Diego Gas and Electric Company (Owner)|San Diego Gas and Electric Company (Operator)","Phase 2",,"Combustion turbine","Pipeline Natural Gas",,,"Water Injection|Selective Catalytic Reduction",,,"2005-05-16","Operating",500,"1 (53)"
"CA","Miramar Energy Facility",56232,"1",,2023,"ARP","607107 (Ended Mar 01, 2023), 607385 (Started Mar 01, 2023)",9,"WECC","San Diego County","CA073","073","Electric Utility",32.8769,-117.1664,"San Diego Gas and Electric Company (Owner)|San Diego Gas and Electric Company (Operator)","Phase 2",,"Combustion turbine","Pipeline Natural Gas",,,"Water Injection|Selective Catalytic Reduction",,,"2005-05-16","Operating",500,"1 (53)"
"CA","Miramar Energy Facility",56232,"1",,2024,"ARP","607385",9,"WECC","San Diego County","CA073","073","Electric Utility",32.8769,-117.1664,"San Diego Gas and Electric Company (Owner)|San Diego Gas and Electric Company (Operator)","Phase 2",,"Combustion turbine","Pipeline Natural Gas",,,"Water Injection|Selective Catalytic Reduction",,,"2005-05-16","Operating",500,"1 (53)"
"CA","Miramar Energy Facility",56232,"1",,2025,"ARP","607385",9,"WECC","San Diego County","CA073","073","Electric Utility",32.8769,-117.1664,"San Diego Gas and Electric Company (Owner)|San Diego Gas and Electric Company (Operator)","Phase 2",,"Combustion turbine","Pipeline Natural Gas",,,"Water Injection|Selective Catalytic Reduction",,,"2005-05-16","Operating",500,"1 (53)"
"CA","Miramar Energy Facility",56232,"2",,2022,"ARP","607107",9,"WECC","San Diego County","CA073","073","Electric Utility",32.8769,-117.1664,"San Diego Gas and Electric Company (Owner)|San Diego Gas and Electric Company (Operator)","Phase 2",,"Combustion turbine","Pipeline Natural Gas",,,"Water Injection|Selective Catalytic Reduction",,,"2009-05-16","Operating",490,"2 (53)"
"CA","Miramar Energy Facility",56232,"2",,2023,"ARP","607107 (Ended Mar 01, 2023), 607385 (Started Mar 01, 2023)",9,"WECC","San Diego County","CA073","073","Electric Utility",32.8769,-117.1664,"San Diego Gas and Electric Company (Owner)|San Diego Gas and Electric Company (Operator)","Phase 2",,"Combustion turbine","Pipeline Natural Gas",,,"Water Injection|Selective Catalytic Reduction",,,"2009-05-16","Operating",490,"2 (53)"
"CA","Miramar Energy Facility",56232,"2",,2024,"ARP","607385",9,"WECC","San Diego County","CA073","073","Electric Utility",32.8769,-117.1664,"San Diego Gas and Electric Company (Owner)|San Diego Gas and Electric Company (Operator)","Phase 2",,"Combustion turbine","Pipeline Natural Gas",,,"Water Injection|Selective Catalytic Reduction",,,"2009-05-16","Operating",490,"2 (53)"
"CA","Miramar Energy Facility",56232,"2",,2025,"ARP","607385",9,"WECC","San Diego County","CA073","073","Electric Utility",32.8769,-117.1664,"San Diego Gas and Electric Company (Owner)|San Diego Gas and Electric Company (Operator)","Phase 2",,"Combustion turbine","Pipeline Natural Gas",,,"Water Injection|Selective Catalytic Reduction",,,"2009-05-16","Operating",490,"2 (53)"
"CA","Malaga Power",56239,"GT-1",,2022,"ARP","609325",9,"WECC","Fresno County","CA019","019","Electric Utility",36.6894,-119.7399,"Malaga Power, LLC (Owner)|Malaga Power, LLC (Operator)","Phase 2",,"Combustion turbine","Pipeline Natural Gas",,,"Selective Catalytic Reduction",,,"2005-06-01","Operating",490,"GT-1 (60.5)"
"CA","Malaga Power",56239,"GT-1",,2023,"ARP","609325",9,"WECC","Fresno County","CA019","019","Electric Utility",36.6894,-119.7399,"Malaga Power, LLC (Owner)|Malaga Power, LLC (Operator)","Phase 2",,"Combustion turbine","Pipeline Natural Gas",,,"Selective Catalytic Reduction",,,"2005-06-01","Operating",490,"GT-1 (60.5)"
"CA","Malaga Power",56239,"GT-1",,2024,"ARP","609325",9,"WECC","Fresno County","CA019","019","Electric Utility",36.6894,-119.7399,"Malaga Power, LLC (Owner)|Malaga Power, LLC (Operator)","Phase 2",,"Combustion turbine","Pipeline Natural Gas",,,"Selective Catalytic Reduction",,,"2005-06-01","Operating",490,"GT-1 (60.5)"
"CA","Malaga Power",56239,"GT-1",,2025,"ARP","609325",9,"WECC","Fresno County","CA019","019","Electric Utility",36.6894,-119.7399,"Malaga Power, LLC (Owner)|Malaga Power, LLC (Operator)","Phase 2",,"Combustion turbine","Pipeline Natural Gas",,,"Selective Catalytic Reduction",,,"2005-06-01","Operating",490,"GT-1 (60.5)"
"CA","Malaga Power",56239,"GT-2",,2022,"ARP","609325",9,"WECC","Fresno County","CA019","019","Electric Utility",36.6894,-119.7399,"Malaga Power, LLC (Owner)|Malaga Power, LLC (Operator)","Phase 2",,"Combustion turbine","Pipeline Natural Gas",,,"Selective Catalytic Reduction",,,"2005-06-01","Operating",480,"GT-2 (60.5)"
"CA","Malaga Power",56239,"GT-2",,2023,"ARP","609325",9,"WECC","Fresno County","CA019","019","Electric Utility",36.6894,-119.7399,"Malaga Power, LLC (Owner)|Malaga Power, LLC (Operator)","Phase 2",,"Combustion turbine","Pipeline Natural Gas",,,"Selective Catalytic Reduction",,,"2005-06-01","Operating",480,"GT-2 (60.5)"
"CA","Malaga Power",56239,"GT-2",,2024,"ARP","609325",9,"WECC","Fresno County","CA019","019","Electric Utility",36.6894,-119.7399,"Malaga Power, LLC (Owner)|Malaga Power, LLC (Operator)","Phase 2",,"Combustion turbine","Pipeline Natural Gas",,,"Selective Catalytic Reduction",,,"2005-06-01","Operating",480,"GT-2 (60.5)"
"CA","Malaga Power",56239,"GT-2",,2025,"ARP","609325",9,"WECC","Fresno County","CA019","019","Electric Utility",36.6894,-119.7399,"Malaga Power, LLC (Owner)|Malaga Power, LLC (Operator)","Phase 2",,"Combustion turbine","Pipeline Natural Gas",,,"Selective Catalytic Reduction",,,"2005-06-01","Operating",480,"GT-2 (60.5)"
"CA","Roseville Energy Park",56298,"CT001",,2022,"ARP","604867",9,"WECC","Placer County","CA061","061","Electric Utility",38.7926,-121.3823,"City of Roseville, CA (Owner)|City of Roseville, CA (Operator)","Phase 2",,"Combined cycle","Pipeline Natural Gas",,,"Dry Low NOx Burners|Selective Catalytic Reduction",,,"2007-06-13","Operating",705.3,"0001 (42), 0003 (80)"
"CA","Roseville Energy Park",56298,"CT001",,2023,"ARP","604867",9,"WECC","Placer County","CA061","061","Electric Utility",38.7926,-121.3823,"City of Roseville, CA (Owner)|City of Roseville, CA (Operator)","Phase 2",,"Combined cycle","Pipeline Natural Gas",,,"Dry Low NOx Burners|Selective Catalytic Reduction",,,"2007-06-13","Operating",705.3,"0001 (42), 0003 (80)"
"CA","Roseville Energy Park",56298,"CT001",,2024,"ARP","604867",9,"WECC","Placer County","CA061","061","Electric Utility",38.7926,-121.3823,"City of Roseville, CA (Owner)|City of Roseville, CA (Operator)","Phase 2",,"Combined cycle","Pipeline Natural Gas",,,"Dry Low NOx Burners|Selective Catalytic Reduction",,,"2007-06-13","Operating",705.3,"0001 (42), 0003 (80)"
"CA","Roseville Energy Park",56298,"CT001",,2025,"ARP","604867",9,"WECC","Placer County","CA061","061","Electric Utility",38.7926,-121.3823,"City of Roseville, CA (Owner)|City of Roseville, CA (Operator)","Phase 2",,"Combined cycle","Pipeline Natural Gas",,,"Dry Low NOx Burners|Selective Catalytic Reduction",,,"2007-06-13","Operating",705.3,"0001 (42), 0003 (80)"
"CA","Roseville Energy Park",56298,"CT002",,2022,"ARP","604867",9,"WECC","Placer County","CA061","061","Electric Utility",38.7926,-121.3823,"City of Roseville, CA (Owner)|City of Roseville, CA (Operator)","Phase 2",,"Combined cycle","Pipeline Natural Gas",,,"Dry Low NOx Burners|Selective Catalytic Reduction",,,"2007-06-20","Operating",705.3,"0002 (42), 0003 (80)"
"CA","Roseville Energy Park",56298,"CT002",,2023,"ARP","604867",9,"WECC","Placer County","CA061","061","Electric Utility",38.7926,-121.3823,"City of Roseville, CA (Owner)|City of Roseville, CA (Operator)","Phase 2",,"Combined cycle","Pipeline Natural Gas",,,"Dry Low NOx Burners|Selective Catalytic Reduction",,,"2007-06-20","Operating",705.3,"0002 (42), 0003 (80)"
"CA","Roseville Energy Park",56298,"CT002",,2024,"ARP","604867",9,"WECC","Placer County","CA061","061","Electric Utility",38.7926,-121.3823,"City of Roseville, CA (Owner)|City of Roseville, CA (Operator)","Phase 2",,"Combined cycle","Pipeline Natural Gas",,,"Dry Low NOx Burners|Selective Catalytic Reduction",,,"2007-06-20","Operating",705.3,"0002 (42), 0003 (80)"
"CA","Roseville Energy Park",56298,"CT002",,2025,"ARP","604867",9,"WECC","Placer County","CA061","061","Electric Utility",38.7926,-121.3823,"City of Roseville, CA (Owner)|City of Roseville, CA (Operator)","Phase 2",,"Combined cycle","Pipeline Natural Gas",,,"Dry Low NOx Burners|Selective Catalytic Reduction",,,"2007-06-20","Operating",705.3,"0002 (42), 0003 (80)"
"CA","Roseville Energy Park",56298,"CT005",,2022,"ARP","604867",9,"WECC","Placer County","CA061","061","Electric Utility",38.7926,-121.3823,"California Department of Power and Water (Owner) (Started Jan 27, 2022)|City of Roseville, CA (Operator) (Started Jan 27, 2022)","Phase 2",,"Combustion turbine (Started Jul 01, 2022)","Pipeline Natural Gas",,,"Water Injection (Began Jun 18, 2022)|Selective Catalytic Reduction (Began Jun 18, 2022)",,,"2022-07-01","Operating (Started 07/01/2022)",366.1,"0004 (30)"
"CA","Roseville Energy Park",56298,"CT005",,2023,"ARP","604867",9,"WECC","Placer County","CA061","061","Electric Utility",38.7926,-121.3823,"California Department of Power and Water (Owner)|City of Roseville, CA (Operator)","Phase 2",,"Combustion turbine","Pipeline Natural Gas",,,"Water Injection|Selective Catalytic Reduction",,,"2022-07-01","Operating",366.1,"0004 (30)"
"CA","Roseville Energy Park",56298,"CT005",,2024,"ARP","604867",9,"WECC","Placer County","CA061","061","Electric Utility",38.7926,-121.3823,"California Department of Power and Water (Owner)|City of Roseville, CA (Operator)","Phase 2",,"Combustion turbine","Pipeline Natural Gas",,,"Water Injection|Selective Catalytic Reduction",,,"2022-07-01","Operating",366.1,"0004 (30)"
"CA","Roseville Energy Park",56298,"CT005",,2025,"ARP","604867",9,"WECC","Placer County","CA061","061","Electric Utility",38.7926,-121.3823,"California Department of Power and Water (Owner)|City of Roseville, CA (Operator)","Phase 2",,"Combustion turbine","Pipeline Natural Gas",,,"Water Injection|Selective Catalytic Reduction",,,"2022-07-01","Operating",366.1,"0004 (30)"
"CA","Roseville Energy Park",56298,"CT006",,2022,"ARP","604867",9,"WECC","Placer County","CA061","061","Electric Utility",38.7926,-121.3823,"California Department of Power and Water (Owner) (Started Jan 27, 2022)|City of Roseville, CA (Operator) (Started Jan 27, 2022)","Phase 2",,"Combustion turbine (Started Jul 02, 2022)","Pipeline Natural Gas",,,"Water Injection (Began Jun 18, 2022)|Selective Catalytic Reduction (Began Jun 18, 2022)",,,"2022-07-02","Operating (Started 07/02/2022)",366.1,"0005 (30)"
"CA","Roseville Energy Park",56298,"CT006",,2023,"ARP","604867",9,"WECC","Placer County","CA061","061","Electric Utility",38.7926,-121.3823,"California Department of Power and Water (Owner)|City of Roseville, CA (Operator)","Phase 2",,"Combustion turbine","Pipeline Natural Gas",,,"Water Injection|Selective Catalytic Reduction",,,"2022-07-02","Operating",366.1,"0005 (30)"
"CA","Roseville Energy Park",56298,"CT006",,2024,"ARP","604867",9,"WECC","Placer County","CA061","061","Electric Utility",38.7926,-121.3823,"California Department of Power and Water (Owner)|City of Roseville, CA (Operator)","Phase 2",,"Combustion turbine","Pipeline Natural Gas",,,"Water Injection|Selective Catalytic Reduction",,,"2022-07-02","Operating",366.1,"0005 (30)"
"CA","Roseville Energy Park",56298,"CT006",,2025,"ARP","604867",9,"WECC","Placer County","CA061","061","Electric Utility",38.7926,-121.3823,"California Department of Power and Water (Owner)|City of Roseville, CA (Operator)","Phase 2",,"Combustion turbine","Pipeline Natural Gas",,,"Water Injection|Selective Catalytic Reduction",,,"2022-07-02","Operating",366.1,"0005 (30)"
"CA","Russell City Energy Company LLC",56467,"CT1",,2022,"ARP","609133 (Ended Mar 07, 2022), 607011 (Started Mar 07, 2022)",9,,"Alameda County","CA001","001","Electric Utility",37.6341,-122.1326,"Russell City Energy Center, LLC (Owner)|Russell City Energy Center, LLC (Operator)","Phase 2",,"Combined cycle","Pipeline Natural Gas",,,"Dry Low NOx Burners|Selective Catalytic Reduction",,,"2013-07-20","Operating",2238.6,"STG1 (255), CTG1 (200)"
"CA","Russell City Energy Company LLC",56467,"CT1",,2023,"ARP","607011",9,,"Alameda County","CA001","001","Electric Utility",37.6341,-122.1326,"Russell City Energy Center, LLC (Owner)|Russell City Energy Center, LLC (Operator)","Phase 2",,"Combined cycle","Pipeline Natural Gas",,,"Dry Low NOx Burners|Selective Catalytic Reduction",,,"2013-07-20","Operating",2238.6,"STG1 (255), CTG1 (200)"
"CA","Russell City Energy Company LLC",56467,"CT1",,2024,"ARP","607011",9,,"Alameda County","CA001","001","Electric Utility",37.6341,-122.1326,"Russell City Energy Center, LLC (Owner)|Russell City Energy Center, LLC (Operator)","Phase 2",,"Combined cycle","Pipeline Natural Gas",,,"Dry Low NOx Burners|Selective Catalytic Reduction",,,"2013-07-20","Operating",2238.6,"STG1 (255), CTG1 (200)"
"CA","Russell City Energy Company LLC",56467,"CT1",,2025,"ARP","607011",9,,"Alameda County","CA001","001","Electric Utility",37.6341,-122.1326,"Russell City Energy Center, LLC (Owner)|Russell City Energy Center, LLC (Operator)","Phase 2",,"Combined cycle","Pipeline Natural Gas",,,"Dry Low NOx Burners|Selective Catalytic Reduction",,,"2013-07-20","Operating",2238.6,"STG1 (255), CTG1 (200)"
"CA","Russell City Energy Company LLC",56467,"CT2",,2022,"ARP","609133 (Ended Mar 07, 2022), 607011 (Started Mar 07, 2022)",9,,"Alameda County","CA001","001","Electric Utility",37.6341,-122.1326,"Russell City Energy Center, LLC (Owner)|Russell City Energy Center, LLC (Operator)","Phase 2",,"Combined cycle","Pipeline Natural Gas",,,"Dry Low NOx Burners|Selective Catalytic Reduction",,,"2013-07-20","Operating",2238.6,"CTG2 (200), STG1 (255)"
"CA","Russell City Energy Company LLC",56467,"CT2",,2023,"ARP","607011",9,,"Alameda County","CA001","001","Electric Utility",37.6341,-122.1326,"Russell City Energy Center, LLC (Owner)|Russell City Energy Center, LLC (Operator)","Phase 2",,"Combined cycle","Pipeline Natural Gas",,,"Dry Low NOx Burners|Selective Catalytic Reduction",,,"2013-07-20","Operating",2238.6,"CTG2 (200), STG1 (255)"
"CA","Russell City Energy Company LLC",56467,"CT2",,2024,"ARP","607011",9,,"Alameda County","CA001","001","Electric Utility",37.6341,-122.1326,"Russell City Energy Center, LLC (Owner)|Russell City Energy Center, LLC (Operator)","Phase 2",,"Combined cycle","Pipeline Natural Gas",,,"Dry Low NOx Burners|Selective Catalytic Reduction",,,"2013-07-20","Operating",2238.6,"CTG2 (200), STG1 (255)"
"CA","Russell City Energy Company LLC",56467,"CT2",,2025,"ARP","607011",9,,"Alameda County","CA001","001","Electric Utility",37.6341,-122.1326,"Russell City Energy Center, LLC (Owner)|Russell City Energy Center, LLC (Operator)","Phase 2",,"Combined cycle","Pipeline Natural Gas",,,"Dry Low NOx Burners|Selective Catalytic Reduction",,,"2013-07-20","Operating",2238.6,"CTG2 (200), STG1 (255)"
"CA","McGrath Generating Station",56471,"CT1",,2022,"ARP","608836",9,,"Ventura County","CA111","111","Electric Utility",34.2054,-119.2478,"Southern California Edison Company (Owner)|Southern California Edison Company (Operator)","Phase 2",,"Combustion turbine","Pipeline Natural Gas",,,"Water Injection|Ammonia Injection|Selective Catalytic Reduction",,,"2012-11-01","Operating",640,"GEN1 (49.9)"
"CA","McGrath Generating Station",56471,"CT1",,2023,"ARP","608836",9,,"Ventura County","CA111","111","Electric Utility",34.2054,-119.2478,"Southern California Edison Company (Owner)|Southern California Edison Company (Operator)","Phase 2",,"Combustion turbine","Pipeline Natural Gas",,,"Water Injection|Ammonia Injection|Selective Catalytic Reduction",,,"2012-11-01","Operating",640,"GEN1 (49.9)"
"CA","McGrath Generating Station",56471,"CT1",,2024,"ARP","608836",9,,"Ventura County","CA111","111","Electric Utility",34.2054,-119.2478,"Southern California Edison Company (Owner)|Southern California Edison Company (Operator)","Phase 2",,"Combustion turbine","Pipeline Natural Gas",,,"Water Injection|Ammonia Injection|Selective Catalytic Reduction",,,"2012-11-01","Operating",640,"GEN1 (49.9)"
"CA","McGrath Generating Station",56471,"CT1",,2025,"ARP","608836 (Ended Mar 06, 2025), 611224 (Started Mar 06, 2025)",9,,"Ventura County","CA111","111","Electric Utility",34.2054,-119.2478,"Southern California Edison Company (Owner)|Southern California Edison Company (Operator)","Phase 2",,"Combustion turbine","Pipeline Natural Gas",,,"Water Injection|Ammonia Injection|Selective Catalytic Reduction",,,"2012-11-01","Operating",640,"GEN1 (49.9)"
"CA","Grapeland Generating Station",56472,"CT1",,2022,"ARP","607649",9,,"San Bernardino County","CA071","071","Electric Utility",34.09,-117.534,"Southern California Edison Company (Owner)|Southern California Edison Company (Operator)","Phase 2",,"Combustion turbine","Pipeline Natural Gas",,,"Water Injection|Ammonia Injection|Selective Catalytic Reduction",,,"2007-09-17","Operating",505.7,"1 (49.9)"
"CA","Grapeland Generating Station",56472,"CT1",,2023,"ARP","607649",9,,"San Bernardino County","CA071","071","Electric Utility",34.09,-117.534,"Southern California Edison Company (Owner)|Southern California Edison Company (Operator)","Phase 2",,"Combustion turbine","Pipeline Natural Gas",,,"Water Injection|Ammonia Injection|Selective Catalytic Reduction",,,"2007-09-17","Operating",505.7,"1 (49.9)"
"CA","Grapeland Generating Station",56472,"CT1",,2024,"ARP","607649",9,,"San Bernardino County","CA071","071","Electric Utility",34.09,-117.534,"Southern California Edison Company (Owner)|Southern California Edison Company (Operator)","Phase 2",,"Combustion turbine","Pipeline Natural Gas",,,"Water Injection|Ammonia Injection|Selective Catalytic Reduction",,,"2007-09-17","Operating",505.7,"1 (49.9)"
"CA","Grapeland Generating Station",56472,"CT1",,2025,"ARP","607649 (Ended Mar 06, 2025), 611224 (Started Mar 06, 2025)",9,,"San Bernardino County","CA071","071","Electric Utility",34.09,-117.534,"Southern California Edison Company (Owner)|Southern California Edison Company (Operator)","Phase 2",,"Combustion turbine","Pipeline Natural Gas",,,"Water Injection|Ammonia Injection|Selective Catalytic Reduction",,,"2007-09-17","Operating",505.7,"1 (49.9)"
"CA","Mira Loma Generating Station",56473,"CT1",,2022,"ARP","607649",9,,"San Bernardino County","CA071","071","Electric Utility",34.0054,-117.5604,"Southern California Edison Company (Owner)|Southern California Edison Company (Operator)","Phase 2",,"Combustion turbine","Pipeline Natural Gas",,,"Water Injection|Ammonia Injection|Selective Catalytic Reduction",,,"2007-09-17","Operating",511.5,"1 (49.9)"
"CA","Mira Loma Generating Station",56473,"CT1",,2023,"ARP","607649",9,,"San Bernardino County","CA071","071","Electric Utility",34.0054,-117.5604,"Southern California Edison Company (Owner)|Southern California Edison Company (Operator)","Phase 2",,"Combustion turbine","Pipeline Natural Gas",,,"Water Injection|Ammonia Injection|Selective Catalytic Reduction",,,"2007-09-17","Operating",511.5,"1 (49.9)"
"CA","Mira Loma Generating Station",56473,"CT1",,2024,"ARP","607649",9,,"San Bernardino County","CA071","071","Electric Utility",34.0054,-117.5604,"Southern California Edison Company (Owner)|Southern California Edison Company (Operator)","Phase 2",,"Combustion turbine","Pipeline Natural Gas",,,"Water Injection|Ammonia Injection|Selective Catalytic Reduction",,,"2007-09-17","Operating",511.5,"1 (49.9)"
"CA","Mira Loma Generating Station",56473,"CT1",,2025,"ARP","607649 (Ended Mar 06, 2025), 611224 (Started Mar 06, 2025)",9,,"San Bernardino County","CA071","071","Electric Utility",34.0054,-117.5604,"Southern California Edison Company (Owner)|Southern California Edison Company (Operator)","Phase 2",,"Combustion turbine","Pipeline Natural Gas",,,"Water Injection|Ammonia Injection|Selective Catalytic Reduction",,,"2007-09-17","Operating",511.5,"1 (49.9)"
"CA","Barre Generating Station",56474,"CT1",,2022,"ARP","607649",9,,"Orange County","CA059","059","Electric Utility",33.8073,-117.9833,"Southern California Edison Company (Owner)|Southern California Edison Company (Operator)","Phase 2",,"Combustion turbine","Pipeline Natural Gas",,,"Water Injection|Ammonia Injection|Selective Catalytic Reduction",,,"2007-09-17","Operating",522,"GEN1 (49.9)"
"CA","Barre Generating Station",56474,"CT1",,2023,"ARP","607649",9,,"Orange County","CA059","059","Electric Utility",33.8073,-117.9833,"Southern California Edison Company (Owner)|Southern California Edison Company (Operator)","Phase 2",,"Combustion turbine","Pipeline Natural Gas",,,"Water Injection|Ammonia Injection|Selective Catalytic Reduction",,,"2007-09-17","Operating",522,"GEN1 (49.9)"
"CA","Barre Generating Station",56474,"CT1",,2024,"ARP","607649",9,,"Orange County","CA059","059","Electric Utility",33.8073,-117.9833,"Southern California Edison Company (Owner)|Southern California Edison Company (Operator)","Phase 2",,"Combustion turbine","Pipeline Natural Gas",,,"Water Injection|Ammonia Injection|Selective Catalytic Reduction",,,"2007-09-17","Operating",522,"GEN1 (49.9)"
"CA","Barre Generating Station",56474,"CT1",,2025,"ARP","607649 (Ended Mar 06, 2025), 611224 (Started Mar 06, 2025)",9,,"Orange County","CA059","059","Electric Utility",33.8073,-117.9833,"Southern California Edison Company (Owner)|Southern California Edison Company (Operator)","Phase 2",,"Combustion turbine","Pipeline Natural Gas",,,"Water Injection|Ammonia Injection|Selective Catalytic Reduction",,,"2007-09-17","Operating",522,"GEN1 (49.9)"
"CA","Center Generating Station",56475,"CT1",,2022,"ARP","607649",9,,"Los Angeles County","CA037","037","Electric Utility",33.9297,-118.1047,"Southern California Edison Company (Owner)|Southern California Edison Company (Operator)","Phase 2",,"Combustion turbine","Pipeline Natural Gas",,,"Water Injection|Ammonia Injection|Selective Catalytic Reduction",,,"2007-09-17","Operating",505,"1 (49.9)"
"CA","Center Generating Station",56475,"CT1",,2023,"ARP","607649",9,,"Los Angeles County","CA037","037","Electric Utility",33.9297,-118.1047,"Southern California Edison Company (Owner)|Southern California Edison Company (Operator)","Phase 2",,"Combustion turbine","Pipeline Natural Gas",,,"Water Injection|Ammonia Injection|Selective Catalytic Reduction",,,"2007-09-17","Operating",505,"1 (49.9)"
"CA","Center Generating Station",56475,"CT1",,2024,"ARP","607649",9,,"Los Angeles County","CA037","037","Electric Utility",33.9297,-118.1047,"Southern California Edison Company (Owner)|Southern California Edison Company (Operator)","Phase 2",,"Combustion turbine","Pipeline Natural Gas",,,"Water Injection|Ammonia Injection|Selective Catalytic Reduction",,,"2007-09-17","Operating",505,"1 (49.9)"
"CA","Center Generating Station",56475,"CT1",,2025,"ARP","607649 (Ended Mar 06, 2025), 611224 (Started Mar 06, 2025)",9,,"Los Angeles County","CA037","037","Electric Utility",33.9297,-118.1047,"Southern California Edison Company (Owner)|Southern California Edison Company (Operator)","Phase 2",,"Combustion turbine","Pipeline Natural Gas",,,"Water Injection|Ammonia Injection|Selective Catalytic Reduction",,,"2007-09-17","Operating",505,"1 (49.9)"
"CA","Gateway Generating Station",56476,"GT1",,2022,"ARP","2875",9,,"Contra Costa County","CA013","013","Electric Utility",38.0167,-121.7592,"Pacific Gas and Electric Company (Owner)|Pacific Gas and Electric Company (Operator)","Phase 2",,"Combined cycle","Pipeline Natural Gas",,,"Dry Low NOx Burners|Selective Catalytic Reduction",,,"2008-11-11","Operating",2227,"C (213.3), A (203.2)"
"CA","Gateway Generating Station",56476,"GT1",,2023,"ARP","2875",9,,"Contra Costa County","CA013","013","Electric Utility",38.0167,-121.7592,"Pacific Gas and Electric Company (Owner)|Pacific Gas and Electric Company (Operator)","Phase 2",,"Combined cycle","Pipeline Natural Gas",,,"Dry Low NOx Burners|Selective Catalytic Reduction",,,"2008-11-11","Operating",2227,"C (213.3), A (203.2)"
"CA","Gateway Generating Station",56476,"GT1",,2024,"ARP","2875",9,,"Contra Costa County","CA013","013","Electric Utility",38.0167,-121.7592,"Pacific Gas and Electric Company (Owner)|Pacific Gas and Electric Company (Operator)","Phase 2",,"Combined cycle","Pipeline Natural Gas",,,"Dry Low NOx Burners|Selective Catalytic Reduction",,,"2008-11-11","Operating",2227,"C (213.3), A (203.2)"
"CA","Gateway Generating Station",56476,"GT1",,2025,"ARP","2875 (Ended Jul 10, 2025), 3075 (Started Jul 10, 2025)",9,,"Contra Costa County","CA013","013","Electric Utility",38.0167,-121.7592,"Pacific Gas and Electric Company (Owner)|Pacific Gas and Electric Company (Operator)","Phase 2",,"Combined cycle","Pipeline Natural Gas",,,"Dry Low NOx Burners|Selective Catalytic Reduction",,,"2008-11-11","Operating",2227,"C (213.3), A (203.2)"
"CA","Gateway Generating Station",56476,"GT2",,2022,"ARP","2875",9,,"Contra Costa County","CA013","013","Electric Utility",38.0167,-121.7592,"Pacific Gas and Electric Company (Owner)|Pacific Gas and Electric Company (Operator)","Phase 2",,"Combined cycle","Pipeline Natural Gas",,,"Dry Low NOx Burners|Selective Catalytic Reduction",,,"2008-11-10","Operating",2227,"C (213.3), B (203.2)"
"CA","Gateway Generating Station",56476,"GT2",,2023,"ARP","2875",9,,"Contra Costa County","CA013","013","Electric Utility",38.0167,-121.7592,"Pacific Gas and Electric Company (Owner)|Pacific Gas and Electric Company (Operator)","Phase 2",,"Combined cycle","Pipeline Natural Gas",,,"Dry Low NOx Burners|Selective Catalytic Reduction",,,"2008-11-10","Operating",2227,"C (213.3), B (203.2)"
"CA","Gateway Generating Station",56476,"GT2",,2024,"ARP","2875",9,,"Contra Costa County","CA013","013","Electric Utility",38.0167,-121.7592,"Pacific Gas and Electric Company (Owner)|Pacific Gas and Electric Company (Operator)","Phase 2",,"Combined cycle","Pipeline Natural Gas",,,"Dry Low NOx Burners|Selective Catalytic Reduction",,,"2008-11-10","Operating",2227,"C (213.3), B (203.2)"
"CA","Gateway Generating Station",56476,"GT2",,2025,"ARP","2875 (Ended Jul 10, 2025), 3075 (Started Jul 10, 2025)",9,,"Contra Costa County","CA013","013","Electric Utility",38.0167,-121.7592,"Pacific Gas and Electric Company (Owner)|Pacific Gas and Electric Company (Operator)","Phase 2",,"Combined cycle","Pipeline Natural Gas",,,"Dry Low NOx Burners|Selective Catalytic Reduction",,,"2008-11-10","Operating",2227,"C (213.3), B (203.2)"
"CA","Colusa Generating Station",56532,"CT1",,2022,"ARP","2875",9,,"Colusa County","CA011","011","Electric Utility",39.3648,-122.268,"Pacific Gas and Electric Company (Owner)|Pacific Gas and Electric Company (Operator)","Phase 2",,"Combined cycle","Pipeline Natural Gas",,,"Dry Low NOx Burners|Selective Catalytic Reduction",,,"2010-09-02","Operating",2430,"A (181.5), C (349.4)"
"CA","Colusa Generating Station",56532,"CT1",,2023,"ARP","2875",9,,"Colusa County","CA011","011","Electric Utility",39.3648,-122.268,"Pacific Gas and Electric Company (Owner)|Pacific Gas and Electric Company (Operator)","Phase 2",,"Combined cycle","Pipeline Natural Gas",,,"Dry Low NOx Burners|Selective Catalytic Reduction",,,"2010-09-02","Operating",2430,"A (181.5), C (349.4)"
"CA","Colusa Generating Station",56532,"CT1",,2024,"ARP","2875",9,,"Colusa County","CA011","011","Electric Utility",39.3648,-122.268,"Pacific Gas and Electric Company (Owner)|Pacific Gas and Electric Company (Operator)","Phase 2",,"Combined cycle","Pipeline Natural Gas",,,"Dry Low NOx Burners|Selective Catalytic Reduction",,,"2010-09-02","Operating",2430,"A (181.5), C (349.4)"
"CA","Colusa Generating Station",56532,"CT1",,2025,"ARP","2875 (Ended Jul 10, 2025), 3075 (Started Jul 10, 2025)",9,,"Colusa County","CA011","011","Electric Utility",39.3648,-122.268,"Pacific Gas and Electric Company (Owner)|Pacific Gas and Electric Company (Operator)","Phase 2",,"Combined cycle","Pipeline Natural Gas",,,"Dry Low NOx Burners|Selective Catalytic Reduction",,,"2010-09-02","Operating",2430,"A (181.5), C (349.4)"
"CA","Colusa Generating Station",56532,"CT2",,2022,"ARP","2875",9,,"Colusa County","CA011","011","Electric Utility",39.3648,-122.268,"Pacific Gas and Electric Company (Owner)|Pacific Gas and Electric Company (Operator)","Phase 2",,"Combined cycle","Pipeline Natural Gas",,,"Dry Low NOx Burners|Selective Catalytic Reduction",,,"2010-09-14","Operating",2430,"C (349.4), B (181.5)"
"CA","Colusa Generating Station",56532,"CT2",,2023,"ARP","2875",9,,"Colusa County","CA011","011","Electric Utility",39.3648,-122.268,"Pacific Gas and Electric Company (Owner)|Pacific Gas and Electric Company (Operator)","Phase 2",,"Combined cycle","Pipeline Natural Gas",,,"Dry Low NOx Burners|Selective Catalytic Reduction",,,"2010-09-14","Operating",2430,"C (349.4), B (181.5)"
"CA","Colusa Generating Station",56532,"CT2",,2024,"ARP","2875",9,,"Colusa County","CA011","011","Electric Utility",39.3648,-122.268,"Pacific Gas and Electric Company (Owner)|Pacific Gas and Electric Company (Operator)","Phase 2",,"Combined cycle","Pipeline Natural Gas",,,"Dry Low NOx Burners|Selective Catalytic Reduction",,,"2010-09-14","Operating",2430,"C (349.4), B (181.5)"
"CA","Colusa Generating Station",56532,"CT2",,2025,"ARP","2875 (Ended Jul 10, 2025), 3075 (Started Jul 10, 2025)",9,,"Colusa County","CA011","011","Electric Utility",39.3648,-122.268,"Pacific Gas and Electric Company (Owner)|Pacific Gas and Electric Company (Operator)","Phase 2",,"Combined cycle","Pipeline Natural Gas",,,"Dry Low NOx Burners|Selective Catalytic Reduction",,,"2010-09-14","Operating",2430,"C (349.4), B (181.5)"
"CA","Niland Gas Turbine Plant",56569,"1",,2022,"ARP","609428 (Ended Apr 12, 2022), 610320 (Started Apr 12, 2022)",9,,"Imperial County","CA025","025","Electric Utility",33.2432,-115.498,"Imperial Irrigation District (Owner)|Imperial Irrigation District (Operator)","Phase 2",,"Combustion turbine","Pipeline Natural Gas",,,"Dry Low NOx Burners|Selective Catalytic Reduction",,,"2008-04-23","Operating",439.6,"1 (60.5)"
"CA","Niland Gas Turbine Plant",56569,"1",,2023,"ARP","610320",9,,"Imperial County","CA025","025","Electric Utility",33.2432,-115.498,"Imperial Irrigation District (Owner)|Imperial Irrigation District (Operator)","Phase 2",,"Combustion turbine","Pipeline Natural Gas",,,"Dry Low NOx Burners|Selective Catalytic Reduction",,,"2008-04-23","Operating",439.6,"1 (60.5)"
"CA","Niland Gas Turbine Plant",56569,"1",,2024,"ARP","610320",9,,"Imperial County","CA025","025","Electric Utility",33.2432,-115.498,"Imperial Irrigation District (Owner)|Imperial Irrigation District (Operator)","Phase 2",,"Combustion turbine","Pipeline Natural Gas",,,"Dry Low NOx Burners|Selective Catalytic Reduction",,,"2008-04-23","Operating",439.6,"1 (60.5)"
"CA","Niland Gas Turbine Plant",56569,"1",,2025,"ARP","610320",9,,"Imperial County","CA025","025","Electric Utility",33.2432,-115.498,"Imperial Irrigation District (Owner)|Imperial Irrigation District (Operator)","Phase 2",,"Combustion turbine","Pipeline Natural Gas",,,"Dry Low NOx Burners|Selective Catalytic Reduction",,,"2008-04-23","Operating",439.6,"1 (60.5)"
"CA","Niland Gas Turbine Plant",56569,"2",,2022,"ARP","609428 (Ended Apr 12, 2022), 610320 (Started Apr 12, 2022)",9,,"Imperial County","CA025","025","Electric Utility",33.2432,-115.498,"Imperial Irrigation District (Owner)|Imperial Irrigation District (Operator)","Phase 2",,"Combustion turbine","Pipeline Natural Gas",,,"Dry Low NOx Burners|Selective Catalytic Reduction",,,"2008-04-13","Operating",439.6,"2 (60.5)"
"CA","Niland Gas Turbine Plant",56569,"2",,2023,"ARP","610320",9,,"Imperial County","CA025","025","Electric Utility",33.2432,-115.498,"Imperial Irrigation District (Owner)|Imperial Irrigation District (Operator)","Phase 2",,"Combustion turbine","Pipeline Natural Gas",,,"Dry Low NOx Burners|Selective Catalytic Reduction",,,"2008-04-13","Operating",439.6,"2 (60.5)"
"CA","Niland Gas Turbine Plant",56569,"2",,2024,"ARP","610320",9,,"Imperial County","CA025","025","Electric Utility",33.2432,-115.498,"Imperial Irrigation District (Owner)|Imperial Irrigation District (Operator)","Phase 2",,"Combustion turbine","Pipeline Natural Gas",,,"Dry Low NOx Burners|Selective Catalytic Reduction",,,"2008-04-13","Operating",439.6,"2 (60.5)"
"CA","Niland Gas Turbine Plant",56569,"2",,2025,"ARP","610320",9,,"Imperial County","CA025","025","Electric Utility",33.2432,-115.498,"Imperial Irrigation District (Owner)|Imperial Irrigation District (Operator)","Phase 2",,"Combustion turbine","Pipeline Natural Gas",,,"Dry Low NOx Burners|Selective Catalytic Reduction",,,"2008-04-13","Operating",439.6,"2 (60.5)"
"CA","Midway Peaking",56639,"1",,2022,"ARP","609325",9,"WECC","Fresno County","CA019","019","Small Power Producer",36.654,-120.5797,"Midway Peaking, LLC (Owner)|Midway Peaking, LLC (Operator)","Phase 2",,"Combustion turbine","Pipeline Natural Gas",,,"Water Injection|Ammonia Injection|Selective Catalytic Reduction",,,"2009-04-19","Operating",684.2,"1 (60.9)"
"CA","Midway Peaking",56639,"1",,2023,"ARP","609325",9,"WECC","Fresno County","CA019","019","Small Power Producer",36.654,-120.5797,"Midway Peaking, LLC (Owner)|Midway Peaking, LLC (Operator)","Phase 2",,"Combustion turbine","Pipeline Natural Gas",,,"Water Injection|Ammonia Injection|Selective Catalytic Reduction",,,"2009-04-19","Operating",684.2,"1 (60.9)"
"CA","Midway Peaking",56639,"1",,2024,"ARP","609325",9,"WECC","Fresno County","CA019","019","Small Power Producer",36.654,-120.5797,"Midway Peaking, LLC (Owner)|Midway Peaking, LLC (Operator)","Phase 2",,"Combustion turbine","Pipeline Natural Gas",,,"Water Injection|Ammonia Injection|Selective Catalytic Reduction",,,"2009-04-19","Operating",684.2,"1 (60.9)"
"CA","Midway Peaking",56639,"1",,2025,"ARP","609325",9,"WECC","Fresno County","CA019","019","Small Power Producer",36.654,-120.5797,"Midway Peaking, LLC (Owner)|Midway Peaking, LLC (Operator)","Phase 2",,"Combustion turbine","Pipeline Natural Gas",,,"Water Injection|Ammonia Injection|Selective Catalytic Reduction",,,"2009-04-19","Operating",684.2,"1 (60.9)"
"CA","Midway Peaking",56639,"2",,2022,"ARP","609325",9,"WECC","Fresno County","CA019","019","Small Power Producer",36.654,-120.5797,"Midway Peaking, LLC (Owner)|Midway Peaking, LLC (Operator)","Phase 2",,"Combustion turbine","Pipeline Natural Gas",,,"Water Injection|Ammonia Injection|Selective Catalytic Reduction",,,"2009-04-10","Operating",684.2,"2 (60.9)"
"CA","Midway Peaking",56639,"2",,2023,"ARP","609325",9,"WECC","Fresno County","CA019","019","Small Power Producer",36.654,-120.5797,"Midway Peaking, LLC (Owner)|Midway Peaking, LLC (Operator)","Phase 2",,"Combustion turbine","Pipeline Natural Gas",,,"Water Injection|Ammonia Injection|Selective Catalytic Reduction",,,"2009-04-10","Operating",684.2,"2 (60.9)"
"CA","Midway Peaking",56639,"2",,2024,"ARP","609325",9,"WECC","Fresno County","CA019","019","Small Power Producer",36.654,-120.5797,"Midway Peaking, LLC (Owner)|Midway Peaking, LLC (Operator)","Phase 2",,"Combustion turbine","Pipeline Natural Gas",,,"Water Injection|Ammonia Injection|Selective Catalytic Reduction",,,"2009-04-10","Operating",684.2,"2 (60.9)"
"CA","Midway Peaking",56639,"2",,2025,"ARP","609325",9,"WECC","Fresno County","CA019","019","Small Power Producer",36.654,-120.5797,"Midway Peaking, LLC (Owner)|Midway Peaking, LLC (Operator)","Phase 2",,"Combustion turbine","Pipeline Natural Gas",,,"Water Injection|Ammonia Injection|Selective Catalytic Reduction",,,"2009-04-10","Operating",684.2,"2 (60.9)"
"CA","Panoche Energy Center",56803,"1",,2022,"ARP","1100",9,,"Fresno County","CA019","019","Electric Utility",36.6513,-120.5833,"Panoche Energy Center, LLC (Owner)|Panoche Energy Center, LLC (Operator)","Phase 2",,"Combustion turbine","Pipeline Natural Gas",,,"Water Injection|Selective Catalytic Reduction",,,"2009-04-09","Operating",975,"1 (108)"
"CA","Panoche Energy Center",56803,"1",,2023,"ARP","1100",9,,"Fresno County","CA019","019","Electric Utility",36.6513,-120.5833,"Panoche Energy Center, LLC (Owner)|Panoche Energy Center, LLC (Operator)","Phase 2",,"Combustion turbine","Pipeline Natural Gas",,,"Water Injection|Selective Catalytic Reduction",,,"2009-04-09","Operating",975,"1 (108)"
"CA","Panoche Energy Center",56803,"1",,2024,"ARP","1100",9,,"Fresno County","CA019","019","Electric Utility",36.6513,-120.5833,"Panoche Energy Center, LLC (Owner)|Panoche Energy Center, LLC (Operator)","Phase 2",,"Combustion turbine","Pipeline Natural Gas",,,"Water Injection|Selective Catalytic Reduction",,,"2009-04-09","Operating",975,"1 (108)"
"CA","Panoche Energy Center",56803,"1",,2025,"ARP","1100 (Ended Feb 21, 2025), 602027 (Started Feb 21, 2025)(Ended Jun 30, 2025), 605069 (Started Jun 30, 2025)",9,,"Fresno County","CA019","019","Electric Utility",36.6513,-120.5833,"Panoche Energy Center, LLC (Owner)|Panoche Energy Center, LLC (Operator)","Phase 2",,"Combustion turbine","Pipeline Natural Gas",,,"Water Injection|Selective Catalytic Reduction",,,"2009-04-09","Operating",975,"1 (108)"
"CA","Panoche Energy Center",56803,"2",,2022,"ARP","1100",9,,"Fresno County","CA019","019","Electric Utility",36.6513,-120.5833,"Panoche Energy Center, LLC (Owner)|Panoche Energy Center, LLC (Operator)","Phase 2",,"Combustion turbine","Pipeline Natural Gas",,,"Water Injection|Selective Catalytic Reduction",,,"2009-04-18","Operating",970,"2 (108)"
"CA","Panoche Energy Center",56803,"2",,2023,"ARP","1100",9,,"Fresno County","CA019","019","Electric Utility",36.6513,-120.5833,"Panoche Energy Center, LLC (Owner)|Panoche Energy Center, LLC (Operator)","Phase 2",,"Combustion turbine","Pipeline Natural Gas",,,"Water Injection|Selective Catalytic Reduction",,,"2009-04-18","Operating",975,"2 (108)"
"CA","Panoche Energy Center",56803,"2",,2024,"ARP","1100",9,,"Fresno County","CA019","019","Electric Utility",36.6513,-120.5833,"Panoche Energy Center, LLC (Owner)|Panoche Energy Center, LLC (Operator)","Phase 2",,"Combustion turbine","Pipeline Natural Gas",,,"Water Injection|Selective Catalytic Reduction",,,"2009-04-18","Operating",980,"2 (108)"
"CA","Panoche Energy Center",56803,"2",,2025,"ARP","1100 (Ended Feb 21, 2025), 602027 (Started Feb 21, 2025)(Ended Jun 30, 2025), 605069 (Started Jun 30, 2025)",9,,"Fresno County","CA019","019","Electric Utility",36.6513,-120.5833,"Panoche Energy Center, LLC (Owner)|Panoche Energy Center, LLC (Operator)","Phase 2",,"Combustion turbine","Pipeline Natural Gas",,,"Water Injection|Selective Catalytic Reduction",,,"2009-04-18","Operating",980,"2 (108)"
"CA","Panoche Energy Center",56803,"3",,2022,"ARP","1100",9,,"Fresno County","CA019","019","Electric Utility",36.6513,-120.5833,"Panoche Energy Center, LLC (Owner)|Panoche Energy Center, LLC (Operator)","Phase 2",,"Combustion turbine","Pipeline Natural Gas",,,"Water Injection|Selective Catalytic Reduction",,,"2009-04-13","Operating",955,"3 (108)"
"CA","Panoche Energy Center",56803,"3",,2023,"ARP","1100",9,,"Fresno County","CA019","019","Electric Utility",36.6513,-120.5833,"Panoche Energy Center, LLC (Owner)|Panoche Energy Center, LLC (Operator)","Phase 2",,"Combustion turbine","Pipeline Natural Gas",,,"Water Injection|Selective Catalytic Reduction",,,"2009-04-13","Operating",970,"3 (108)"
"CA","Panoche Energy Center",56803,"3",,2024,"ARP","1100",9,,"Fresno County","CA019","019","Electric Utility",36.6513,-120.5833,"Panoche Energy Center, LLC (Owner)|Panoche Energy Center, LLC (Operator)","Phase 2",,"Combustion turbine","Pipeline Natural Gas",,,"Water Injection|Selective Catalytic Reduction",,,"2009-04-13","Operating",970,"3 (108)"
"CA","Panoche Energy Center",56803,"3",,2025,"ARP","1100 (Ended Feb 21, 2025), 602027 (Started Feb 21, 2025)(Ended Jun 30, 2025), 605069 (Started Jun 30, 2025)",9,,"Fresno County","CA019","019","Electric Utility",36.6513,-120.5833,"Panoche Energy Center, LLC (Owner)|Panoche Energy Center, LLC (Operator)","Phase 2",,"Combustion turbine","Pipeline Natural Gas",,,"Water Injection|Selective Catalytic Reduction",,,"2009-04-13","Operating",970,"3 (108)"
"CA","Panoche Energy Center",56803,"4",,2022,"ARP","1100",9,,"Fresno County","CA019","019","Electric Utility",36.6513,-120.5833,"Panoche Energy Center, LLC (Owner)|Panoche Energy Center, LLC (Operator)","Phase 2",,"Combustion turbine","Pipeline Natural Gas",,,"Water Injection|Selective Catalytic Reduction",,,"2009-04-17","Operating",974,"4 (108)"
"CA","Panoche Energy Center",56803,"4",,2023,"ARP","1100",9,,"Fresno County","CA019","019","Electric Utility",36.6513,-120.5833,"Panoche Energy Center, LLC (Owner)|Panoche Energy Center, LLC (Operator)","Phase 2",,"Combustion turbine","Pipeline Natural Gas",,,"Water Injection|Selective Catalytic Reduction",,,"2009-04-17","Operating",980,"4 (108)"
"CA","Panoche Energy Center",56803,"4",,2024,"ARP","1100",9,,"Fresno County","CA019","019","Electric Utility",36.6513,-120.5833,"Panoche Energy Center, LLC (Owner)|Panoche Energy Center, LLC (Operator)","Phase 2",,"Combustion turbine","Pipeline Natural Gas",,,"Water Injection|Selective Catalytic Reduction",,,"2009-04-17","Operating",980,"4 (108)"
"CA","Panoche Energy Center",56803,"4",,2025,"ARP","1100 (Ended Feb 21, 2025), 602027 (Started Feb 21, 2025)(Ended Jun 30, 2025), 605069 (Started Jun 30, 2025)",9,,"Fresno County","CA019","019","Electric Utility",36.6513,-120.5833,"Panoche Energy Center, LLC (Owner)|Panoche Energy Center, LLC (Operator)","Phase 2",,"Combustion turbine","Pipeline Natural Gas",,,"Water Injection|Selective Catalytic Reduction",,,"2009-04-17","Operating",980,"4 (108)"
"CA","Orange Grove Project",56914,"CTG1",,2022,"ARP","607880",9,,"San Diego County","CA073","073","Electric Utility",33.359,-117.111,"Orange Grove Energy, LP (Owner)|Orange Grove Energy, LP (Operator)","Phase 2",,"Combustion turbine","Pipeline Natural Gas",,,"Water Injection|Ammonia Injection|Selective Catalytic Reduction",,,"2010-01-30","Operating",530,"CTG1 (48)"
"CA","Orange Grove Project",56914,"CTG1",,2023,"ARP","607880 (Ended Mar 10, 2023), 610552 (Started Mar 10, 2023)",9,,"San Diego County","CA073","073","Electric Utility",33.359,-117.111,"Orange Grove Energy, LP (Owner)|Orange Grove Energy, LP (Operator)","Phase 2",,"Combustion turbine","Pipeline Natural Gas",,,"Water Injection|Ammonia Injection|Selective Catalytic Reduction",,,"2010-01-30","Operating",530,"CTG1 (48)"
"CA","Orange Grove Project",56914,"CTG1",,2024,"ARP","610552",9,,"San Diego County","CA073","073","Electric Utility",33.359,-117.111,"Orange Grove Energy, LP (Owner)|Orange Grove Energy, LP (Operator)","Phase 2",,"Combustion turbine","Pipeline Natural Gas",,,"Water Injection|Ammonia Injection|Selective Catalytic Reduction",,,"2010-01-30","Operating",530,"CTG1 (48)"
"CA","Orange Grove Project",56914,"CTG1",,2025,"ARP","610552 (Ended Feb 05, 2025), 608523 (Started Feb 05, 2025)",9,,"San Diego County","CA073","073","Electric Utility",33.359,-117.111,"Orange Grove Energy, LP (Owner)|Orange Grove Energy, LP (Operator)","Phase 2",,"Combustion turbine","Pipeline Natural Gas",,,"Water Injection|Ammonia Injection|Selective Catalytic Reduction",,,"2010-01-30","Operating",530,"CTG1 (48)"
"CA","Orange Grove Project",56914,"CTG2",,2022,"ARP","607880",9,,"San Diego County","CA073","073","Electric Utility",33.359,-117.111,"Orange Grove Energy, LP (Owner)|Orange Grove Energy, LP (Operator)","Phase 2",,"Combustion turbine","Pipeline Natural Gas",,,"Water Injection|Ammonia Injection|Selective Catalytic Reduction",,,"2010-02-05","Operating",530,"CTG2 (48)"
"CA","Orange Grove Project",56914,"CTG2",,2023,"ARP","607880 (Ended Mar 10, 2023), 610552 (Started Mar 10, 2023)",9,,"San Diego County","CA073","073","Electric Utility",33.359,-117.111,"Orange Grove Energy, LP (Owner)|Orange Grove Energy, LP (Operator)","Phase 2",,"Combustion turbine","Pipeline Natural Gas",,,"Water Injection|Ammonia Injection|Selective Catalytic Reduction",,,"2010-02-05","Operating",530,"CTG2 (48)"
"CA","Orange Grove Project",56914,"CTG2",,2024,"ARP","610552",9,,"San Diego County","CA073","073","Electric Utility",33.359,-117.111,"Orange Grove Energy, LP (Owner)|Orange Grove Energy, LP (Operator)","Phase 2",,"Combustion turbine","Pipeline Natural Gas",,,"Water Injection|Ammonia Injection|Selective Catalytic Reduction",,,"2010-02-05","Operating",530,"CTG2 (48)"
"CA","Orange Grove Project",56914,"CTG2",,2025,"ARP","610552 (Ended Feb 05, 2025), 608523 (Started Feb 05, 2025)",9,,"San Diego County","CA073","073","Electric Utility",33.359,-117.111,"Orange Grove Energy, LP (Owner)|Orange Grove Energy, LP (Operator)","Phase 2",,"Combustion turbine","Pipeline Natural Gas",,,"Water Injection|Ammonia Injection|Selective Catalytic Reduction",,,"2010-02-05","Operating",530,"CTG2 (48)"
"CA","El Cajon Energy Center",57001,"1",,2022,"ARP","601499",9,,"San Diego County","CA073","073","Electric Utility",32.7971,-116.972,"El Cajon Energy, LLC (Owner)|El Cajon Energy, LLC (Operator)","Phase 2",,"Combustion turbine","Pipeline Natural Gas",,,"Water Injection|Selective Catalytic Reduction",,,"2010-06-01","Operating",500,"GEN1 (49.9)"
"CA","El Cajon Energy Center",57001,"1",,2023,"ARP","601499",9,,"San Diego County","CA073","073","Electric Utility",32.7971,-116.972,"El Cajon Energy, LLC (Owner)|El Cajon Energy, LLC (Operator)","Phase 2",,"Combustion turbine","Pipeline Natural Gas",,,"Water Injection|Selective Catalytic Reduction",,,"2010-06-01","Operating",500,"GEN1 (49.9)"
"CA","El Cajon Energy Center",57001,"1",,2024,"ARP","601499",9,,"San Diego County","CA073","073","Electric Utility",32.7971,-116.972,"El Cajon Energy, LLC (Owner)|El Cajon Energy, LLC (Operator)","Phase 2",,"Combustion turbine","Pipeline Natural Gas",,,"Water Injection|Selective Catalytic Reduction",,,"2010-06-01","Operating",500,"GEN1 (49.9)"
"CA","El Cajon Energy Center",57001,"1",,2025,"ARP","601499",9,,"San Diego County","CA073","073","Electric Utility",32.7971,-116.972,"El Cajon Energy, LLC (Owner)|El Cajon Energy, LLC (Operator)","Phase 2",,"Combustion turbine","Pipeline Natural Gas",,,"Water Injection|Selective Catalytic Reduction",,,"2010-06-01","Operating",500,"GEN1 (49.9)"
"CA","Canyon Power Plant",57027,"1",,2022,"ARP","610066",9,,"Orange County","CA059","059","Electric Utility",33.8581,-117.8616,"Southern California Public Power Authority (Owner)|City of Anaheim (Operator)","Phase 2",,"Combustion turbine","Pipeline Natural Gas",,,"Water Injection|Ammonia Injection",,,"2011-07-29","Operating",510,"1 (50)"
"CA","Canyon Power Plant",57027,"1",,2023,"ARP","610066",9,,"Orange County","CA059","059","Electric Utility",33.8581,-117.8616,"Southern California Public Power Authority (Owner)|City of Anaheim (Operator)","Phase 2",,"Combustion turbine","Pipeline Natural Gas",,,"Water Injection|Ammonia Injection",,,"2011-07-29","Operating",510,"1 (50)"
"CA","Canyon Power Plant",57027,"1",,2024,"ARP","610066",9,,"Orange County","CA059","059","Electric Utility",33.8581,-117.8616,"Southern California Public Power Authority (Owner)|City of Anaheim (Operator)","Phase 2",,"Combustion turbine","Pipeline Natural Gas",,,"Water Injection|Ammonia Injection",,,"2011-07-29","Operating",510,"1 (50)"
"CA","Canyon Power Plant",57027,"1",,2025,"ARP","610066",9,,"Orange County","CA059","059","Electric Utility",33.8581,-117.8616,"Southern California Public Power Authority (Owner)|City of Anaheim (Operator)","Phase 2",,"Combustion turbine","Pipeline Natural Gas",,,"Water Injection|Ammonia Injection",,,"2011-07-29","Operating",510,"1 (50)"
"CA","Canyon Power Plant",57027,"2",,2022,"ARP","610066",9,,"Orange County","CA059","059","Electric Utility",33.8581,-117.8616,"Southern California Public Power Authority (Owner)|City of Anaheim (Operator)","Phase 2",,"Combustion turbine","Pipeline Natural Gas",,,"Water Injection|Ammonia Injection",,,"2011-07-16","Operating",510,"2 (50)"
"CA","Canyon Power Plant",57027,"2",,2023,"ARP","610066",9,,"Orange County","CA059","059","Electric Utility",33.8581,-117.8616,"Southern California Public Power Authority (Owner)|City of Anaheim (Operator)","Phase 2",,"Combustion turbine","Pipeline Natural Gas",,,"Water Injection|Ammonia Injection",,,"2011-07-16","Operating",510,"2 (50)"
"CA","Canyon Power Plant",57027,"2",,2024,"ARP","610066",9,,"Orange County","CA059","059","Electric Utility",33.8581,-117.8616,"Southern California Public Power Authority (Owner)|City of Anaheim (Operator)","Phase 2",,"Combustion turbine","Pipeline Natural Gas",,,"Water Injection|Ammonia Injection",,,"2011-07-16","Operating",510,"2 (50)"
"CA","Canyon Power Plant",57027,"2",,2025,"ARP","610066",9,,"Orange County","CA059","059","Electric Utility",33.8581,-117.8616,"Southern California Public Power Authority (Owner)|City of Anaheim (Operator)","Phase 2",,"Combustion turbine","Pipeline Natural Gas",,,"Water Injection|Ammonia Injection",,,"2011-07-16","Operating",510,"2 (50)"
"CA","Canyon Power Plant",57027,"3",,2022,"ARP","610066",9,,"Orange County","CA059","059","Electric Utility",33.8581,-117.8616,"Southern California Public Power Authority (Owner)|City of Anaheim (Operator)","Phase 2",,"Combustion turbine","Pipeline Natural Gas",,,"Water Injection|Ammonia Injection",,,"2011-05-25","Operating",520,"3 (50)"
"CA","Canyon Power Plant",57027,"3",,2023,"ARP","610066",9,,"Orange County","CA059","059","Electric Utility",33.8581,-117.8616,"Southern California Public Power Authority (Owner)|City of Anaheim (Operator)","Phase 2",,"Combustion turbine","Pipeline Natural Gas",,,"Water Injection|Ammonia Injection",,,"2011-05-25","Operating",520,"3 (50)"
"CA","Canyon Power Plant",57027,"3",,2024,"ARP","610066",9,,"Orange County","CA059","059","Electric Utility",33.8581,-117.8616,"Southern California Public Power Authority (Owner)|City of Anaheim (Operator)","Phase 2",,"Combustion turbine","Pipeline Natural Gas",,,"Water Injection|Ammonia Injection",,,"2011-05-25","Operating",520,"3 (50)"
"CA","Canyon Power Plant",57027,"3",,2025,"ARP","610066",9,,"Orange County","CA059","059","Electric Utility",33.8581,-117.8616,"Southern California Public Power Authority (Owner)|City of Anaheim (Operator)","Phase 2",,"Combustion turbine","Pipeline Natural Gas",,,"Water Injection|Ammonia Injection",,,"2011-05-25","Operating",520,"3 (50)"
"CA","Canyon Power Plant",57027,"4",,2022,"ARP","610066",9,,"Orange County","CA059","059","Electric Utility",33.8581,-117.8616,"Southern California Public Power Authority (Owner)|City of Anaheim (Operator)","Phase 2",,"Combustion turbine","Pipeline Natural Gas",,,"Water Injection|Ammonia Injection",,,"2011-05-23","Operating",510,"4 (50)"
"CA","Canyon Power Plant",57027,"4",,2023,"ARP","610066",9,,"Orange County","CA059","059","Electric Utility",33.8581,-117.8616,"Southern California Public Power Authority (Owner)|City of Anaheim (Operator)","Phase 2",,"Combustion turbine","Pipeline Natural Gas",,,"Water Injection|Ammonia Injection",,,"2011-05-23","Operating",510,"4 (50)"
"CA","Canyon Power Plant",57027,"4",,2024,"ARP","610066",9,,"Orange County","CA059","059","Electric Utility",33.8581,-117.8616,"Southern California Public Power Authority (Owner)|City of Anaheim (Operator)","Phase 2",,"Combustion turbine","Pipeline Natural Gas",,,"Water Injection|Ammonia Injection",,,"2011-05-23","Operating",510,"4 (50)"
"CA","Canyon Power Plant",57027,"4",,2025,"ARP","610066",9,,"Orange County","CA059","059","Electric Utility",33.8581,-117.8616,"Southern California Public Power Authority (Owner)|City of Anaheim (Operator)","Phase 2",,"Combustion turbine","Pipeline Natural Gas",,,"Water Injection|Ammonia Injection",,,"2011-05-23","Operating",510,"4 (50)"
"CA","Ivanpah 2",57073,"BLR1",,2022,"ARP","604888",9,,"San Bernardino County","CA071","071","Electric Utility",35.5561,-115.4686,"Solar Partners I, LLC (Owner)|NRG Energy, Inc (Operator)","Phase 2",,"Other boiler","Pipeline Natural Gas",,,,,,"2013-12-14","Operating",249,"ST1 (133.4)"
"CA","Ivanpah 2",57073,"BLR1",,2023,"ARP","604888",9,,"San Bernardino County","CA071","071","Electric Utility",35.5561,-115.4686,"Solar Partners I, LLC (Owner)|NRG Energy, Inc (Operator)","Phase 2",,"Other boiler","Pipeline Natural Gas",,,,,,"2013-12-14","Operating",249,"ST1 (133.4)"
"CA","Ivanpah 2",57073,"BLR1",,2024,"ARP","604888",9,,"San Bernardino County","CA071","071","Electric Utility",35.5561,-115.4686,"Solar Partners I, LLC (Owner)|NRG Energy, Inc (Operator)","Phase 2",,"Other boiler","Pipeline Natural Gas",,,,,,"2013-12-14","Operating",249,"ST1 (133.4)"
"CA","Ivanpah 2",57073,"BLR1",,2025,"ARP","604888",9,,"San Bernardino County","CA071","071","Electric Utility",35.5561,-115.4686,"Solar Partners I, LLC (Owner)|NRG Energy, Inc (Operator)","Phase 2",,"Other boiler","Pipeline Natural Gas",,,,,,"2013-12-14","Operating",249,"ST1 (133.4)"
"CA","Ivanpah 1",57074,"BLR1",,2022,"ARP","604888",9,,"San Bernardino County","CA071","071","Electric Utility",35.5356,-115.4515,"Solar Partners II, LLC (Owner)|NRG Energy, Inc (Operator)","Phase 2",,"Other boiler","Pipeline Natural Gas",,,,,,"2013-09-20","Operating",249,"ST1 (126)"
"CA","Ivanpah 1",57074,"BLR1",,2023,"ARP","604888",9,,"San Bernardino County","CA071","071","Electric Utility",35.5356,-115.4515,"Solar Partners II, LLC (Owner)|NRG Energy, Inc (Operator)","Phase 2",,"Other boiler","Pipeline Natural Gas",,,,,,"2013-09-20","Operating",249,"ST1 (126)"
"CA","Ivanpah 1",57074,"BLR1",,2024,"ARP","604888",9,,"San Bernardino County","CA071","071","Electric Utility",35.5356,-115.4515,"Solar Partners II, LLC (Owner)|NRG Energy, Inc (Operator)","Phase 2",,"Other boiler","Pipeline Natural Gas",,,,,,"2013-09-20","Operating",249,"ST1 (126)"
"CA","Ivanpah 1",57074,"BLR1",,2025,"ARP","604888",9,,"San Bernardino County","CA071","071","Electric Utility",35.5356,-115.4515,"Solar Partners II, LLC (Owner)|NRG Energy, Inc (Operator)","Phase 2",,"Other boiler","Pipeline Natural Gas",,,,,,"2013-09-20","Operating",249,"ST1 (126)"
"CA","Ivanpah 3",57075,"BLR1",,2022,"ARP","604888",9,,"San Bernardino County","CA071","071","Electric Utility",35.5808,-115.4825,"Solar Partners VIII, LLC (Owner)|NRG Energy, Inc (Operator)","Phase 2",,"Other boiler","Pipeline Natural Gas",,,,,,"2013-12-06","Operating",249,"ST1 (133.4)"
"CA","Ivanpah 3",57075,"BLR1",,2023,"ARP","604888",9,,"San Bernardino County","CA071","071","Electric Utility",35.5808,-115.4825,"Solar Partners VIII, LLC (Owner)|NRG Energy, Inc (Operator)","Phase 2",,"Other boiler","Pipeline Natural Gas",,,,,,"2013-12-06","Operating",249,"ST1 (133.4)"
"CA","Ivanpah 3",57075,"BLR1",,2024,"ARP","604888",9,,"San Bernardino County","CA071","071","Electric Utility",35.5808,-115.4825,"Solar Partners VIII, LLC (Owner)|NRG Energy, Inc (Operator)","Phase 2",,"Other boiler","Pipeline Natural Gas",,,,,,"2013-12-06","Operating",249,"ST1 (133.4)"
"CA","Ivanpah 3",57075,"BLR1",,2025,"ARP","604888",9,,"San Bernardino County","CA071","071","Electric Utility",35.5808,-115.4825,"Solar Partners VIII, LLC (Owner)|NRG Energy, Inc (Operator)","Phase 2",,"Other boiler","Pipeline Natural Gas",,,,,,"2013-12-06","Operating",249,"ST1 (133.4)"
"CA","Marsh Landing Generating Station",57267,"1",,2022,"ARP","609364",9,,"Contra Costa County","CA013","013","Electric Utility",38.0171,-121.7651,"NRG Marsh Landing LLC (Owner)|NRG Energy, Inc (Operator)","Phase 2",,"Combustion turbine","Pipeline Natural Gas",,,"Dry Low NOx Burners|Selective Catalytic Reduction",,,"2012-12-07","Operating",2202,"1 (207)"
"CA","Marsh Landing Generating Station",57267,"1",,2023,"ARP","609364",9,,"Contra Costa County","CA013","013","Electric Utility",38.0171,-121.7651,"NRG Marsh Landing LLC (Owner)|NRG Energy, Inc (Operator)","Phase 2",,"Combustion turbine","Pipeline Natural Gas",,,"Dry Low NOx Burners|Selective Catalytic Reduction",,,"2012-12-07","Operating",2202,"1 (207)"
"CA","Marsh Landing Generating Station",57267,"1",,2024,"ARP","609364",9,,"Contra Costa County","CA013","013","Electric Utility",38.0171,-121.7651,"NRG Marsh Landing LLC (Owner)|NRG Energy, Inc (Operator)","Phase 2",,"Combustion turbine","Pipeline Natural Gas",,,"Dry Low NOx Burners|Selective Catalytic Reduction",,,"2012-12-07","Operating",2202,"1 (207)"
"CA","Marsh Landing Generating Station",57267,"1",,2025,"ARP","609364",9,,"Contra Costa County","CA013","013","Electric Utility",38.0171,-121.7651,"NRG Marsh Landing LLC (Owner)|NRG Energy, Inc (Operator)","Phase 2",,"Combustion turbine","Pipeline Natural Gas",,,"Dry Low NOx Burners|Selective Catalytic Reduction",,,"2012-12-07","Operating",2202,"1 (207)"
"CA","Marsh Landing Generating Station",57267,"2",,2022,"ARP","609364",9,,"Contra Costa County","CA013","013","Electric Utility",38.0171,-121.7651,"NRG Marsh Landing LLC (Owner)|NRG Energy, Inc (Operator)","Phase 2",,"Combustion turbine","Pipeline Natural Gas",,,"Dry Low NOx Burners|Selective Catalytic Reduction",,,"2013-01-04","Operating",2202,"2 (207)"
"CA","Marsh Landing Generating Station",57267,"2",,2023,"ARP","609364",9,,"Contra Costa County","CA013","013","Electric Utility",38.0171,-121.7651,"NRG Marsh Landing LLC (Owner)|NRG Energy, Inc (Operator)","Phase 2",,"Combustion turbine","Pipeline Natural Gas",,,"Dry Low NOx Burners|Selective Catalytic Reduction",,,"2013-01-04","Operating",2202,"2 (207)"
"CA","Marsh Landing Generating Station",57267,"2",,2024,"ARP","609364",9,,"Contra Costa County","CA013","013","Electric Utility",38.0171,-121.7651,"NRG Marsh Landing LLC (Owner)|NRG Energy, Inc (Operator)","Phase 2",,"Combustion turbine","Pipeline Natural Gas",,,"Dry Low NOx Burners|Selective Catalytic Reduction",,,"2013-01-04","Operating",2202,"2 (207)"
"CA","Marsh Landing Generating Station",57267,"2",,2025,"ARP","609364",9,,"Contra Costa County","CA013","013","Electric Utility",38.0171,-121.7651,"NRG Marsh Landing LLC (Owner)|NRG Energy, Inc (Operator)","Phase 2",,"Combustion turbine","Pipeline Natural Gas",,,"Dry Low NOx Burners|Selective Catalytic Reduction",,,"2013-01-04","Operating",2202,"2 (207)"
"CA","Marsh Landing Generating Station",57267,"3",,2022,"ARP","609364",9,,"Contra Costa County","CA013","013","Electric Utility",38.0171,-121.7651,"NRG Marsh Landing LLC (Owner)|NRG Energy, Inc (Operator)","Phase 2",,"Combustion turbine","Pipeline Natural Gas",,,"Dry Low NOx Burners|Selective Catalytic Reduction",,,"2013-03-04","Operating",2202,"3 (207)"
"CA","Marsh Landing Generating Station",57267,"3",,2023,"ARP","609364",9,,"Contra Costa County","CA013","013","Electric Utility",38.0171,-121.7651,"NRG Marsh Landing LLC (Owner)|NRG Energy, Inc (Operator)","Phase 2",,"Combustion turbine","Pipeline Natural Gas",,,"Dry Low NOx Burners|Selective Catalytic Reduction",,,"2013-03-04","Operating",2202,"3 (207)"
"CA","Marsh Landing Generating Station",57267,"3",,2024,"ARP","609364",9,,"Contra Costa County","CA013","013","Electric Utility",38.0171,-121.7651,"NRG Marsh Landing LLC (Owner)|NRG Energy, Inc (Operator)","Phase 2",,"Combustion turbine","Pipeline Natural Gas",,,"Dry Low NOx Burners|Selective Catalytic Reduction",,,"2013-03-04","Operating",2202,"3 (207)"
"CA","Marsh Landing Generating Station",57267,"3",,2025,"ARP","609364",9,,"Contra Costa County","CA013","013","Electric Utility",38.0171,-121.7651,"NRG Marsh Landing LLC (Owner)|NRG Energy, Inc (Operator)","Phase 2",,"Combustion turbine","Pipeline Natural Gas",,,"Dry Low NOx Burners|Selective Catalytic Reduction",,,"2013-03-04","Operating",2202,"3 (207)"
"CA","Marsh Landing Generating Station",57267,"4",,2022,"ARP","609364",9,,"Contra Costa County","CA013","013","Electric Utility",38.0171,-121.7651,"NRG Marsh Landing LLC (Owner)|NRG Energy, Inc (Operator)","Phase 2",,"Combustion turbine","Pipeline Natural Gas",,,"Dry Low NOx Burners|Selective Catalytic Reduction",,,"2013-02-26","Operating",2202,"4 (207)"
"CA","Marsh Landing Generating Station",57267,"4",,2023,"ARP","609364",9,,"Contra Costa County","CA013","013","Electric Utility",38.0171,-121.7651,"NRG Marsh Landing LLC (Owner)|NRG Energy, Inc (Operator)","Phase 2",,"Combustion turbine","Pipeline Natural Gas",,,"Dry Low NOx Burners|Selective Catalytic Reduction",,,"2013-02-26","Operating",2202,"4 (207)"
"CA","Marsh Landing Generating Station",57267,"4",,2024,"ARP","609364",9,,"Contra Costa County","CA013","013","Electric Utility",38.0171,-121.7651,"NRG Marsh Landing LLC (Owner)|NRG Energy, Inc (Operator)","Phase 2",,"Combustion turbine","Pipeline Natural Gas",,,"Dry Low NOx Burners|Selective Catalytic Reduction",,,"2013-02-26","Operating",2202,"4 (207)"
"CA","Marsh Landing Generating Station",57267,"4",,2025,"ARP","609364",9,,"Contra Costa County","CA013","013","Electric Utility",38.0171,-121.7651,"NRG Marsh Landing LLC (Owner)|NRG Energy, Inc (Operator)","Phase 2",,"Combustion turbine","Pipeline Natural Gas",,,"Dry Low NOx Burners|Selective Catalytic Reduction",,,"2013-02-26","Operating",2202,"4 (207)"
"CA","Sentinel Energy Center, LLC",57482,"1",,2022,"ARP","2321",9,,"Riverside County","CA065","065","Electric Utility",33.9366,-116.5722,"CPV Sentinel, LLC (Owner)|CPV Sentinel, LLC (Operator)","Phase 2",,"Combustion turbine","Pipeline Natural Gas",,,"Water Injection|Selective Catalytic Reduction",,,"2013-01-09","Operating",961.4,"CTG1 (108)"
"CA","Sentinel Energy Center, LLC",57482,"1",,2023,"ARP","2321",9,,"Riverside County","CA065","065","Electric Utility",33.9366,-116.5722,"CPV Sentinel, LLC (Owner)|CPV Sentinel, LLC (Operator)","Phase 2",,"Combustion turbine","Pipeline Natural Gas",,,"Water Injection|Selective Catalytic Reduction",,,"2013-01-09","Operating",961.4,"CTG1 (108)"
"CA","Sentinel Energy Center, LLC",57482,"1",,2024,"ARP","2321 (Ended Feb 15, 2024), 608890 (Started Feb 15, 2024)",9,,"Riverside County","CA065","065","Electric Utility",33.9366,-116.5722,"CPV Sentinel, LLC (Owner) (Ended Feb 15, 2024)|Sentinel Energy Center, LLC (Owner) (Started Feb 15, 2024)|CPV Sentinel, LLC (Operator) (Ended Feb 15, 2024)|Sentinel Energy Center, LLC (Operator) (Started Feb 15, 2024)","Phase 2",,"Combustion turbine","Pipeline Natural Gas",,,"Water Injection|Selective Catalytic Reduction",,,"2013-01-09","Operating",961.4,"CTG1 (108)"
"CA","Sentinel Energy Center, LLC",57482,"1",,2025,"ARP","608890",9,,"Riverside County","CA065","065","Electric Utility",33.9366,-116.5722,"Sentinel Energy Center, LLC (Owner)|Sentinel Energy Center, LLC (Operator)","Phase 2",,"Combustion turbine","Pipeline Natural Gas",,,"Water Injection|Selective Catalytic Reduction",,,"2013-01-09","Operating",961.4,"CTG1 (108)"
"CA","Sentinel Energy Center, LLC",57482,"2",,2022,"ARP","2321",9,,"Riverside County","CA065","065","Electric Utility",33.9366,-116.5722,"CPV Sentinel, LLC (Owner)|CPV Sentinel, LLC (Operator)","Phase 2",,"Combustion turbine","Pipeline Natural Gas",,,"Water Injection|Selective Catalytic Reduction",,,"2013-01-11","Operating",929.7,"CTG2 (108)"
"CA","Sentinel Energy Center, LLC",57482,"2",,2023,"ARP","2321",9,,"Riverside County","CA065","065","Electric Utility",33.9366,-116.5722,"CPV Sentinel, LLC (Owner)|CPV Sentinel, LLC (Operator)","Phase 2",,"Combustion turbine","Pipeline Natural Gas",,,"Water Injection|Selective Catalytic Reduction",,,"2013-01-11","Operating",929.7,"CTG2 (108)"
"CA","Sentinel Energy Center, LLC",57482,"2",,2024,"ARP","2321 (Ended Feb 15, 2024), 608890 (Started Feb 15, 2024)",9,,"Riverside County","CA065","065","Electric Utility",33.9366,-116.5722,"CPV Sentinel, LLC (Owner) (Ended Feb 15, 2024)|Sentinel Energy Center, LLC (Owner) (Started Feb 15, 2024)|CPV Sentinel, LLC (Operator) (Ended Feb 15, 2024)|Sentinel Energy Center, LLC (Operator) (Started Feb 15, 2024)","Phase 2",,"Combustion turbine","Pipeline Natural Gas",,,"Water Injection|Selective Catalytic Reduction",,,"2013-01-11","Operating",929.7,"CTG2 (108)"
"CA","Sentinel Energy Center, LLC",57482,"2",,2025,"ARP","608890",9,,"Riverside County","CA065","065","Electric Utility",33.9366,-116.5722,"Sentinel Energy Center, LLC (Owner)|Sentinel Energy Center, LLC (Operator)","Phase 2",,"Combustion turbine","Pipeline Natural Gas",,,"Water Injection|Selective Catalytic Reduction",,,"2013-01-11","Operating",929.7,"CTG2 (108)"
"CA","Sentinel Energy Center, LLC",57482,"3",,2022,"ARP","2321",9,,"Riverside County","CA065","065","Electric Utility",33.9366,-116.5722,"CPV Sentinel, LLC (Owner)|CPV Sentinel, LLC (Operator)","Phase 2",,"Combustion turbine","Pipeline Natural Gas",,,"Water Injection|Selective Catalytic Reduction",,,"2013-01-21","Operating",944.1,"CTG3 (108)"
"CA","Sentinel Energy Center, LLC",57482,"3",,2023,"ARP","2321",9,,"Riverside County","CA065","065","Electric Utility",33.9366,-116.5722,"CPV Sentinel, LLC (Owner)|CPV Sentinel, LLC (Operator)","Phase 2",,"Combustion turbine","Pipeline Natural Gas",,,"Water Injection|Selective Catalytic Reduction",,,"2013-01-21","Operating",944.1,"CTG3 (108)"
"CA","Sentinel Energy Center, LLC",57482,"3",,2024,"ARP","2321 (Ended Feb 15, 2024), 608890 (Started Feb 15, 2024)",9,,"Riverside County","CA065","065","Electric Utility",33.9366,-116.5722,"CPV Sentinel, LLC (Owner) (Ended Feb 15, 2024)|Sentinel Energy Center, LLC (Owner) (Started Feb 15, 2024)|CPV Sentinel, LLC (Operator) (Ended Feb 15, 2024)|Sentinel Energy Center, LLC (Operator) (Started Feb 15, 2024)","Phase 2",,"Combustion turbine","Pipeline Natural Gas",,,"Water Injection|Selective Catalytic Reduction",,,"2013-01-21","Operating",944.1,"CTG3 (108)"
"CA","Sentinel Energy Center, LLC",57482,"3",,2025,"ARP","608890",9,,"Riverside County","CA065","065","Electric Utility",33.9366,-116.5722,"Sentinel Energy Center, LLC (Owner)|Sentinel Energy Center, LLC (Operator)","Phase 2",,"Combustion turbine","Pipeline Natural Gas",,,"Water Injection|Selective Catalytic Reduction",,,"2013-01-21","Operating",944.1,"CTG3 (108)"
"CA","Sentinel Energy Center, LLC",57482,"4",,2022,"ARP","2321",9,,"Riverside County","CA065","065","Electric Utility",33.9366,-116.5722,"CPV Sentinel, LLC (Owner)|CPV Sentinel, LLC (Operator)","Phase 2",,"Combustion turbine","Pipeline Natural Gas",,,"Water Injection|Selective Catalytic Reduction",,,"2013-02-02","Operating",891.7,"CTG4 (108)"
"CA","Sentinel Energy Center, LLC",57482,"4",,2023,"ARP","2321",9,,"Riverside County","CA065","065","Electric Utility",33.9366,-116.5722,"CPV Sentinel, LLC (Owner)|CPV Sentinel, LLC (Operator)","Phase 2",,"Combustion turbine","Pipeline Natural Gas",,,"Water Injection|Selective Catalytic Reduction",,,"2013-02-02","Operating",891.7,"CTG4 (108)"
"CA","Sentinel Energy Center, LLC",57482,"4",,2024,"ARP","2321 (Ended Feb 15, 2024), 608890 (Started Feb 15, 2024)",9,,"Riverside County","CA065","065","Electric Utility",33.9366,-116.5722,"CPV Sentinel, LLC (Owner) (Ended Feb 15, 2024)|Sentinel Energy Center, LLC (Owner) (Started Feb 15, 2024)|CPV Sentinel, LLC (Operator) (Ended Feb 15, 2024)|Sentinel Energy Center, LLC (Operator) (Started Feb 15, 2024)","Phase 2",,"Combustion turbine","Pipeline Natural Gas",,,"Water Injection|Selective Catalytic Reduction",,,"2013-02-02","Operating",891.7,"CTG4 (108)"
"CA","Sentinel Energy Center, LLC",57482,"4",,2025,"ARP","608890",9,,"Riverside County","CA065","065","Electric Utility",33.9366,-116.5722,"Sentinel Energy Center, LLC (Owner)|Sentinel Energy Center, LLC (Operator)","Phase 2",,"Combustion turbine","Pipeline Natural Gas",,,"Water Injection|Selective Catalytic Reduction",,,"2013-02-02","Operating",891.7,"CTG4 (108)"
"CA","Sentinel Energy Center, LLC",57482,"5",,2022,"ARP","2321",9,,"Riverside County","CA065","065","Electric Utility",33.9366,-116.5722,"CPV Sentinel, LLC (Owner)|CPV Sentinel, LLC (Operator)","Phase 2",,"Combustion turbine","Pipeline Natural Gas",,,"Water Injection|Selective Catalytic Reduction",,,"2013-02-05","Operating",891.7,"CTG5 (108)"
"CA","Sentinel Energy Center, LLC",57482,"5",,2023,"ARP","2321",9,,"Riverside County","CA065","065","Electric Utility",33.9366,-116.5722,"CPV Sentinel, LLC (Owner)|CPV Sentinel, LLC (Operator)","Phase 2",,"Combustion turbine","Pipeline Natural Gas",,,"Water Injection|Selective Catalytic Reduction",,,"2013-02-05","Operating",891.7,"CTG5 (108)"
"CA","Sentinel Energy Center, LLC",57482,"5",,2024,"ARP","2321 (Ended Feb 15, 2024), 608890 (Started Feb 15, 2024)",9,,"Riverside County","CA065","065","Electric Utility",33.9366,-116.5722,"CPV Sentinel, LLC (Owner) (Ended Feb 15, 2024)|Sentinel Energy Center, LLC (Owner) (Started Feb 15, 2024)|CPV Sentinel, LLC (Operator) (Ended Feb 15, 2024)|Sentinel Energy Center, LLC (Operator) (Started Feb 15, 2024)","Phase 2",,"Combustion turbine","Pipeline Natural Gas",,,"Water Injection|Selective Catalytic Reduction",,,"2013-02-05","Operating",891.7,"CTG5 (108)"
"CA","Sentinel Energy Center, LLC",57482,"5",,2025,"ARP","608890",9,,"Riverside County","CA065","065","Electric Utility",33.9366,-116.5722,"Sentinel Energy Center, LLC (Owner)|Sentinel Energy Center, LLC (Operator)","Phase 2",,"Combustion turbine","Pipeline Natural Gas",,,"Water Injection|Selective Catalytic Reduction",,,"2013-02-05","Operating",891.7,"CTG5 (108)"
"CA","Sentinel Energy Center, LLC",57482,"6",,2022,"ARP","2321",9,,"Riverside County","CA065","065","Electric Utility",33.9366,-116.5722,"CPV Sentinel, LLC (Owner)|CPV Sentinel, LLC (Operator)","Phase 2",,"Combustion turbine","Pipeline Natural Gas",,,"Water Injection|Selective Catalytic Reduction",,,"2013-02-17","Operating",891.7,"CTG6 (108)"
"CA","Sentinel Energy Center, LLC",57482,"6",,2023,"ARP","2321",9,,"Riverside County","CA065","065","Electric Utility",33.9366,-116.5722,"CPV Sentinel, LLC (Owner)|CPV Sentinel, LLC (Operator)","Phase 2",,"Combustion turbine","Pipeline Natural Gas",,,"Water Injection|Selective Catalytic Reduction",,,"2013-02-17","Operating",891.7,"CTG6 (108)"
"CA","Sentinel Energy Center, LLC",57482,"6",,2024,"ARP","2321 (Ended Feb 15, 2024), 608890 (Started Feb 15, 2024)",9,,"Riverside County","CA065","065","Electric Utility",33.9366,-116.5722,"CPV Sentinel, LLC (Owner) (Ended Feb 15, 2024)|Sentinel Energy Center, LLC (Owner) (Started Feb 15, 2024)|CPV Sentinel, LLC (Operator) (Ended Feb 15, 2024)|Sentinel Energy Center, LLC (Operator) (Started Feb 15, 2024)","Phase 2",,"Combustion turbine","Pipeline Natural Gas",,,"Water Injection|Selective Catalytic Reduction",,,"2013-02-17","Operating",891.7,"CTG6 (108)"
"CA","Sentinel Energy Center, LLC",57482,"6",,2025,"ARP","608890",9,,"Riverside County","CA065","065","Electric Utility",33.9366,-116.5722,"Sentinel Energy Center, LLC (Owner)|Sentinel Energy Center, LLC (Operator)","Phase 2",,"Combustion turbine","Pipeline Natural Gas",,,"Water Injection|Selective Catalytic Reduction",,,"2013-02-17","Operating",891.7,"CTG6 (108)"
"CA","Sentinel Energy Center, LLC",57482,"7",,2022,"ARP","2321",9,,"Riverside County","CA065","065","Electric Utility",33.9366,-116.5722,"CPV Sentinel, LLC (Owner)|CPV Sentinel, LLC (Operator)","Phase 2",,"Combustion turbine","Pipeline Natural Gas",,,"Water Injection|Selective Catalytic Reduction",,,"2013-03-09","Operating",891.7,"CTG7 (108)"
"CA","Sentinel Energy Center, LLC",57482,"7",,2023,"ARP","2321",9,,"Riverside County","CA065","065","Electric Utility",33.9366,-116.5722,"CPV Sentinel, LLC (Owner)|CPV Sentinel, LLC (Operator)","Phase 2",,"Combustion turbine","Pipeline Natural Gas",,,"Water Injection|Selective Catalytic Reduction",,,"2013-03-09","Operating",891.7,"CTG7 (108)"
"CA","Sentinel Energy Center, LLC",57482,"7",,2024,"ARP","2321 (Ended Feb 15, 2024), 608890 (Started Feb 15, 2024)",9,,"Riverside County","CA065","065","Electric Utility",33.9366,-116.5722,"CPV Sentinel, LLC (Owner) (Ended Feb 15, 2024)|Sentinel Energy Center, LLC (Owner) (Started Feb 15, 2024)|CPV Sentinel, LLC (Operator) (Ended Feb 15, 2024)|Sentinel Energy Center, LLC (Operator) (Started Feb 15, 2024)","Phase 2",,"Combustion turbine","Pipeline Natural Gas",,,"Water Injection|Selective Catalytic Reduction",,,"2013-03-09","Operating",891.7,"CTG7 (108)"
"CA","Sentinel Energy Center, LLC",57482,"7",,2025,"ARP","608890",9,,"Riverside County","CA065","065","Electric Utility",33.9366,-116.5722,"Sentinel Energy Center, LLC (Owner)|Sentinel Energy Center, LLC (Operator)","Phase 2",,"Combustion turbine","Pipeline Natural Gas",,,"Water Injection|Selective Catalytic Reduction",,,"2013-03-09","Operating",891.7,"CTG7 (108)"
"CA","Sentinel Energy Center, LLC",57482,"8",,2022,"ARP","2321",9,,"Riverside County","CA065","065","Electric Utility",33.9366,-116.5722,"CPV Sentinel, LLC (Owner)|CPV Sentinel, LLC (Operator)","Phase 2",,"Combustion turbine","Pipeline Natural Gas",,,"Water Injection|Selective Catalytic Reduction",,,"2013-03-23","Operating",891.7,"CTG8 (108)"
"CA","Sentinel Energy Center, LLC",57482,"8",,2023,"ARP","2321",9,,"Riverside County","CA065","065","Electric Utility",33.9366,-116.5722,"CPV Sentinel, LLC (Owner)|CPV Sentinel, LLC (Operator)","Phase 2",,"Combustion turbine","Pipeline Natural Gas",,,"Water Injection|Selective Catalytic Reduction",,,"2013-03-23","Operating",891.7,"CTG8 (108)"
"CA","Sentinel Energy Center, LLC",57482,"8",,2024,"ARP","2321 (Ended Feb 15, 2024), 608890 (Started Feb 15, 2024)",9,,"Riverside County","CA065","065","Electric Utility",33.9366,-116.5722,"CPV Sentinel, LLC (Owner) (Ended Feb 15, 2024)|Sentinel Energy Center, LLC (Owner) (Started Feb 15, 2024)|CPV Sentinel, LLC (Operator) (Ended Feb 15, 2024)|Sentinel Energy Center, LLC (Operator) (Started Feb 15, 2024)","Phase 2",,"Combustion turbine","Pipeline Natural Gas",,,"Water Injection|Selective Catalytic Reduction",,,"2013-03-23","Operating",891.7,"CTG8 (108)"
"CA","Sentinel Energy Center, LLC",57482,"8",,2025,"ARP","608890",9,,"Riverside County","CA065","065","Electric Utility",33.9366,-116.5722,"Sentinel Energy Center, LLC (Owner)|Sentinel Energy Center, LLC (Operator)","Phase 2",,"Combustion turbine","Pipeline Natural Gas",,,"Water Injection|Selective Catalytic Reduction",,,"2013-03-23","Operating",891.7,"CTG8 (108)"
"CA","Mariposa Energy Project",57483,"GT-1",,2022,"ARP","607964",9,,"Alameda County","CA001","001","Electric Utility",37.7965,-121.6049,"Mariposa Energy, Limited Liability Corporation (Owner)|Mariposa Energy, Limited Liability Corporation (Operator)","Phase 2",,"Combustion turbine","Pipeline Natural Gas",,,"Selective Catalytic Reduction",,,"2012-06-13","Operating",481,"CTG1 (49.87)"
"CA","Mariposa Energy Project",57483,"GT-1",,2023,"ARP","607964 (Ended Apr 20, 2023), 606341 (Started Apr 20, 2023)",9,,"Alameda County","CA001","001","Electric Utility",37.7965,-121.6049,"Mariposa Energy, Limited Liability Corporation (Owner)|Mariposa Energy, Limited Liability Corporation (Operator)","Phase 2",,"Combustion turbine","Pipeline Natural Gas",,,"Selective Catalytic Reduction",,,"2012-06-13","Operating",481,"CTG1 (49.87)"
"CA","Mariposa Energy Project",57483,"GT-1",,2024,"ARP","606341",9,,"Alameda County","CA001","001","Electric Utility",37.7965,-121.6049,"Mariposa Energy, Limited Liability Corporation (Owner)|Mariposa Energy, Limited Liability Corporation (Operator)","Phase 2",,"Combustion turbine","Pipeline Natural Gas",,,"Selective Catalytic Reduction",,,"2012-06-13","Operating",481,"CTG1 (49.87)"
"CA","Mariposa Energy Project",57483,"GT-1",,2025,"ARP","606341",9,,"Alameda County","CA001","001","Electric Utility",37.7965,-121.6049,"Mariposa Energy, Limited Liability Corporation (Owner)|Mariposa Energy, Limited Liability Corporation (Operator)","Phase 2",,"Combustion turbine","Pipeline Natural Gas",,,"Selective Catalytic Reduction",,,"2012-06-13","Operating",481,"CTG1 (49.87)"
"CA","Mariposa Energy Project",57483,"GT-2",,2022,"ARP","607964",9,,"Alameda County","CA001","001","Electric Utility",37.7965,-121.6049,"Mariposa Energy, Limited Liability Corporation (Owner)|Mariposa Energy, Limited Liability Corporation (Operator)","Phase 2",,"Combustion turbine","Pipeline Natural Gas",,,"Selective Catalytic Reduction",,,"2012-06-12","Operating",481,"CTG2 (49.87)"
"CA","Mariposa Energy Project",57483,"GT-2",,2023,"ARP","607964 (Ended Apr 20, 2023), 606341 (Started Apr 20, 2023)",9,,"Alameda County","CA001","001","Electric Utility",37.7965,-121.6049,"Mariposa Energy, Limited Liability Corporation (Owner)|Mariposa Energy, Limited Liability Corporation (Operator)","Phase 2",,"Combustion turbine","Pipeline Natural Gas",,,"Selective Catalytic Reduction",,,"2012-06-12","Operating",481,"CTG2 (49.87)"
"CA","Mariposa Energy Project",57483,"GT-2",,2024,"ARP","606341",9,,"Alameda County","CA001","001","Electric Utility",37.7965,-121.6049,"Mariposa Energy, Limited Liability Corporation (Owner)|Mariposa Energy, Limited Liability Corporation (Operator)","Phase 2",,"Combustion turbine","Pipeline Natural Gas",,,"Selective Catalytic Reduction",,,"2012-06-12","Operating",481,"CTG2 (49.87)"
"CA","Mariposa Energy Project",57483,"GT-2",,2025,"ARP","606341",9,,"Alameda County","CA001","001","Electric Utility",37.7965,-121.6049,"Mariposa Energy, Limited Liability Corporation (Owner)|Mariposa Energy, Limited Liability Corporation (Operator)","Phase 2",,"Combustion turbine","Pipeline Natural Gas",,,"Selective Catalytic Reduction",,,"2012-06-12","Operating",481,"CTG2 (49.87)"
"CA","Mariposa Energy Project",57483,"GT-3",,2022,"ARP","607964",9,,"Alameda County","CA001","001","Electric Utility",37.7965,-121.6049,"Mariposa Energy, Limited Liability Corporation (Owner)|Mariposa Energy, Limited Liability Corporation (Operator)","Phase 2",,"Combustion turbine","Pipeline Natural Gas",,,"Selective Catalytic Reduction",,,"2012-06-08","Operating",481,"CTG3 (49.87)"
"CA","Mariposa Energy Project",57483,"GT-3",,2023,"ARP","607964 (Ended Apr 20, 2023), 606341 (Started Apr 20, 2023)",9,,"Alameda County","CA001","001","Electric Utility",37.7965,-121.6049,"Mariposa Energy, Limited Liability Corporation (Owner)|Mariposa Energy, Limited Liability Corporation (Operator)","Phase 2",,"Combustion turbine","Pipeline Natural Gas",,,"Selective Catalytic Reduction",,,"2012-06-08","Operating",481,"CTG3 (49.87)"
"CA","Mariposa Energy Project",57483,"GT-3",,2024,"ARP","606341",9,,"Alameda County","CA001","001","Electric Utility",37.7965,-121.6049,"Mariposa Energy, Limited Liability Corporation (Owner)|Mariposa Energy, Limited Liability Corporation (Operator)","Phase 2",,"Combustion turbine","Pipeline Natural Gas",,,"Selective Catalytic Reduction",,,"2012-06-08","Operating",481,"CTG3 (49.87)"
"CA","Mariposa Energy Project",57483,"GT-3",,2025,"ARP","606341",9,,"Alameda County","CA001","001","Electric Utility",37.7965,-121.6049,"Mariposa Energy, Limited Liability Corporation (Owner)|Mariposa Energy, Limited Liability Corporation (Operator)","Phase 2",,"Combustion turbine","Pipeline Natural Gas",,,"Selective Catalytic Reduction",,,"2012-06-08","Operating",481,"CTG3 (49.87)"
"CA","Mariposa Energy Project",57483,"GT-4",,2022,"ARP","607964",9,,"Alameda County","CA001","001","Electric Utility",37.7965,-121.6049,"Mariposa Energy, Limited Liability Corporation (Owner)|Mariposa Energy, Limited Liability Corporation (Operator)","Phase 2",,"Combustion turbine","Pipeline Natural Gas",,,"Selective Catalytic Reduction",,,"2012-06-14","Operating",481,"CTG4 (49.87)"
"CA","Mariposa Energy Project",57483,"GT-4",,2023,"ARP","607964 (Ended Apr 20, 2023), 606341 (Started Apr 20, 2023)",9,,"Alameda County","CA001","001","Electric Utility",37.7965,-121.6049,"Mariposa Energy, Limited Liability Corporation (Owner)|Mariposa Energy, Limited Liability Corporation (Operator)","Phase 2",,"Combustion turbine","Pipeline Natural Gas",,,"Selective Catalytic Reduction",,,"2012-06-14","Operating",481,"CTG4 (49.87)"
"CA","Mariposa Energy Project",57483,"GT-4",,2024,"ARP","606341",9,,"Alameda County","CA001","001","Electric Utility",37.7965,-121.6049,"Mariposa Energy, Limited Liability Corporation (Owner)|Mariposa Energy, Limited Liability Corporation (Operator)","Phase 2",,"Combustion turbine","Pipeline Natural Gas",,,"Selective Catalytic Reduction",,,"2012-06-14","Operating",481,"CTG4 (49.87)"
"CA","Mariposa Energy Project",57483,"GT-4",,2025,"ARP","606341",9,,"Alameda County","CA001","001","Electric Utility",37.7965,-121.6049,"Mariposa Energy, Limited Liability Corporation (Owner)|Mariposa Energy, Limited Liability Corporation (Operator)","Phase 2",,"Combustion turbine","Pipeline Natural Gas",,,"Selective Catalytic Reduction",,,"2012-06-14","Operating",481,"CTG4 (49.87)"
"CA","Walnut Creek Energy Park",57515,"GT1",,2022,"ARP","609365",9,,"Los Angeles County","CA037","037","Electric Utility",34.0078,-117.9425,"Walnut Creek Energy, LLC (Owner)|Walnut Creek Energy, LLC (Operator)","Phase 2",,"Combustion turbine","Pipeline Natural Gas",,,"Water Injection|Selective Catalytic Reduction",,,"2012-12-31","Operating",891.7,"GT1 (100)"
"CA","Walnut Creek Energy Park",57515,"GT1",,2023,"ARP","609365",9,,"Los Angeles County","CA037","037","Electric Utility",34.0078,-117.9425,"Walnut Creek Energy, LLC (Owner)|Walnut Creek Energy, LLC (Operator)","Phase 2",,"Combustion turbine","Pipeline Natural Gas",,,"Water Injection|Selective Catalytic Reduction",,,"2012-12-31","Operating",891.7,"GT1 (100)"
"CA","Walnut Creek Energy Park",57515,"GT1",,2024,"ARP","609365",9,,"Los Angeles County","CA037","037","Electric Utility",34.0078,-117.9425,"Walnut Creek Energy, LLC (Owner)|Walnut Creek Energy, LLC (Operator)","Phase 2",,"Combustion turbine","Pipeline Natural Gas",,,"Water Injection|Selective Catalytic Reduction",,,"2012-12-31","Operating",951,"GT1 (100)"
"CA","Walnut Creek Energy Park",57515,"GT1",,2025,"ARP","609365",9,,"Los Angeles County","CA037","037","Electric Utility",34.0078,-117.9425,"Walnut Creek Energy, LLC (Owner)|Walnut Creek Energy, LLC (Operator)","Phase 2",,"Combustion turbine","Pipeline Natural Gas",,,"Water Injection|Selective Catalytic Reduction",,,"2012-12-31","Operating",951,"GT1 (100)"
"CA","Walnut Creek Energy Park",57515,"GT2",,2022,"ARP","609365",9,,"Los Angeles County","CA037","037","Electric Utility",34.0078,-117.9425,"Walnut Creek Energy, LLC (Owner)|Walnut Creek Energy, LLC (Operator)","Phase 2",,"Combustion turbine","Pipeline Natural Gas",,,"Water Injection|Selective Catalytic Reduction",,,"2013-01-12","Operating",891.7,"GT2 (100)"
"CA","Walnut Creek Energy Park",57515,"GT2",,2023,"ARP","609365",9,,"Los Angeles County","CA037","037","Electric Utility",34.0078,-117.9425,"Walnut Creek Energy, LLC (Owner)|Walnut Creek Energy, LLC (Operator)","Phase 2",,"Combustion turbine","Pipeline Natural Gas",,,"Water Injection|Selective Catalytic Reduction",,,"2013-01-12","Operating",891.7,"GT2 (100)"
"CA","Walnut Creek Energy Park",57515,"GT2",,2024,"ARP","609365",9,,"Los Angeles County","CA037","037","Electric Utility",34.0078,-117.9425,"Walnut Creek Energy, LLC (Owner)|Walnut Creek Energy, LLC (Operator)","Phase 2",,"Combustion turbine","Pipeline Natural Gas",,,"Water Injection|Selective Catalytic Reduction",,,"2013-01-12","Operating",951,"GT2 (100)"
"CA","Walnut Creek Energy Park",57515,"GT2",,2025,"ARP","609365",9,,"Los Angeles County","CA037","037","Electric Utility",34.0078,-117.9425,"Walnut Creek Energy, LLC (Owner)|Walnut Creek Energy, LLC (Operator)","Phase 2",,"Combustion turbine","Pipeline Natural Gas",,,"Water Injection|Selective Catalytic Reduction",,,"2013-01-12","Operating",951,"GT2 (100)"
"CA","Walnut Creek Energy Park",57515,"GT3",,2022,"ARP","609365",9,,"Los Angeles County","CA037","037","Electric Utility",34.0078,-117.9425,"Walnut Creek Energy, LLC (Owner)|Walnut Creek Energy, LLC (Operator)","Phase 2",,"Combustion turbine","Pipeline Natural Gas",,,"Water Injection|Selective Catalytic Reduction",,,"2013-02-09","Operating",891.7,"GT3 (100)"
"CA","Walnut Creek Energy Park",57515,"GT3",,2023,"ARP","609365",9,,"Los Angeles County","CA037","037","Electric Utility",34.0078,-117.9425,"Walnut Creek Energy, LLC (Owner)|Walnut Creek Energy, LLC (Operator)","Phase 2",,"Combustion turbine","Pipeline Natural Gas",,,"Water Injection|Selective Catalytic Reduction",,,"2013-02-09","Operating",891.7,"GT3 (100)"
"CA","Walnut Creek Energy Park",57515,"GT3",,2024,"ARP","609365",9,,"Los Angeles County","CA037","037","Electric Utility",34.0078,-117.9425,"Walnut Creek Energy, LLC (Owner)|Walnut Creek Energy, LLC (Operator)","Phase 2",,"Combustion turbine","Pipeline Natural Gas",,,"Water Injection|Selective Catalytic Reduction",,,"2013-02-09","Operating",951,"GT3 (100)"
"CA","Walnut Creek Energy Park",57515,"GT3",,2025,"ARP","609365",9,,"Los Angeles County","CA037","037","Electric Utility",34.0078,-117.9425,"Walnut Creek Energy, LLC (Owner)|Walnut Creek Energy, LLC (Operator)","Phase 2",,"Combustion turbine","Pipeline Natural Gas",,,"Water Injection|Selective Catalytic Reduction",,,"2013-02-09","Operating",951,"GT3 (100)"
"CA","Walnut Creek Energy Park",57515,"GT4",,2022,"ARP","609365",9,,"Los Angeles County","CA037","037","Electric Utility",34.0078,-117.9425,"Walnut Creek Energy, LLC (Owner)|Walnut Creek Energy, LLC (Operator)","Phase 2",,"Combustion turbine","Pipeline Natural Gas",,,"Water Injection|Selective Catalytic Reduction",,,"2013-02-09","Operating",891.7,"GT4 (100)"
"CA","Walnut Creek Energy Park",57515,"GT4",,2023,"ARP","609365",9,,"Los Angeles County","CA037","037","Electric Utility",34.0078,-117.9425,"Walnut Creek Energy, LLC (Owner)|Walnut Creek Energy, LLC (Operator)","Phase 2",,"Combustion turbine","Pipeline Natural Gas",,,"Water Injection|Selective Catalytic Reduction",,,"2013-02-09","Operating",891.7,"GT4 (100)"
"CA","Walnut Creek Energy Park",57515,"GT4",,2024,"ARP","609365",9,,"Los Angeles County","CA037","037","Electric Utility",34.0078,-117.9425,"Walnut Creek Energy, LLC (Owner)|Walnut Creek Energy, LLC (Operator)","Phase 2",,"Combustion turbine","Pipeline Natural Gas",,,"Water Injection|Selective Catalytic Reduction",,,"2013-02-09","Operating",951,"GT4 (100)"
"CA","Walnut Creek Energy Park",57515,"GT4",,2025,"ARP","609365",9,,"Los Angeles County","CA037","037","Electric Utility",34.0078,-117.9425,"Walnut Creek Energy, LLC (Owner)|Walnut Creek Energy, LLC (Operator)","Phase 2",,"Combustion turbine","Pipeline Natural Gas",,,"Water Injection|Selective Catalytic Reduction",,,"2013-02-09","Operating",951,"GT4 (100)"
"CA","Walnut Creek Energy Park",57515,"GT5",,2022,"ARP","609365",9,,"Los Angeles County","CA037","037","Electric Utility",34.0078,-117.9425,"Walnut Creek Energy, LLC (Owner)|Walnut Creek Energy, LLC (Operator)","Phase 2",,"Combustion turbine","Pipeline Natural Gas",,,"Water Injection|Selective Catalytic Reduction",,,"2013-03-08","Operating",891.7,"GT5 (100)"
"CA","Walnut Creek Energy Park",57515,"GT5",,2023,"ARP","609365",9,,"Los Angeles County","CA037","037","Electric Utility",34.0078,-117.9425,"Walnut Creek Energy, LLC (Owner)|Walnut Creek Energy, LLC (Operator)","Phase 2",,"Combustion turbine","Pipeline Natural Gas",,,"Water Injection|Selective Catalytic Reduction",,,"2013-03-08","Operating",891.7,"GT5 (100)"
"CA","Walnut Creek Energy Park",57515,"GT5",,2024,"ARP","609365",9,,"Los Angeles County","CA037","037","Electric Utility",34.0078,-117.9425,"Walnut Creek Energy, LLC (Owner)|Walnut Creek Energy, LLC (Operator)","Phase 2",,"Combustion turbine","Pipeline Natural Gas",,,"Water Injection|Selective Catalytic Reduction",,,"2013-03-08","Operating",951,"GT5 (100)"
"CA","Walnut Creek Energy Park",57515,"GT5",,2025,"ARP","609365",9,,"Los Angeles County","CA037","037","Electric Utility",34.0078,-117.9425,"Walnut Creek Energy, LLC (Owner)|Walnut Creek Energy, LLC (Operator)","Phase 2",,"Combustion turbine","Pipeline Natural Gas",,,"Water Injection|Selective Catalytic Reduction",,,"2013-03-08","Operating",951,"GT5 (100)"
"CA","Pio Pico Energy Center LLC",57555,"CTG1",,2022,"ARP","603492",9,,"San Diego County","CA073","073","Electric Utility",32.5739,-116.9178,"Pio Pico Energy Center LLC (Owner)|Pio Pico Energy Center LLC (Operator)","Phase 2",,"Combustion turbine","Pipeline Natural Gas",,,"Water Injection|Selective Catalytic Reduction",,,"2016-08-06","Operating",1000,"CTG1 (106)"
"CA","Pio Pico Energy Center LLC",57555,"CTG1",,2023,"ARP","603492",9,,"San Diego County","CA073","073","Electric Utility",32.5739,-116.9178,"Pio Pico Energy Center LLC (Owner)|Pio Pico Energy Center LLC (Operator)","Phase 2",,"Combustion turbine","Pipeline Natural Gas",,,"Water Injection|Selective Catalytic Reduction",,,"2016-08-06","Operating",1000,"CTG1 (106)"
"CA","Pio Pico Energy Center LLC",57555,"CTG1",,2024,"ARP","603492",9,,"San Diego County","CA073","073","Electric Utility",32.5739,-116.9178,"Pio Pico Energy Center LLC (Owner)|Pio Pico Energy Center LLC (Operator)","Phase 2",,"Combustion turbine","Pipeline Natural Gas",,,"Water Injection|Selective Catalytic Reduction",,,"2016-08-06","Operating",1000,"CTG1 (106)"
"CA","Pio Pico Energy Center LLC",57555,"CTG1",,2025,"ARP","603492",9,,"San Diego County","CA073","073","Electric Utility",32.5739,-116.9178,"Pio Pico Energy Center LLC (Owner)|Pio Pico Energy Center LLC (Operator)","Phase 2",,"Combustion turbine","Pipeline Natural Gas",,,"Water Injection|Selective Catalytic Reduction",,,"2016-08-06","Operating",1000,"CTG1 (106)"
"CA","Pio Pico Energy Center LLC",57555,"CTG2",,2022,"ARP","603492",9,,"San Diego County","CA073","073","Electric Utility",32.5739,-116.9178,"Pio Pico Energy Center LLC (Owner)|Pio Pico Energy Center LLC (Operator)","Phase 2",,"Combustion turbine","Pipeline Natural Gas",,,"Water Injection|Selective Catalytic Reduction",,,"2016-07-22","Operating",1000,"CTG2 (106)"
"CA","Pio Pico Energy Center LLC",57555,"CTG2",,2023,"ARP","603492",9,,"San Diego County","CA073","073","Electric Utility",32.5739,-116.9178,"Pio Pico Energy Center LLC (Owner)|Pio Pico Energy Center LLC (Operator)","Phase 2",,"Combustion turbine","Pipeline Natural Gas",,,"Water Injection|Selective Catalytic Reduction",,,"2016-07-22","Operating",1000,"CTG2 (106)"
"CA","Pio Pico Energy Center LLC",57555,"CTG2",,2024,"ARP","603492",9,,"San Diego County","CA073","073","Electric Utility",32.5739,-116.9178,"Pio Pico Energy Center LLC (Owner)|Pio Pico Energy Center LLC (Operator)","Phase 2",,"Combustion turbine","Pipeline Natural Gas",,,"Water Injection|Selective Catalytic Reduction",,,"2016-07-22","Operating",1000,"CTG2 (106)"
"CA","Pio Pico Energy Center LLC",57555,"CTG2",,2025,"ARP","603492",9,,"San Diego County","CA073","073","Electric Utility",32.5739,-116.9178,"Pio Pico Energy Center LLC (Owner)|Pio Pico Energy Center LLC (Operator)","Phase 2",,"Combustion turbine","Pipeline Natural Gas",,,"Water Injection|Selective Catalytic Reduction",,,"2016-07-22","Operating",1000,"CTG2 (106)"
"CA","Pio Pico Energy Center LLC",57555,"CTG3",,2022,"ARP","603492",9,,"San Diego County","CA073","073","Electric Utility",32.5739,-116.9178,"Pio Pico Energy Center LLC (Owner)|Pio Pico Energy Center LLC (Operator)","Phase 2",,"Combustion turbine","Pipeline Natural Gas",,,"Water Injection|Selective Catalytic Reduction",,,"2016-07-03","Operating",1000,"CTG3 (106)"
"CA","Pio Pico Energy Center LLC",57555,"CTG3",,2023,"ARP","603492",9,,"San Diego County","CA073","073","Electric Utility",32.5739,-116.9178,"Pio Pico Energy Center LLC (Owner)|Pio Pico Energy Center LLC (Operator)","Phase 2",,"Combustion turbine","Pipeline Natural Gas",,,"Water Injection|Selective Catalytic Reduction",,,"2016-07-03","Operating",1000,"CTG3 (106)"
"CA","Pio Pico Energy Center LLC",57555,"CTG3",,2024,"ARP","603492",9,,"San Diego County","CA073","073","Electric Utility",32.5739,-116.9178,"Pio Pico Energy Center LLC (Owner)|Pio Pico Energy Center LLC (Operator)","Phase 2",,"Combustion turbine","Pipeline Natural Gas",,,"Water Injection|Selective Catalytic Reduction",,,"2016-07-03","Operating",1000,"CTG3 (106)"
"CA","Pio Pico Energy Center LLC",57555,"CTG3",,2025,"ARP","603492",9,,"San Diego County","CA073","073","Electric Utility",32.5739,-116.9178,"Pio Pico Energy Center LLC (Owner)|Pio Pico Energy Center LLC (Operator)","Phase 2",,"Combustion turbine","Pipeline Natural Gas",,,"Water Injection|Selective Catalytic Reduction",,,"2016-07-03","Operating",1000,"CTG3 (106)"
"CA","Algonquin Power Sanger",57564,"8",,2022,"ARP","607688",9,,"Fresno County","CA019","019","Electric Utility",36.6842,-119.5522,"Algonquin Power Sanger, LLC (Owner)|Algonquin Power Sanger, LLC (Operator)","Phase 2",,"Combined cycle","Pipeline Natural Gas",,,"Water Injection|Selective Catalytic Reduction",,,"2007-12-01","Operating",430,"CTG (49), STG2 (12.5)"
"CA","Algonquin Power Sanger",57564,"8",,2023,"ARP","607688",9,,"Fresno County","CA019","019","Electric Utility",36.6842,-119.5522,"Algonquin Power Sanger, LLC (Owner)|Algonquin Power Sanger, LLC (Operator)","Phase 2",,"Combined cycle","Pipeline Natural Gas",,,"Water Injection|Selective Catalytic Reduction",,,"2007-12-01","Operating",430,"CTG (49), STG2 (12.5)"
"CA","Algonquin Power Sanger",57564,"8",,2024,"ARP","607688",9,,"Fresno County","CA019","019","Electric Utility",36.6842,-119.5522,"Algonquin Power Sanger, LLC (Owner)|Algonquin Power Sanger, LLC (Operator)","Phase 2",,"Combined cycle","Pipeline Natural Gas",,,"Water Injection|Selective Catalytic Reduction",,,"2007-12-01","Operating",430,"CTG (49), STG2 (12.5)"
"CA","Algonquin Power Sanger",57564,"8",,2025,"ARP","607688",9,,"Fresno County","CA019","019","Electric Utility",36.6842,-119.5522,"Algonquin Power Sanger, LLC (Owner)|Algonquin Power Sanger, LLC (Operator)","Phase 2",,"Combined cycle","Pipeline Natural Gas",,,"Water Injection|Selective Catalytic Reduction",,,"2007-12-01","Operating",430,"CTG (49), STG2 (12.5)"
"CA","Lodi Energy Center",57978,"CT1",,2022,"ARP","602222",9,,"San Joaquin County","CA077","077","Electric Utility",38.088,-121.3867,"Northern California Power Agency (Owner)|Northern California Power Agency (Operator)","Phase 2",,"Combined cycle","Pipeline Natural Gas",,,"Selective Catalytic Reduction",,,"2012-09-01","Operating",2250,"CT1 (185), ST1 (130)"
"CA","Lodi Energy Center",57978,"CT1",,2023,"ARP","602222 (Ended Jan 26, 2023), 609556 (Started Jan 26, 2023)",9,,"San Joaquin County","CA077","077","Electric Utility",38.088,-121.3867,"Northern California Power Agency (Owner)|Northern California Power Agency (Operator)","Phase 2",,"Combined cycle","Pipeline Natural Gas",,,"Selective Catalytic Reduction",,,"2012-09-01","Operating",2250,"CT1 (185), ST1 (130)"
"CA","Lodi Energy Center",57978,"CT1",,2024,"ARP","609556",9,,"San Joaquin County","CA077","077","Electric Utility",38.088,-121.3867,"Northern California Power Agency (Owner)|Northern California Power Agency (Operator)","Phase 2",,"Combined cycle","Pipeline Natural Gas",,,"Selective Catalytic Reduction",,,"2012-09-01","Operating",2250,"CT1 (185), ST1 (130)"
"CA","Lodi Energy Center",57978,"CT1",,2025,"ARP","609556",9,,"San Joaquin County","CA077","077","Electric Utility",38.088,-121.3867,"Northern California Power Agency (Owner)|Northern California Power Agency (Operator)","Phase 2",,"Combined cycle","Pipeline Natural Gas",,,"Selective Catalytic Reduction",,,"2012-09-01","Operating",2250,"CT1 (185), ST1 (130)"
"CA","Delano Energy Center, LLC",58122,"GEN1",,2022,"ARP","602281",9,,"Tulare County","CA107","107","Electric Utility",35.7909,-119.2945,"Delano Energy Center, LLC (Owner)|Wellhead Services, Inc. (Operator)","Phase 2",,"Combustion turbine","Pipeline Natural Gas",,,"Water Injection|Selective Catalytic Reduction",,,"2012-11-09","Operating",500,"GEN1 (59.5)"
"CA","Delano Energy Center, LLC",58122,"GEN1",,2023,"ARP","602281",9,,"Tulare County","CA107","107","Electric Utility",35.7909,-119.2945,"Delano Energy Center, LLC (Owner)|Wellhead Services, Inc. (Operator)","Phase 2",,"Combustion turbine","Pipeline Natural Gas",,,"Water Injection|Selective Catalytic Reduction",,,"2012-11-09","Operating",500,"GEN1 (59.5)"
"CA","Delano Energy Center, LLC",58122,"GEN1",,2024,"ARP","602281",9,,"Tulare County","CA107","107","Electric Utility",35.7909,-119.2945,"Delano Energy Center, LLC (Owner)|Wellhead Services, Inc. (Operator)","Phase 2",,"Combustion turbine","Pipeline Natural Gas",,,"Water Injection|Selective Catalytic Reduction",,,"2012-11-09","Operating",500,"GEN1 (59.5)"
"CA","Delano Energy Center, LLC",58122,"GEN1",,2025,"ARP","602281",9,,"Tulare County","CA107","107","Electric Utility",35.7909,-119.2945,"Delano Energy Center, LLC (Owner)|Wellhead Services, Inc. (Operator)","Phase 2",,"Combustion turbine","Pipeline Natural Gas",,,"Water Injection|Selective Catalytic Reduction",,,"2012-11-09","Operating",500,"GEN1 (59.5)"
"CA","Stanton Energy Reliability Center",60698,"D1",,2022,"ARP","601499",9,,"Orange County","CA059","059","Electric Utility",33.807,-117.9864,"Stanton Energy Reliability Center, LLC (Owner)|Wellhead Services, Inc. (Operator)","Phase 2",,"Combustion turbine","Pipeline Natural Gas",,,"Water Injection|Selective Catalytic Reduction",,,"2020-04-20","Operating",500,"GT1 (60.5)"
"CA","Stanton Energy Reliability Center",60698,"D1",,2023,"ARP","601499",9,,"Orange County","CA059","059","Electric Utility",33.807,-117.9864,"Stanton Energy Reliability Center, LLC (Owner)|Wellhead Services, Inc. (Operator)","Phase 2",,"Combustion turbine","Pipeline Natural Gas",,,"Water Injection|Selective Catalytic Reduction",,,"2020-04-20","Operating",500,"GT1 (60.5)"
"CA","Stanton Energy Reliability Center",60698,"D1",,2024,"ARP","601499",9,,"Orange County","CA059","059","Electric Utility",33.807,-117.9864,"Stanton Energy Reliability Center, LLC (Owner)|Wellhead Services, Inc. (Operator)","Phase 2",,"Combustion turbine","Pipeline Natural Gas",,,"Water Injection|Selective Catalytic Reduction",,,"2020-04-20","Operating",500,"GT1 (60.5)"
"CA","Stanton Energy Reliability Center",60698,"D1",,2025,"ARP","601499",9,,"Orange County","CA059","059","Electric Utility",33.807,-117.9864,"Stanton Energy Reliability Center, LLC (Owner)|Wellhead Services, Inc. (Operator)","Phase 2",,"Combustion turbine","Pipeline Natural Gas",,,"Water Injection|Selective Catalytic Reduction",,,"2020-04-20","Operating",500,"GT1 (60.5)"
"CA","Stanton Energy Reliability Center",60698,"D7",,2022,"ARP","601499",9,,"Orange County","CA059","059","Electric Utility",33.807,-117.9864,"Stanton Energy Reliability Center, LLC (Owner)|Wellhead Services, Inc. (Operator)","Phase 2",,"Combustion turbine","Pipeline Natural Gas",,,"Water Injection|Selective Catalytic Reduction",,,"2020-04-17","Operating",500,"GT2 (60.5)"
"CA","Stanton Energy Reliability Center",60698,"D7",,2023,"ARP","601499",9,,"Orange County","CA059","059","Electric Utility",33.807,-117.9864,"Stanton Energy Reliability Center, LLC (Owner)|Wellhead Services, Inc. (Operator)","Phase 2",,"Combustion turbine","Pipeline Natural Gas",,,"Water Injection|Selective Catalytic Reduction",,,"2020-04-17","Operating",500,"GT2 (60.5)"
"CA","Stanton Energy Reliability Center",60698,"D7",,2024,"ARP","601499",9,,"Orange County","CA059","059","Electric Utility",33.807,-117.9864,"Stanton Energy Reliability Center, LLC (Owner)|Wellhead Services, Inc. (Operator)","Phase 2",,"Combustion turbine","Pipeline Natural Gas",,,"Water Injection|Selective Catalytic Reduction",,,"2020-04-17","Operating",500,"GT2 (60.5)"
"CA","Stanton Energy Reliability Center",60698,"D7",,2025,"ARP","601499",9,,"Orange County","CA059","059","Electric Utility",33.807,-117.9864,"Stanton Energy Reliability Center, LLC (Owner)|Wellhead Services, Inc. (Operator)","Phase 2",,"Combustion turbine","Pipeline Natural Gas",,,"Water Injection|Selective Catalytic Reduction",,,"2020-04-17","Operating",500,"GT2 (60.5)"
