"generator","generator_name","curtailment_date","pmax_mw","curtailment_mw","expected_available_mw","RESOURCEBID_SEQ","daily_max_mw","mw_error","pct_error"
"ADLIN_1_UNITS","GEYSERS AIDLIN AGGREGATE",2023-05-23,22,13,9,316580,8.94,-0.0600000000000005,-0.00666666666666672
"ADLIN_1_UNITS","GEYSERS AIDLIN AGGREGATE",2023-05-24,22,13,9,316580,8.98,-0.0199999999999996,-0.00222222222222217
"ADLIN_1_UNITS","GEYSERS AIDLIN AGGREGATE",2023-05-25,22,13,9,316580,8.86,-0.140000000000001,-0.0155555555555556
"AKINGS_6_AMESR1","American Kings Solar",2024-09-07,123,50.5,72.5,828735,72.2,-0.299999999999997,-0.00413793103448272
"AKINGS_6_AMESR1","American Kings Solar",2024-09-08,123,50.5,72.5,828735,71.19,-1.31,-0.0180689655172414
"ALHMBR_1_ALHSLR","SG Alhambra",2024-11-01,50,37,13,158082,13,0,0
"ALHMBR_1_ALHSLR","SG Alhambra",2024-11-04,50,37,13,158082,13,0,0
"ALHMBR_1_ALHSLR","SG Alhambra",2024-11-05,50,37,13,158082,13,0,0
"ALMASL_2_AL6BT6","Almasol 6 BES",2023-04-02,50,6,44,163688,45,1,0.0227272727272727
"ALMASL_2_AL6BT6","Almasol 6 BES",2023-04-29,50,6,44,163688,45,1,0.0227272727272727
"ALMASL_2_AL6BT6","Almasol 6 BES",2023-05-06,50,6,44,163688,45,1,0.0227272727272727
"ALMASL_2_AL6BT6","Almasol 6 BES",2023-05-07,50,6,44,163688,45,1,0.0227272727272727
"ARBWD_6_QF","Wind Resource II",2023-02-01,19.95,6.96,12.99,107701,13.1,0.110000000000001,0.00846805234796006
"ARBWD_6_QF","Wind Resource II",2024-11-04,19.95,9.51,10.44,107701,10.83,0.390000000000001,0.0373563218390805
"ARCOGN_2_UNITS","WATSON COGENERATION",2023-01-13,305,100,205,219791,205,0,0
"ARCOGN_2_UNITS","WATSON COGENERATION",2023-12-19,305,95,210,219791,203,-7,-0.0333333333333333
"ARCOGN_2_UNITS","WATSON COGENERATION",2024-11-11,305,100,205,219791,204,-1,-0.0048780487804878
"ARLVAL_5_SOLAR","Arlington Valley Solar Energy II",2024-09-09,127,27,100,105465,98,-2,-0.02
"ARLVAL_5_SOLAR","Arlington Valley Solar Energy II",2024-09-10,127,27,100,105465,104,4,0.04
"ARLVAL_5_SOLAR","Arlington Valley Solar Energy II",2024-09-13,127,27,100,105465,103,3,0.03
"ARLVAL_5_SOLAR","Arlington Valley Solar Energy II",2024-09-14,127,27,100,105465,98,-2,-0.02
"AVSOLR_2_SOLAR","AV SOLAR RANCH 1",2024-03-05,241.5,35.1,206.4,492855,212.1,5.69999999999999,0.0276162790697674
"AVSOLR_2_SOLAR","AV SOLAR RANCH 1",2024-03-07,241.5,35.1,206.4,492855,205.8,-0.599999999999994,-0.00290697674418602
"AVSOLR_2_SOLAR","AV SOLAR RANCH 1",2024-03-18,241.5,35.1,206.4,492855,203.6,-2.80000000000001,-0.0135658914728683
"AVSOLR_2_SOLAR","AV SOLAR RANCH 1",2024-03-19,241.5,35.1,206.4,492855,203.4,-3,-0.0145348837209302
"AVSOLR_2_SOLAR","AV SOLAR RANCH 1",2024-03-20,241.5,35.1,206.4,492855,208.4,2,0.00968992248062015
"AVSOLR_2_SOLAR","AV SOLAR RANCH 1",2024-03-21,241.5,35.1,206.4,492855,204.2,-2.20000000000002,-0.0106589147286823
"AVSOLR_2_SOLAR","AV SOLAR RANCH 1",2024-03-25,241.5,35.1,206.4,492855,204.7,-1.70000000000002,-0.00823643410852721
"AVSOLR_2_SOLAR","AV SOLAR RANCH 1",2024-03-26,241.5,35.1,206.4,492855,204.8,-1.59999999999999,-0.0077519379844961
"AVSOLR_2_SOLAR","AV SOLAR RANCH 1",2024-03-27,241.5,35.1,206.4,492855,205.5,-0.900000000000006,-0.0043604651162791
"AVSOLR_2_SOLAR","AV SOLAR RANCH 1",2024-03-28,241.5,35.1,206.4,492855,205.8,-0.599999999999994,-0.00290697674418602
"AVSOLR_2_SOLAR","AV SOLAR RANCH 1",2024-03-29,241.5,35.1,206.4,492855,205.8,-0.599999999999994,-0.00290697674418602
"AVSOLR_2_SOLAR","AV SOLAR RANCH 1",2024-04-02,241.5,35.1,206.4,492855,211.5,5.09999999999999,0.0247093023255814
"AVSOLR_2_SOLAR","AV SOLAR RANCH 1",2024-04-09,241.5,35.1,206.4,492855,210.2,3.79999999999998,0.0184108527131782
"BERCYN_2_BCEBT1","Bear Canyon Energy Storage",2024-09-09,13,1,12,153772,11.45,-0.550000000000001,-0.0458333333333334
"BERCYN_2_BCEBT1","Bear Canyon Energy Storage",2024-09-10,13,2,11,153772,11.39,0.390000000000001,0.0354545454545455
"BERCYN_2_BCEBT1","Bear Canyon Energy Storage",2024-09-11,13,2,11,153772,11.5,0.5,0.0454545454545455
"BERCYN_2_BCEBT1","Bear Canyon Energy Storage",2024-09-12,13,1,12,153772,11.42,-0.58,-0.0483333333333333
"BIGCRK_2_EXESWD","BIG CREEK HYDRO PROJECT PSP",2023-01-01,820,45,775,166600,799.47,24.47,0.0315741935483871
"BIGCRK_2_EXESWD","BIG CREEK HYDRO PROJECT PSP",2023-01-02,820,45,775,166600,799.47,24.47,0.0315741935483871
"BIGCRK_2_EXESWD","BIG CREEK HYDRO PROJECT PSP",2023-02-10,820,45,775,166600,799.47,24.47,0.0315741935483871
"BIGCRK_2_EXESWD","BIG CREEK HYDRO PROJECT PSP",2023-02-24,820,45,775,166600,799.47,24.47,0.0315741935483871
"BIGCRK_2_EXESWD","BIG CREEK HYDRO PROJECT PSP",2023-02-27,820,45,775,166600,799.47,24.47,0.0315741935483871
"BIGCRK_2_EXESWD","BIG CREEK HYDRO PROJECT PSP",2023-02-28,820,36,784,166600,799.47,15.47,0.0197321428571429
"BIGCRK_2_EXESWD","BIG CREEK HYDRO PROJECT PSP",2023-03-03,820,34,786,166600,799.47,13.47,0.0171374045801527
"BIGCRK_2_EXESWD","BIG CREEK HYDRO PROJECT PSP",2023-03-17,820,36,784,166600,799.47,15.47,0.0197321428571429
"BIGCRK_2_EXESWD","BIG CREEK HYDRO PROJECT PSP",2023-04-02,820,45,775,166600,799.47,24.47,0.0315741935483871
"BIGCRK_2_EXESWD","BIG CREEK HYDRO PROJECT PSP",2023-04-02,820,19.8,800.2,166600,799.47,-0.730000000000018,-0.000912271932017018
"BIGCRK_2_EXESWD","BIG CREEK HYDRO PROJECT PSP",2023-04-03,820,45,775,166600,799.47,24.47,0.0315741935483871
"BIGCRK_2_EXESWD","BIG CREEK HYDRO PROJECT PSP",2023-04-03,820,19.8,800.2,166600,799.47,-0.730000000000018,-0.000912271932017018
"BIGCRK_2_EXESWD","BIG CREEK HYDRO PROJECT PSP",2023-04-05,820,19.8,800.2,166600,799.47,-0.730000000000018,-0.000912271932017018
"BIGCRK_2_EXESWD","BIG CREEK HYDRO PROJECT PSP",2023-04-06,820,19.8,800.2,166600,799.47,-0.730000000000018,-0.000912271932017018
"BIGCRK_2_EXESWD","BIG CREEK HYDRO PROJECT PSP",2023-04-07,820,19.8,800.2,166600,799.47,-0.730000000000018,-0.000912271932017018
"BIGCRK_2_EXESWD","BIG CREEK HYDRO PROJECT PSP",2023-04-07,820,45,775,166600,799.47,24.47,0.0315741935483871
"BIGCRK_2_EXESWD","BIG CREEK HYDRO PROJECT PSP",2023-04-08,820,19.8,800.2,166600,799.47,-0.730000000000018,-0.000912271932017018
"BIGCRK_2_EXESWD","BIG CREEK HYDRO PROJECT PSP",2023-04-08,820,45,775,166600,799.47,24.47,0.0315741935483871
"BIGCRK_2_EXESWD","BIG CREEK HYDRO PROJECT PSP",2023-04-09,820,45,775,166600,799.47,24.47,0.0315741935483871
"BIGCRK_2_EXESWD","BIG CREEK HYDRO PROJECT PSP",2023-04-15,820,45,775,166600,799.47,24.47,0.0315741935483871
"BIGCRK_2_EXESWD","BIG CREEK HYDRO PROJECT PSP",2023-04-16,820,45,775,166600,799.47,24.47,0.0315741935483871
"BIGCRK_2_EXESWD","BIG CREEK HYDRO PROJECT PSP",2023-04-21,820,45,775,166600,799.47,24.47,0.0315741935483871
"BIGCRK_2_EXESWD","BIG CREEK HYDRO PROJECT PSP",2023-04-22,820,45,775,166600,799.47,24.47,0.0315741935483871
"BIGCRK_2_EXESWD","BIG CREEK HYDRO PROJECT PSP",2023-04-23,820,45,775,166600,799.47,24.47,0.0315741935483871
"BIGCRK_2_EXESWD","BIG CREEK HYDRO PROJECT PSP",2023-04-29,820,45,775,166600,792,17,0.0219354838709677
"BIGCRK_2_EXESWD","BIG CREEK HYDRO PROJECT PSP",2023-04-30,820,36.5,783.5,166600,799.47,15.97,0.020382897255903
"BIGCRK_2_EXESWD","BIG CREEK HYDRO PROJECT PSP",2023-04-30,820,45,775,166600,799.47,24.47,0.0315741935483871
"BIGCRK_2_EXESWD","BIG CREEK HYDRO PROJECT PSP",2023-05-01,820,36.5,783.5,166600,799.47,15.97,0.020382897255903
"BIGCRK_2_EXESWD","BIG CREEK HYDRO PROJECT PSP",2023-05-01,820,45,775,166600,799.47,24.47,0.0315741935483871
"BIGCRK_2_EXESWD","BIG CREEK HYDRO PROJECT PSP",2023-05-06,820,45,775,166600,799.47,24.47,0.0315741935483871
"BIGCRK_2_EXESWD","BIG CREEK HYDRO PROJECT PSP",2023-05-07,820,45,775,166600,799.47,24.47,0.0315741935483871
"BIGCRK_2_EXESWD","BIG CREEK HYDRO PROJECT PSP",2023-05-07,820,51.2,768.8,166600,799.47,30.6700000000001,0.0398933402705516
"BIGCRK_2_EXESWD","BIG CREEK HYDRO PROJECT PSP",2023-05-12,820,51.2,768.8,166600,799.47,30.6700000000001,0.0398933402705516
"BIGCRK_2_EXESWD","BIG CREEK HYDRO PROJECT PSP",2023-05-13,820,45,775,166600,799.47,24.47,0.0315741935483871
"BIGCRK_2_EXESWD","BIG CREEK HYDRO PROJECT PSP",2023-05-14,820,51.2,768.8,166600,799.47,30.6700000000001,0.0398933402705516
"BIGCRK_2_EXESWD","BIG CREEK HYDRO PROJECT PSP",2023-05-14,820,45,775,166600,799.47,24.47,0.0315741935483871
"BIGCRK_2_EXESWD","BIG CREEK HYDRO PROJECT PSP",2023-05-15,820,51.2,768.8,166600,799.47,30.6700000000001,0.0398933402705516
"BIGCRK_2_EXESWD","BIG CREEK HYDRO PROJECT PSP",2023-05-15,820,45,775,166600,799.47,24.47,0.0315741935483871
"BIGCRK_2_EXESWD","BIG CREEK HYDRO PROJECT PSP",2023-05-19,820,45,775,166600,799.47,24.47,0.0315741935483871
"BIGCRK_2_EXESWD","BIG CREEK HYDRO PROJECT PSP",2023-05-19,820,36.5,783.5,166600,799.47,15.97,0.020382897255903
"BIGCRK_2_EXESWD","BIG CREEK HYDRO PROJECT PSP",2023-05-20,820,45,775,166600,799.47,24.47,0.0315741935483871
"BIGCRK_2_EXESWD","BIG CREEK HYDRO PROJECT PSP",2023-05-21,820,45,775,166600,799.47,24.47,0.0315741935483871
"BIGCRK_2_EXESWD","BIG CREEK HYDRO PROJECT PSP",2023-05-21,820,52.3,767.7,166600,799.47,31.77,0.0413833528722157
"BIGCRK_2_EXESWD","BIG CREEK HYDRO PROJECT PSP",2023-05-27,820,45,775,166600,799.47,24.47,0.0315741935483871
"BIGCRK_2_EXESWD","BIG CREEK HYDRO PROJECT PSP",2023-05-28,820,45,775,166600,799.47,24.47,0.0315741935483871
"BIGCRK_2_EXESWD","BIG CREEK HYDRO PROJECT PSP",2023-06-02,820,45,775,166600,799.47,24.47,0.0315741935483871
"BIGCRK_2_EXESWD","BIG CREEK HYDRO PROJECT PSP",2023-06-03,820,45,775,166600,799.47,24.47,0.0315741935483871
"BIGCRK_2_EXESWD","BIG CREEK HYDRO PROJECT PSP",2023-06-04,820,45,775,166600,799.47,24.47,0.0315741935483871
"BIGCRK_2_EXESWD","BIG CREEK HYDRO PROJECT PSP",2023-06-08,820,36.5,783.5,166600,799.47,15.97,0.020382897255903
"BIGCRK_2_EXESWD","BIG CREEK HYDRO PROJECT PSP",2023-06-10,820,45,775,166600,799.47,24.47,0.0315741935483871
"BIGCRK_2_EXESWD","BIG CREEK HYDRO PROJECT PSP",2023-06-11,820,45,775,166600,799.47,24.47,0.0315741935483871
"BIGCRK_2_EXESWD","BIG CREEK HYDRO PROJECT PSP",2023-06-11,820,36.5,783.5,166600,799.47,15.97,0.020382897255903
"BIGCRK_2_EXESWD","BIG CREEK HYDRO PROJECT PSP",2023-06-16,820,36.5,783.5,166600,799.47,15.97,0.020382897255903
"BIGCRK_2_EXESWD","BIG CREEK HYDRO PROJECT PSP",2023-06-17,820,45,775,166600,799.47,24.47,0.0315741935483871
"BIGCRK_2_EXESWD","BIG CREEK HYDRO PROJECT PSP",2023-06-18,820,36.5,783.5,166600,799.47,15.97,0.020382897255903
"BIGCRK_2_EXESWD","BIG CREEK HYDRO PROJECT PSP",2023-06-18,820,45,775,166600,799.47,24.47,0.0315741935483871
"BIGCRK_2_EXESWD","BIG CREEK HYDRO PROJECT PSP",2023-06-22,820,45,775,166600,799.47,24.47,0.0315741935483871
"BIGCRK_2_EXESWD","BIG CREEK HYDRO PROJECT PSP",2023-06-24,820,45,775,166600,799.47,24.47,0.0315741935483871
"BIGCRK_2_EXESWD","BIG CREEK HYDRO PROJECT PSP",2023-06-30,820,45,775,166600,799.47,24.47,0.0315741935483871
"BIGCRK_2_EXESWD","BIG CREEK HYDRO PROJECT PSP",2023-07-02,820,45,775,166600,796,21,0.0270967741935484
"BIGCRK_2_EXESWD","BIG CREEK HYDRO PROJECT PSP",2023-07-08,820,45,775,166600,799.47,24.47,0.0315741935483871
"BIGCRK_2_EXESWD","BIG CREEK HYDRO PROJECT PSP",2023-07-09,820,45,775,166600,799.47,24.47,0.0315741935483871
"BIGCRK_2_EXESWD","BIG CREEK HYDRO PROJECT PSP",2023-07-10,820,45,775,166600,799.47,24.47,0.0315741935483871
"BIGCRK_2_EXESWD","BIG CREEK HYDRO PROJECT PSP",2023-07-10,820,10.8,809.2,166600,799.47,-9.73000000000002,-0.0120242214532872
"BIGCRK_2_EXESWD","BIG CREEK HYDRO PROJECT PSP",2023-07-15,820,21.6,798.4,166600,799.47,1.07000000000005,0.00134018036072151
"BIGCRK_2_EXESWD","BIG CREEK HYDRO PROJECT PSP",2023-07-15,820,45,775,166600,799.47,24.47,0.0315741935483871
"BIGCRK_2_EXESWD","BIG CREEK HYDRO PROJECT PSP",2023-07-16,820,45,775,166600,793,18,0.0232258064516129
"BIGCRK_2_EXESWD","BIG CREEK HYDRO PROJECT PSP",2023-07-22,820,45,775,166600,799.47,24.47,0.0315741935483871
"BIGCRK_2_EXESWD","BIG CREEK HYDRO PROJECT PSP",2023-07-23,820,45,775,166600,791,16,0.0206451612903226
"BIGCRK_2_EXESWD","BIG CREEK HYDRO PROJECT PSP",2023-07-29,820,45,775,166600,794,19,0.0245161290322581
"BIGCRK_2_EXESWD","BIG CREEK HYDRO PROJECT PSP",2023-07-30,820,45,775,166600,796,21,0.0270967741935484
"BIGCRK_2_EXESWD","BIG CREEK HYDRO PROJECT PSP",2023-07-31,820,45,775,166600,794,19,0.0245161290322581
"BIGCRK_2_EXESWD","BIG CREEK HYDRO PROJECT PSP",2023-08-01,820,55.8,764.2,166600,791,26.8,0.0350693535723632
"BIGCRK_2_EXESWD","BIG CREEK HYDRO PROJECT PSP",2023-08-01,820,45,775,166600,791,16,0.0206451612903226
"BIGCRK_2_EXESWD","BIG CREEK HYDRO PROJECT PSP",2023-08-02,820,45,775,166600,790,15,0.0193548387096774
"BIGCRK_2_EXESWD","BIG CREEK HYDRO PROJECT PSP",2023-08-05,820,45,775,166600,788,13,0.0167741935483871
"BIGCRK_2_EXESWD","BIG CREEK HYDRO PROJECT PSP",2023-08-06,820,45,775,166600,792,17,0.0219354838709677
"BIGCRK_2_EXESWD","BIG CREEK HYDRO PROJECT PSP",2023-08-12,820,45,775,166600,785,10,0.0129032258064516
"BIGCRK_2_EXESWD","BIG CREEK HYDRO PROJECT PSP",2023-08-13,820,45,775,166600,781,6,0.00774193548387097
"BIGCRK_2_EXESWD","BIG CREEK HYDRO PROJECT PSP",2023-08-18,820,45,775,166600,799.47,24.47,0.0315741935483871
"BIGCRK_2_EXESWD","BIG CREEK HYDRO PROJECT PSP",2023-08-19,820,45,775,166600,799.47,24.47,0.0315741935483871
"BIGCRK_2_EXESWD","BIG CREEK HYDRO PROJECT PSP",2023-09-04,820,45,775,166600,798,23,0.0296774193548387
"BIGCRK_2_EXESWD","BIG CREEK HYDRO PROJECT PSP",2023-09-04,820,10.8,809.2,166600,798,-11.2,-0.013840830449827
"BIGCRK_2_EXESWD","BIG CREEK HYDRO PROJECT PSP",2023-09-08,820,10.8,809.2,166600,797,-12.2,-0.0150766188828473
"BIGCRK_2_EXESWD","BIG CREEK HYDRO PROJECT PSP",2023-09-09,820,10.8,809.2,166600,780,-29.2,-0.0360850222441918
"BIGCRK_2_EXESWD","BIG CREEK HYDRO PROJECT PSP",2023-09-09,820,30,790,166600,780,-10,-0.0126582278481013
"BIGCRK_2_EXESWD","BIG CREEK HYDRO PROJECT PSP",2023-09-14,820,45,775,166600,799.47,24.47,0.0315741935483871
"BIGCRK_2_EXESWD","BIG CREEK HYDRO PROJECT PSP",2023-09-14,820,10.8,809.2,166600,799.47,-9.73000000000002,-0.0120242214532872
"BIGCRK_2_EXESWD","BIG CREEK HYDRO PROJECT PSP",2023-09-15,820,45,775,166600,799.47,24.47,0.0315741935483871
"BIGCRK_2_EXESWD","BIG CREEK HYDRO PROJECT PSP",2023-09-16,820,45,775,166600,799.47,24.47,0.0315741935483871
"BIGCRK_2_EXESWD","BIG CREEK HYDRO PROJECT PSP",2023-09-17,820,45,775,166600,799.47,24.47,0.0315741935483871
"BIGCRK_2_EXESWD","BIG CREEK HYDRO PROJECT PSP",2023-09-19,820,45,775,166600,791,16,0.0206451612903226
"BIGCRK_2_EXESWD","BIG CREEK HYDRO PROJECT PSP",2023-09-20,820,45,775,166600,794,19,0.0245161290322581
"BIGCRK_2_EXESWD","BIG CREEK HYDRO PROJECT PSP",2023-09-23,820,45,775,166600,793,18,0.0232258064516129
"BIGCRK_2_EXESWD","BIG CREEK HYDRO PROJECT PSP",2023-09-24,820,45,775,166600,794,19,0.0245161290322581
"BIGCRK_2_EXESWD","BIG CREEK HYDRO PROJECT PSP",2023-09-29,820,45,775,166600,799.47,24.47,0.0315741935483871
"BIGCRK_2_EXESWD","BIG CREEK HYDRO PROJECT PSP",2023-09-30,820,45,775,166600,799.47,24.47,0.0315741935483871
"BIGCRK_2_EXESWD","BIG CREEK HYDRO PROJECT PSP",2023-10-01,820,45,775,166600,799.47,24.47,0.0315741935483871
"BIGCRK_2_EXESWD","BIG CREEK HYDRO PROJECT PSP",2023-10-02,820,45,775,166600,799.47,24.47,0.0315741935483871
"BIGCRK_2_EXESWD","BIG CREEK HYDRO PROJECT PSP",2023-10-05,820,45,775,166600,799.47,24.47,0.0315741935483871
"BIGCRK_2_EXESWD","BIG CREEK HYDRO PROJECT PSP",2023-10-06,820,45,775,166600,799.47,24.47,0.0315741935483871
"BIGCRK_2_EXESWD","BIG CREEK HYDRO PROJECT PSP",2023-10-07,820,19,801,166600,799.47,-1.52999999999997,-0.00191011235955053
"BIGCRK_2_EXESWD","BIG CREEK HYDRO PROJECT PSP",2023-10-07,820,45,775,166600,799.47,24.47,0.0315741935483871
"BIGCRK_2_EXESWD","BIG CREEK HYDRO PROJECT PSP",2023-10-08,820,45,775,166600,799.47,24.47,0.0315741935483871
"BIGCRK_2_EXESWD","BIG CREEK HYDRO PROJECT PSP",2023-10-09,820,45,775,166600,799.47,24.47,0.0315741935483871
"BIGCRK_2_EXESWD","BIG CREEK HYDRO PROJECT PSP",2023-10-10,820,45,775,166600,799.47,24.47,0.0315741935483871
"BIGCRK_2_EXESWD","BIG CREEK HYDRO PROJECT PSP",2023-10-11,820,45,775,166600,799.47,24.47,0.0315741935483871
"BIGCRK_2_EXESWD","BIG CREEK HYDRO PROJECT PSP",2023-10-11,820,52.8,767.2,166600,799.47,32.27,0.0420620437956204
"BIGCRK_2_EXESWD","BIG CREEK HYDRO PROJECT PSP",2023-10-12,820,52.8,767.2,166600,799.47,32.27,0.0420620437956204
"BIGCRK_2_EXESWD","BIG CREEK HYDRO PROJECT PSP",2023-10-12,820,45,775,166600,799.47,24.47,0.0315741935483871
"BIGCRK_2_EXESWD","BIG CREEK HYDRO PROJECT PSP",2023-10-13,820,45,775,166600,799.47,24.47,0.0315741935483871
"BIGCRK_2_EXESWD","BIG CREEK HYDRO PROJECT PSP",2023-10-13,820,52.8,767.2,166600,799.47,32.27,0.0420620437956204
"BIGCRK_2_EXESWD","BIG CREEK HYDRO PROJECT PSP",2023-10-14,820,45,775,166600,799.47,24.47,0.0315741935483871
"BIGCRK_2_EXESWD","BIG CREEK HYDRO PROJECT PSP",2023-10-15,820,45,775,166600,799.47,24.47,0.0315741935483871
"BIGCRK_2_EXESWD","BIG CREEK HYDRO PROJECT PSP",2023-10-16,820,45,775,166600,799.47,24.47,0.0315741935483871
"BIGCRK_2_EXESWD","BIG CREEK HYDRO PROJECT PSP",2023-10-20,820,45,775,166600,799.47,24.47,0.0315741935483871
"BIGCRK_2_EXESWD","BIG CREEK HYDRO PROJECT PSP",2023-10-20,820,47,773,166600,799.47,26.47,0.0342432082794308
"BIGCRK_2_EXESWD","BIG CREEK HYDRO PROJECT PSP",2023-10-21,820,45,775,166600,799.47,24.47,0.0315741935483871
"BIGCRK_2_EXESWD","BIG CREEK HYDRO PROJECT PSP",2023-10-22,820,45,775,166600,799.47,24.47,0.0315741935483871
"BIGCRK_2_EXESWD","BIG CREEK HYDRO PROJECT PSP",2023-10-22,820,47,773,166600,799.47,26.47,0.0342432082794308
"BIGCRK_2_EXESWD","BIG CREEK HYDRO PROJECT PSP",2023-10-23,820,45,775,166600,799.47,24.47,0.0315741935483871
"BIGCRK_2_EXESWD","BIG CREEK HYDRO PROJECT PSP",2023-10-23,820,47,773,166600,799.47,26.47,0.0342432082794308
"BIGCRK_2_EXESWD","BIG CREEK HYDRO PROJECT PSP",2023-10-25,820,45,775,166600,799.47,24.47,0.0315741935483871
"BIGCRK_2_EXESWD","BIG CREEK HYDRO PROJECT PSP",2023-10-25,820,47,773,166600,799.47,26.47,0.0342432082794308
"BIGCRK_2_EXESWD","BIG CREEK HYDRO PROJECT PSP",2023-10-26,820,47,773,166600,799.47,26.47,0.0342432082794308
"BIGCRK_2_EXESWD","BIG CREEK HYDRO PROJECT PSP",2023-10-26,820,45,775,166600,799.47,24.47,0.0315741935483871
"BIGCRK_2_EXESWD","BIG CREEK HYDRO PROJECT PSP",2023-10-27,820,45,775,166600,799.47,24.47,0.0315741935483871
"BIGCRK_2_EXESWD","BIG CREEK HYDRO PROJECT PSP",2023-10-28,820,45,775,166600,799.47,24.47,0.0315741935483871
"BIGCRK_2_EXESWD","BIG CREEK HYDRO PROJECT PSP",2023-10-29,820,45,775,166600,799.47,24.47,0.0315741935483871
"BIGCRK_2_EXESWD","BIG CREEK HYDRO PROJECT PSP",2023-10-29,820,31.2,788.8,166600,799.47,10.6700000000001,0.0135268762677486
"BIGCRK_2_EXESWD","BIG CREEK HYDRO PROJECT PSP",2023-10-29,820,58.2,761.8,166600,799.47,37.6700000000001,0.0494486741927016
"BIGCRK_2_EXESWD","BIG CREEK HYDRO PROJECT PSP",2023-10-30,820,45,775,166600,799.47,24.47,0.0315741935483871
"BIGCRK_2_EXESWD","BIG CREEK HYDRO PROJECT PSP",2023-10-31,820,45,775,166600,799.47,24.47,0.0315741935483871
"BIGCRK_2_EXESWD","BIG CREEK HYDRO PROJECT PSP",2023-11-02,820,45,775,166600,799.47,24.47,0.0315741935483871
"BIGCRK_2_EXESWD","BIG CREEK HYDRO PROJECT PSP",2023-11-03,820,45,775,166600,799.47,24.47,0.0315741935483871
"BIGCRK_2_EXESWD","BIG CREEK HYDRO PROJECT PSP",2023-11-05,820,31.2,788.8,166600,799.47,10.6700000000001,0.0135268762677486
"BIGCRK_2_EXESWD","BIG CREEK HYDRO PROJECT PSP",2023-11-08,820,33,787,166600,799.47,12.47,0.0158449809402796
"BIGCRK_2_EXESWD","BIG CREEK HYDRO PROJECT PSP",2023-11-27,820,31.2,788.8,166600,799.47,10.6700000000001,0.0135268762677486
"BIGCRK_2_EXESWD","BIG CREEK HYDRO PROJECT PSP",2023-11-30,820,50,770,166600,799.47,29.47,0.0382727272727273
"BIGCRK_2_EXESWD","BIG CREEK HYDRO PROJECT PSP",2023-11-30,820,31.2,788.8,166600,799.47,10.6700000000001,0.0135268762677486
"BIGCRK_2_EXESWD","BIG CREEK HYDRO PROJECT PSP",2023-12-01,820,50,770,166600,799.47,29.47,0.0382727272727273
"BIGCRK_2_EXESWD","BIG CREEK HYDRO PROJECT PSP",2023-12-01,820,31.2,788.8,166600,799.47,10.6700000000001,0.0135268762677486
"BIGCRK_2_EXESWD","BIG CREEK HYDRO PROJECT PSP",2023-12-03,820,31.2,788.8,166600,799.47,10.6700000000001,0.0135268762677486
"BIGCRK_2_EXESWD","BIG CREEK HYDRO PROJECT PSP",2023-12-04,820,31.2,788.8,166600,799.47,10.6700000000001,0.0135268762677486
"BIGCRK_2_EXESWD","BIG CREEK HYDRO PROJECT PSP",2023-12-06,820,31.2,788.8,166600,799.47,10.6700000000001,0.0135268762677486
"BIGCRK_2_EXESWD","BIG CREEK HYDRO PROJECT PSP",2023-12-07,820,31.2,788.8,166600,799.47,10.6700000000001,0.0135268762677486
"BIGCRK_2_EXESWD","BIG CREEK HYDRO PROJECT PSP",2023-12-08,820,31.2,788.8,166600,799.47,10.6700000000001,0.0135268762677486
"BIGCRK_2_EXESWD","BIG CREEK HYDRO PROJECT PSP",2023-12-10,820,19.8,800.2,166600,799.47,-0.730000000000018,-0.000912271932017018
"BIGCRK_2_EXESWD","BIG CREEK HYDRO PROJECT PSP",2023-12-15,820,31.2,788.8,166600,799.47,10.6700000000001,0.0135268762677486
"BIGCRK_2_EXESWD","BIG CREEK HYDRO PROJECT PSP",2023-12-17,820,31.2,788.8,166600,799.47,10.6700000000001,0.0135268762677486
"BIGCRK_2_EXESWD","BIG CREEK HYDRO PROJECT PSP",2023-12-18,820,31.2,788.8,166600,799.47,10.6700000000001,0.0135268762677486
"BIGCRK_2_EXESWD","BIG CREEK HYDRO PROJECT PSP",2023-12-21,820,31.2,788.8,166600,799.47,10.6700000000001,0.0135268762677486
"BIGCRK_2_EXESWD","BIG CREEK HYDRO PROJECT PSP",2023-12-24,820,31.2,788.8,166600,799.47,10.6700000000001,0.0135268762677486
"BIGCRK_2_EXESWD","BIG CREEK HYDRO PROJECT PSP",2023-12-28,820,31.2,788.8,166600,799.47,10.6700000000001,0.0135268762677486
"BIGCRK_2_EXESWD","BIG CREEK HYDRO PROJECT PSP",2023-12-28,820,50,770,166600,799.47,29.47,0.0382727272727273
"BIGCRK_2_EXESWD","BIG CREEK HYDRO PROJECT PSP",2023-12-31,820,31.2,788.8,166600,799.47,10.6700000000001,0.0135268762677486
"BIGCRK_2_EXESWD","BIG CREEK HYDRO PROJECT PSP",2024-01-02,820,31.2,788.8,166600,799.47,10.6700000000001,0.0135268762677486
"BIGCRK_2_EXESWD","BIG CREEK HYDRO PROJECT PSP",2024-01-02,820,45,775,166600,799.47,24.47,0.0315741935483871
"BIGCRK_2_EXESWD","BIG CREEK HYDRO PROJECT PSP",2024-01-04,820,31.2,788.8,166600,799.47,10.6700000000001,0.0135268762677486
"BIGCRK_2_EXESWD","BIG CREEK HYDRO PROJECT PSP",2024-01-06,820,31.2,788.8,166600,799.47,10.6700000000001,0.0135268762677486
"BIGCRK_2_EXESWD","BIG CREEK HYDRO PROJECT PSP",2024-01-06,820,45,775,166600,799.47,24.47,0.0315741935483871
"BIGCRK_2_EXESWD","BIG CREEK HYDRO PROJECT PSP",2024-01-07,820,45,775,166600,799.47,24.47,0.0315741935483871
"BIGCRK_2_EXESWD","BIG CREEK HYDRO PROJECT PSP",2024-01-07,820,31.2,788.8,166600,799.47,10.6700000000001,0.0135268762677486
"BIGCRK_2_EXESWD","BIG CREEK HYDRO PROJECT PSP",2024-01-08,820,45,775,166600,799.47,24.47,0.0315741935483871
"BIGCRK_2_EXESWD","BIG CREEK HYDRO PROJECT PSP",2024-01-08,820,31.2,788.8,166600,799.47,10.6700000000001,0.0135268762677486
"BIGCRK_2_EXESWD","BIG CREEK HYDRO PROJECT PSP",2024-01-09,820,31.2,788.8,166600,799.47,10.6700000000001,0.0135268762677486
"BIGCRK_2_EXESWD","BIG CREEK HYDRO PROJECT PSP",2024-01-12,820,31.2,788.8,166600,799.47,10.6700000000001,0.0135268762677486
"BIGCRK_2_EXESWD","BIG CREEK HYDRO PROJECT PSP",2024-01-12,820,45,775,166600,799.47,24.47,0.0315741935483871
"BIGCRK_2_EXESWD","BIG CREEK HYDRO PROJECT PSP",2024-01-13,820,45,775,166600,799.47,24.47,0.0315741935483871
"BIGCRK_2_EXESWD","BIG CREEK HYDRO PROJECT PSP",2024-01-14,820,45,775,166600,799.47,24.47,0.0315741935483871
"BIGCRK_2_EXESWD","BIG CREEK HYDRO PROJECT PSP",2024-01-19,820,51.8,768.2,166600,799.47,31.27,0.0407055454308774
"BIGCRK_2_EXESWD","BIG CREEK HYDRO PROJECT PSP",2024-01-19,820,45,775,166600,799.47,24.47,0.0315741935483871
"BIGCRK_2_EXESWD","BIG CREEK HYDRO PROJECT PSP",2024-01-20,820,45,775,166600,799.47,24.47,0.0315741935483871
"BIGCRK_2_EXESWD","BIG CREEK HYDRO PROJECT PSP",2024-01-20,820,51.8,768.2,166600,799.47,31.27,0.0407055454308774
"BIGCRK_2_EXESWD","BIG CREEK HYDRO PROJECT PSP",2024-01-21,820,31.2,788.8,166600,799.47,10.6700000000001,0.0135268762677486
"BIGCRK_2_EXESWD","BIG CREEK HYDRO PROJECT PSP",2024-01-21,820,45,775,166600,799.47,24.47,0.0315741935483871
"BIGCRK_2_EXESWD","BIG CREEK HYDRO PROJECT PSP",2024-01-21,820,51.8,768.2,166600,799.47,31.27,0.0407055454308774
"BIGCRK_2_EXESWD","BIG CREEK HYDRO PROJECT PSP",2024-01-22,820,45,775,166600,799.47,24.47,0.0315741935483871
"BIGCRK_2_EXESWD","BIG CREEK HYDRO PROJECT PSP",2024-01-22,820,31.2,788.8,166600,799.47,10.6700000000001,0.0135268762677486
"BIGCRK_2_EXESWD","BIG CREEK HYDRO PROJECT PSP",2024-01-22,820,34,786,166600,799.47,13.47,0.0171374045801527
"BIGCRK_2_EXESWD","BIG CREEK HYDRO PROJECT PSP",2024-01-23,820,31.2,788.8,166600,799.47,10.6700000000001,0.0135268762677486
"BIGCRK_2_EXESWD","BIG CREEK HYDRO PROJECT PSP",2024-01-23,820,45,775,166600,799.47,24.47,0.0315741935483871
"BIGCRK_2_EXESWD","BIG CREEK HYDRO PROJECT PSP",2024-01-25,820,22.8,797.2,166600,799.47,2.26999999999998,0.00284746613146009
"BIGCRK_2_EXESWD","BIG CREEK HYDRO PROJECT PSP",2024-01-25,820,41.8,778.2,166600,799.47,21.27,0.0273323053199691
"BIGCRK_2_EXESWD","BIG CREEK HYDRO PROJECT PSP",2024-01-26,820,41.8,778.2,166600,799.47,21.27,0.0273323053199691
"BIGCRK_2_EXESWD","BIG CREEK HYDRO PROJECT PSP",2024-01-26,820,31.2,788.8,166600,799.47,10.6700000000001,0.0135268762677486
"BIGCRK_2_EXESWD","BIG CREEK HYDRO PROJECT PSP",2024-01-26,820,45,775,166600,799.47,24.47,0.0315741935483871
"BIGCRK_2_EXESWD","BIG CREEK HYDRO PROJECT PSP",2024-01-26,820,15.8,804.2,166600,799.47,-4.73000000000002,-0.00588162148719226
"BIGCRK_2_EXESWD","BIG CREEK HYDRO PROJECT PSP",2024-01-28,820,31.2,788.8,166600,799.47,10.6700000000001,0.0135268762677486
"BIGCRK_2_EXESWD","BIG CREEK HYDRO PROJECT PSP",2024-01-28,820,45,775,166600,799.47,24.47,0.0315741935483871
"BIGCRK_2_EXESWD","BIG CREEK HYDRO PROJECT PSP",2024-01-28,820,15.8,804.2,166600,799.47,-4.73000000000002,-0.00588162148719226
"BIGCRK_2_EXESWD","BIG CREEK HYDRO PROJECT PSP",2024-01-29,820,45,775,166600,799.47,24.47,0.0315741935483871
"BIGCRK_2_EXESWD","BIG CREEK HYDRO PROJECT PSP",2024-01-29,820,31.2,788.8,166600,799.47,10.6700000000001,0.0135268762677486
"BIGCRK_2_EXESWD","BIG CREEK HYDRO PROJECT PSP",2024-01-29,820,15.8,804.2,166600,799.47,-4.73000000000002,-0.00588162148719226
"BIGCRK_2_EXESWD","BIG CREEK HYDRO PROJECT PSP",2024-01-31,820,45,775,166600,799.47,24.47,0.0315741935483871
"BIGCRK_2_EXESWD","BIG CREEK HYDRO PROJECT PSP",2024-01-31,820,31.2,788.8,166600,799.47,10.6700000000001,0.0135268762677486
"BIGCRK_2_EXESWD","BIG CREEK HYDRO PROJECT PSP",2024-02-01,820,45,775,166600,799.47,24.47,0.0315741935483871
"BIGCRK_2_EXESWD","BIG CREEK HYDRO PROJECT PSP",2024-02-02,820,31.2,788.8,166600,799.47,10.6700000000001,0.0135268762677486
"BIGCRK_2_EXESWD","BIG CREEK HYDRO PROJECT PSP",2024-02-02,820,45,775,166600,799.47,24.47,0.0315741935483871
"BIGCRK_2_EXESWD","BIG CREEK HYDRO PROJECT PSP",2024-02-02,820,26,794,166600,799.47,5.47000000000003,0.00688916876574311
"BIGCRK_2_EXESWD","BIG CREEK HYDRO PROJECT PSP",2024-02-03,820,45,775,166600,799.47,24.47,0.0315741935483871
"BIGCRK_2_EXESWD","BIG CREEK HYDRO PROJECT PSP",2024-02-03,820,31.2,788.8,166600,799.47,10.6700000000001,0.0135268762677486
"BIGCRK_2_EXESWD","BIG CREEK HYDRO PROJECT PSP",2024-02-05,820,29.9,790.1,166600,799.47,9.37,0.0118592583217314
"BIGCRK_2_EXESWD","BIG CREEK HYDRO PROJECT PSP",2024-02-05,820,47.5,772.5,166600,799.47,26.97,0.0349126213592233
"BIGCRK_2_EXESWD","BIG CREEK HYDRO PROJECT PSP",2024-02-05,820,12.4,807.6,166600,799.47,-8.13,-0.0100668647845468
"BIGCRK_2_EXESWD","BIG CREEK HYDRO PROJECT PSP",2024-02-07,820,0.9,819.1,166600,799.47,-19.63,-0.0239653277988036
"BIGCRK_2_EXESWD","BIG CREEK HYDRO PROJECT PSP",2024-02-07,820,34,786,166600,799.47,13.47,0.0171374045801527
"BIGCRK_2_EXESWD","BIG CREEK HYDRO PROJECT PSP",2024-02-07,820,29.9,790.1,166600,799.47,9.37,0.0118592583217314
"BIGCRK_2_EXESWD","BIG CREEK HYDRO PROJECT PSP",2024-02-08,820,12.4,807.6,166600,799.47,-8.13,-0.0100668647845468
"BIGCRK_2_EXESWD","BIG CREEK HYDRO PROJECT PSP",2024-02-09,820,12.4,807.6,166600,799.47,-8.13,-0.0100668647845468
"BIGCRK_2_EXESWD","BIG CREEK HYDRO PROJECT PSP",2024-02-11,820,31.2,788.8,166600,799.47,10.6700000000001,0.0135268762677486
"BIGCRK_2_EXESWD","BIG CREEK HYDRO PROJECT PSP",2024-02-11,820,34,786,166600,799.47,13.47,0.0171374045801527
"BIGCRK_2_EXESWD","BIG CREEK HYDRO PROJECT PSP",2024-02-12,820,31.2,788.8,166600,799.47,10.6700000000001,0.0135268762677486
"BIGCRK_2_EXESWD","BIG CREEK HYDRO PROJECT PSP",2024-02-12,820,34,786,166600,799.47,13.47,0.0171374045801527
"BIGCRK_2_EXESWD","BIG CREEK HYDRO PROJECT PSP",2024-02-16,820,45,775,166600,799.47,24.47,0.0315741935483871
"BIGCRK_2_EXESWD","BIG CREEK HYDRO PROJECT PSP",2024-02-16,820,31.2,788.8,166600,799.47,10.6700000000001,0.0135268762677486
"BIGCRK_2_EXESWD","BIG CREEK HYDRO PROJECT PSP",2024-02-17,820,31.2,788.8,166600,799.47,10.6700000000001,0.0135268762677486
"BIGCRK_2_EXESWD","BIG CREEK HYDRO PROJECT PSP",2024-02-18,820,31.2,788.8,166600,799.47,10.6700000000001,0.0135268762677486
"BIGCRK_2_EXESWD","BIG CREEK HYDRO PROJECT PSP",2024-02-19,820,31.2,788.8,166600,799.47,10.6700000000001,0.0135268762677486
"BIGCRK_2_EXESWD","BIG CREEK HYDRO PROJECT PSP",2024-02-20,820,31.2,788.8,166600,799.47,10.6700000000001,0.0135268762677486
"BIGCRK_2_EXESWD","BIG CREEK HYDRO PROJECT PSP",2024-02-23,820,31.2,788.8,166600,799.47,10.6700000000001,0.0135268762677486
"BIGCRK_2_EXESWD","BIG CREEK HYDRO PROJECT PSP",2024-02-23,820,34,786,166600,799.47,13.47,0.0171374045801527
"BIGCRK_2_EXESWD","BIG CREEK HYDRO PROJECT PSP",2024-02-24,820,34,786,166600,799.47,13.47,0.0171374045801527
"BIGCRK_2_EXESWD","BIG CREEK HYDRO PROJECT PSP",2024-02-24,820,31.2,788.8,166600,799.47,10.6700000000001,0.0135268762677486
"BIGCRK_2_EXESWD","BIG CREEK HYDRO PROJECT PSP",2024-02-24,820,45,775,166600,799.47,24.47,0.0315741935483871
"BIGCRK_2_EXESWD","BIG CREEK HYDRO PROJECT PSP",2024-02-25,820,31.2,788.8,166600,799.47,10.6700000000001,0.0135268762677486
"BIGCRK_2_EXESWD","BIG CREEK HYDRO PROJECT PSP",2024-02-25,820,45,775,166600,799.47,24.47,0.0315741935483871
"BIGCRK_2_EXESWD","BIG CREEK HYDRO PROJECT PSP",2024-02-26,820,45,775,166600,799.47,24.47,0.0315741935483871
"BIGCRK_2_EXESWD","BIG CREEK HYDRO PROJECT PSP",2024-02-26,820,31.2,788.8,166600,799.47,10.6700000000001,0.0135268762677486
"BIGCRK_2_EXESWD","BIG CREEK HYDRO PROJECT PSP",2024-02-27,820,31.2,788.8,166600,799.47,10.6700000000001,0.0135268762677486
"BIGCRK_2_EXESWD","BIG CREEK HYDRO PROJECT PSP",2024-02-27,820,45,775,166600,799.47,24.47,0.0315741935483871
"BIGCRK_2_EXESWD","BIG CREEK HYDRO PROJECT PSP",2024-02-28,820,31.2,788.8,166600,799.47,10.6700000000001,0.0135268762677486
"BIGCRK_2_EXESWD","BIG CREEK HYDRO PROJECT PSP",2024-02-28,820,45,775,166600,799.47,24.47,0.0315741935483871
"BIGCRK_2_EXESWD","BIG CREEK HYDRO PROJECT PSP",2024-02-29,820,45,775,166600,799.47,24.47,0.0315741935483871
"BIGCRK_2_EXESWD","BIG CREEK HYDRO PROJECT PSP",2024-02-29,820,31.2,788.8,166600,799.47,10.6700000000001,0.0135268762677486
"BIGCRK_2_EXESWD","BIG CREEK HYDRO PROJECT PSP",2024-03-01,820,45,775,166600,799.47,24.47,0.0315741935483871
"BIGCRK_2_EXESWD","BIG CREEK HYDRO PROJECT PSP",2024-03-02,820,45,775,166600,799.47,24.47,0.0315741935483871
"BIGCRK_2_EXESWD","BIG CREEK HYDRO PROJECT PSP",2024-03-03,820,45,775,166600,799.47,24.47,0.0315741935483871
"BIGCRK_2_EXESWD","BIG CREEK HYDRO PROJECT PSP",2024-03-03,820,31.2,788.8,166600,799.47,10.6700000000001,0.0135268762677486
"BIGCRK_2_EXESWD","BIG CREEK HYDRO PROJECT PSP",2024-03-04,820,34,786,166600,799.47,13.47,0.0171374045801527
"BIGCRK_2_EXESWD","BIG CREEK HYDRO PROJECT PSP",2024-03-04,820,45,775,166600,799.47,24.47,0.0315741935483871
"BIGCRK_2_EXESWD","BIG CREEK HYDRO PROJECT PSP",2024-03-04,820,31.2,788.8,166600,799.47,10.6700000000001,0.0135268762677486
"BIGCRK_2_EXESWD","BIG CREEK HYDRO PROJECT PSP",2024-03-08,820,45,775,166600,799.47,24.47,0.0315741935483871
"BIGCRK_2_EXESWD","BIG CREEK HYDRO PROJECT PSP",2024-03-09,820,45,775,166600,799.47,24.47,0.0315741935483871
"BIGCRK_2_EXESWD","BIG CREEK HYDRO PROJECT PSP",2024-03-10,820,45,775,166600,799.47,24.47,0.0315741935483871
"BIGCRK_2_EXESWD","BIG CREEK HYDRO PROJECT PSP",2024-03-12,820,45,775,166600,799.47,24.47,0.0315741935483871
"BIGCRK_2_EXESWD","BIG CREEK HYDRO PROJECT PSP",2024-03-13,820,45,775,166600,799.47,24.47,0.0315741935483871
"BIGCRK_2_EXESWD","BIG CREEK HYDRO PROJECT PSP",2024-03-15,820,45,775,166600,799.47,24.47,0.0315741935483871
"BIGCRK_2_EXESWD","BIG CREEK HYDRO PROJECT PSP",2024-03-15,820,1.2,818.8,166600,799.47,-19.3299999999999,-0.0236077186126037
"BIGCRK_2_EXESWD","BIG CREEK HYDRO PROJECT PSP",2024-03-25,820,34,786,166600,799.47,13.47,0.0171374045801527
"BIGCRK_2_EXESWD","BIG CREEK HYDRO PROJECT PSP",2024-03-29,820,34,786,166600,799.47,13.47,0.0171374045801527
"BIGCRK_2_EXESWD","BIG CREEK HYDRO PROJECT PSP",2024-04-01,820,15.8,804.2,166600,799.47,-4.73000000000002,-0.00588162148719226
"BIGCRK_2_EXESWD","BIG CREEK HYDRO PROJECT PSP",2024-04-02,820,15.8,804.2,166600,799.47,-4.73000000000002,-0.00588162148719226
"BIGCRK_2_EXESWD","BIG CREEK HYDRO PROJECT PSP",2024-04-02,820,45,775,166600,799.47,24.47,0.0315741935483871
"BIGCRK_2_EXESWD","BIG CREEK HYDRO PROJECT PSP",2024-04-03,820,45,775,166600,799.47,24.47,0.0315741935483871
"BIGCRK_2_EXESWD","BIG CREEK HYDRO PROJECT PSP",2024-04-04,820,45,775,166600,799.47,24.47,0.0315741935483871
"BIGCRK_2_EXESWD","BIG CREEK HYDRO PROJECT PSP",2024-04-05,820,45,775,166600,799.47,24.47,0.0315741935483871
"BIGCRK_2_EXESWD","BIG CREEK HYDRO PROJECT PSP",2024-04-05,820,15.8,804.2,166600,799.47,-4.73000000000002,-0.00588162148719226
"BIGCRK_2_EXESWD","BIG CREEK HYDRO PROJECT PSP",2024-04-06,820,45,775,166600,799.47,24.47,0.0315741935483871
"BIGCRK_2_EXESWD","BIG CREEK HYDRO PROJECT PSP",2024-04-07,820,45,775,166600,799.47,24.47,0.0315741935483871
"BIGCRK_2_EXESWD","BIG CREEK HYDRO PROJECT PSP",2024-04-07,820,15.8,804.2,166600,799.47,-4.73000000000002,-0.00588162148719226
"BIGCRK_2_EXESWD","BIG CREEK HYDRO PROJECT PSP",2024-04-08,820,45,775,166600,799.47,24.47,0.0315741935483871
"BIGCRK_2_EXESWD","BIG CREEK HYDRO PROJECT PSP",2024-04-08,820,15.8,804.2,166600,799.47,-4.73000000000002,-0.00588162148719226
"BIGCRK_2_EXESWD","BIG CREEK HYDRO PROJECT PSP",2024-04-08,820,31.6,788.4,166600,799.47,11.0700000000001,0.014041095890411
"BIGCRK_2_EXESWD","BIG CREEK HYDRO PROJECT PSP",2024-04-09,820,31.6,788.4,166600,799.47,11.0700000000001,0.014041095890411
"BIGCRK_2_EXESWD","BIG CREEK HYDRO PROJECT PSP",2024-04-09,820,29.2,790.8,166600,799.47,8.67000000000007,0.0109635811836116
"BIGCRK_2_EXESWD","BIG CREEK HYDRO PROJECT PSP",2024-04-09,820,45,775,166600,799.47,24.47,0.0315741935483871
"BIGCRK_2_EXESWD","BIG CREEK HYDRO PROJECT PSP",2024-04-09,820,15.8,804.2,166600,799.47,-4.73000000000002,-0.00588162148719226
"BIGCRK_2_EXESWD","BIG CREEK HYDRO PROJECT PSP",2024-04-10,820,45,775,166600,799.47,24.47,0.0315741935483871
"BIGCRK_2_EXESWD","BIG CREEK HYDRO PROJECT PSP",2024-04-10,820,30.8,789.2,166600,799.47,10.27,0.0130131779016726
"BIGCRK_2_EXESWD","BIG CREEK HYDRO PROJECT PSP",2024-04-10,820,15.8,804.2,166600,799.47,-4.73000000000002,-0.00588162148719226
"BIGCRK_2_EXESWD","BIG CREEK HYDRO PROJECT PSP",2024-04-11,820,15.8,804.2,166600,799.47,-4.73000000000002,-0.00588162148719226
"BIGCRK_2_EXESWD","BIG CREEK HYDRO PROJECT PSP",2024-04-13,820,15.8,804.2,166600,799.47,-4.73000000000002,-0.00588162148719226
"BIGCRK_2_EXESWD","BIG CREEK HYDRO PROJECT PSP",2024-04-13,820,45,775,166600,799.47,24.47,0.0315741935483871
"BIGCRK_2_EXESWD","BIG CREEK HYDRO PROJECT PSP",2024-04-14,820,45,775,166600,799.47,24.47,0.0315741935483871
"BIGCRK_2_EXESWD","BIG CREEK HYDRO PROJECT PSP",2024-04-14,820,15.8,804.2,166600,799.47,-4.73000000000002,-0.00588162148719226
"BIGCRK_2_EXESWD","BIG CREEK HYDRO PROJECT PSP",2024-04-17,820,15.8,804.2,166600,799.47,-4.73000000000002,-0.00588162148719226
"BIGCRK_2_EXESWD","BIG CREEK HYDRO PROJECT PSP",2024-04-17,820,45,775,166600,799.47,24.47,0.0315741935483871
"BIGCRK_2_EXESWD","BIG CREEK HYDRO PROJECT PSP",2024-04-18,820,15.8,804.2,166600,799.47,-4.73000000000002,-0.00588162148719226
"BIGCRK_2_EXESWD","BIG CREEK HYDRO PROJECT PSP",2024-04-18,820,45,775,166600,799.47,24.47,0.0315741935483871
"BIGCRK_2_EXESWD","BIG CREEK HYDRO PROJECT PSP",2024-04-20,820,15.8,804.2,166600,799.47,-4.73000000000002,-0.00588162148719226
"BIGCRK_2_EXESWD","BIG CREEK HYDRO PROJECT PSP",2024-04-20,820,45,775,166600,799.47,24.47,0.0315741935483871
"BIGCRK_2_EXESWD","BIG CREEK HYDRO PROJECT PSP",2024-04-21,820,45,775,166600,799.47,24.47,0.0315741935483871
"BIGCRK_2_EXESWD","BIG CREEK HYDRO PROJECT PSP",2024-04-21,820,15.8,804.2,166600,799.47,-4.73000000000002,-0.00588162148719226
"BIGCRK_2_EXESWD","BIG CREEK HYDRO PROJECT PSP",2024-04-24,820,45,775,166600,799.47,24.47,0.0315741935483871
"BIGCRK_2_EXESWD","BIG CREEK HYDRO PROJECT PSP",2024-04-24,820,15.8,804.2,166600,799.47,-4.73000000000002,-0.00588162148719226
"BIGCRK_2_EXESWD","BIG CREEK HYDRO PROJECT PSP",2024-04-25,820,45,775,166600,799.47,24.47,0.0315741935483871
"BIGCRK_2_EXESWD","BIG CREEK HYDRO PROJECT PSP",2024-04-25,820,15.8,804.2,166600,799.47,-4.73000000000002,-0.00588162148719226
"BIGCRK_2_EXESWD","BIG CREEK HYDRO PROJECT PSP",2024-04-26,820,15.8,804.2,166600,799.47,-4.73000000000002,-0.00588162148719226
"BIGCRK_2_EXESWD","BIG CREEK HYDRO PROJECT PSP",2024-04-27,820,15.8,804.2,166600,799.47,-4.73000000000002,-0.00588162148719226
"BIGCRK_2_EXESWD","BIG CREEK HYDRO PROJECT PSP",2024-04-27,820,45,775,166600,799.47,24.47,0.0315741935483871
"BIGCRK_2_EXESWD","BIG CREEK HYDRO PROJECT PSP",2024-04-28,820,15.8,804.2,166600,799.47,-4.73000000000002,-0.00588162148719226
"BIGCRK_2_EXESWD","BIG CREEK HYDRO PROJECT PSP",2024-04-28,820,45,775,166600,799.47,24.47,0.0315741935483871
"BIGCRK_2_EXESWD","BIG CREEK HYDRO PROJECT PSP",2024-04-29,820,15.8,804.2,166600,799.47,-4.73000000000002,-0.00588162148719226
"BIGCRK_2_EXESWD","BIG CREEK HYDRO PROJECT PSP",2024-04-29,820,45,775,166600,799.47,24.47,0.0315741935483871
"BIGCRK_2_EXESWD","BIG CREEK HYDRO PROJECT PSP",2024-04-30,820,15.8,804.2,166600,799.47,-4.73000000000002,-0.00588162148719226
"BIGCRK_2_EXESWD","BIG CREEK HYDRO PROJECT PSP",2024-04-30,820,45,775,166600,799.47,24.47,0.0315741935483871
"BIGCRK_2_EXESWD","BIG CREEK HYDRO PROJECT PSP",2024-05-04,820,15.8,804.2,166600,799.47,-4.73000000000002,-0.00588162148719226
"BIGCRK_2_EXESWD","BIG CREEK HYDRO PROJECT PSP",2024-05-04,820,45,775,166600,799.47,24.47,0.0315741935483871
"BIGCRK_2_EXESWD","BIG CREEK HYDRO PROJECT PSP",2024-05-05,820,45,775,166600,799.47,24.47,0.0315741935483871
"BIGCRK_2_EXESWD","BIG CREEK HYDRO PROJECT PSP",2024-05-05,820,15.8,804.2,166600,799.47,-4.73000000000002,-0.00588162148719226
"BIGCRK_2_EXESWD","BIG CREEK HYDRO PROJECT PSP",2024-05-06,820,52.3,767.7,166600,799.47,31.77,0.0413833528722157
"BIGCRK_2_EXESWD","BIG CREEK HYDRO PROJECT PSP",2024-05-06,820,45,775,166600,799.47,24.47,0.0315741935483871
"BIGCRK_2_EXESWD","BIG CREEK HYDRO PROJECT PSP",2024-05-10,820,36.5,783.5,166600,799.47,15.97,0.020382897255903
"BIGCRK_2_EXESWD","BIG CREEK HYDRO PROJECT PSP",2024-05-10,820,45,775,166600,799.47,24.47,0.0315741935483871
"BIGCRK_2_EXESWD","BIG CREEK HYDRO PROJECT PSP",2024-05-11,820,45,775,166600,799.47,24.47,0.0315741935483871
"BIGCRK_2_EXESWD","BIG CREEK HYDRO PROJECT PSP",2024-05-12,820,36.5,783.5,166600,799.47,15.97,0.020382897255903
"BIGCRK_2_EXESWD","BIG CREEK HYDRO PROJECT PSP",2024-05-17,820,36.5,783.5,166600,799.47,15.97,0.020382897255903
"BIGCRK_2_EXESWD","BIG CREEK HYDRO PROJECT PSP",2024-05-17,820,45,775,166600,799.47,24.47,0.0315741935483871
"BIGCRK_2_EXESWD","BIG CREEK HYDRO PROJECT PSP",2024-05-18,820,36.5,783.5,166600,799.47,15.97,0.020382897255903
"BIGCRK_2_EXESWD","BIG CREEK HYDRO PROJECT PSP",2024-05-18,820,45,775,166600,799.47,24.47,0.0315741935483871
"BIGCRK_2_EXESWD","BIG CREEK HYDRO PROJECT PSP",2024-05-19,820,45,775,166600,799.47,24.47,0.0315741935483871
"BIGCRK_2_EXESWD","BIG CREEK HYDRO PROJECT PSP",2024-05-19,820,36.5,783.5,166600,799.47,15.97,0.020382897255903
"BIGCRK_2_EXESWD","BIG CREEK HYDRO PROJECT PSP",2024-05-20,820,36.5,783.5,166600,799.47,15.97,0.020382897255903
"BIGCRK_2_EXESWD","BIG CREEK HYDRO PROJECT PSP",2024-05-20,820,45,775,166600,799.47,24.47,0.0315741935483871
"BIGCRK_2_EXESWD","BIG CREEK HYDRO PROJECT PSP",2024-05-20,820,41.5,778.5,166600,799.47,20.97,0.0269364161849711
"BIGCRK_2_EXESWD","BIG CREEK HYDRO PROJECT PSP",2024-05-21,820,36.5,783.5,166600,799.47,15.97,0.020382897255903
"BIGCRK_2_EXESWD","BIG CREEK HYDRO PROJECT PSP",2024-05-21,820,45,775,166600,799.47,24.47,0.0315741935483871
"BIGCRK_2_EXESWD","BIG CREEK HYDRO PROJECT PSP",2024-05-21,820,41.5,778.5,166600,799.47,20.97,0.0269364161849711
"BIGCRK_2_EXESWD","BIG CREEK HYDRO PROJECT PSP",2024-05-24,820,36.5,783.5,166600,799.47,15.97,0.020382897255903
"BIGCRK_2_EXESWD","BIG CREEK HYDRO PROJECT PSP",2024-05-25,820,45,775,166600,799.47,24.47,0.0315741935483871
"BIGCRK_2_EXESWD","BIG CREEK HYDRO PROJECT PSP",2024-05-26,820,36.5,783.5,166600,799.47,15.97,0.020382897255903
"BIGCRK_2_EXESWD","BIG CREEK HYDRO PROJECT PSP",2024-05-29,820,42.5,777.5,166600,799.47,21.97,0.0282572347266881
"BIGCRK_2_EXESWD","BIG CREEK HYDRO PROJECT PSP",2024-05-30,820,36.5,783.5,166600,799.47,15.97,0.020382897255903
"BIGCRK_2_EXESWD","BIG CREEK HYDRO PROJECT PSP",2024-05-31,820,36.5,783.5,166600,799.47,15.97,0.020382897255903
"BIGCRK_2_EXESWD","BIG CREEK HYDRO PROJECT PSP",2024-05-31,820,45,775,166600,799.47,24.47,0.0315741935483871
"BIGCRK_2_EXESWD","BIG CREEK HYDRO PROJECT PSP",2024-06-02,820,45,775,166600,799.47,24.47,0.0315741935483871
"BIGCRK_2_EXESWD","BIG CREEK HYDRO PROJECT PSP",2024-06-02,820,36.5,783.5,166600,799.47,15.97,0.020382897255903
"BIGCRK_2_EXESWD","BIG CREEK HYDRO PROJECT PSP",2024-06-06,820,45,775,166600,791,16,0.0206451612903226
"BIGCRK_2_EXESWD","BIG CREEK HYDRO PROJECT PSP",2024-06-06,820,61.1,758.9,166600,791,32.1,0.0422980629859007
"BIGCRK_2_EXESWD","BIG CREEK HYDRO PROJECT PSP",2024-06-08,820,45,775,166600,799.47,24.47,0.0315741935483871
"BIGCRK_2_EXESWD","BIG CREEK HYDRO PROJECT PSP",2024-06-09,820,45,775,166600,799.47,24.47,0.0315741935483871
"BIGCRK_2_EXESWD","BIG CREEK HYDRO PROJECT PSP",2024-06-12,820,45,775,166600,799,24,0.0309677419354839
"BIGCRK_2_EXESWD","BIG CREEK HYDRO PROJECT PSP",2024-06-14,820,45,775,166600,799.47,24.47,0.0315741935483871
"BIGCRK_2_EXESWD","BIG CREEK HYDRO PROJECT PSP",2024-06-15,820,45,775,166600,799.47,24.47,0.0315741935483871
"BIGCRK_2_EXESWD","BIG CREEK HYDRO PROJECT PSP",2024-06-16,820,45,775,166600,799.47,24.47,0.0315741935483871
"BIGCRK_2_EXESWD","BIG CREEK HYDRO PROJECT PSP",2024-06-19,820,45,775,166600,799.47,24.47,0.0315741935483871
"BIGCRK_2_EXESWD","BIG CREEK HYDRO PROJECT PSP",2024-06-20,820,45,775,166600,799.47,24.47,0.0315741935483871
"BIGCRK_2_EXESWD","BIG CREEK HYDRO PROJECT PSP",2024-06-22,820,45,775,166600,799.47,24.47,0.0315741935483871
"BIGCRK_2_EXESWD","BIG CREEK HYDRO PROJECT PSP",2024-06-23,820,45,775,166600,799.47,24.47,0.0315741935483871
"BIGCRK_2_EXESWD","BIG CREEK HYDRO PROJECT PSP",2024-06-23,820,0.2,819.8,166600,799.47,-20.3299999999999,-0.0247987313979018
"BIGCRK_2_EXESWD","BIG CREEK HYDRO PROJECT PSP",2024-06-25,820,0.2,819.8,166600,781,-38.8,-0.0473286167357892
"BIGCRK_2_EXESWD","BIG CREEK HYDRO PROJECT PSP",2024-06-26,820,45,775,166600,786,11,0.0141935483870968
"BIGCRK_2_EXESWD","BIG CREEK HYDRO PROJECT PSP",2024-06-26,820,20.7,799.3,166600,786,-13.3,-0.0166395596146628
"BIGCRK_2_EXESWD","BIG CREEK HYDRO PROJECT PSP",2024-06-26,820,36.5,783.5,166600,786,2.5,0.00319081046585833
"BIGCRK_2_EXESWD","BIG CREEK HYDRO PROJECT PSP",2024-06-26,820,0.2,819.8,166600,786,-33.8,-0.0412295681873627
"BIGCRK_2_EXESWD","BIG CREEK HYDRO PROJECT PSP",2024-06-26,820,50.7,769.3,166600,786,16.7,0.0217080462758352
"BIGCRK_2_EXESWD","BIG CREEK HYDRO PROJECT PSP",2024-06-28,820,36.5,783.5,166600,789,5.5,0.00701978302488832
"BIGCRK_2_EXESWD","BIG CREEK HYDRO PROJECT PSP",2024-06-28,820,4.7,815.3,166600,789,-26.3,-0.032258064516129
"BIGCRK_2_EXESWD","BIG CREEK HYDRO PROJECT PSP",2024-06-29,820,45,775,166600,788,13,0.0167741935483871
"BIGCRK_2_EXESWD","BIG CREEK HYDRO PROJECT PSP",2024-06-30,820,45,775,166600,789,14,0.0180645161290323
"BIGCRK_2_EXESWD","BIG CREEK HYDRO PROJECT PSP",2024-07-03,820,45,775,166600,782,7,0.00903225806451613
"BIGCRK_2_EXESWD","BIG CREEK HYDRO PROJECT PSP",2024-07-06,820,45,775,166600,782,7,0.00903225806451613
"BIGCRK_2_EXESWD","BIG CREEK HYDRO PROJECT PSP",2024-07-07,820,45,775,166600,779,4,0.00516129032258065
"BIGCRK_2_EXESWD","BIG CREEK HYDRO PROJECT PSP",2024-07-08,820,45,775,166600,783,8,0.0103225806451613
"BIGCRK_2_EXESWD","BIG CREEK HYDRO PROJECT PSP",2024-07-08,820,10.8,809.2,166600,783,-26.2,-0.032377656945131
"BIGCRK_2_EXESWD","BIG CREEK HYDRO PROJECT PSP",2024-07-12,820,10.8,809.2,166600,782,-27.2,-0.0336134453781513
"BIGCRK_2_EXESWD","BIG CREEK HYDRO PROJECT PSP",2024-07-13,820,10.8,809.2,166600,778,-31.2,-0.0385565991102324
"BIGCRK_2_EXESWD","BIG CREEK HYDRO PROJECT PSP",2024-07-13,820,45,775,166600,778,3,0.00387096774193548
"BIGCRK_2_EXESWD","BIG CREEK HYDRO PROJECT PSP",2024-07-14,820,45,775,166600,785,10,0.0129032258064516
"BIGCRK_2_EXESWD","BIG CREEK HYDRO PROJECT PSP",2024-07-14,820,46.8,773.2,166600,785,11.8,0.0152612519399896
"BIGCRK_2_EXESWD","BIG CREEK HYDRO PROJECT PSP",2024-07-16,820,45,775,166600,783,8,0.0103225806451613
"BIGCRK_2_EXESWD","BIG CREEK HYDRO PROJECT PSP",2024-07-16,820,46.8,773.2,166600,783,9.79999999999995,0.0126745990688049
"BIGCRK_2_EXESWD","BIG CREEK HYDRO PROJECT PSP",2024-07-17,820,45,775,166600,786,11,0.0141935483870968
"BIGCRK_2_EXESWD","BIG CREEK HYDRO PROJECT PSP",2024-07-17,820,46.8,773.2,166600,786,12.8,0.0165545783755819
"BIGCRK_2_EXESWD","BIG CREEK HYDRO PROJECT PSP",2024-07-18,820,46.8,773.2,166600,789,15.8,0.020434557682359
"BIGCRK_2_EXESWD","BIG CREEK HYDRO PROJECT PSP",2024-07-19,820,46.8,773.2,166600,790,16.8,0.0217278841179513
"BIGCRK_2_EXESWD","BIG CREEK HYDRO PROJECT PSP",2024-07-20,820,45,775,166600,787,12,0.0154838709677419
"BIGCRK_2_EXESWD","BIG CREEK HYDRO PROJECT PSP",2024-07-21,820,45,775,166600,787,12,0.0154838709677419
"BIGCRK_2_EXESWD","BIG CREEK HYDRO PROJECT PSP",2024-07-21,820,46.8,773.2,166600,787,13.8,0.0178479048111743
"BIGCRK_2_EXESWD","BIG CREEK HYDRO PROJECT PSP",2024-07-25,820,46.8,773.2,166600,772.47,-0.730000000000018,-0.000944128297982434
"BIGCRK_2_EXESWD","BIG CREEK HYDRO PROJECT PSP",2024-07-26,820,10.8,809.2,166600,787,-22.2,-0.02743450321305
"BIGCRK_2_EXESWD","BIG CREEK HYDRO PROJECT PSP",2024-07-27,820,45,775,166600,793,18,0.0232258064516129
"BIGCRK_2_EXESWD","BIG CREEK HYDRO PROJECT PSP",2024-07-28,820,45,775,166600,791,16,0.0206451612903226
"BIGCRK_2_EXESWD","BIG CREEK HYDRO PROJECT PSP",2024-07-28,820,10.8,809.2,166600,791,-18.2,-0.0224913494809689
"BIGCRK_2_EXESWD","BIG CREEK HYDRO PROJECT PSP",2024-07-29,820,10.8,809.2,166600,791,-18.2,-0.0224913494809689
"BIGCRK_2_EXESWD","BIG CREEK HYDRO PROJECT PSP",2024-07-30,820,45,775,166600,783,8,0.0103225806451613
"BIGCRK_2_EXESWD","BIG CREEK HYDRO PROJECT PSP",2024-07-30,820,10.8,809.2,166600,783,-26.2,-0.032377656945131
"BIGCRK_2_EXESWD","BIG CREEK HYDRO PROJECT PSP",2024-08-03,820,45,775,166600,774,-1,-0.00129032258064516
"BIGCRK_2_EXESWD","BIG CREEK HYDRO PROJECT PSP",2024-08-04,820,45,775,166600,782,7,0.00903225806451613
"BIGCRK_2_EXESWD","BIG CREEK HYDRO PROJECT PSP",2024-08-04,820,10.8,809.2,166600,782,-27.2,-0.0336134453781513
"BIGCRK_2_EXESWD","BIG CREEK HYDRO PROJECT PSP",2024-08-06,820,10.8,809.2,166600,782,-27.2,-0.0336134453781513
"BIGCRK_2_EXESWD","BIG CREEK HYDRO PROJECT PSP",2024-08-09,820,10.8,809.2,166600,782,-27.2,-0.0336134453781513
"BIGCRK_2_EXESWD","BIG CREEK HYDRO PROJECT PSP",2024-08-10,820,45,775,166600,781,6,0.00774193548387097
"BIGCRK_2_EXESWD","BIG CREEK HYDRO PROJECT PSP",2024-08-11,820,70,750,166600,783,33,0.044
"BIGCRK_2_EXESWD","BIG CREEK HYDRO PROJECT PSP",2024-08-11,820,45,775,166600,783,8,0.0103225806451613
"BIGCRK_2_EXESWD","BIG CREEK HYDRO PROJECT PSP",2024-08-12,820,45,775,166600,785,10,0.0129032258064516
"BIGCRK_2_EXESWD","BIG CREEK HYDRO PROJECT PSP",2024-08-13,820,10.8,809.2,166600,788,-21.2,-0.0261987147800297
"BIGCRK_2_EXESWD","BIG CREEK HYDRO PROJECT PSP",2024-08-13,820,45,775,166600,788,13,0.0167741935483871
"BIGCRK_2_EXESWD","BIG CREEK HYDRO PROJECT PSP",2024-08-16,820,10.8,809.2,166600,791,-18.2,-0.0224913494809689
"BIGCRK_2_EXESWD","BIG CREEK HYDRO PROJECT PSP",2024-08-16,820,45,775,166600,791,16,0.0206451612903226
"BIGCRK_2_EXESWD","BIG CREEK HYDRO PROJECT PSP",2024-08-17,820,45,775,166600,791,16,0.0206451612903226
"BIGCRK_2_EXESWD","BIG CREEK HYDRO PROJECT PSP",2024-08-18,820,45,775,166600,789,14,0.0180645161290323
"BIGCRK_2_EXESWD","BIG CREEK HYDRO PROJECT PSP",2024-08-24,820,45,775,166600,790,15,0.0193548387096774
"BIGCRK_2_EXESWD","BIG CREEK HYDRO PROJECT PSP",2024-09-01,820,45,775,166600,785,10,0.0129032258064516
"BIGCRK_2_EXESWD","BIG CREEK HYDRO PROJECT PSP",2024-09-05,820,45,775,166600,780,5,0.00645161290322581
"BIGCRK_2_EXESWD","BIG CREEK HYDRO PROJECT PSP",2024-09-06,820,45,775,166600,777,2,0.00258064516129032
"BIGCRK_2_EXESWD","BIG CREEK HYDRO PROJECT PSP",2024-09-07,820,45,775,166600,779,4,0.00516129032258065
"BIGCRK_2_EXESWD","BIG CREEK HYDRO PROJECT PSP",2024-09-08,820,45,775,166600,781,6,0.00774193548387097
"BIGCRK_2_EXESWD","BIG CREEK HYDRO PROJECT PSP",2024-09-09,820,45,775,166600,783,8,0.0103225806451613
"BIGCRK_2_EXESWD","BIG CREEK HYDRO PROJECT PSP",2024-09-10,820,45,775,166600,788,13,0.0167741935483871
"BIGCRK_2_EXESWD","BIG CREEK HYDRO PROJECT PSP",2024-09-12,820,45,775,166600,792,17,0.0219354838709677
"BIGCRK_2_EXESWD","BIG CREEK HYDRO PROJECT PSP",2024-09-12,820,50,770,166600,792,22,0.0285714285714286
"BIGCRK_2_EXESWD","BIG CREEK HYDRO PROJECT PSP",2024-09-13,820,45,775,166600,790,15,0.0193548387096774
"BIGCRK_2_EXESWD","BIG CREEK HYDRO PROJECT PSP",2024-09-13,820,25,795,166600,790,-5,-0.00628930817610063
"BIGCRK_2_EXESWD","BIG CREEK HYDRO PROJECT PSP",2024-09-14,820,45,775,166600,791,16,0.0206451612903226
"BIGCRK_2_EXESWD","BIG CREEK HYDRO PROJECT PSP",2024-09-15,820,45,775,166600,792,17,0.0219354838709677
"BIGCRK_2_EXESWD","BIG CREEK HYDRO PROJECT PSP",2024-09-20,820,45,775,166600,790,15,0.0193548387096774
"BIGCRK_2_EXESWD","BIG CREEK HYDRO PROJECT PSP",2024-09-20,820,21.6,798.4,166600,790,-8.39999999999998,-0.0105210420841683
"BIGCRK_2_EXESWD","BIG CREEK HYDRO PROJECT PSP",2024-09-21,820,45,775,166600,787,12,0.0154838709677419
"BIGCRK_2_EXESWD","BIG CREEK HYDRO PROJECT PSP",2024-09-30,820,45,775,166600,786,11,0.0141935483870968
"BIGCRK_2_EXESWD","BIG CREEK HYDRO PROJECT PSP",2024-10-01,820,45,775,166600,799.47,24.47,0.0315741935483871
"BIGCRK_2_EXESWD","BIG CREEK HYDRO PROJECT PSP",2024-10-01,820,34,786,166600,799.47,13.47,0.0171374045801527
"BIGCRK_2_EXESWD","BIG CREEK HYDRO PROJECT PSP",2024-10-02,820,45,775,166600,798,23,0.0296774193548387
"BIGCRK_2_EXESWD","BIG CREEK HYDRO PROJECT PSP",2024-10-02,820,34,786,166600,798,12,0.0152671755725191
"BIGCRK_2_EXESWD","BIG CREEK HYDRO PROJECT PSP",2024-10-05,820,45,775,166600,799,24,0.0309677419354839
"BIGCRK_2_EXESWD","BIG CREEK HYDRO PROJECT PSP",2024-10-06,820,45,775,166600,799,24,0.0309677419354839
"BIGCRK_2_EXESWD","BIG CREEK HYDRO PROJECT PSP",2024-10-07,820,45,775,166600,799.47,24.47,0.0315741935483871
"BIGCRK_2_EXESWD","BIG CREEK HYDRO PROJECT PSP",2024-10-09,820,45,775,166600,799.47,24.47,0.0315741935483871
"BIGCRK_2_EXESWD","BIG CREEK HYDRO PROJECT PSP",2024-10-10,820,45,775,166600,799.47,24.47,0.0315741935483871
"BIGCRK_2_EXESWD","BIG CREEK HYDRO PROJECT PSP",2024-10-11,820,45,775,166600,799.47,24.47,0.0315741935483871
"BIGCRK_2_EXESWD","BIG CREEK HYDRO PROJECT PSP",2024-10-12,820,45,775,166600,799.47,24.47,0.0315741935483871
"BIGCRK_2_EXESWD","BIG CREEK HYDRO PROJECT PSP",2024-10-13,820,45,775,166600,799.47,24.47,0.0315741935483871
"BIGCRK_2_EXESWD","BIG CREEK HYDRO PROJECT PSP",2024-10-14,820,45,775,166600,799.47,24.47,0.0315741935483871
"BIGCRK_2_EXESWD","BIG CREEK HYDRO PROJECT PSP",2024-10-16,820,45,775,166600,799.47,24.47,0.0315741935483871
"BIGCRK_2_EXESWD","BIG CREEK HYDRO PROJECT PSP",2024-10-19,820,45,775,166600,799.47,24.47,0.0315741935483871
"BIGCRK_2_EXESWD","BIG CREEK HYDRO PROJECT PSP",2024-10-20,820,45,775,166600,799.47,24.47,0.0315741935483871
"BIGCRK_2_EXESWD","BIG CREEK HYDRO PROJECT PSP",2024-10-26,820,45,775,166600,799.47,24.47,0.0315741935483871
"BIGCRK_2_EXESWD","BIG CREEK HYDRO PROJECT PSP",2024-10-27,820,45,775,166600,799.47,24.47,0.0315741935483871
"BIGCRK_2_EXESWD","BIG CREEK HYDRO PROJECT PSP",2024-11-01,820,45,775,166600,799.47,24.47,0.0315741935483871
"BIGCRK_2_EXESWD","BIG CREEK HYDRO PROJECT PSP",2024-11-02,820,45,775,166600,799.47,24.47,0.0315741935483871
"BIGCRK_2_EXESWD","BIG CREEK HYDRO PROJECT PSP",2024-11-03,820,45,775,166600,799.47,24.47,0.0315741935483871
"BIGCRK_2_EXESWD","BIG CREEK HYDRO PROJECT PSP",2024-11-04,820,45,775,166600,799.47,24.47,0.0315741935483871
"BIGCRK_2_EXESWD","BIG CREEK HYDRO PROJECT PSP",2024-11-05,820,45,775,166600,799.47,24.47,0.0315741935483871
"BISHOP_1_ALAMO","BISHOP CREEK PLANT 2  AND  6",2023-01-31,13.4,2.5,10.9,742900,11,0.0999999999999996,0.00917431192660547
"BISHOP_1_ALAMO","BISHOP CREEK PLANT 2  AND  6",2023-02-01,13.4,2.5,10.9,742900,11,0.0999999999999996,0.00917431192660547
"BISHOP_1_ALAMO","BISHOP CREEK PLANT 2  AND  6",2023-02-06,13.4,2.5,10.9,742900,11,0.0999999999999996,0.00917431192660547
"BISHOP_1_ALAMO","BISHOP CREEK PLANT 2  AND  6",2023-02-13,13.4,2.5,10.9,742900,11,0.0999999999999996,0.00917431192660547
"BISHOP_1_ALAMO","BISHOP CREEK PLANT 2  AND  6",2023-02-16,13.4,2.5,10.9,742900,11,0.0999999999999996,0.00917431192660547
"BISHOP_1_ALAMO","BISHOP CREEK PLANT 2  AND  6",2023-02-17,13.4,2.5,10.9,742900,11,0.0999999999999996,0.00917431192660547
"BISHOP_1_ALAMO","BISHOP CREEK PLANT 2  AND  6",2023-04-03,13.4,2.4,11,742900,11,0,0
"BISHOP_1_ALAMO","BISHOP CREEK PLANT 2  AND  6",2023-04-05,13.4,2.4,11,742900,11,0,0
"BISHOP_1_ALAMO","BISHOP CREEK PLANT 2  AND  6",2024-02-05,13.4,2,11.4,742900,11,-0.4,-0.0350877192982456
"BISHOP_1_ALAMO","BISHOP CREEK PLANT 2  AND  6",2024-02-19,13.4,2,11.4,742900,11,-0.4,-0.0350877192982456
"BISHOP_1_ALAMO","BISHOP CREEK PLANT 2  AND  6",2024-03-29,13.4,2.4,11,742900,11,0,0
"BISHOP_1_ALAMO","BISHOP CREEK PLANT 2  AND  6",2024-03-31,13.4,2.4,11,742900,11,0,0
"BISHOP_1_ALAMO","BISHOP CREEK PLANT 2  AND  6",2024-04-01,13.4,2.4,11,742900,11,0,0
"BISHOP_1_ALAMO","BISHOP CREEK PLANT 2  AND  6",2024-04-08,13.4,2.4,11,742900,11,0,0
"BISHOP_1_ALAMO","BISHOP CREEK PLANT 2  AND  6",2024-04-11,13.4,2.4,11,742900,11,0,0
"BISHOP_1_ALAMO","BISHOP CREEK PLANT 2  AND  6",2024-04-15,13.4,2.4,11,742900,11,0,0
"BISHOP_1_ALAMO","BISHOP CREEK PLANT 2  AND  6",2024-04-18,13.4,2.4,11,742900,11,0,0
"BISHOP_1_UNITS","BISHOP CREEK PLANT 3  AND  4",2023-02-21,15.8,2.5,13.3,301986,13,-0.300000000000001,-0.0225563909774437
"BISHOP_1_UNITS","BISHOP CREEK PLANT 3  AND  4",2023-02-22,15.8,2.5,13.3,301986,13,-0.300000000000001,-0.0225563909774437
"BISHOP_1_UNITS","BISHOP CREEK PLANT 3  AND  4",2023-03-03,15.8,2.5,13.3,301986,13,-0.300000000000001,-0.0225563909774437
"BISHOP_1_UNITS","BISHOP CREEK PLANT 3  AND  4",2023-03-07,15.8,2.5,13.3,301986,13,-0.300000000000001,-0.0225563909774437
"BISHOP_1_UNITS","BISHOP CREEK PLANT 3  AND  4",2023-03-13,15.8,2.5,13.3,301986,13,-0.300000000000001,-0.0225563909774437
"BISHOP_1_UNITS","BISHOP CREEK PLANT 3  AND  4",2024-03-04,15.8,2.7,13.1,301986,13,-0.100000000000001,-0.00763358778625965
"BISHOP_1_UNITS","BISHOP CREEK PLANT 3  AND  4",2024-03-07,15.8,2.7,13.1,301986,13,-0.100000000000001,-0.00763358778625965
"BISHOP_1_UNITS","BISHOP CREEK PLANT 3  AND  4",2024-04-01,15.8,2.52,13.28,301986,13,-0.280000000000001,-0.0210843373493977
"BLAST_1_WIND","Mountain View IV Wind",2023-02-06,49,10.55,38.45,106763,37.75,-0.700000000000003,-0.0182054616384916
"BLAST_1_WIND","Mountain View IV Wind",2023-02-08,49,10.55,38.45,106763,37.75,-0.700000000000003,-0.0182054616384916
"BLAST_1_WIND","Mountain View IV Wind",2023-02-15,49,11.32,37.68,106763,38.25,0.57,0.0151273885350319
"BLAST_1_WIND","Mountain View IV Wind",2023-02-17,49,8.4,40.6,106763,39.5,-1.1,-0.0270935960591133
"BLAST_1_WIND","Mountain View IV Wind",2023-02-19,49,8.4,40.6,106763,39.5,-1.1,-0.0270935960591133
"BLVRDE_6_BLVBT1","Boulevard Energy Storage",2024-06-24,10,0.25,9.75,284463,9.95,0.199999999999999,0.0205128205128204
"BLVRDE_6_BLVBT1","Boulevard Energy Storage",2024-06-25,10,0.25,9.75,284463,9.82,0.0700000000000003,0.00717948717948721
"BLVRDE_6_BLVBT1","Boulevard Energy Storage",2024-06-26,10,0.25,9.75,284463,10,0.25,0.0256410256410256
"BLVRDE_6_BLVBT1","Boulevard Energy Storage",2024-06-27,10,0.25,9.75,284463,10,0.25,0.0256410256410256
"BLVRDE_6_BLVBT1","Boulevard Energy Storage",2024-06-28,10,0.25,9.75,284463,9.9,0.15,0.0153846153846154
"BLVRDE_6_BLVBT1","Boulevard Energy Storage",2024-11-05,10,3,7,284463,6.8,-0.2,-0.0285714285714286
"BLVRDE_6_BLVBT1","Boulevard Energy Storage",2024-11-06,10,2.75,7.25,284463,7.35,0.0999999999999996,0.0137931034482758
"BLVRDE_6_BLVBT1","Boulevard Energy Storage",2024-11-06,10,3,7,284463,7.35,0.35,0.0499999999999999
"BUCKCK_7_PL1X2","BUCKS CREEK AGGREGATE",2023-01-01,57.25,24.25,33,497303,33,0,0
"BUCKCK_7_PL1X2","BUCKS CREEK AGGREGATE",2023-01-02,57.25,24.25,33,497303,33,0,0
"BUCKCK_7_PL1X2","BUCKS CREEK AGGREGATE",2023-01-07,57.25,24.25,33,497303,33,0,0
"BUCKCK_7_PL1X2","BUCKS CREEK AGGREGATE",2023-01-08,57.25,24.25,33,497303,33,0,0
"BUCKCK_7_PL1X2","BUCKS CREEK AGGREGATE",2023-01-09,57.25,24.25,33,497303,33,0,0
"BUCKCK_7_PL1X2","BUCKS CREEK AGGREGATE",2023-01-12,57.25,24.25,33,497303,33,0,0
"BUCKCK_7_PL1X2","BUCKS CREEK AGGREGATE",2023-01-15,57.25,24.25,33,497303,33,0,0
"BUCKCK_7_PL1X2","BUCKS CREEK AGGREGATE",2023-01-16,57.25,24.25,33,497303,33,0,0
"BUCKCK_7_PL1X2","BUCKS CREEK AGGREGATE",2023-01-17,57.25,24.25,33,497303,33,0,0
"BUCKCK_7_PL1X2","BUCKS CREEK AGGREGATE",2023-03-05,57.25,24.25,33,497303,33,0,0
"BUCKCK_7_PL1X2","BUCKS CREEK AGGREGATE",2023-04-04,57.25,24.25,33,497303,33,0,0
"BUCKCK_7_PL1X2","BUCKS CREEK AGGREGATE",2023-04-05,57.25,24.25,33,497303,33,0,0
"BUCKCK_7_PL1X2","BUCKS CREEK AGGREGATE",2023-07-01,57.25,24.25,33,497303,33,0,0
"BUCKCK_7_PL1X2","BUCKS CREEK AGGREGATE",2023-07-25,57.25,24.25,33,497303,33,0,0
"BUCKCK_7_PL1X2","BUCKS CREEK AGGREGATE",2023-08-01,57.25,24.25,33,497303,33,0,0
"BUCKCK_7_PL1X2","BUCKS CREEK AGGREGATE",2023-08-10,57.25,24.25,33,497303,33,0,0
"BUCKCK_7_PL1X2","BUCKS CREEK AGGREGATE",2023-08-12,57.25,24.25,33,497303,33,0,0
"BUCKCK_7_PL1X2","BUCKS CREEK AGGREGATE",2023-08-15,57.25,24.25,33,497303,33,0,0
"BUCKCK_7_PL1X2","BUCKS CREEK AGGREGATE",2023-08-18,57.25,24.25,33,497303,33,0,0
"BUCKCK_7_PL1X2","BUCKS CREEK AGGREGATE",2023-12-20,57.25,24.25,33,497303,33,0,0
"BUCKCK_7_PL1X2","BUCKS CREEK AGGREGATE",2023-12-21,57.25,24.25,33,497303,33,0,0
"BUCKCK_7_PL1X2","BUCKS CREEK AGGREGATE",2024-01-01,57.25,24.25,33,497303,33,0,0
"BUCKCK_7_PL1X2","BUCKS CREEK AGGREGATE",2024-01-25,57.25,24.25,33,497303,33,0,0
"BUCKCK_7_PL1X2","BUCKS CREEK AGGREGATE",2024-02-08,57.25,24.25,33,497303,33,0,0
"BUCKCK_7_PL1X2","BUCKS CREEK AGGREGATE",2024-03-15,57.25,24.25,33,497303,33,0,0
"BUCKCK_7_PL1X2","BUCKS CREEK AGGREGATE",2024-03-31,57.25,24.25,33,497303,33,0,0
"BUCKCK_7_PL1X2","BUCKS CREEK AGGREGATE",2024-04-18,57.25,24.25,33,497303,33,0,0
"BUCKCK_7_PL1X2","BUCKS CREEK AGGREGATE",2024-04-24,57.25,24.25,33,497303,33,0,0
"BUCKCK_7_PL1X2","BUCKS CREEK AGGREGATE",2024-04-25,57.25,24.25,33,497303,33,0,0
"BUCKCK_7_PL1X2","BUCKS CREEK AGGREGATE",2024-05-01,57.25,24.25,33,497303,33,0,0
"BUCKCK_7_PL1X2","BUCKS CREEK AGGREGATE",2024-05-04,57.25,24.25,33,497303,33,0,0
"BUCKCK_7_PL1X2","BUCKS CREEK AGGREGATE",2024-05-05,57.25,24.25,33,497303,33,0,0
"BUCKCK_7_PL1X2","BUCKS CREEK AGGREGATE",2024-05-06,57.25,24.25,33,497303,33,0,0
"BUCKCK_7_PL1X2","BUCKS CREEK AGGREGATE",2024-05-07,57.25,24.25,33,497303,33,0,0
"BUCKCK_7_PL1X2","BUCKS CREEK AGGREGATE",2024-05-21,57.25,24.25,33,497303,33,0,0
"BUCKCK_7_PL1X2","BUCKS CREEK AGGREGATE",2024-05-30,57.25,24.25,33,497303,33,0,0
"BUCKCK_7_PL1X2","BUCKS CREEK AGGREGATE",2024-06-03,57.25,24.25,33,497303,33,0,0
"BUCKCK_7_PL1X2","BUCKS CREEK AGGREGATE",2024-06-11,57.25,24.25,33,497303,33,0,0
"BUCKCK_7_PL1X2","BUCKS CREEK AGGREGATE",2024-06-27,57.25,24.25,33,497303,33,0,0
"BUCKCK_7_PL1X2","BUCKS CREEK AGGREGATE",2024-07-01,57.25,24.25,33,497303,33,0,0
"BUCKCK_7_PL1X2","BUCKS CREEK AGGREGATE",2024-07-05,57.25,24.25,33,497303,33,0,0
"BUCKCK_7_PL1X2","BUCKS CREEK AGGREGATE",2024-07-12,57.25,24.25,33,497303,33,0,0
"BUCKCK_7_PL1X2","BUCKS CREEK AGGREGATE",2024-07-13,57.25,24.25,33,497303,33,0,0
"BUCKCK_7_PL1X2","BUCKS CREEK AGGREGATE",2024-08-25,57.25,24.25,33,497303,33,0,0
"BUCKCK_7_PL1X2","BUCKS CREEK AGGREGATE",2024-08-29,57.25,24.25,33,497303,33,0,0
"BUCKCK_7_PL1X2","BUCKS CREEK AGGREGATE",2024-08-30,57.25,24.25,33,497303,33,0,0
"BUCKCK_7_PL1X2","BUCKS CREEK AGGREGATE",2024-09-03,57.25,24.25,33,497303,33,0,0
"BUCKCK_7_PL1X2","BUCKS CREEK AGGREGATE",2024-09-24,57.25,24.25,33,497303,33,0,0
"BUCKCK_7_PL1X2","BUCKS CREEK AGGREGATE",2024-09-25,57.25,24.25,33,497303,33,0,0
"BUCKCK_7_PL1X2","BUCKS CREEK AGGREGATE",2024-09-28,57.25,24.25,33,497303,33,0,0
"BUCKCK_7_PL1X2","BUCKS CREEK AGGREGATE",2024-09-30,57.25,24.25,33,497303,33.43,0.43,0.013030303030303
"BUCKCK_7_PL1X2","BUCKS CREEK AGGREGATE",2024-10-01,57.25,24.25,33,497303,33,0,0
"BUCKCK_7_PL1X2","BUCKS CREEK AGGREGATE",2024-10-20,57.25,24.25,33,497303,33,0,0
"BUCKCK_7_PL1X2","BUCKS CREEK AGGREGATE",2024-10-24,57.25,24.25,33,497303,33,0,0
"BUCKCK_7_PL1X2","BUCKS CREEK AGGREGATE",2024-10-26,57.25,24.25,33,497303,33,0,0
"BUCKCK_7_PL1X2","BUCKS CREEK AGGREGATE",2024-10-27,57.25,24.25,33,497303,33,0,0
"BUCKCK_7_PL1X2","BUCKS CREEK AGGREGATE",2024-10-28,57.25,24.25,33,497303,33,0,0
"BUCKCK_7_PL1X2","BUCKS CREEK AGGREGATE",2024-10-30,57.25,24.25,33,497303,33,0,0
"BUCKCK_7_PL1X2","BUCKS CREEK AGGREGATE",2024-10-31,57.25,24.25,33,497303,33,0,0
"BUCKCK_7_PL1X2","BUCKS CREEK AGGREGATE",2024-11-01,57.25,24.25,33,497303,33,0,0
"BUCKCK_7_PL1X2","BUCKS CREEK AGGREGATE",2024-11-02,57.25,24.25,33,497303,33,0,0
"BUCKCK_7_PL1X2","BUCKS CREEK AGGREGATE",2024-11-03,57.25,24.25,33,497303,33,0,0
"BUCKCK_7_PL1X2","BUCKS CREEK AGGREGATE",2024-11-04,57.25,24.25,33,497303,33,0,0
"BUCKCK_7_PL1X2","BUCKS CREEK AGGREGATE",2024-11-05,57.25,24.25,33,497303,33,0,0
"BUCKCK_7_PL1X2","BUCKS CREEK AGGREGATE",2024-11-11,57.25,24.25,33,497303,33,0,0
"BUCKCK_7_PL1X2","BUCKS CREEK AGGREGATE",2024-11-14,57.25,24.25,33,497303,33,0,0
"BUCKCK_7_PL1X2","BUCKS CREEK AGGREGATE",2024-11-27,57.25,24.25,33,497303,33,0,0
"BUCKCK_7_PL1X2","BUCKS CREEK AGGREGATE",2024-12-01,57.25,24.25,33,497303,33,0,0
"BUCKCK_7_PL1X2","BUCKS CREEK AGGREGATE",2024-12-03,57.25,24.25,33,497303,33,0,0
"BUCKCK_7_PL1X2","BUCKS CREEK AGGREGATE",2024-12-06,57.25,24.25,33,497303,33,0,0
"BUCKCK_7_PL1X2","BUCKS CREEK AGGREGATE",2024-12-07,57.25,24.25,33,497303,33,0,0
"BUCKCK_7_PL1X2","BUCKS CREEK AGGREGATE",2024-12-11,57.25,24.25,33,497303,33,0,0
"BUCKCK_7_PL1X2","BUCKS CREEK AGGREGATE",2024-12-13,57.25,24.25,33,497303,33,0,0
"BUCKCK_7_PL1X2","BUCKS CREEK AGGREGATE",2024-12-21,57.25,24.25,33,497303,33,0,0
"BUCKCK_7_PL1X2","BUCKS CREEK AGGREGATE",2024-12-23,57.25,24.25,33,497303,33,0,0
"BUCKCK_7_PL1X2","BUCKS CREEK AGGREGATE",2024-12-29,57.25,24.25,33,497303,33,0,0
"BUCKCK_7_PL1X2","BUCKS CREEK AGGREGATE",2024-12-31,57.25,24.25,33,497303,33,0,0
"CALFTN_2_SOLAR","California Flats North",2024-04-08,130,38,92,195275,92.37,0.370000000000005,0.00402173913043483
"CALFTN_2_SOLAR","California Flats North",2024-04-17,130,38,92,195275,88.29,-3.70999999999999,-0.0403260869565217
"CALFTN_2_SOLAR","California Flats North",2024-09-19,130,38,92,195275,90.32,-1.68000000000001,-0.0182608695652175
"CALFTN_2_SOLAR","California Flats North",2024-09-20,130,38,92,195275,94.09,2.09,0.0227173913043479
"CALFTS_2_CFSSR1","California Flats Solar South",2024-09-25,150,41,109,576455,112.8,3.8,0.0348623853211009
"CALFTS_2_CFSSR1","California Flats Solar South",2024-09-26,150,41,109,576455,112.8,3.8,0.0348623853211009
"CALFTS_2_CFSSR1","California Flats Solar South",2024-09-30,150,41,109,576455,112.8,3.8,0.0348623853211009
"CALFTS_2_CFSSR1","California Flats Solar South",2024-10-01,150,41,109,576455,107.4,-1.59999999999999,-0.0146788990825688
"CALFTS_2_CFSSR1","California Flats Solar South",2024-10-02,150,41,109,576455,107.4,-1.59999999999999,-0.0146788990825688
"CALFTS_2_CFSSR1","California Flats Solar South",2024-10-03,150,41,109,576455,107.4,-1.59999999999999,-0.0146788990825688
"CALFTS_2_CFSSR1","California Flats Solar South",2024-10-04,150,41,109,576455,107.4,-1.59999999999999,-0.0146788990825688
"CARBOU_7_PL2X3","CARIBOU PH 1 UNIT 2 & 3 AGGREGATE",2023-05-11,49,25,24,890505,25.07,1.07,0.0445833333333333
"CARBOU_7_PL2X3","CARIBOU PH 1 UNIT 2 & 3 AGGREGATE",2023-05-11,49,24,25,890505,25.07,0.0700000000000003,0.00280000000000001
"CARBOU_7_PL2X3","CARIBOU PH 1 UNIT 2 & 3 AGGREGATE",2023-06-09,49,24,25,890505,25.34,0.34,0.0136
"CARBOU_7_PL4X5","CARIBOU PH 2 UNIT 4 & 5 AGGREGATE",2023-06-23,120,61,59,108072,60,1,0.0169491525423729
"CARBOU_7_PL4X5","CARIBOU PH 2 UNIT 4 & 5 AGGREGATE",2023-09-29,120,59,61,108072,60,-1,-0.0163934426229508
"CARBOU_7_PL4X5","CARIBOU PH 2 UNIT 4 & 5 AGGREGATE",2023-09-30,120,59,61,108072,60,-1,-0.0163934426229508
"CARBOU_7_PL4X5","CARIBOU PH 2 UNIT 4 & 5 AGGREGATE",2023-10-01,120,59,61,108072,60,-1,-0.0163934426229508
"CARBOU_7_PL4X5","CARIBOU PH 2 UNIT 4 & 5 AGGREGATE",2023-11-26,120,59,61,108072,60,-1,-0.0163934426229508
"CARBOU_7_PL4X5","CARIBOU PH 2 UNIT 4 & 5 AGGREGATE",2023-11-27,120,59,61,108072,60,-1,-0.0163934426229508
"CARBOU_7_PL4X5","CARIBOU PH 2 UNIT 4 & 5 AGGREGATE",2023-12-04,120,61,59,108072,60,1,0.0169491525423729
"CARBOU_7_PL4X5","CARIBOU PH 2 UNIT 4 & 5 AGGREGATE",2024-04-12,120,61,59,108072,59,0,0
"CARBOU_7_PL4X5","CARIBOU PH 2 UNIT 4 & 5 AGGREGATE",2024-04-12,120,60,60,108072,59,-1,-0.0166666666666667
"CARBOU_7_PL4X5","CARIBOU PH 2 UNIT 4 & 5 AGGREGATE",2024-04-26,120,60,60,108072,60,0,0
"CARBOU_7_PL4X5","CARIBOU PH 2 UNIT 4 & 5 AGGREGATE",2024-05-27,120,60,60,108072,60,0,0
"CARBOU_7_PL4X5","CARIBOU PH 2 UNIT 4 & 5 AGGREGATE",2024-05-31,120,60,60,108072,60,0,0
"CARBOU_7_PL4X5","CARIBOU PH 2 UNIT 4 & 5 AGGREGATE",2024-06-10,120,60,60,108072,60,0,0
"CARBOU_7_PL4X5","CARIBOU PH 2 UNIT 4 & 5 AGGREGATE",2024-07-25,120,60,60,108072,60,0,0
"CARBOU_7_UNIT 1","CARIBOU PH 1 UNIT 1",2023-06-09,24,4,20,160554,19,-1,-0.05
"CARBOU_7_UNIT 1","CARIBOU PH 1 UNIT 1",2023-06-12,24,4,20,160554,19,-1,-0.05
"CARLS1_2_CARCT1","Carlsbad 1",2024-02-05,422,15.5,406.5,160605,407,0.5,0.001230012300123
"CARLS1_2_CARCT1","Carlsbad 1",2024-02-06,422,15.5,406.5,160605,407,0.5,0.001230012300123
"CARLS1_2_CARCT1","Carlsbad 1",2024-02-08,422,15.5,406.5,160605,407,0.5,0.001230012300123
"CARLS1_2_CARCT1","Carlsbad 1",2024-02-09,422,15.5,406.5,160605,407,0.5,0.001230012300123
"CENTPD_2_BMSSX2","Blythe Mesa Solar",2023-11-28,223.6,7.6,216,238485,210,-6,-0.0277777777777778
"CENTPD_2_BMSSX2","Blythe Mesa Solar",2023-11-29,223.6,7.6,216,238485,210,-6,-0.0277777777777778
"CENTPD_2_BMSSX2","Blythe Mesa Solar",2023-12-06,223.6,3.6,220,238485,210,-10,-0.0454545454545455
"CHEVMN_2_UNITS","CHEVRON U.S.A. UNITS 1 & 2 AGGREGATE",2024-10-18,124.87,76.87,48,736344,46,-2,-0.0416666666666667
"CHEVMN_2_UNITS","CHEVRON U.S.A. UNITS 1 & 2 AGGREGATE",2024-10-21,124.87,79.87,45,736344,46,1,0.0222222222222222
"CHEVMN_2_UNITS","CHEVRON U.S.A. UNITS 1 & 2 AGGREGATE",2024-10-22,124.87,79.87,45,736344,46,1,0.0222222222222222
"CLINESCO_3_PVDYN","CLINES CORNERS",2023-03-08,129.94,64.97,64.97,914978,63.79,-1.18,-0.0181622287209481
"CLINESCO_3_PVDYN","CLINES CORNERS",2023-03-08,129.94,64.94,65,914978,63.79,-1.21,-0.0186153846153846
"CLRMNT_6_CLEBT1","Clairemont Energy Storage",2024-11-20,9,4.5,4.5,143302,4.7,0.2,0.0444444444444445
"CLRMNT_6_CLEBT1","Clairemont Energy Storage",2024-11-21,9,4.5,4.5,143302,4.7,0.2,0.0444444444444445
"CLRMNT_6_CLEBT1","Clairemont Energy Storage",2024-11-22,9,4.5,4.5,143302,4.7,0.2,0.0444444444444445
"CLRMNT_6_CLEBT1","Clairemont Energy Storage",2024-12-09,9,4.5,4.5,143302,4.7,0.2,0.0444444444444445
"CLRMNT_6_CLEBT1","Clairemont Energy Storage",2024-12-10,9,4.5,4.5,143302,4.7,0.2,0.0444444444444445
"CLRMNT_6_CLEBT1","Clairemont Energy Storage",2024-12-11,9,4.5,4.5,143302,4.7,0.2,0.0444444444444445
"CNTNLA_2_SOLAR1","Centinela Solar Energy I",2023-07-12,125,66.18,58.82,124574,57.87,-0.949999999999996,-0.0161509690581434
"CNTNLA_2_SOLAR1","Centinela Solar Energy I",2024-08-06,125,65,60,124574,57.89,-2.11,-0.0351666666666667
"COLUSA_2_PL1X3","Colusa Generating Station",2023-11-03,641,221,420,101489,420,0,0
"COLUSA_2_PL1X3","Colusa Generating Station",2024-10-08,641,221,420,101489,420,0,0
"COLVIL_7_PL1X2","COLLIERVILLE HYDRO UNIT 1 & 2 AGGREGATE",2024-10-06,246.86,120.86,126,201370,123,-3.00000000000001,-0.0238095238095239
"COLVIL_7_PL1X2","COLLIERVILLE HYDRO UNIT 1 & 2 AGGREGATE",2024-10-06,246.86,126,120.86,201370,123,2.13999999999999,0.0177064372000661
"COLVIL_7_PL1X2","COLLIERVILLE HYDRO UNIT 1 & 2 AGGREGATE",2024-10-23,246.86,126,120.86,201370,116.3,-4.56000000000002,-0.0377296045010758
"COLVIL_7_PL1X2","COLLIERVILLE HYDRO UNIT 1 & 2 AGGREGATE",2024-10-24,246.86,126,120.86,201370,116.3,-4.56000000000002,-0.0377296045010758
"CONTRL_1_LUNDY","LUNDY",2023-10-03,3,1.5,1.5,163107,1.5,0,0
"CONTRL_1_LUNDY","LUNDY",2023-10-20,3,1.5,1.5,163107,1.5,0,0
"CONTRL_1_LUNDY","LUNDY",2024-07-30,3,2.2,0.8,163107,0.8,2.22044604925031e-16,2.77555756156289e-16
"CONTRL_1_POOLE","POOLE HYDRO PLANT 1",2023-10-20,10.9,0.95,9.95,814548,10,0.0499999999999989,0.0050251256281406
"CONTRL_1_POOLE","POOLE HYDRO PLANT 1",2023-10-20,10.9,0.95,9.95,814548,10,0.0499999999999989,0.0050251256281406
"CONTRL_1_POOLE","POOLE HYDRO PLANT 1",2024-01-15,11.07,0.95,10.12,814548,10,-0.120000000000001,-0.0118577075098815
"CONTRL_1_POOLE","POOLE HYDRO PLANT 1",2024-01-15,11.07,0.95,10.12,814548,10,-0.120000000000001,-0.0118577075098815
"CONTRL_1_RUSHCK","RUSH CREEK",2023-11-13,11.94,5.94,6,151598,6.11,0.110000000000001,0.0183333333333335
"CONTRL_1_RUSHCK","RUSH CREEK",2023-12-01,11.94,5.94,6,151598,6.15,0.150000000000001,0.0250000000000002
"COVERD_2_MCKHY1","Montgomery Creek Hydro",2024-06-21,2.8,0.7,2.1,133011,2.2,0.100000000000001,0.0476190476190479
"COVERD_2_MCKHY1","Montgomery Creek Hydro",2024-06-23,2.8,0.7,2.1,133011,2.2,0.100000000000001,0.0476190476190479
"CRESTA_7_PL1X2","CRESTA PH UNIT 1 & 2 AGGREGATE",2023-05-28,70.4,35.2,35.2,179949,33.5,-1.7,-0.0482954545454546
"CRESTA_7_PL1X2","CRESTA PH UNIT 1 & 2 AGGREGATE",2023-05-31,70.4,35.2,35.2,179949,33.5,-1.7,-0.0482954545454546
"CRESTA_7_PL1X2","CRESTA PH UNIT 1 & 2 AGGREGATE",2023-08-30,70.4,35.2,35.2,179949,35,-0.200000000000003,-0.00568181818181826
"CRESTA_7_PL1X2","CRESTA PH UNIT 1 & 2 AGGREGATE",2023-09-17,70.4,35.2,35.2,179949,35,-0.200000000000003,-0.00568181818181826
"CRESTA_7_PL1X2","CRESTA PH UNIT 1 & 2 AGGREGATE",2024-03-16,70.4,35.2,35.2,179949,33.5,-1.7,-0.0482954545454546
"CRESTA_7_PL1X2","CRESTA PH UNIT 1 & 2 AGGREGATE",2024-03-17,70.4,35.2,35.2,179949,33.5,-1.7,-0.0482954545454546
"CRESTA_7_PL1X2","CRESTA PH UNIT 1 & 2 AGGREGATE",2024-03-21,70.4,35.2,35.2,179949,35,-0.200000000000003,-0.00568181818181826
"CRESTA_7_PL1X2","CRESTA PH UNIT 1 & 2 AGGREGATE",2024-03-27,70.4,35.2,35.2,179949,35,-0.200000000000003,-0.00568181818181826
"CRIMSN_2_CRMBT2","Crimson 2",2024-04-15,150,50,100,589872,103.56,3.56,0.0356
"CRIMSN_2_CRMBT2","Crimson 2",2024-04-16,150,50,100,589872,99.36,-0.640000000000001,-0.00640000000000001
"CRIMSN_2_CRMBT2","Crimson 2",2024-04-18,150,50,100,589872,102.88,2.88,0.0288
"CRSTWD_6_KUMYAY","Kumeyaay Wind Farm",2023-01-21,50,25,25,997249,24.91,-0.0899999999999999,-0.00359999999999999
"CRSTWD_6_KUMYAY","Kumeyaay Wind Farm",2023-03-09,50,25,25,997249,25.71,0.710000000000001,0.0284
"CRSTWD_6_KUMYAY","Kumeyaay Wind Farm",2023-11-17,50,25,25,997249,24.63,-0.370000000000001,-0.0148
"CRSTWD_6_KUMYAY","Kumeyaay Wind Farm",2023-12-02,50,19,31,997249,31.53,0.530000000000001,0.0170967741935484
"CRSTWD_6_KUMYAY","Kumeyaay Wind Farm",2024-01-05,50,25,25,997249,24.89,-0.109999999999999,-0.00439999999999998
"CRSTWD_6_KUMYAY","Kumeyaay Wind Farm",2024-11-22,50,25,25,997249,25.72,0.719999999999999,0.0288
"DEADCK_1_UNIT","DEADCK_1_UNIT",2024-08-08,1.96,0.5,1.46,148199,1.5,0.04,0.0273972602739726
"DEADCK_1_UNIT","DEADCK_1_UNIT",2024-08-09,1.96,0.5,1.46,148199,1.5,0.04,0.0273972602739726
"DEADCK_1_UNIT","DEADCK_1_UNIT",2024-08-16,1.96,0.5,1.46,148199,1.5,0.04,0.0273972602739726
"DEADCK_1_UNIT","DEADCK_1_UNIT",2024-08-23,1.96,0.5,1.46,148199,1.5,0.04,0.0273972602739726
"DELAMO_2_ALASB2","Los Alamitos 2",2023-08-26,10,9,1,643213,1,0,0
"DELAMO_2_ALASB2","Los Alamitos 2",2023-08-27,10,9,1,643213,1,0,0
"DIABLO_7_UNIT 1","Diablo Canyon Unit 1",2023-03-19,1150,15,1135,126417,1135,0,0
"DIABLO_7_UNIT 1","Diablo Canyon Unit 1",2023-03-19,1150,50,1100,126417,1135,35,0.0318181818181818
"DIABLO_7_UNIT 1","Diablo Canyon Unit 1",2023-03-20,1150,15,1135,126417,1135,0,0
"DIABLO_7_UNIT 1","Diablo Canyon Unit 1",2024-09-01,1150,15,1135,126417,1135,0,0
"DIABLO_7_UNIT 1","Diablo Canyon Unit 1",2024-09-14,1150,145,1005,126417,1005,0,0
"DIABLO_7_UNIT 1","Diablo Canyon Unit 1",2024-09-16,1150,20,1130,126417,1124.1,-5.90000000000009,-0.00522123893805318
"DIABLO_7_UNIT 1","Diablo Canyon Unit 1",2024-09-27,1150,50,1100,126417,1101,1,0.000909090909090909
"DIABLO_7_UNIT 1","Diablo Canyon Unit 1",2024-09-28,1150,600,550,126417,553.5,3.5,0.00636363636363636
"DIABLO_7_UNIT 1","Diablo Canyon Unit 1",2024-10-04,1150,50,1100,126417,1110,10,0.00909090909090909
"DIABLO_7_UNIT 1","Diablo Canyon Unit 1",2024-10-05,1150,600,550,126417,558,8,0.0145454545454545
"DIABLO_7_UNIT 2","Diablo Canyon Unit 2",2023-11-10,1150,162,988,195335,983,-5,-0.00506072874493927
"DIABLO_7_UNIT 2","Diablo Canyon Unit 2",2023-11-10,1150,167,983,195335,983,0,0
"DRACKR_2_DSUBT1","Dracker Solar Unit 1 BESS",2023-10-01,63,3,60,140316,60,0,0
"DRACKR_2_DSUBT1","Dracker Solar Unit 1 BESS",2023-10-01,63,5.6,57.4,140316,60,2.6,0.0452961672473868
"DRACKR_2_DSUBT1","Dracker Solar Unit 1 BESS",2023-10-02,63,3.16,59.84,140316,60,0.159999999999997,0.00267379679144379
"DRACKR_2_DSUBT1","Dracker Solar Unit 1 BESS",2023-10-03,63,3,60,140316,60,0,0
"DRACKR_2_DSUBT1","Dracker Solar Unit 1 BESS",2023-10-03,63,5.2,57.8,140316,60,2.2,0.0380622837370243
"DRACKR_2_DSUBT1","Dracker Solar Unit 1 BESS",2023-10-05,63,3.96,59.04,140316,60,0.960000000000001,0.016260162601626
"DRACKR_2_DSUBT1","Dracker Solar Unit 1 BESS",2023-10-06,63,0.68,62.32,140316,60,-2.32,-0.0372272143774069
"DRACKR_2_DSUBT1","Dracker Solar Unit 1 BESS",2023-10-09,63,5.6,57.4,140316,60,2.6,0.0452961672473868
"DRACKR_2_DSUBT1","Dracker Solar Unit 1 BESS",2023-10-10,63,5.6,57.4,140316,60,2.6,0.0452961672473868
"DRACKR_2_DSUBT1","Dracker Solar Unit 1 BESS",2023-10-10,63,3,60,140316,60,0,0
"DRACKR_2_DSUBT1","Dracker Solar Unit 1 BESS",2023-10-10,63,3.96,59.04,140316,60,0.960000000000001,0.016260162601626
"DRACKR_2_DSUBT1","Dracker Solar Unit 1 BESS",2023-10-11,63,3,60,140316,60,0,0
"DRACKR_2_DSUBT1","Dracker Solar Unit 1 BESS",2023-10-12,63,3.96,59.04,140316,60,0.960000000000001,0.016260162601626
"DRACKR_2_DSUBT1","Dracker Solar Unit 1 BESS",2023-10-12,63,3,60,140316,60,0,0
"DRACKR_2_DSUBT1","Dracker Solar Unit 1 BESS",2023-10-13,63,3,60,140316,60,0,0
"DRACKR_2_DSUBT1","Dracker Solar Unit 1 BESS",2023-10-14,63,3,60,140316,60,0,0
"DRACKR_2_DSUBT1","Dracker Solar Unit 1 BESS",2023-10-14,63,3.96,59.04,140316,60,0.960000000000001,0.016260162601626
"DRACKR_2_DSUBT1","Dracker Solar Unit 1 BESS",2023-10-15,63,3,60,140316,60,0,0
"DRACKR_2_DSUBT1","Dracker Solar Unit 1 BESS",2023-10-15,63,5.6,57.4,140316,60,2.6,0.0452961672473868
"DRACKR_2_DSUBT1","Dracker Solar Unit 1 BESS",2023-10-15,63,4.17,58.83,140316,60,1.17,0.0198878123406426
"DRACKR_2_DSUBT1","Dracker Solar Unit 1 BESS",2023-10-16,63,3,60,140316,60,0,0
"DRACKR_2_DSUBT1","Dracker Solar Unit 1 BESS",2023-10-17,63,1.1,61.9,140316,60,-1.9,-0.0306946688206785
"DRACKR_2_DSUBT1","Dracker Solar Unit 1 BESS",2023-10-17,63,3.96,59.04,140316,60,0.960000000000001,0.016260162601626
"DRACKR_2_DSUBT1","Dracker Solar Unit 1 BESS",2023-10-17,63,0.68,62.32,140316,60,-2.32,-0.0372272143774069
"DRACKR_2_DSUBT1","Dracker Solar Unit 1 BESS",2023-10-17,63,5.6,57.4,140316,60,2.6,0.0452961672473868
"DRACKR_2_DSUBT1","Dracker Solar Unit 1 BESS",2023-10-17,63,2.74,60.26,140316,60,-0.259999999999998,-0.00431463657484232
"DRACKR_2_DSUBT1","Dracker Solar Unit 1 BESS",2023-10-18,63,3,60,140316,60,0,0
"DRACKR_2_DSUBT1","Dracker Solar Unit 1 BESS",2023-10-19,63,1.5,61.5,140316,60,-1.5,-0.024390243902439
"DRACKR_2_DSUBT1","Dracker Solar Unit 1 BESS",2023-10-20,63,1.92,61.08,140316,60,-1.08,-0.0176817288801571
"DRACKR_2_DSUBT1","Dracker Solar Unit 1 BESS",2023-10-20,63,0.68,62.32,140316,60,-2.32,-0.0372272143774069
"DRACKR_2_DSUBT1","Dracker Solar Unit 1 BESS",2023-10-21,63,3.96,59.04,140316,60,0.960000000000001,0.016260162601626
"DRACKR_2_DSUBT1","Dracker Solar Unit 1 BESS",2023-10-21,63,5.6,57.4,140316,60,2.6,0.0452961672473868
"DRACKR_2_DSUBT1","Dracker Solar Unit 1 BESS",2023-10-21,63,2.32,60.68,140316,60,-0.68,-0.011206328279499
"DRACKR_2_DSUBT1","Dracker Solar Unit 1 BESS",2023-10-22,63,5.6,57.4,140316,60,2.6,0.0452961672473868
"DRACKR_2_DSUBT1","Dracker Solar Unit 1 BESS",2023-10-22,63,1.1,61.9,140316,60,-1.9,-0.0306946688206785
"DRACKR_2_DSUBT1","Dracker Solar Unit 1 BESS",2023-10-22,63,3.96,59.04,140316,60,0.960000000000001,0.016260162601626
"DRACKR_2_DSUBT1","Dracker Solar Unit 1 BESS",2023-10-23,63,0.68,62.32,140316,60,-2.32,-0.0372272143774069
"DRACKR_2_DSUBT1","Dracker Solar Unit 1 BESS",2023-10-23,63,4.38,58.62,140316,60,1.38,0.0235414534288639
"DRACKR_2_DSUBT1","Dracker Solar Unit 1 BESS",2023-10-24,63,3,60,140316,60,0,0
"DRACKR_2_DSUBT1","Dracker Solar Unit 1 BESS",2024-11-01,63,5.55,57.45,140316,60,2.55,0.0443864229765013
"DREWS_6_PL1X4","Drews Generating Plant",2023-11-16,41.4,10.35,31.05,186841,31.2,0.150000000000002,0.0048309178743962
"DREWS_6_PL1X4","Drews Generating Plant",2023-12-01,41.4,10.35,31.05,186841,31.05,3.5527136788005e-15,1.14419120090193e-16
"DREWS_6_PL1X4","Drews Generating Plant",2023-12-07,41.4,10.35,31.05,186841,31,-0.0499999999999972,-0.00161030595813195
"DREWS_6_PL1X4","Drews Generating Plant",2023-12-08,41.4,10.35,31.05,186841,31,-0.0499999999999972,-0.00161030595813195
"DREWS_6_PL1X4","Drews Generating Plant",2024-01-23,41.4,10.35,31.05,186841,31.1,0.0500000000000043,0.00161030595813218
"DRUM_7_PL1X2","Drum PH 1 Units 1 & 2 Aggregate",2024-01-06,26,13,13,591854,12.87,-0.130000000000001,-0.0100000000000001
"DRUM_7_PL1X2","Drum PH 1 Units 1 & 2 Aggregate",2024-01-08,26,13,13,591854,13.15,0.15,0.0115384615384616
"DRUM_7_PL3X4","Drum PH 1 Units 3 & 4 Aggregate",2023-02-06,28.9,12.9,16,171240,16,1.77635683940025e-15,1.11022302462516e-16
"DRUM_7_PL3X4","Drum PH 1 Units 3 & 4 Aggregate",2023-03-06,28.9,15.9,13,171240,13,1.77635683940025e-15,1.36642833800019e-16
"DRUM_7_PL3X4","Drum PH 1 Units 3 & 4 Aggregate",2023-03-07,28.9,15.9,13,171240,13,1.77635683940025e-15,1.36642833800019e-16
"DRUM_7_PL3X4","Drum PH 1 Units 3 & 4 Aggregate",2024-02-12,28.9,16,12.9,171240,13,0.100000000000001,0.00775193798449623
"DRUM_7_PL3X4","Drum PH 1 Units 3 & 4 Aggregate",2024-02-14,28.9,12.9,16,171240,16,1.77635683940025e-15,1.11022302462516e-16
"DSRTSL_2_SOLAR1","Desert Stateline",2024-04-30,296.19,40,256.19,201021,246.56,-9.63,-0.0375892891994223
"DSRTSL_2_SOLAR1","Desert Stateline",2024-05-01,296.19,40,256.19,201021,245.66,-10.53,-0.0411023068816113
"DSRTSL_2_SOLAR1","Desert Stateline",2024-05-02,296.19,40,256.19,201021,248.12,-8.06999999999999,-0.0315000585502947
"DSRTSL_2_SOLAR1","Desert Stateline",2024-05-03,296.19,40,256.19,201021,261.75,5.56,0.0217026425699676
"DSRTSN_2_DS2X2","Desert Sunlight PV II Storage",2023-01-16,230,14,216,263628,208.96,-7.03999999999999,-0.0325925925925926
"DSRTSN_2_DS2X2","Desert Sunlight PV II Storage",2023-01-17,230,14,216,263628,208.96,-7.03999999999999,-0.0325925925925926
"DUANE_1_PL1X3","DONALD VON RAESFELD POWER PROJECT",2023-11-17,147.8,84.8,63,514544,63,-1.4210854715202e-14,-2.25569122463524e-16
"DUANE_1_PL1X3","DONALD VON RAESFELD POWER PROJECT",2023-11-18,147.8,84.8,63,514544,63,-1.4210854715202e-14,-2.25569122463524e-16
"DUANE_1_PL1X3","DONALD VON RAESFELD POWER PROJECT",2023-11-19,147.8,84.8,63,514544,63,-1.4210854715202e-14,-2.25569122463524e-16
"DVLCYN_1_UNITS","DEVIL CANYON HYDRO UNITS 1-4 AGGREGATE",2023-03-06,235,45,190,319098,195.77,5.77000000000001,0.0303684210526316
"DVLCYN_1_UNITS","DEVIL CANYON HYDRO UNITS 1-4 AGGREGATE",2023-07-26,235,15,220,319098,226.01,6.00999999999999,0.0273181818181818
"DVLCYN_1_UNITS","DEVIL CANYON HYDRO UNITS 1-4 AGGREGATE",2023-10-04,235,15,220,319098,230.92,10.92,0.0496363636363636
"DVLCYN_1_UNITS","DEVIL CANYON HYDRO UNITS 1-4 AGGREGATE",2023-10-05,235,15,220,319098,228.21,8.21000000000001,0.0373181818181819
"DVLCYN_1_UNITS","DEVIL CANYON HYDRO UNITS 1-4 AGGREGATE",2023-10-06,235,15,220,319098,228.09,8.09,0.0367727272727273
"DVLCYN_1_UNITS","DEVIL CANYON HYDRO UNITS 1-4 AGGREGATE",2023-10-07,235,15,220,319098,215.39,-4.61000000000001,-0.0209545454545455
"DVLCYN_1_UNITS","DEVIL CANYON HYDRO UNITS 1-4 AGGREGATE",2023-10-08,235,15,220,319098,211.32,-8.68000000000001,-0.0394545454545455
"DVLCYN_1_UNITS","DEVIL CANYON HYDRO UNITS 1-4 AGGREGATE",2023-10-09,235,15,220,319098,228.23,8.22999999999999,0.0374090909090909
"DVLCYN_1_UNITS","DEVIL CANYON HYDRO UNITS 1-4 AGGREGATE",2023-10-12,235,15,220,319098,220.56,0.560000000000002,0.00254545454545456
"DVLCYN_1_UNITS","DEVIL CANYON HYDRO UNITS 1-4 AGGREGATE",2023-11-27,235,60,175,319098,173.57,-1.43000000000001,-0.00817142857142861
"DVLCYN_1_UNITS","DEVIL CANYON HYDRO UNITS 1-4 AGGREGATE",2023-11-29,235,60,175,319098,180.3,5.30000000000001,0.0302857142857143
"DVLCYN_1_UNITS","DEVIL CANYON HYDRO UNITS 1-4 AGGREGATE",2024-02-08,235,35,200,319098,194.07,-5.93000000000001,-0.02965
"DVLCYN_1_UNITS","DEVIL CANYON HYDRO UNITS 1-4 AGGREGATE",2024-02-18,235,35,200,319098,206.97,6.97,0.03485
"DVLCYN_1_UNITS","DEVIL CANYON HYDRO UNITS 1-4 AGGREGATE",2024-03-06,235,35,200,319098,198.6,-1.40000000000001,-0.00700000000000003
"DVLCYN_1_UNITS","DEVIL CANYON HYDRO UNITS 1-4 AGGREGATE",2024-09-19,235,15,220,319098,218.4,-1.59999999999999,-0.00727272727272725
"DVLCYN_1_UNITS","DEVIL CANYON HYDRO UNITS 1-4 AGGREGATE",2024-09-26,235,15,220,319098,227.32,7.31999999999999,0.0332727272727272
"DVLCYN_1_UNITS","DEVIL CANYON HYDRO UNITS 1-4 AGGREGATE",2024-09-27,235,15,220,319098,227.36,7.36000000000001,0.0334545454545455
"DVLCYN_1_UNITS","DEVIL CANYON HYDRO UNITS 1-4 AGGREGATE",2024-10-02,235,15,220,319098,216.35,-3.65000000000001,-0.0165909090909091
"DVLCYN_1_UNITS","DEVIL CANYON HYDRO UNITS 1-4 AGGREGATE",2024-10-08,235,35,200,319098,192.88,-7.12,-0.0356
"DVLCYN_1_UNITS","DEVIL CANYON HYDRO UNITS 1-4 AGGREGATE",2024-10-09,235,35,200,319098,202.67,2.66999999999999,0.0133499999999999
"DVLCYN_1_UNITS","DEVIL CANYON HYDRO UNITS 1-4 AGGREGATE",2024-10-10,235,35,200,319098,200.3,0.300000000000011,0.00150000000000006
"DVLCYN_1_UNITS","DEVIL CANYON HYDRO UNITS 1-4 AGGREGATE",2024-10-18,235,35,200,319098,195,-5,-0.025
"DVLCYN_1_UNITS","DEVIL CANYON HYDRO UNITS 1-4 AGGREGATE",2024-10-23,235,35,200,319098,196.62,-3.38,-0.0169
"DVLCYN_1_UNITS","DEVIL CANYON HYDRO UNITS 1-4 AGGREGATE",2024-10-24,235,35,200,319098,192.49,-7.50999999999999,-0.03755
"DVLCYN_1_UNITS","DEVIL CANYON HYDRO UNITS 1-4 AGGREGATE",2024-10-25,235,35,200,319098,194.46,-5.53999999999999,-0.0277
"EASTWD_7_UNIT","EASTWOOD PUMP-GEN",2024-12-30,200,20,180,983166,186,6,0.0333333333333333
"EASTWD_7_UNIT","EASTWOOD PUMP-GEN",2024-12-31,200,20,180,983166,182,2,0.0111111111111111
"EDWARD_2_ESSSB2","Sanborn Solar 2",2024-11-21,132,21,111,170587,110.31,-0.689999999999998,-0.0062162162162162
"EDWARD_2_ESSSB2","Sanborn Solar 2",2024-12-02,132,27,105,170587,102.77,-2.23,-0.0212380952380953
"ELCAJN_6_EB1BT1","Eastern BESS 1",2023-06-02,7.5,1.5,6,372178,6,0,0
"ELCAJN_6_EB1BT1","Eastern BESS 1",2023-06-03,7.5,1.5,6,372178,6,0,0
"ELCAJN_6_EB1BT1","Eastern BESS 1",2023-06-04,7.5,1.5,6,372178,6,0,0
"ELCAJN_6_EB1BT1","Eastern BESS 1",2023-06-05,7.5,1.5,6,372178,6,0,0
"ELCAJN_6_EB1BT1","Eastern BESS 1",2023-06-06,7.5,1.5,6,372178,6,0,0
"ELCAJN_6_EB1BT1","Eastern BESS 1",2023-06-07,7.5,1.5,6,372178,6,0,0
"ELCAJN_6_EB1BT1","Eastern BESS 1",2023-06-09,7.5,1.5,6,372178,6,0,0
"ELCAJN_6_EB1BT1","Eastern BESS 1",2023-06-10,7.5,1.5,6,372178,6,0,0
"ELCAJN_6_EB1BT1","Eastern BESS 1",2023-06-11,7.5,1.5,6,372178,6,0,0
"ELCAJN_6_EB1BT1","Eastern BESS 1",2023-06-12,7.5,1.5,6,372178,6,0,0
"ELCAJN_6_EB1BT1","Eastern BESS 1",2023-06-13,7.5,1.5,6,372178,6,0,0
"ELCAJN_6_EB1BT1","Eastern BESS 1",2023-06-17,7.5,1.5,6,372178,6,0,0
"ELCAJN_6_EB1BT1","Eastern BESS 1",2023-06-18,7.5,1.5,6,372178,6,0,0
"ELCAJN_6_EB1BT1","Eastern BESS 1",2023-06-19,7.5,1.5,6,372178,6,0,0
"ELCAJN_6_EB1BT1","Eastern BESS 1",2023-06-20,7.5,1.5,6,372178,6,0,0
"ELCAJN_6_EB1BT1","Eastern BESS 1",2023-06-21,7.5,1.5,6,372178,6,0,0
"ELCAJN_6_EB1BT1","Eastern BESS 1",2023-06-22,7.5,1.5,6,372178,6,0,0
"ELCAJN_6_EB1BT1","Eastern BESS 1",2023-06-23,7.5,1.5,6,372178,6,0,0
"ELCAJN_6_EB1BT1","Eastern BESS 1",2023-06-24,7.5,1.5,6,372178,6,0,0
"ELCAJN_6_EB1BT1","Eastern BESS 1",2023-06-25,7.5,1.5,6,372178,6,0,0
"ELCAJN_6_EB1BT1","Eastern BESS 1",2023-06-26,7.5,1.5,6,372178,6,0,0
"ELCAJN_6_EB1BT1","Eastern BESS 1",2023-06-27,7.5,1.5,6,372178,6,0,0
"ELCAJN_6_EB1BT1","Eastern BESS 1",2023-06-29,7.5,1.5,6,372178,6,0,0
"ELCAJN_6_EB1BT1","Eastern BESS 1",2023-06-30,7.5,1.5,6,372178,6,0,0
"ELCAJN_6_EB1BT1","Eastern BESS 1",2023-08-10,7.5,1.5,6,372178,6,0,0
"ELCAJN_6_EB1BT1","Eastern BESS 1",2023-08-11,7.5,1.5,6,372178,6,0,0
"ELCAJN_6_EB1BT1","Eastern BESS 1",2023-08-12,7.5,1.5,6,372178,6,0,0
"ELCAJN_6_EB1BT1","Eastern BESS 1",2023-08-13,7.5,1.5,6,372178,6,0,0
"ELCAJN_6_EB1BT1","Eastern BESS 1",2023-08-14,7.5,1.5,6,372178,6,0,0
"ELCAJN_6_EB1BT1","Eastern BESS 1",2023-08-15,7.5,1.5,6,372178,6,0,0
"ELCAJN_6_EB1BT1","Eastern BESS 1",2023-08-16,7.5,1.5,6,372178,6,0,0
"ELCAJN_6_EB1BT1","Eastern BESS 1",2023-08-17,7.5,1.5,6,372178,6,0,0
"ELCAJN_6_EB1BT1","Eastern BESS 1",2023-08-18,7.5,1.5,6,372178,6,0,0
"ELCAJN_6_EB1BT1","Eastern BESS 1",2023-08-19,7.5,1.5,6,372178,6,0,0
"ELCAJN_6_EB1BT1","Eastern BESS 1",2023-08-20,7.5,1.5,6,372178,6,0,0
"ELCAJN_6_EB1BT1","Eastern BESS 1",2023-08-21,7.5,1.5,6,372178,6,0,0
"ELCAJN_6_EB1BT1","Eastern BESS 1",2023-08-22,7.5,1.5,6,372178,6,0,0
"ELCAJN_6_EB1BT1","Eastern BESS 1",2023-08-23,7.5,1.5,6,372178,6,0,0
"ELCAJN_6_EB1BT1","Eastern BESS 1",2023-08-24,7.5,1.5,6,372178,6,0,0
"ELCAJN_6_EB1BT1","Eastern BESS 1",2023-08-25,7.5,1.5,6,372178,6,0,0
"ELCAJN_6_EB1BT1","Eastern BESS 1",2023-08-26,7.5,1.5,6,372178,6,0,0
"ELCAJN_6_EB1BT1","Eastern BESS 1",2023-08-27,7.5,1.5,6,372178,6,0,0
"ELCAJN_6_EB1BT1","Eastern BESS 1",2023-08-28,7.5,1.5,6,372178,6,0,0
"ELCAJN_6_EB1BT1","Eastern BESS 1",2023-08-29,7.5,1.5,6,372178,6,0,0
"ELCAJN_6_EB1BT1","Eastern BESS 1",2023-08-30,7.5,1.5,6,372178,6,0,0
"ELCAJN_6_EB1BT1","Eastern BESS 1",2023-08-31,7.5,1.5,6,372178,6,0,0
"ELCAJN_6_EB1BT1","Eastern BESS 1",2023-09-01,7.5,1.5,6,372178,6,0,0
"ELCAJN_6_EB1BT1","Eastern BESS 1",2023-09-02,7.5,1.5,6,372178,6,0,0
"ELCAJN_6_EB1BT1","Eastern BESS 1",2023-09-03,7.5,1.5,6,372178,6,0,0
"ELCAJN_6_EB1BT1","Eastern BESS 1",2023-09-04,7.5,1.5,6,372178,6,0,0
"ELCAJN_6_EB1BT1","Eastern BESS 1",2023-09-05,7.5,1.5,6,372178,6,0,0
"ELCAJN_6_EB1BT1","Eastern BESS 1",2023-09-06,7.5,1.5,6,372178,6,0,0
"ELCAJN_6_EB1BT1","Eastern BESS 1",2023-09-07,7.5,1.5,6,372178,6,0,0
"ELCAJN_6_EB1BT1","Eastern BESS 1",2023-09-08,7.5,1.5,6,372178,6,0,0
"ELCAJN_6_EB1BT1","Eastern BESS 1",2023-09-09,7.5,1.5,6,372178,6,0,0
"ELCAJN_6_EB1BT1","Eastern BESS 1",2023-09-10,7.5,1.5,6,372178,6,0,0
"ELCAJN_6_EB1BT1","Eastern BESS 1",2023-09-11,7.5,1.5,6,372178,6,0,0
"ELCAJN_6_EB1BT1","Eastern BESS 1",2023-09-12,7.5,1.5,6,372178,6,0,0
"ELCAJN_6_EB1BT1","Eastern BESS 1",2023-09-13,7.5,1.5,6,372178,6,0,0
"ELCAJN_6_EB1BT1","Eastern BESS 1",2023-09-14,7.5,1.5,6,372178,6,0,0
"ELCAJN_6_EB1BT1","Eastern BESS 1",2023-09-16,7.5,1.5,6,372178,6,0,0
"ELCAJN_6_EB1BT1","Eastern BESS 1",2023-09-17,7.5,1.5,6,372178,6,0,0
"ELCAJN_6_EB1BT1","Eastern BESS 1",2023-09-18,7.5,1.5,6,372178,6,0,0
"ELCAJN_6_EB1BT1","Eastern BESS 1",2023-09-19,7.5,1.5,6,372178,6,0,0
"ELCAJN_6_EB1BT1","Eastern BESS 1",2023-09-20,7.5,1.5,6,372178,6,0,0
"ELCAJN_6_EB1BT1","Eastern BESS 1",2023-09-21,7.5,1.5,6,372178,6,0,0
"ELCAJN_6_EB1BT1","Eastern BESS 1",2023-09-22,7.5,1.5,6,372178,6,0,0
"ELCAJN_6_EB1BT1","Eastern BESS 1",2023-09-23,7.5,1.5,6,372178,6,0,0
"ELCAJN_6_EB1BT1","Eastern BESS 1",2023-09-24,7.5,1.5,6,372178,6,0,0
"ELCAJN_6_EB1BT1","Eastern BESS 1",2023-09-25,7.5,1.5,6,372178,6,0,0
"ELCAJN_6_EB1BT1","Eastern BESS 1",2023-09-26,7.5,1.5,6,372178,6,0,0
"ELCAJN_6_EB1BT1","Eastern BESS 1",2023-09-27,7.5,1.5,6,372178,6,0,0
"ELCAJN_6_EB1BT1","Eastern BESS 1",2023-09-28,7.5,1.5,6,372178,6,0,0
"ELCAJN_6_EB1BT1","Eastern BESS 1",2023-09-29,7.5,1.5,6,372178,6,0,0
"ELCAJN_6_EB1BT1","Eastern BESS 1",2023-09-30,7.5,1.5,6,372178,6,0,0
"ELCAJN_6_EB1BT1","Eastern BESS 1",2023-10-01,7.5,1.5,6,372178,6,0,0
"ELCAJN_6_EB1BT1","Eastern BESS 1",2023-10-02,7.5,1.5,6,372178,6,0,0
"ELCAJN_6_EB1BT1","Eastern BESS 1",2023-10-03,7.5,1.5,6,372178,6,0,0
"ELCAJN_6_EB1BT1","Eastern BESS 1",2023-10-04,7.5,1.5,6,372178,6,0,0
"ELCAJN_6_EB1BT1","Eastern BESS 1",2023-10-05,7.5,1.5,6,372178,6,0,0
"ELCAJN_6_EB1BT1","Eastern BESS 1",2023-10-06,7.5,1.5,6,372178,6,0,0
"ELCAJN_6_EB1BT1","Eastern BESS 1",2023-10-07,7.5,1.5,6,372178,6,0,0
"ELCAJN_6_EB1BT1","Eastern BESS 1",2023-10-08,7.5,1.5,6,372178,6,0,0
"ELCAJN_6_EB1BT1","Eastern BESS 1",2023-10-09,7.5,1.5,6,372178,6,0,0
"ELCAJN_6_EB1BT1","Eastern BESS 1",2023-10-10,7.5,1.5,6,372178,6,0,0
"ELCAJN_6_EB1BT1","Eastern BESS 1",2023-10-12,7.5,1.5,6,372178,6,0,0
"ELCAJN_6_EB1BT1","Eastern BESS 1",2023-10-13,7.5,1.5,6,372178,6,0,0
"ELCAJN_6_EB1BT1","Eastern BESS 1",2023-10-14,7.5,1.5,6,372178,6,0,0
"ELCAJN_6_EB1BT1","Eastern BESS 1",2023-10-15,7.5,1.5,6,372178,6,0,0
"ELCAJN_6_EB1BT1","Eastern BESS 1",2023-10-16,7.5,1.5,6,372178,6,0,0
"ELCAJN_6_EB1BT1","Eastern BESS 1",2023-10-17,7.5,1.5,6,372178,6,0,0
"ELCAJN_6_EB1BT1","Eastern BESS 1",2023-10-18,7.5,1.5,6,372178,6,0,0
"ELCAJN_6_EB1BT1","Eastern BESS 1",2023-10-20,7.5,1.5,6,372178,6,0,0
"ELCAJN_6_EB1BT1","Eastern BESS 1",2023-10-23,7.5,1.5,6,372178,6,0,0
"ELCAJN_6_EB1BT1","Eastern BESS 1",2023-10-24,7.5,1.5,6,372178,6,0,0
"ELCAJN_6_EB1BT1","Eastern BESS 1",2023-10-26,7.5,1.5,6,372178,6,0,0
"ELCAJN_6_EB1BT1","Eastern BESS 1",2023-10-27,7.5,1.5,6,372178,6,0,0
"ELCAJN_6_EB1BT1","Eastern BESS 1",2023-10-28,7.5,1.5,6,372178,6,0,0
"ELCAJN_6_EB1BT1","Eastern BESS 1",2023-10-29,7.5,1.5,6,372178,6,0,0
"ELCAJN_6_EB1BT1","Eastern BESS 1",2023-10-30,7.5,1.5,6,372178,6,0,0
"ELCAJN_6_EB1BT1","Eastern BESS 1",2023-10-31,7.5,1.5,6,372178,6,0,0
"ELCAJN_6_EB1BT1","Eastern BESS 1",2023-11-01,7.5,1.5,6,372178,6,0,0
"ELCAJN_6_EB1BT1","Eastern BESS 1",2023-11-02,7.5,1.5,6,372178,6,0,0
"ELCAJN_6_EB1BT1","Eastern BESS 1",2023-11-03,7.5,1.5,6,372178,6,0,0
"ELCAJN_6_EB1BT1","Eastern BESS 1",2023-11-04,7.5,1.5,6,372178,6,0,0
"ELCAJN_6_EB1BT1","Eastern BESS 1",2023-11-05,7.5,1.5,6,372178,6,0,0
"ELCAJN_6_EB1BT1","Eastern BESS 1",2023-11-06,7.5,1.5,6,372178,6,0,0
"ELCAJN_6_EB1BT1","Eastern BESS 1",2023-11-07,7.5,1.5,6,372178,6,0,0
"ELCAJN_6_EB1BT1","Eastern BESS 1",2023-11-08,7.5,1.5,6,372178,6,0,0
"ELCAJN_6_EB1BT1","Eastern BESS 1",2023-11-09,7.5,1.5,6,372178,6,0,0
"ELCAJN_6_EB1BT1","Eastern BESS 1",2023-11-10,7.5,1.5,6,372178,6,0,0
"ELCAJN_6_EB1BT1","Eastern BESS 1",2023-11-11,7.5,1.5,6,372178,6,0,0
"ELCAJN_6_EB1BT1","Eastern BESS 1",2023-11-12,7.5,1.5,6,372178,6,0,0
"ELCAJN_6_EB1BT1","Eastern BESS 1",2023-11-13,7.5,1.5,6,372178,6,0,0
"ELCAJN_6_EB1BT1","Eastern BESS 1",2023-11-14,7.5,1.5,6,372178,6,0,0
"ELCAJN_6_EB1BT1","Eastern BESS 1",2023-11-15,7.5,1.5,6,372178,6,0,0
"ELCAJN_6_EB1BT1","Eastern BESS 1",2023-11-16,7.5,1.5,6,372178,6,0,0
"ELCAJN_6_EB1BT1","Eastern BESS 1",2023-11-17,7.5,1.5,6,372178,6,0,0
"ELCAJN_6_EB1BT1","Eastern BESS 1",2023-11-18,7.5,1.5,6,372178,6,0,0
"ELCAJN_6_EB1BT1","Eastern BESS 1",2023-11-19,7.5,1.5,6,372178,6,0,0
"ELCAJN_6_EB1BT1","Eastern BESS 1",2023-11-20,7.5,1.5,6,372178,6,0,0
"ELCAJN_6_EB1BT1","Eastern BESS 1",2023-11-21,7.5,1.5,6,372178,6,0,0
"ELCAJN_6_EB1BT1","Eastern BESS 1",2023-11-22,7.5,1.5,6,372178,6,0,0
"ELCAJN_6_EB1BT1","Eastern BESS 1",2023-11-23,7.5,1.5,6,372178,6,0,0
"ELCAJN_6_EB1BT1","Eastern BESS 1",2023-11-24,7.5,1.5,6,372178,6,0,0
"ELCAJN_6_EB1BT1","Eastern BESS 1",2023-11-25,7.5,1.5,6,372178,6,0,0
"ELCAJN_6_EB1BT1","Eastern BESS 1",2023-11-26,7.5,1.5,6,372178,6,0,0
"ELCAJN_6_EB1BT1","Eastern BESS 1",2023-11-27,7.5,1.5,6,372178,6,0,0
"ELCAJN_6_EB1BT1","Eastern BESS 1",2023-11-28,7.5,1.5,6,372178,6,0,0
"ELCAJN_6_EB1BT1","Eastern BESS 1",2023-11-29,7.5,1.5,6,372178,6,0,0
"ELCAJN_6_EB1BT1","Eastern BESS 1",2023-11-30,7.5,1.5,6,372178,6,0,0
"ELCAJN_6_EB1BT1","Eastern BESS 1",2024-05-20,7.5,2.5,5,372178,5,0,0
"ELCAJN_6_EB1BT1","Eastern BESS 1",2024-06-05,7.5,1.5,6,372178,6,0,0
"ELCAJN_6_EB1BT1","Eastern BESS 1",2024-06-06,7.5,1.5,6,372178,6,0,0
"ELCAJN_6_EB1BT1","Eastern BESS 1",2024-06-07,7.5,1.5,6,372178,6,0,0
"ELCAJN_6_EB1BT1","Eastern BESS 1",2024-06-19,7.5,1.5,6,372178,6,0,0
"ELCAJN_6_EB1BT1","Eastern BESS 1",2024-06-20,7.5,1.5,6,372178,6,0,0
"ELCAJN_6_EB1BT1","Eastern BESS 1",2024-06-21,7.5,1.5,6,372178,6,0,0
"ELCAJN_6_EB1BT1","Eastern BESS 1",2024-06-22,7.5,1.5,6,372178,6,0,0
"ELCAJN_6_EB1BT1","Eastern BESS 1",2024-06-23,7.5,1.5,6,372178,6,0,0
"ELCAJN_6_EB1BT1","Eastern BESS 1",2024-06-24,7.5,1.5,6,372178,6,0,0
"ELCAJN_6_EB1BT1","Eastern BESS 1",2024-06-25,7.5,1.5,6,372178,6,0,0
"ELCAJN_6_EB1BT1","Eastern BESS 1",2024-06-26,7.5,1.5,6,372178,6,0,0
"ELCAJN_6_EB1BT1","Eastern BESS 1",2024-06-27,7.5,1.5,6,372178,6,0,0
"ELCAJN_6_EB1BT1","Eastern BESS 1",2024-06-28,7.5,1.5,6,372178,6,0,0
"ELCAJN_6_EB1BT1","Eastern BESS 1",2024-06-29,7.5,1.5,6,372178,6,0,0
"ELCAJN_6_EB1BT1","Eastern BESS 1",2024-06-30,7.5,1.5,6,372178,6,0,0
"ELCAJN_6_EB1BT1","Eastern BESS 1",2024-07-24,7.5,1.5,6,372178,6,0,0
"ELCAJN_6_EB1BT1","Eastern BESS 1",2024-07-25,7.5,1.5,6,372178,6,0,0
"ELCAJN_6_EB1BT1","Eastern BESS 1",2024-07-26,7.5,1.5,6,372178,6,0,0
"ELCAJN_6_EB1BT1","Eastern BESS 1",2024-07-27,7.5,1.5,6,372178,6,0,0
"ELCAJN_6_EB1BT1","Eastern BESS 1",2024-07-28,7.5,1.5,6,372178,6,0,0
"ELCAJN_6_EB1BT1","Eastern BESS 1",2024-07-29,7.5,1.5,6,372178,6,0,0
"ELCAJN_6_EB1BT1","Eastern BESS 1",2024-07-30,7.5,1.5,6,372178,6,0,0
"ELCAJN_6_EB1BT1","Eastern BESS 1",2024-07-31,7.5,1.5,6,372178,6,0,0
"ELECTR_7_PL1X3","ELECTRA PH UNIT 1 & 2 AGGREGATE",2023-05-16,93,31,62,954013,62.59,0.590000000000003,0.00951612903225812
"ELECTR_7_PL1X3","ELECTRA PH UNIT 1 & 2 AGGREGATE",2023-06-10,93,31,62,954013,63.23,1.23,0.0198387096774193
"ELECTR_7_PL1X3","ELECTRA PH UNIT 1 & 2 AGGREGATE",2023-06-11,93,31,62,954013,61.97,-0.0300000000000011,-0.000483870967741954
"ELECTR_7_PL1X3","ELECTRA PH UNIT 1 & 2 AGGREGATE",2023-10-23,93,31,62,954013,59.34,-2.66,-0.0429032258064516
"ELECTR_7_PL1X3","ELECTRA PH UNIT 1 & 2 AGGREGATE",2023-11-06,93,31.7,61.3,954013,60.92,-0.379999999999995,-0.00619902120717774
"ELECTR_7_PL1X3","ELECTRA PH UNIT 1 & 2 AGGREGATE",2023-11-08,93,31,62,954013,61.47,-0.530000000000001,-0.00854838709677421
"ELECTR_7_PL1X3","ELECTRA PH UNIT 1 & 2 AGGREGATE",2024-10-21,93,31.7,61.3,954013,60.75,-0.549999999999997,-0.00897226753670468
"ELECTR_7_PL1X3","ELECTRA PH UNIT 1 & 2 AGGREGATE",2024-10-21,93,29.6,63.4,954013,60.75,-2.65,-0.0417981072555205
"ELECTR_7_PL1X3","ELECTRA PH UNIT 1 & 2 AGGREGATE",2024-10-23,93,29.6,63.4,954013,62.54,-0.859999999999999,-0.0135646687697161
"ELECTR_7_PL1X3","ELECTRA PH UNIT 1 & 2 AGGREGATE",2024-10-23,93,31.7,61.3,954013,62.54,1.24,0.0202283849918434
"ELECTR_7_PL1X3","ELECTRA PH UNIT 1 & 2 AGGREGATE",2024-10-31,93,31.7,61.3,954013,60.97,-0.329999999999998,-0.00538336052202281
"ELECTR_7_PL1X3","ELECTRA PH UNIT 1 & 2 AGGREGATE",2024-10-31,93,29.6,63.4,954013,60.97,-2.43,-0.0383280757097792
"ELECTR_7_PL1X3","ELECTRA PH UNIT 1 & 2 AGGREGATE",2024-11-04,93,31.7,61.3,954013,58.77,-2.52999999999999,-0.0412724306688417
"ELECTR_7_PL1X3","ELECTRA PH UNIT 1 & 2 AGGREGATE",2024-11-08,93,31.7,61.3,954013,58.27,-3.02999999999999,-0.0494290375203914
"ELKHRN_1_EESX3","Elkhorn Energy Storage",2023-10-23,182.5,12,170.5,883062,174.29,3.78999999999999,0.0222287390029325
"ELKHRN_1_EESX3","Elkhorn Energy Storage",2023-10-23,182.5,5.5,177,883062,174.29,-2.71000000000001,-0.0153107344632769
"ELKHRN_1_EESX3","Elkhorn Energy Storage",2023-10-24,182.5,5.5,177,883062,174.29,-2.71000000000001,-0.0153107344632769
"ELKHRN_1_EESX3","Elkhorn Energy Storage",2023-10-25,182.5,12,170.5,883062,174.29,3.78999999999999,0.0222287390029325
"ELKHRN_1_EESX3","Elkhorn Energy Storage",2023-10-26,182.5,12,170.5,883062,174.29,3.78999999999999,0.0222287390029325
"ELKHRN_1_EESX3","Elkhorn Energy Storage",2023-10-27,182.5,7.5,175,883062,174.29,-0.710000000000008,-0.0040571428571429
"ELKHRN_1_EESX3","Elkhorn Energy Storage",2023-10-30,182.5,12,170.5,883062,174.29,3.78999999999999,0.0222287390029325
"ELKHRN_1_EESX3","Elkhorn Energy Storage",2023-10-31,182.5,13,169.5,883062,174.29,4.78999999999999,0.0282595870206489
"ELKHRN_1_EESX3","Elkhorn Energy Storage",2023-11-01,182.5,12,170.5,883062,174.29,3.78999999999999,0.0222287390029325
"ELKHRN_1_EESX3","Elkhorn Energy Storage",2023-11-02,182.5,10,172.5,883062,174.29,1.78999999999999,0.0103768115942029
"ELKHRN_1_EESX3","Elkhorn Energy Storage",2023-11-03,182.5,12,170.5,883062,174.29,3.78999999999999,0.0222287390029325
"ELLIOT_6_ELIBT1","Elliott Energy Storage",2024-04-23,10,0.25,9.75,376549,10,0.25,0.0256410256410256
"ELLIOT_6_ELIBT1","Elliott Energy Storage",2024-04-24,10,0.25,9.75,376549,10,0.25,0.0256410256410256
"ELLIOT_6_ELIBT1","Elliott Energy Storage",2024-12-16,10,3,7,376549,6.7,-0.3,-0.0428571428571428
"ELLIOT_6_ELIBT1","Elliott Energy Storage",2024-12-17,10,3,7,376549,6.89,-0.11,-0.0157142857142858
"ELLIOT_6_ELIBT1","Elliott Energy Storage",2024-12-18,10,3,7,376549,6.66,-0.34,-0.0485714285714286
"ESCNDO_6_EB1BT1","Escondido BESS 1",2023-01-25,10,4,6,882665,6.02,0.0199999999999996,0.00333333333333326
"ESCNDO_6_EB1BT1","Escondido BESS 1",2023-02-28,10,5.5,4.5,882665,4.47,-0.0300000000000002,-0.00666666666666672
"ESCNDO_6_EB1BT1","Escondido BESS 1",2023-03-11,10,5.5,4.5,882665,4.45,-0.0499999999999998,-0.0111111111111111
"ESCNDO_6_EB1BT1","Escondido BESS 1",2023-03-17,10,5.5,4.5,882665,4.35,-0.15,-0.0333333333333334
"ESCNDO_6_EB1BT1","Escondido BESS 1",2023-03-25,10,4.5,5.5,882665,5.32,-0.18,-0.0327272727272727
"ESCNDO_6_EB1BT1","Escondido BESS 1",2023-03-27,10,4.5,5.5,882665,5.36,-0.14,-0.0254545454545454
"ESCNDO_6_EB1BT1","Escondido BESS 1",2023-10-24,10,4,6,882665,5.9,-0.0999999999999996,-0.0166666666666666
"ESCNDO_6_EB1BT1","Escondido BESS 1",2023-11-30,10,4,6,882665,6.21,0.21,0.035
"ESCNDO_6_EB1BT1","Escondido BESS 1",2024-01-01,10,4,6,882665,5.97,-0.0300000000000002,-0.00500000000000004
"ESCNDO_6_EB1BT1","Escondido BESS 1",2024-03-01,10,4,6,882665,5.91,-0.0899999999999999,-0.015
"ESCNDO_6_EB1BT1","Escondido BESS 1",2024-05-20,10,2.5,7.5,882665,7.28,-0.22,-0.0293333333333333
"ESCNDO_6_EB1BT1","Escondido BESS 1",2024-05-24,10,2.5,7.5,882665,7.21,-0.29,-0.0386666666666667
"ESCNDO_6_EB1BT1","Escondido BESS 1",2024-08-22,10,3.75,6.25,882665,6.42,0.17,0.0272
"ESCNDO_6_EB2BT2","Escondido BESS 2",2023-04-08,10,4.5,5.5,193527,5.35,-0.15,-0.0272727272727273
"ESCNDO_6_EB2BT2","Escondido BESS 2",2023-04-10,10,4.5,5.5,193527,5.35,-0.15,-0.0272727272727273
"ESCNDO_6_EB2BT2","Escondido BESS 2",2023-04-14,10,4.5,5.5,193527,5.35,-0.15,-0.0272727272727273
"ESCNDO_6_EB2BT2","Escondido BESS 2",2023-04-15,10,4.5,5.5,193527,5.35,-0.15,-0.0272727272727273
"ESCNDO_6_EB2BT2","Escondido BESS 2",2023-10-10,10,5.5,4.5,193527,4.5,0,0
"ESCNDO_6_EB2BT2","Escondido BESS 2",2023-10-11,10,5.5,4.5,193527,4.5,0,0
"ESCNDO_6_EB2BT2","Escondido BESS 2",2023-10-13,10,5.5,4.5,193527,4.5,0,0
"ESCNDO_6_EB2BT2","Escondido BESS 2",2023-10-16,10,5.5,4.5,193527,4.5,0,0
"ESCNDO_6_EB2BT2","Escondido BESS 2",2023-10-17,10,5.5,4.5,193527,4.5,0,0
"ESCNDO_6_EB2BT2","Escondido BESS 2",2023-10-23,10,5.5,4.5,193527,4.5,0,0
"ESCNDO_6_EB2BT2","Escondido BESS 2",2023-10-24,10,5.5,4.5,193527,4.5,0,0
"ESCNDO_6_EB2BT2","Escondido BESS 2",2023-10-27,10,5.5,4.5,193527,4.5,0,0
"ESCNDO_6_EB2BT2","Escondido BESS 2",2023-11-28,10,5.5,4.5,193527,4.5,0,0
"ESCNDO_6_EB2BT2","Escondido BESS 2",2024-08-21,10,3.5,6.5,193527,6.5,0,0
"ESCNDO_6_EB2BT2","Escondido BESS 2",2024-08-22,10,3.5,6.5,193527,6.5,0,0
"ESCNDO_6_UNITB1","CalPeak Power Enterprise Unit 1",2024-05-14,48.04,23.04,25,917872,25.92,0.920000000000002,0.0368000000000001
"ESCNDO_6_UNITB1","CalPeak Power Enterprise Unit 1",2024-05-16,48.04,23.04,25,917872,24.55,-0.449999999999999,-0.018
"ETIWND_2_FONTNA","FONTANALYTLE CREEK POWERHOUSE P",2024-10-14,2.56,0.5,2.06,190607,2,-0.0600000000000001,-0.029126213592233
"ETIWND_2_FONTNA","FONTANALYTLE CREEK POWERHOUSE P",2024-10-31,2.56,0.5,2.06,190607,2,-0.0600000000000001,-0.029126213592233
"ETIWND_2_FONTNA","FONTANALYTLE CREEK POWERHOUSE P",2024-11-01,2.56,0.5,2.06,190607,2,-0.0600000000000001,-0.029126213592233
"ETIWND_6_GRPLND","Grapeland Peaker",2024-06-13,45.64,0.17,45.47,156192,45.3,-0.170000000000002,-0.00373872883219709
"ETIWND_6_GRPLND","Grapeland Peaker",2024-06-13,45.64,0.42,45.22,156192,45.3,0.0799999999999983,0.00176912870411319
"ETIWND_6_GRPLND","Grapeland Peaker",2024-06-13,45.64,0.65,44.99,156192,45.3,0.309999999999995,0.00689042009335397
"EXCHEC_7_UNIT 1","EXCHEQUER HYDRO",2023-11-29,94.5,64.5,30,140162,30,0,0
"EXCHEC_7_UNIT 1","EXCHEQUER HYDRO",2023-11-30,94.5,64.5,30,140162,30,0,0
"FMEADO_7_UNIT","FRENCH MEADOWS HYDRO",2024-10-07,16,4,12,159739,11.75,-0.25,-0.0208333333333333
"FMEADO_7_UNIT","FRENCH MEADOWS HYDRO",2024-10-21,16,4,12,159739,12.21,0.210000000000001,0.0175000000000001
"GARLND_2_GARBT1","Garland B BESS",2023-04-11,88,28,60,131086,58.48,-1.52,-0.0253333333333334
"GARLND_2_GARBT1","Garland B BESS",2023-04-14,88,11,77,131086,80,3,0.038961038961039
"GARLND_2_GARBT1","Garland B BESS",2023-04-16,88,25,63,131086,61.61,-1.39,-0.0220634920634921
"GARLND_2_GASLR","Garland B",2024-10-24,180,33.33,146.67,106183,143.2,-3.47000000000003,-0.0236585532146999
"GARLND_2_GASLR","Garland B",2024-10-25,180,33.33,146.67,106183,143.2,-3.47000000000003,-0.0236585532146999
"GARLND_2_GASLR","Garland B",2024-10-28,180,33.33,146.67,106183,143.2,-3.47000000000003,-0.0236585532146999
"GARLND_2_GASLR","Garland B",2024-10-29,180,33.33,146.67,106183,143.2,-3.47000000000003,-0.0236585532146999
"GARLND_2_GASLR","Garland B",2024-10-30,180,33.33,146.67,106183,143.2,-3.47000000000003,-0.0236585532146999
"GARLND_2_GASLR","Garland B",2024-10-31,180,33.33,146.67,106183,143.2,-3.47000000000003,-0.0236585532146999
"GARLND_2_GASLR","Garland B",2024-10-31,180,37,143,106183,143.2,0.199999999999989,0.00139860139860132
"GARNET_1_WIND","GARNET WIND ENERGY CENTER",2023-02-11,6.5,1.11,5.39,155043,5.43,0.04,0.00742115027829314
"GARNET_1_WIND","GARNET WIND ENERGY CENTER",2023-02-17,6.5,1.11,5.39,155043,5.36,-0.0299999999999994,-0.00556586270871973
"GARNET_2_COAWD2","Coachella 2",2023-03-27,10.8,0.1,10.7,442155,10.5,-0.200000000000001,-0.0186915887850468
"GARNET_2_COAWD2","Coachella 2",2023-03-28,10.8,0.1,10.7,442155,10.5,-0.200000000000001,-0.0186915887850468
"GARNET_2_COAWD2","Coachella 2",2023-03-29,10.8,0.1,10.7,442155,10.5,-0.200000000000001,-0.0186915887850468
"GARNET_2_COAWD2","Coachella 2",2023-03-30,10.8,0.1,10.7,442155,10.5,-0.200000000000001,-0.0186915887850468
"GARNET_2_COAWD2","Coachella 2",2023-11-09,10.8,0.2,10.6,442155,10.5,-0.100000000000001,-0.00943396226415108
"GARNET_2_WIND1","Phoenix",2023-03-31,11.2,5.78,5.42,186392,5.43,0.0100000000000007,0.00184501845018463
"GARNET_2_WIND1","Phoenix",2023-03-31,11.2,5.56,5.64,186392,5.43,-0.21,-0.0372340425531915
"GARNET_2_WIND3","San Gorgonio East",2023-03-29,12.6,5.17,7.43,858482,7.7,0.27,0.0363391655450875
"GARNET_2_WIND3","San Gorgonio East",2023-03-30,12.6,5.17,7.43,858482,7.7,0.27,0.0363391655450875
"GARNET_2_WIND3","San Gorgonio East",2023-03-31,12.6,5.17,7.43,858482,7.8,0.37,0.0497981157469718
"GARNET_2_WIND3","San Gorgonio East",2023-04-01,12.6,5.17,7.43,858482,7.5,0.0700000000000003,0.00942126514131902
"GARNET_2_WIND4","Windustries",2023-02-17,9.8,1.68,8.12,916013,7.92,-0.200000000000001,-0.0246305418719213
"GARNET_2_WIND4","Windustries",2023-10-14,9.8,1.3,8.5,916013,8.29,-0.210000000000001,-0.0247058823529413
"GARNET_2_WIND4","Windustries",2023-10-24,9.8,1.3,8.5,916013,8.45,-0.0500000000000007,-0.00588235294117655
"GARNET_2_WIND5","Eastwind",2023-03-29,3,0.9,2.1,127538,2.15,0.0499999999999998,0.0238095238095237
"GARNET_2_WIND5","Eastwind",2023-03-30,3,0.9,2.1,127538,2.15,0.0499999999999998,0.0238095238095237
"GATWAY_2_PL1X3","GATEWAY GENERATING STATION",2023-01-11,585,48.9,536.1,140969,555,18.9,0.0352546166759932
"GATWAY_2_PL1X3","GATEWAY GENERATING STATION",2023-01-12,585,48.9,536.1,140969,555,18.9,0.0352546166759932
"GATWAY_2_PL1X3","GATEWAY GENERATING STATION",2023-01-12,585,49,536,140969,555,19,0.0354477611940298
"GATWAY_2_PL1X3","GATEWAY GENERATING STATION",2024-01-23,585,5,580,140969,555,-25,-0.0431034482758621
"GATWAY_2_PL1X3","GATEWAY GENERATING STATION",2024-01-24,585,5,580,140969,555,-25,-0.0431034482758621
"GATWAY_2_PL1X3","GATEWAY GENERATING STATION",2024-01-25,585,5,580,140969,555,-25,-0.0431034482758621
"GATWAY_2_PL1X3","GATEWAY GENERATING STATION",2024-01-26,585,5,580,140969,555,-25,-0.0431034482758621
"GEYS18_7_UNIT18","GEYSERS UNIT 18 (HEALDSBURG)",2023-01-26,72,48,24,798391,25,1,0.0416666666666667
"GEYS18_7_UNIT18","GEYSERS UNIT 18 (HEALDSBURG)",2023-03-08,72,52,20,798391,20,0,0
"GLNARM_7_UNIT 1","GLEN ARM UNIT 1",2023-05-04,22.13,4.13,18,190023,18,0,0
"GLNARM_7_UNIT 1","GLEN ARM UNIT 1",2023-12-01,22.13,4.13,18,190023,18.5,0.5,0.0277777777777778
"GLNARM_7_UNIT 4","GLEN ARM UNIT 4",2023-05-24,42.42,8.62,33.8,174755,33.74,-0.0600000000000023,-0.00177514792899415
"GLNARM_7_UNIT 4","GLEN ARM UNIT 4",2023-07-11,42.42,8.62,33.8,174755,33.18,-0.620000000000005,-0.0183431952662723
"GYS5X6_7_UNITS","GEYSERS UNITS 5 & 6 AGGREGATE",2023-01-18,98.43,31,67.43,181382,66.29,-1.14,-0.0169064214741213
"GYS5X6_7_UNITS","GEYSERS UNITS 5 & 6 AGGREGATE",2023-01-20,98.43,31,67.43,181382,68.22,0.789999999999992,0.0117158534776804
"GYS5X6_7_UNITS","GEYSERS UNITS 5 & 6 AGGREGATE",2023-11-06,98.43,42,56.43,181382,56.38,-0.0500000000000043,-0.00088605351763254
"GYS5X6_7_UNITS","GEYSERS UNITS 5 & 6 AGGREGATE",2023-11-07,98.43,42,56.43,181382,53.64,-2.79000000000001,-0.0494417862838917
"GYS5X6_7_UNITS","GEYSERS UNITS 5 & 6 AGGREGATE",2024-12-01,98.43,49.43,49,181382,49.65,0.649999999999991,0.0132653061224488
"GYS5X6_7_UNITS","GEYSERS UNITS 5 & 6 AGGREGATE",2024-12-03,98.43,49.43,49,181382,51.15,2.14999999999999,0.043877551020408
"GYS7X8_7_UNITS","GEYSERS UNITS 7 & 8 AGGREGATE",2023-12-06,95.8,35,60.8,670863,58.01,-2.79,-0.0458881578947368
"GYS7X8_7_UNITS","GEYSERS UNITS 7 & 8 AGGREGATE",2023-12-07,95.8,36,59.8,670863,58.01,-1.79,-0.029933110367893
"HAASPH_7_PL1X2","HAAS PH UNIT 1 & 2 AGGREGATE",2023-03-12,144,72,72,107633,72,0,0
"HAASPH_7_PL1X2","HAAS PH UNIT 1 & 2 AGGREGATE",2023-03-14,144,72,72,107633,72,0,0
"HAASPH_7_PL1X2","HAAS PH UNIT 1 & 2 AGGREGATE",2023-03-20,144,72,72,107633,72,0,0
"HAASPH_7_PL1X2","HAAS PH UNIT 1 & 2 AGGREGATE",2023-04-16,144,72,72,107633,72,0,0
"HAASPH_7_PL1X2","HAAS PH UNIT 1 & 2 AGGREGATE",2023-04-19,144,72,72,107633,72,0,0
"HAASPH_7_PL1X2","HAAS PH UNIT 1 & 2 AGGREGATE",2023-04-22,144,72,72,107633,72,0,0
"HAASPH_7_PL1X2","HAAS PH UNIT 1 & 2 AGGREGATE",2023-04-23,144,72,72,107633,72,0,0
"HAASPH_7_PL1X2","HAAS PH UNIT 1 & 2 AGGREGATE",2023-04-24,144,72,72,107633,72,0,0
"HAASPH_7_PL1X2","HAAS PH UNIT 1 & 2 AGGREGATE",2023-04-25,144,72,72,107633,72,0,0
"HAASPH_7_PL1X2","HAAS PH UNIT 1 & 2 AGGREGATE",2023-04-28,144,72,72,107633,72,0,0
"HAASPH_7_PL1X2","HAAS PH UNIT 1 & 2 AGGREGATE",2023-04-29,144,72,72,107633,72,0,0
"HAASPH_7_PL1X2","HAAS PH UNIT 1 & 2 AGGREGATE",2023-04-30,144,72,72,107633,72,0,0
"HAASPH_7_PL1X2","HAAS PH UNIT 1 & 2 AGGREGATE",2023-05-01,144,72,72,107633,72,0,0
"HAASPH_7_PL1X2","HAAS PH UNIT 1 & 2 AGGREGATE",2023-05-02,144,72,72,107633,72,0,0
"HAASPH_7_PL1X2","HAAS PH UNIT 1 & 2 AGGREGATE",2023-05-03,144,72,72,107633,72,0,0
"HIDSRT_2_UNITS","HIGH DESERT POWER PROJECT AGGREGATE",2023-02-07,830,7,823,203842,820,-3,-0.00364520048602673
"HIDSRT_2_UNITS","HIGH DESERT POWER PROJECT AGGREGATE",2023-02-07,830,39,791,203842,820,29,0.0366624525916561
"HIDSRT_2_UNITS","HIGH DESERT POWER PROJECT AGGREGATE",2023-02-07,830,33,797,203842,820,23,0.0288582183186951
"HIDSRT_2_UNITS","HIGH DESERT POWER PROJECT AGGREGATE",2023-02-07,830,28,802,203842,820,18,0.0224438902743142
"HIDSRT_2_UNITS","HIGH DESERT POWER PROJECT AGGREGATE",2023-02-07,830,20,810,203842,820,10,0.0123456790123457
"HIDSRT_2_UNITS","HIGH DESERT POWER PROJECT AGGREGATE",2023-02-07,830,15,815,203842,820,5,0.00613496932515337
"HIDSRT_2_UNITS","HIGH DESERT POWER PROJECT AGGREGATE",2023-02-07,830,12,818,203842,820,2,0.00244498777506112
"HIDSRT_2_UNITS","HIGH DESERT POWER PROJECT AGGREGATE",2023-02-08,830,8,822,203842,820,-2,-0.0024330900243309
"HIDSRT_2_UNITS","HIGH DESERT POWER PROJECT AGGREGATE",2023-02-08,830,7,823,203842,820,-3,-0.00364520048602673
"HIDSRT_2_UNITS","HIGH DESERT POWER PROJECT AGGREGATE",2023-02-08,830,4,826,203842,820,-6,-0.00726392251815981
"HIDSRT_2_UNITS","HIGH DESERT POWER PROJECT AGGREGATE",2023-02-08,830,3,827,203842,820,-7,-0.00846432889963724
"HIDSRT_2_UNITS","HIGH DESERT POWER PROJECT AGGREGATE",2023-02-08,830,45,785,203842,820,35,0.0445859872611465
"HIDSRT_2_UNITS","HIGH DESERT POWER PROJECT AGGREGATE",2023-02-08,830,39,791,203842,820,29,0.0366624525916561
"HIDSRT_2_UNITS","HIGH DESERT POWER PROJECT AGGREGATE",2023-02-08,830,31,799,203842,820,21,0.0262828535669587
"HIDSRT_2_UNITS","HIGH DESERT POWER PROJECT AGGREGATE",2023-02-08,830,26,804,203842,820,16,0.0199004975124378
"HIDSRT_2_UNITS","HIGH DESERT POWER PROJECT AGGREGATE",2023-02-08,830,20,810,203842,820,10,0.0123456790123457
"HIDSRT_2_UNITS","HIGH DESERT POWER PROJECT AGGREGATE",2023-02-08,830,17,813,203842,820,7,0.00861008610086101
"HIDSRT_2_UNITS","HIGH DESERT POWER PROJECT AGGREGATE",2023-02-08,830,13,817,203842,820,3,0.00367197062423501
"HIDSRT_2_UNITS","HIGH DESERT POWER PROJECT AGGREGATE",2023-02-09,830,9,821,203842,820,-1,-0.00121802679658952
"HIDSRT_2_UNITS","HIGH DESERT POWER PROJECT AGGREGATE",2023-02-09,830,7,823,203842,820,-3,-0.00364520048602673
"HIDSRT_2_UNITS","HIGH DESERT POWER PROJECT AGGREGATE",2023-02-09,830,4,826,203842,820,-6,-0.00726392251815981
"HIDSRT_2_UNITS","HIGH DESERT POWER PROJECT AGGREGATE",2023-02-09,830,2,828,203842,820,-8,-0.00966183574879227
"HIDSRT_2_UNITS","HIGH DESERT POWER PROJECT AGGREGATE",2023-02-09,830,46,784,203842,820,36,0.0459183673469388
"HIDSRT_2_UNITS","HIGH DESERT POWER PROJECT AGGREGATE",2023-02-09,830,36,794,203842,820,26,0.0327455919395466
"HIDSRT_2_UNITS","HIGH DESERT POWER PROJECT AGGREGATE",2023-02-09,830,28,802,203842,820,18,0.0224438902743142
"HIDSRT_2_UNITS","HIGH DESERT POWER PROJECT AGGREGATE",2023-02-09,830,23,807,203842,820,13,0.0161090458488228
"HIDSRT_2_UNITS","HIGH DESERT POWER PROJECT AGGREGATE",2023-02-09,830,18,812,203842,820,8,0.00985221674876847
"HIDSRT_2_UNITS","HIGH DESERT POWER PROJECT AGGREGATE",2023-02-09,830,13,817,203842,820,3,0.00367197062423501
"HIDSRT_2_UNITS","HIGH DESERT POWER PROJECT AGGREGATE",2023-02-10,830,4,826,203842,820,-6,-0.00726392251815981
"HIDSRT_2_UNITS","HIGH DESERT POWER PROJECT AGGREGATE",2023-02-10,830,3,827,203842,820,-7,-0.00846432889963724
"HIDSRT_2_UNITS","HIGH DESERT POWER PROJECT AGGREGATE",2023-02-10,830,1,829,203842,820,-9,-0.0108564535585042
"HIGGNS_1_COMBIE","Combie South",2024-08-12,1.5,0.5,1,713354,1,0,0
"HIGGNS_1_COMBIE","Combie South",2024-08-13,1.5,0.5,1,713354,1,0,0
"HIGGNS_1_COMBIE","Combie South",2024-08-14,1.5,0.5,1,713354,1,0,0
"HIGHDS_2_H5SSR1","High 5 Solar",2024-10-24,100,40,60,360176,62.34,2.34,0.0390000000000001
"HIGHDS_2_H5SSR1","High 5 Solar",2024-10-25,100,40,60,360176,61.33,1.33,0.0221666666666666
"HOOVER_2_SCEPT","Hoover DAM - SCE Share",2023-03-23,287,10,277,158253,275,-2,-0.0072202166064982
"HOOVER_2_SCEPT","Hoover DAM - SCE Share",2023-03-23,287,11,276,158253,275,-1,-0.0036231884057971
"HUMBPP_1_UNITS3","Humboldt Bay Generating Station 3",2023-01-03,65.08,16.27,48.81,133308,50.52,1.71,0.0350338045482483
"HUMBPP_1_UNITS3","Humboldt Bay Generating Station 3",2023-01-30,65.08,16.27,48.81,133308,50.06,1.25,0.0256095062487195
"HUMBPP_1_UNITS3","Humboldt Bay Generating Station 3",2023-01-31,65.08,16.27,48.81,133308,50.06,1.25,0.0256095062487195
"HUMBPP_1_UNITS3","Humboldt Bay Generating Station 3",2023-02-01,65.08,16.27,48.81,133308,50.8,1.98999999999999,0.0407703339479614
"HUMBPP_1_UNITS3","Humboldt Bay Generating Station 3",2023-02-13,65.08,15.54,49.54,133308,50.8,1.26,0.0254339927331449
"HUMBPP_1_UNITS3","Humboldt Bay Generating Station 3",2023-03-01,65.08,16.27,48.81,133308,51.07,2.26,0.0463019872976849
"HUMBPP_1_UNITS3","Humboldt Bay Generating Station 3",2023-11-13,65.08,16.27,48.81,133308,51.21,2.4,0.0491702519975415
"HUMBPP_1_UNITS3","Humboldt Bay Generating Station 3",2023-11-14,65.08,16.27,48.81,133308,51.21,2.4,0.0491702519975415
"HUMBPP_1_UNITS3","Humboldt Bay Generating Station 3",2023-11-15,65.08,16.27,48.81,133308,51.21,2.4,0.0491702519975415
"HUMBPP_1_UNITS3","Humboldt Bay Generating Station 3",2023-11-17,65.08,16.27,48.81,133308,51.21,2.4,0.0491702519975415
"HUMBPP_1_UNITS3","Humboldt Bay Generating Station 3",2023-12-11,65.08,16.27,48.81,133308,50.16,1.34999999999999,0.027658266748617
"HUMBPP_1_UNITS3","Humboldt Bay Generating Station 3",2023-12-18,65.08,16.27,48.81,133308,50.16,1.34999999999999,0.027658266748617
"HUMBPP_1_UNITS3","Humboldt Bay Generating Station 3",2024-01-08,65.08,16.27,48.81,133308,50.06,1.25,0.0256095062487195
"HUMBPP_1_UNITS3","Humboldt Bay Generating Station 3",2024-01-23,65.08,16.27,48.81,133308,50.06,1.25,0.0256095062487195
"HUMBPP_1_UNITS3","Humboldt Bay Generating Station 3",2024-01-29,65.08,16.27,48.81,133308,50.06,1.25,0.0256095062487195
"HUMBPP_1_UNITS3","Humboldt Bay Generating Station 3",2024-02-02,65.08,16.27,48.81,133308,50.8,1.98999999999999,0.0407703339479614
"HUMBPP_1_UNITS3","Humboldt Bay Generating Station 3",2024-02-26,65.08,16.27,48.81,133308,50.8,1.98999999999999,0.0407703339479614
"HUMBPP_1_UNITS3","Humboldt Bay Generating Station 3",2024-02-27,65.08,16.27,48.81,133308,50.8,1.98999999999999,0.0407703339479614
"HUMBPP_1_UNITS3","Humboldt Bay Generating Station 3",2024-02-28,65.08,16.27,48.81,133308,50.8,1.98999999999999,0.0407703339479614
"HUMBPP_1_UNITS3","Humboldt Bay Generating Station 3",2024-03-07,65.08,16.27,48.81,133308,51.07,2.26,0.0463019872976849
"HUMBPP_1_UNITS3","Humboldt Bay Generating Station 3",2024-03-09,65.08,16.27,48.81,133308,51.07,2.26,0.0463019872976849
"HUMBPP_1_UNITS3","Humboldt Bay Generating Station 3",2024-03-10,65.08,16.27,48.81,133308,51.07,2.26,0.0463019872976849
"HUMBPP_1_UNITS3","Humboldt Bay Generating Station 3",2024-03-11,65.08,16.27,48.81,133308,51.07,2.26,0.0463019872976849
"HUMBPP_1_UNITS3","Humboldt Bay Generating Station 3",2024-03-13,65.08,16.27,48.81,133308,51.07,2.26,0.0463019872976849
"HUMBPP_1_UNITS3","Humboldt Bay Generating Station 3",2024-03-14,65.08,16.27,48.81,133308,51.07,2.26,0.0463019872976849
"HUMBPP_1_UNITS3","Humboldt Bay Generating Station 3",2024-03-15,65.08,16.27,48.81,133308,51.07,2.26,0.0463019872976849
"HUMBPP_1_UNITS3","Humboldt Bay Generating Station 3",2024-03-18,65.08,16.27,48.81,133308,51.07,2.26,0.0463019872976849
"HUMBPP_1_UNITS3","Humboldt Bay Generating Station 3",2024-03-21,65.08,16.27,48.81,133308,51.07,2.26,0.0463019872976849
"HUMBPP_1_UNITS3","Humboldt Bay Generating Station 3",2024-03-22,65.08,16.27,48.81,133308,51.07,2.26,0.0463019872976849
"HUMBPP_1_UNITS3","Humboldt Bay Generating Station 3",2024-03-28,65.08,16.27,48.81,133308,51.07,2.26,0.0463019872976849
"HUMBPP_1_UNITS3","Humboldt Bay Generating Station 3",2024-03-29,65.08,16.27,48.81,133308,51.07,2.26,0.0463019872976849
"HUMBPP_1_UNITS3","Humboldt Bay Generating Station 3",2024-03-30,65.08,16.27,48.81,133308,51.07,2.26,0.0463019872976849
"HUMBPP_1_UNITS3","Humboldt Bay Generating Station 3",2024-12-02,65.08,16.27,48.81,133308,50.16,1.34999999999999,0.027658266748617
"HYTTHM_2_UNITS","HYATT-THERMALITO PUMP-GEN (AGGREGATE)",2023-02-04,933.1,36.1,897,952796,880,-17,-0.0189520624303233
"HYTTHM_2_UNITS","HYATT-THERMALITO PUMP-GEN (AGGREGATE)",2023-02-06,933.1,36,897.1,952796,880,-17.1,-0.019061420131535
"HYTTHM_2_UNITS","HYATT-THERMALITO PUMP-GEN (AGGREGATE)",2023-02-06,933.1,36.1,897,952796,880,-17,-0.0189520624303233
"HYTTHM_2_UNITS","HYATT-THERMALITO PUMP-GEN (AGGREGATE)",2023-02-07,933.1,36.1,897,952796,880,-17,-0.0189520624303233
"HYTTHM_2_UNITS","HYATT-THERMALITO PUMP-GEN (AGGREGATE)",2023-02-07,933.1,36,897.1,952796,880,-17.1,-0.019061420131535
"HYTTHM_2_UNITS","HYATT-THERMALITO PUMP-GEN (AGGREGATE)",2023-02-08,933.1,36,897.1,952796,880,-17.1,-0.019061420131535
"HYTTHM_2_UNITS","HYATT-THERMALITO PUMP-GEN (AGGREGATE)",2023-02-08,933.1,36.1,897,952796,880,-17,-0.0189520624303233
"HYTTHM_2_UNITS","HYATT-THERMALITO PUMP-GEN (AGGREGATE)",2023-02-09,933.1,36.1,897,952796,880,-17,-0.0189520624303233
"HYTTHM_2_UNITS","HYATT-THERMALITO PUMP-GEN (AGGREGATE)",2023-02-09,933.1,36,897.1,952796,880,-17.1,-0.019061420131535
"HYTTHM_2_UNITS","HYATT-THERMALITO PUMP-GEN (AGGREGATE)",2023-02-10,933.1,36.1,897,952796,880,-17,-0.0189520624303233
"HYTTHM_2_UNITS","HYATT-THERMALITO PUMP-GEN (AGGREGATE)",2023-02-10,933.1,36,897.1,952796,880,-17.1,-0.019061420131535
"HYTTHM_2_UNITS","HYATT-THERMALITO PUMP-GEN (AGGREGATE)",2023-02-13,933.1,36,897.1,952796,880,-17.1,-0.019061420131535
"HYTTHM_2_UNITS","HYATT-THERMALITO PUMP-GEN (AGGREGATE)",2023-02-13,933.1,36.1,897,952796,880,-17,-0.0189520624303233
"HYTTHM_2_UNITS","HYATT-THERMALITO PUMP-GEN (AGGREGATE)",2023-02-14,933.1,36,897.1,952796,880,-17.1,-0.019061420131535
"HYTTHM_2_UNITS","HYATT-THERMALITO PUMP-GEN (AGGREGATE)",2023-02-14,933.1,36.1,897,952796,880,-17,-0.0189520624303233
"HYTTHM_2_UNITS","HYATT-THERMALITO PUMP-GEN (AGGREGATE)",2023-02-15,933.1,36.1,897,952796,880,-17,-0.0189520624303233
"HYTTHM_2_UNITS","HYATT-THERMALITO PUMP-GEN (AGGREGATE)",2023-02-15,933.1,36,897.1,952796,880,-17.1,-0.019061420131535
"HYTTHM_2_UNITS","HYATT-THERMALITO PUMP-GEN (AGGREGATE)",2023-02-16,933.1,36,897.1,952796,880,-17.1,-0.019061420131535
"HYTTHM_2_UNITS","HYATT-THERMALITO PUMP-GEN (AGGREGATE)",2023-02-16,933.1,36.1,897,952796,880,-17,-0.0189520624303233
"HYTTHM_2_UNITS","HYATT-THERMALITO PUMP-GEN (AGGREGATE)",2023-02-17,933.1,36.1,897,952796,880,-17,-0.0189520624303233
"HYTTHM_2_UNITS","HYATT-THERMALITO PUMP-GEN (AGGREGATE)",2023-02-17,933.1,36,897.1,952796,880,-17.1,-0.019061420131535
"HYTTHM_2_UNITS","HYATT-THERMALITO PUMP-GEN (AGGREGATE)",2023-02-21,933.1,36,897.1,952796,880,-17.1,-0.019061420131535
"HYTTHM_2_UNITS","HYATT-THERMALITO PUMP-GEN (AGGREGATE)",2023-02-21,933.1,36.1,897,952796,880,-17,-0.0189520624303233
"HYTTHM_2_UNITS","HYATT-THERMALITO PUMP-GEN (AGGREGATE)",2023-02-22,933.1,36.1,897,952796,880,-17,-0.0189520624303233
"HYTTHM_2_UNITS","HYATT-THERMALITO PUMP-GEN (AGGREGATE)",2023-02-22,933.1,36,897.1,952796,880,-17.1,-0.019061420131535
"HYTTHM_2_UNITS","HYATT-THERMALITO PUMP-GEN (AGGREGATE)",2023-02-23,933.1,36,897.1,952796,880,-17.1,-0.019061420131535
"HYTTHM_2_UNITS","HYATT-THERMALITO PUMP-GEN (AGGREGATE)",2023-02-23,933.1,36.1,897,952796,880,-17,-0.0189520624303233
"HYTTHM_2_UNITS","HYATT-THERMALITO PUMP-GEN (AGGREGATE)",2023-02-24,933.1,36.1,897,952796,880,-17,-0.0189520624303233
"HYTTHM_2_UNITS","HYATT-THERMALITO PUMP-GEN (AGGREGATE)",2023-02-24,933.1,36,897.1,952796,880,-17.1,-0.019061420131535
"HYTTHM_2_UNITS","HYATT-THERMALITO PUMP-GEN (AGGREGATE)",2023-02-27,933.1,36.1,897,952796,880,-17,-0.0189520624303233
"HYTTHM_2_UNITS","HYATT-THERMALITO PUMP-GEN (AGGREGATE)",2023-02-27,933.1,36,897.1,952796,880,-17.1,-0.019061420131535
"HYTTHM_2_UNITS","HYATT-THERMALITO PUMP-GEN (AGGREGATE)",2023-02-28,933.1,36,897.1,952796,880,-17.1,-0.019061420131535
"HYTTHM_2_UNITS","HYATT-THERMALITO PUMP-GEN (AGGREGATE)",2023-02-28,933.1,36.1,897,952796,880,-17,-0.0189520624303233
"HYTTHM_2_UNITS","HYATT-THERMALITO PUMP-GEN (AGGREGATE)",2023-03-01,933.1,36,897.1,952796,880,-17.1,-0.019061420131535
"HYTTHM_2_UNITS","HYATT-THERMALITO PUMP-GEN (AGGREGATE)",2023-03-01,933.1,36.1,897,952796,880,-17,-0.0189520624303233
"HYTTHM_2_UNITS","HYATT-THERMALITO PUMP-GEN (AGGREGATE)",2023-03-02,933.1,36.1,897,952796,880,-17,-0.0189520624303233
"HYTTHM_2_UNITS","HYATT-THERMALITO PUMP-GEN (AGGREGATE)",2023-03-02,933.1,36,897.1,952796,880,-17.1,-0.019061420131535
"HYTTHM_2_UNITS","HYATT-THERMALITO PUMP-GEN (AGGREGATE)",2023-03-03,933.1,36.1,897,952796,880,-17,-0.0189520624303233
"HYTTHM_2_UNITS","HYATT-THERMALITO PUMP-GEN (AGGREGATE)",2023-03-03,933.1,36,897.1,952796,880,-17.1,-0.019061420131535
"HYTTHM_2_UNITS","HYATT-THERMALITO PUMP-GEN (AGGREGATE)",2023-03-16,933.1,18,915.1,952796,880,-35.1,-0.0383564637744509
"HYTTHM_2_UNITS","HYATT-THERMALITO PUMP-GEN (AGGREGATE)",2023-03-28,933.1,79,854.1,952796,880,25.9,0.0303243179955508
"HYTTHM_2_UNITS","HYATT-THERMALITO PUMP-GEN (AGGREGATE)",2023-04-27,933.1,36.1,897,952796,858,-39,-0.0434782608695652
"HYTTHM_2_UNITS","HYATT-THERMALITO PUMP-GEN (AGGREGATE)",2023-06-07,933.1,34.1,899,952796,880,-19,-0.0211345939933259
"HYTTHM_2_UNITS","HYATT-THERMALITO PUMP-GEN (AGGREGATE)",2023-10-30,933.1,73.1,860,952796,880,20,0.0232558139534884
"HYTTHM_2_UNITS","HYATT-THERMALITO PUMP-GEN (AGGREGATE)",2023-10-30,933.1,30,903.1,952796,880,-23.1,-0.02557856272838
"HYTTHM_2_UNITS","HYATT-THERMALITO PUMP-GEN (AGGREGATE)",2023-10-31,933.1,30,903.1,952796,880,-23.1,-0.02557856272838
"HYTTHM_2_UNITS","HYATT-THERMALITO PUMP-GEN (AGGREGATE)",2023-10-31,933.1,73.1,860,952796,880,20,0.0232558139534884
"HYTTHM_2_UNITS","HYATT-THERMALITO PUMP-GEN (AGGREGATE)",2023-11-01,933.1,73.1,860,952796,880,20,0.0232558139534884
"HYTTHM_2_UNITS","HYATT-THERMALITO PUMP-GEN (AGGREGATE)",2023-11-02,933.1,73.1,860,952796,880,20,0.0232558139534884
"HYTTHM_2_UNITS","HYATT-THERMALITO PUMP-GEN (AGGREGATE)",2023-11-03,933.1,73.1,860,952796,879.9,19.9,0.0231395348837209
"HYTTHM_2_UNITS","HYATT-THERMALITO PUMP-GEN (AGGREGATE)",2023-11-04,933.1,48.1,885,952796,864,-21,-0.023728813559322
"HYTTHM_2_UNITS","HYATT-THERMALITO PUMP-GEN (AGGREGATE)",2023-11-04,933.1,73.1,860,952796,864,4,0.00465116279069767
"HYTTHM_2_UNITS","HYATT-THERMALITO PUMP-GEN (AGGREGATE)",2023-11-07,933.1,73.1,860,952796,880,20,0.0232558139534884
"HYTTHM_2_UNITS","HYATT-THERMALITO PUMP-GEN (AGGREGATE)",2023-11-09,933.1,73.1,860,952796,880,20,0.0232558139534884
"HYTTHM_2_UNITS","HYATT-THERMALITO PUMP-GEN (AGGREGATE)",2023-11-10,933.1,73.1,860,952796,880,20,0.0232558139534884
"HYTTHM_2_UNITS","HYATT-THERMALITO PUMP-GEN (AGGREGATE)",2024-03-29,933.1,10,923.1,952796,879.9,-43.2,-0.0467988300292493
"HYTTHM_2_UNITS","HYATT-THERMALITO PUMP-GEN (AGGREGATE)",2024-04-12,933.1,53.1,880,952796,873.6,-6.39999999999998,-0.00727272727272725
"HYTTHM_2_UNITS","HYATT-THERMALITO PUMP-GEN (AGGREGATE)",2024-04-13,933.1,53.1,880,952796,873.6,-6.39999999999998,-0.00727272727272725
"HYTTHM_2_UNITS","HYATT-THERMALITO PUMP-GEN (AGGREGATE)",2024-04-15,933.1,53.1,880,952796,879.9,-0.100000000000023,-0.000113636363636389
"HYTTHM_2_UNITS","HYATT-THERMALITO PUMP-GEN (AGGREGATE)",2024-04-16,933.1,53.1,880,952796,873.6,-6.39999999999998,-0.00727272727272725
"HYTTHM_2_UNITS","HYATT-THERMALITO PUMP-GEN (AGGREGATE)",2024-04-18,933.1,53.1,880,952796,873.6,-6.39999999999998,-0.00727272727272725
"HYTTHM_2_UNITS","HYATT-THERMALITO PUMP-GEN (AGGREGATE)",2024-04-19,933.1,53.1,880,952796,873.6,-6.39999999999998,-0.00727272727272725
"HYTTHM_2_UNITS","HYATT-THERMALITO PUMP-GEN (AGGREGATE)",2024-04-20,933.1,53.1,880,952796,873.6,-6.39999999999998,-0.00727272727272725
"HYTTHM_2_UNITS","HYATT-THERMALITO PUMP-GEN (AGGREGATE)",2024-04-22,933.1,53.1,880,952796,873.6,-6.39999999999998,-0.00727272727272725
"HYTTHM_2_UNITS","HYATT-THERMALITO PUMP-GEN (AGGREGATE)",2024-04-23,933.1,53.1,880,952796,873.6,-6.39999999999998,-0.00727272727272725
"HYTTHM_2_UNITS","HYATT-THERMALITO PUMP-GEN (AGGREGATE)",2024-04-24,933.1,53.1,880,952796,873.6,-6.39999999999998,-0.00727272727272725
"HYTTHM_2_UNITS","HYATT-THERMALITO PUMP-GEN (AGGREGATE)",2024-04-25,933.1,53.1,880,952796,873.6,-6.39999999999998,-0.00727272727272725
"HYTTHM_2_UNITS","HYATT-THERMALITO PUMP-GEN (AGGREGATE)",2024-04-26,933.1,53.1,880,952796,873.6,-6.39999999999998,-0.00727272727272725
"HYTTHM_2_UNITS","HYATT-THERMALITO PUMP-GEN (AGGREGATE)",2024-04-27,933.1,53.1,880,952796,873.6,-6.39999999999998,-0.00727272727272725
"HYTTHM_2_UNITS","HYATT-THERMALITO PUMP-GEN (AGGREGATE)",2024-04-29,933.1,53.1,880,952796,873.6,-6.39999999999998,-0.00727272727272725
"HYTTHM_2_UNITS","HYATT-THERMALITO PUMP-GEN (AGGREGATE)",2024-04-30,933.1,53.1,880,952796,873.6,-6.39999999999998,-0.00727272727272725
"HYTTHM_2_UNITS","HYATT-THERMALITO PUMP-GEN (AGGREGATE)",2024-05-01,933.1,53.1,880,952796,873.6,-6.39999999999998,-0.00727272727272725
"HYTTHM_2_UNITS","HYATT-THERMALITO PUMP-GEN (AGGREGATE)",2024-05-02,933.1,53.1,880,952796,873.6,-6.39999999999998,-0.00727272727272725
"HYTTHM_2_UNITS","HYATT-THERMALITO PUMP-GEN (AGGREGATE)",2024-05-03,933.1,53.1,880,952796,873.6,-6.39999999999998,-0.00727272727272725
"HYTTHM_2_UNITS","HYATT-THERMALITO PUMP-GEN (AGGREGATE)",2024-05-03,933.1,40,893.1,952796,873.6,-19.5,-0.0218340611353712
"HYTTHM_2_UNITS","HYATT-THERMALITO PUMP-GEN (AGGREGATE)",2024-05-04,933.1,40,893.1,952796,873.6,-19.5,-0.0218340611353712
"HYTTHM_2_UNITS","HYATT-THERMALITO PUMP-GEN (AGGREGATE)",2024-05-06,933.1,40,893.1,952796,873.6,-19.5,-0.0218340611353712
"HYTTHM_2_UNITS","HYATT-THERMALITO PUMP-GEN (AGGREGATE)",2024-05-07,933.1,40,893.1,952796,873.6,-19.5,-0.0218340611353712
"HYTTHM_2_UNITS","HYATT-THERMALITO PUMP-GEN (AGGREGATE)",2024-05-08,933.1,40,893.1,952796,873.6,-19.5,-0.0218340611353712
"HYTTHM_2_UNITS","HYATT-THERMALITO PUMP-GEN (AGGREGATE)",2024-05-24,933.1,26,907.1,952796,873.6,-33.5,-0.036930878624187
"HYTTHM_2_UNITS","HYATT-THERMALITO PUMP-GEN (AGGREGATE)",2024-05-25,933.1,26,907.1,952796,873.6,-33.5,-0.036930878624187
"HYTTHM_2_UNITS","HYATT-THERMALITO PUMP-GEN (AGGREGATE)",2024-05-27,933.1,26,907.1,952796,873.6,-33.5,-0.036930878624187
"HYTTHM_2_UNITS","HYATT-THERMALITO PUMP-GEN (AGGREGATE)",2024-05-28,933.1,26,907.1,952796,873.6,-33.5,-0.036930878624187
"HYTTHM_2_UNITS","HYATT-THERMALITO PUMP-GEN (AGGREGATE)",2024-05-30,933.1,26,907.1,952796,873.6,-33.5,-0.036930878624187
"HYTTHM_2_UNITS","HYATT-THERMALITO PUMP-GEN (AGGREGATE)",2024-06-17,933.1,28,905.1,952796,873.6,-31.5,-0.0348027842227378
"HYTTHM_2_UNITS","HYATT-THERMALITO PUMP-GEN (AGGREGATE)",2024-06-18,933.1,28,905.1,952796,873.6,-31.5,-0.0348027842227378
"INTKEP_2_UNITS","CCSF Hetch_Hetchy Hydro Aggregate",2023-02-26,405,9,396,879947,404,8,0.0202020202020202
"INTKEP_2_UNITS","CCSF Hetch_Hetchy Hydro Aggregate",2023-06-28,405,20,385,879947,404,19,0.0493506493506494
"INTKEP_2_UNITS","CCSF Hetch_Hetchy Hydro Aggregate",2023-12-13,405,20,385,879947,404,19,0.0493506493506494
"INTKEP_2_UNITS","CCSF Hetch_Hetchy Hydro Aggregate",2024-08-26,405,5,400,879947,404,4,0.01
"INTKEP_2_UNITS","CCSF Hetch_Hetchy Hydro Aggregate",2024-08-28,405,5,400,879947,404,4,0.01
"INTKEP_2_UNITS","CCSF Hetch_Hetchy Hydro Aggregate",2024-08-31,405,5,400,879947,404,4,0.01
"INTKEP_2_UNITS","CCSF Hetch_Hetchy Hydro Aggregate",2024-09-01,405,5,400,879947,404,4,0.01
"INTKEP_2_UNITS","CCSF Hetch_Hetchy Hydro Aggregate",2024-09-03,405,1,404,879947,404,0,0
"INTKEP_2_UNITS","CCSF Hetch_Hetchy Hydro Aggregate",2024-09-04,405,1,404,879947,404,0,0
"INTKEP_2_UNITS","CCSF Hetch_Hetchy Hydro Aggregate",2024-12-03,405,5,400,879947,404,4,0.01
"INTMNT_3_ANAHEIM","Intermountain Power Project",2023-04-12,234,80,154,107681,147.78,-6.22,-0.0403896103896104
"INTMNT_3_ANAHEIM","Intermountain Power Project",2023-04-12,234,92,142,107681,147.78,5.78,0.0407042253521127
"INTMNT_3_RIVERSIDE","IPPDYN",2023-01-01,136,1,135,195432,135,0,0
"INTMNT_3_RIVERSIDE","IPPDYN",2023-01-14,136,1,135,195432,135,0,0
"INTMNT_3_RIVERSIDE","IPPDYN",2024-01-01,136,69,67,195432,67,0,0
"INTMNT_3_RIVERSIDE","IPPDYN",2024-01-09,136,69,67,195432,67,0,0
"INTMNT_3_RIVERSIDE","IPPDYN",2024-01-10,136,69,67,195432,67,0,0
"IVANPA_1_UNIT1","Ivanpah 1",2023-02-16,126,2.8,123.2,166139,120,-3.2,-0.025974025974026
"IVANPA_1_UNIT1","Ivanpah 1",2024-04-18,126,2.8,123.2,166139,120,-3.2,-0.025974025974026
"IVANPA_1_UNIT1","Ivanpah 1",2024-12-05,126,5,121,166139,120,-1,-0.00826446280991736
"IVWEST_2_SOLAR1","Imperial Valley West ( Q # 608)",2024-01-31,150,10,140,117281,139,-1,-0.00714285714285714
"IVWEST_2_SOLAR1","Imperial Valley West ( Q # 608)",2024-02-01,150,10,140,117281,139,-1,-0.00714285714285714
"JOANEC_2_ST3BT3","Santa Ana Storage 3",2024-04-22,40,8,32,741263,32.5,0.5,0.015625
"JOANEC_2_ST3BT3","Santa Ana Storage 3",2024-04-23,40,8,32,741263,32.5,0.5,0.015625
"JOANEC_2_ST3BT3","Santa Ana Storage 3",2024-04-24,40,8,32,741263,32.5,0.5,0.015625
"JOANEC_2_ST3BT3","Santa Ana Storage 3",2024-04-25,40,8,32,741263,32.5,0.5,0.015625
"JOANEC_2_ST3BT3","Santa Ana Storage 3",2024-04-26,40,8,32,741263,32.5,0.5,0.015625
"JOANEC_2_STABT2","Santa Ana Storage 2",2023-01-09,20,2.5,17.5,108602,18.14,0.640000000000001,0.0365714285714286
"JOANEC_2_STABT2","Santa Ana Storage 2",2023-01-11,20,2.5,17.5,108602,18.14,0.640000000000001,0.0365714285714286
"JOANEC_2_STABT2","Santa Ana Storage 2",2023-05-08,20,2,18,108602,18,0,0
"JOANEC_2_STABT2","Santa Ana Storage 2",2023-05-09,20,2,18,108602,18,0,0
"JOANEC_2_STABT2","Santa Ana Storage 2",2023-05-10,20,2,18,108602,18,0,0
"JOANEC_2_STABT2","Santa Ana Storage 2",2023-05-11,20,2,18,108602,18,0,0
"JOANEC_2_STABT2","Santa Ana Storage 2",2023-05-12,20,2,18,108602,18,0,0
"JOANEC_2_STABT2","Santa Ana Storage 2",2023-05-15,20,2,18,108602,18,0,0
"JOANEC_2_STABT2","Santa Ana Storage 2",2023-05-16,20,2,18,108602,18,0,0
"JOANEC_2_STABT2","Santa Ana Storage 2",2023-07-10,20,2.5,17.5,108602,17.32,-0.18,-0.0102857142857143
"JOANEC_2_STABT2","Santa Ana Storage 2",2023-08-08,20,2,18,108602,17.16,-0.84,-0.0466666666666667
"JOANEC_2_STABT2","Santa Ana Storage 2",2023-08-09,20,2,18,108602,17.16,-0.84,-0.0466666666666667
"JOANEC_2_STABT2","Santa Ana Storage 2",2023-08-10,20,2,18,108602,17.16,-0.84,-0.0466666666666667
"JOANEC_2_STABT2","Santa Ana Storage 2",2023-08-11,20,2,18,108602,17.16,-0.84,-0.0466666666666667
"JOANEC_2_STABT2","Santa Ana Storage 2",2024-02-26,20,2,18,108602,17.8,-0.199999999999999,-0.0111111111111111
"JOANEC_2_STABT2","Santa Ana Storage 2",2024-02-27,20,2,18,108602,17.8,-0.199999999999999,-0.0111111111111111
"JOANEC_2_STABT2","Santa Ana Storage 2",2024-02-28,20,2,18,108602,17.8,-0.199999999999999,-0.0111111111111111
"JOANEC_2_STABT2","Santa Ana Storage 2",2024-02-29,20,2,18,108602,17.8,-0.199999999999999,-0.0111111111111111
"JOANEC_2_STABT2","Santa Ana Storage 2",2024-03-01,20,2,18,108602,17.71,-0.289999999999999,-0.0161111111111111
"KEARNY_6_SESBT2","Kearny South Energy Storage",2024-10-16,10,4,6,779880,5.73,-0.27,-0.0449999999999999
"KEARNY_6_SESBT2","Kearny South Energy Storage",2024-10-17,10,4,6,779880,6,0,0
"KEARNY_6_SESBT2","Kearny South Energy Storage",2024-10-18,10,4,6,779880,6.15,0.15,0.0250000000000001
"KEARNY_6_SESBT2","Kearny South Energy Storage",2024-10-20,10,4,6,779880,6.05,0.0499999999999998,0.0083333333333333
"KEARNY_6_SESBT2","Kearny South Energy Storage",2024-10-22,10,4,6,779880,5.71,-0.29,-0.0483333333333333
"KEARNY_6_SESBT2","Kearny South Energy Storage",2024-10-23,10,4,6,779880,5.75,-0.25,-0.0416666666666667
"KELSO_2_UNITS","Mariposa Energy",2024-11-07,198.03,60.28,137.75,856960,138,0.25,0.00181488203266788
"KELSO_2_UNITS","Mariposa Energy",2024-11-08,198.03,60.28,137.75,856960,134.32,-3.43000000000001,-0.0249001814882033
"KERNRG_1_UNITS","South Belridge Cogen Facility",2023-05-10,55.2,15.2,40,628632,38,-2,-0.05
"KERNRG_1_UNITS","South Belridge Cogen Facility",2023-05-16,55.2,15.2,40,628632,38,-2,-0.05
"KERNRG_1_UNITS","South Belridge Cogen Facility",2023-05-26,55.2,15.2,40,628632,38,-2,-0.05
"KERNRG_1_UNITS","South Belridge Cogen Facility",2023-05-31,55.2,15.2,40,628632,38,-2,-0.05
"KERNRG_1_UNITS","South Belridge Cogen Facility",2023-06-08,55.2,15.2,40,628632,38,-2,-0.05
"KERNRG_1_UNITS","South Belridge Cogen Facility",2023-08-22,55.2,15.2,40,628632,40.5,0.5,0.0125
"KERNRG_1_UNITS","South Belridge Cogen Facility",2023-09-25,55.2,15.2,40,628632,41.79,1.79,0.04475
"KERRGN_1_UNIT 1","KERN RIVER HYDRO UNITS 1-4 AGGREGATE",2023-02-06,25.6,6.57,19.03,124287,19.17,0.140000000000001,0.00735680504466635
"KERRGN_1_UNIT 1","KERN RIVER HYDRO UNITS 1-4 AGGREGATE",2023-03-12,25.6,6.57,19.03,124287,19,-0.0300000000000011,-0.00157645822385713
"KERRGN_1_UNIT 1","KERN RIVER HYDRO UNITS 1-4 AGGREGATE",2024-10-31,25.6,7.6,18,124287,17.1,-0.899999999999999,-0.0499999999999999
"KERRGN_1_UNIT 1","KERN RIVER HYDRO UNITS 1-4 AGGREGATE",2024-11-11,25.6,7.6,18,124287,17.6,-0.399999999999999,-0.0222222222222221
"KERRGN_1_UNIT 1","KERN RIVER HYDRO UNITS 1-4 AGGREGATE",2024-11-20,25.6,7.6,18,124287,18.5,0.5,0.0277777777777778
"KRAMER_1_R1PX3","Resurgence 1 PV",2023-05-25,90,30,60,105576,60,0,0
"KRAMER_1_R1PX3","Resurgence 1 PV",2023-05-26,90,30,60,105576,60,0,0
"KRAMER_1_R1PX3","Resurgence 1 PV",2023-05-27,90,30,60,105576,60,0,0
"KRAMER_1_R1PX3","Resurgence 1 PV",2023-05-28,90,30,60,105576,60,0,0
"KRAMER_1_R1PX3","Resurgence 1 PV",2023-05-29,90,30,60,105576,60,0,0
"KRAMER_1_R1PX3","Resurgence 1 PV",2023-06-09,90,45,45,105576,45,0,0
"LCKHT1_2_LH1SR1","Lockhart Solar 1 PV",2023-04-01,65,4.2,60.8,104756,63,2.2,0.0361842105263158
"LCKHT1_2_LH1SR1","Lockhart Solar 1 PV",2023-04-01,65,2.3,62.7,104756,63,0.299999999999997,0.00478468899521527
"LCKHT1_2_LH1SR1","Lockhart Solar 1 PV",2023-04-01,65,0.4,64.6,104756,63,-1.59999999999999,-0.0247678018575851
"LCKHT1_2_LH1SR1","Lockhart Solar 1 PV",2023-04-01,65,0.02,64.98,104756,63,-1.98,-0.0304709141274239
"LCKHT1_2_LH1SR1","Lockhart Solar 1 PV",2023-04-02,65,4.2,60.8,104756,63,2.2,0.0361842105263158
"LCKHT1_2_LH1SR1","Lockhart Solar 1 PV",2023-04-02,65,2.3,62.7,104756,63,0.299999999999997,0.00478468899521527
"LCKHT1_2_LH1SR1","Lockhart Solar 1 PV",2023-04-02,65,0.4,64.6,104756,63,-1.59999999999999,-0.0247678018575851
"LCKHT1_2_LH1SR1","Lockhart Solar 1 PV",2023-04-02,65,0.02,64.98,104756,63,-1.98,-0.0304709141274239
"LCKHT1_2_LH1SR1","Lockhart Solar 1 PV",2023-04-03,65,4.2,60.8,104756,63,2.2,0.0361842105263158
"LCKHT1_2_LH1SR1","Lockhart Solar 1 PV",2023-04-03,65,2.3,62.7,104756,63,0.299999999999997,0.00478468899521527
"LCKHT1_2_LH1SR1","Lockhart Solar 1 PV",2023-04-03,65,0.4,64.6,104756,63,-1.59999999999999,-0.0247678018575851
"LCKHT1_2_LH1SR1","Lockhart Solar 1 PV",2023-04-03,65,0.02,64.98,104756,63,-1.98,-0.0304709141274239
"LCKHT1_2_LH1SR1","Lockhart Solar 1 PV",2023-04-04,65,4.2,60.8,104756,63,2.2,0.0361842105263158
"LCKHT1_2_LH1SR1","Lockhart Solar 1 PV",2023-04-04,65,2.3,62.7,104756,63,0.299999999999997,0.00478468899521527
"LCKHT1_2_LH1SR1","Lockhart Solar 1 PV",2023-04-04,65,0.4,64.6,104756,63,-1.59999999999999,-0.0247678018575851
"LCKHT1_2_LH1SR1","Lockhart Solar 1 PV",2023-04-04,65,0.02,64.98,104756,63,-1.98,-0.0304709141274239
"LCKHT1_2_LH1SR1","Lockhart Solar 1 PV",2023-04-05,65,4.2,60.8,104756,63,2.2,0.0361842105263158
"LCKHT1_2_LH1SR1","Lockhart Solar 1 PV",2023-04-05,65,2.3,62.7,104756,63,0.299999999999997,0.00478468899521527
"LCKHT1_2_LH1SR1","Lockhart Solar 1 PV",2023-04-05,65,0.4,64.6,104756,63,-1.59999999999999,-0.0247678018575851
"LCKHT1_2_LH1SR1","Lockhart Solar 1 PV",2023-04-05,65,0.02,64.98,104756,63,-1.98,-0.0304709141274239
"LCKHT1_2_LH1SR1","Lockhart Solar 1 PV",2023-04-06,65,4.2,60.8,104756,63,2.2,0.0361842105263158
"LCKHT1_2_LH1SR1","Lockhart Solar 1 PV",2023-04-06,65,2.3,62.7,104756,63,0.299999999999997,0.00478468899521527
"LCKHT1_2_LH1SR1","Lockhart Solar 1 PV",2023-04-06,65,0.4,64.6,104756,63,-1.59999999999999,-0.0247678018575851
"LCKHT1_2_LH1SR1","Lockhart Solar 1 PV",2023-04-06,65,0.02,64.98,104756,63,-1.98,-0.0304709141274239
"LCKHT1_2_LH1SR1","Lockhart Solar 1 PV",2023-04-07,65,4.2,60.8,104756,63,2.2,0.0361842105263158
"LCKHT1_2_LH1SR1","Lockhart Solar 1 PV",2023-04-07,65,2.3,62.7,104756,63,0.299999999999997,0.00478468899521527
"LCKHT1_2_LH1SR1","Lockhart Solar 1 PV",2023-04-07,65,0.4,64.6,104756,63,-1.59999999999999,-0.0247678018575851
"LCKHT1_2_LH1SR1","Lockhart Solar 1 PV",2023-04-07,65,0.02,64.98,104756,63,-1.98,-0.0304709141274239
"LCKHT1_2_LH1SR1","Lockhart Solar 1 PV",2023-04-10,65,4.2,60.8,104756,63,2.2,0.0361842105263158
"LCKHT1_2_LH1SR1","Lockhart Solar 1 PV",2023-04-10,65,2.3,62.7,104756,63,0.299999999999997,0.00478468899521527
"LCKHT1_2_LH1SR1","Lockhart Solar 1 PV",2023-04-10,65,0.4,64.6,104756,63,-1.59999999999999,-0.0247678018575851
"LCKHT1_2_LH1SR1","Lockhart Solar 1 PV",2023-04-10,65,0.02,64.98,104756,63,-1.98,-0.0304709141274239
"LCKHT1_2_LH1SR1","Lockhart Solar 1 PV",2023-04-11,65,4.2,60.8,104756,63,2.2,0.0361842105263158
"LCKHT1_2_LH1SR1","Lockhart Solar 1 PV",2023-04-11,65,2.3,62.7,104756,63,0.299999999999997,0.00478468899521527
"LCKHT1_2_LH1SR1","Lockhart Solar 1 PV",2023-04-11,65,0.4,64.6,104756,63,-1.59999999999999,-0.0247678018575851
"LCKHT1_2_LH1SR1","Lockhart Solar 1 PV",2023-04-11,65,0.02,64.98,104756,63,-1.98,-0.0304709141274239
"LCKHT1_2_LH1SR1","Lockhart Solar 1 PV",2023-04-12,65,4.2,60.8,104756,63,2.2,0.0361842105263158
"LCKHT1_2_LH1SR1","Lockhart Solar 1 PV",2023-04-12,65,2.3,62.7,104756,63,0.299999999999997,0.00478468899521527
"LCKHT1_2_LH1SR1","Lockhart Solar 1 PV",2023-04-12,65,0.4,64.6,104756,63,-1.59999999999999,-0.0247678018575851
"LCKHT1_2_LH1SR1","Lockhart Solar 1 PV",2023-04-12,65,0.02,64.98,104756,63,-1.98,-0.0304709141274239
"LCKHT1_2_LH1SR1","Lockhart Solar 1 PV",2023-04-13,65,4.2,60.8,104756,63,2.2,0.0361842105263158
"LCKHT1_2_LH1SR1","Lockhart Solar 1 PV",2023-04-13,65,2.3,62.7,104756,63,0.299999999999997,0.00478468899521527
"LCKHT1_2_LH1SR1","Lockhart Solar 1 PV",2023-04-13,65,0.4,64.6,104756,63,-1.59999999999999,-0.0247678018575851
"LCKHT1_2_LH1SR1","Lockhart Solar 1 PV",2023-04-13,65,0.02,64.98,104756,63,-1.98,-0.0304709141274239
"LCKHT1_2_LH1SR1","Lockhart Solar 1 PV",2023-04-14,65,4.2,60.8,104756,63,2.2,0.0361842105263158
"LCKHT1_2_LH1SR1","Lockhart Solar 1 PV",2023-04-14,65,2.3,62.7,104756,63,0.299999999999997,0.00478468899521527
"LCKHT1_2_LH1SR1","Lockhart Solar 1 PV",2023-04-14,65,0.4,64.6,104756,63,-1.59999999999999,-0.0247678018575851
"LCKHT1_2_LH1SR1","Lockhart Solar 1 PV",2023-04-14,65,0.02,64.98,104756,63,-1.98,-0.0304709141274239
"LCKHT1_2_LH1SR1","Lockhart Solar 1 PV",2023-04-15,65,4.2,60.8,104756,63,2.2,0.0361842105263158
"LCKHT1_2_LH1SR1","Lockhart Solar 1 PV",2023-04-15,65,2.3,62.7,104756,63,0.299999999999997,0.00478468899521527
"LCKHT1_2_LH1SR1","Lockhart Solar 1 PV",2023-04-15,65,0.4,64.6,104756,63,-1.59999999999999,-0.0247678018575851
"LCKHT1_2_LH1SR1","Lockhart Solar 1 PV",2023-04-15,65,0.02,64.98,104756,63,-1.98,-0.0304709141274239
"LCKHT1_2_LH1SR1","Lockhart Solar 1 PV",2023-04-16,65,4.2,60.8,104756,63,2.2,0.0361842105263158
"LCKHT1_2_LH1SR1","Lockhart Solar 1 PV",2023-04-16,65,2.3,62.7,104756,63,0.299999999999997,0.00478468899521527
"LCKHT1_2_LH1SR1","Lockhart Solar 1 PV",2023-04-16,65,0.4,64.6,104756,63,-1.59999999999999,-0.0247678018575851
"LCKHT1_2_LH1SR1","Lockhart Solar 1 PV",2023-04-16,65,0.02,64.98,104756,63,-1.98,-0.0304709141274239
"LCKHT1_2_LH1SR1","Lockhart Solar 1 PV",2023-04-17,65,3.8,61.2,104756,63,1.8,0.0294117647058823
"LCKHT1_2_LH1SR1","Lockhart Solar 1 PV",2023-04-17,65,3.44,61.56,104756,63,1.44,0.023391812865497
"LCKHT1_2_LH1SR1","Lockhart Solar 1 PV",2023-04-18,65,3.8,61.2,104756,63,1.8,0.0294117647058823
"LCKHT1_2_LH1SR1","Lockhart Solar 1 PV",2023-04-18,65,3.44,61.56,104756,63,1.44,0.023391812865497
"LCKHT1_2_LH1SR1","Lockhart Solar 1 PV",2023-04-19,65,3.8,61.2,104756,63,1.8,0.0294117647058823
"LCKHT1_2_LH1SR1","Lockhart Solar 1 PV",2023-04-19,65,3.44,61.56,104756,63,1.44,0.023391812865497
"LCKHT1_2_LH1SR1","Lockhart Solar 1 PV",2023-04-20,65,3.8,61.2,104756,63,1.8,0.0294117647058823
"LCKHT1_2_LH1SR1","Lockhart Solar 1 PV",2023-04-20,65,3.44,61.56,104756,63,1.44,0.023391812865497
"LCKHT1_2_LH1SR1","Lockhart Solar 1 PV",2023-04-21,65,3.8,61.2,104756,63,1.8,0.0294117647058823
"LCKHT1_2_LH1SR1","Lockhart Solar 1 PV",2023-04-21,65,3.44,61.56,104756,63,1.44,0.023391812865497
"LCKHT1_2_LH1SR1","Lockhart Solar 1 PV",2023-04-22,65,3.8,61.2,104756,63,1.8,0.0294117647058823
"LCKHT1_2_LH1SR1","Lockhart Solar 1 PV",2023-04-22,65,3.44,61.56,104756,63,1.44,0.023391812865497
"LCKHT1_2_LH1SR1","Lockhart Solar 1 PV",2023-04-23,65,3.8,61.2,104756,63,1.8,0.0294117647058823
"LCKHT1_2_LH1SR1","Lockhart Solar 1 PV",2023-04-23,65,3.44,61.56,104756,63,1.44,0.023391812865497
"LCKHT1_2_LH1SR1","Lockhart Solar 1 PV",2023-05-31,85,20,65,104756,63,-2,-0.0307692307692308
"LECEF_1_UNITS","LOS ESTEROS ENERGY FACILITY AGGREGATE",2023-11-10,309.84,239.84,70,475261,70,2.8421709430404e-14,4.06024420434343e-16
"LECEF_1_UNITS","LOS ESTEROS ENERGY FACILITY AGGREGATE",2024-03-12,309.84,165.84,144,475261,137.5,-6.49999999999997,-0.0451388888888887
"LECEF_1_UNITS","LOS ESTEROS ENERGY FACILITY AGGREGATE",2024-03-14,309.84,89.84,220,475261,224.4,4.40000000000003,0.0200000000000002
"LECEF_1_UNITS","LOS ESTEROS ENERGY FACILITY AGGREGATE",2024-03-15,309.84,89.84,220,475261,229.1,9.10000000000002,0.0413636363636365
"LMBEPK_2_UNITA3","Goose Haven Energy Center, Unit #1",2023-05-17,47.75,0.35,47.4,116743,47.3,-0.100000000000001,-0.00210970464135024
"LMBEPK_2_UNITA3","Goose Haven Energy Center, Unit #1",2024-06-18,47.75,0.35,47.4,116743,47.3,-0.100000000000001,-0.00210970464135024
"LODI25_6_ERKNG1","LODI STRATEGIC RESERVE",2024-04-17,47.97,17.4,30.57,148758,30.14,-0.43,-0.0140660778541053
"LODI25_6_ERKNG1","LODI STRATEGIC RESERVE",2024-04-19,47.97,17.4,30.57,148758,30.23,-0.34,-0.0111220150474321
"MCFLND_5_MFSSR1","McFarland Solar A PV",2023-08-23,200,20,180,135142,187.4,7.40000000000001,0.0411111111111111
"MCFLND_5_MFSSR1","McFarland Solar A PV",2023-08-23,200,10,190,135142,187.4,-2.59999999999999,-0.0136842105263158
"MIRLOM_2_MLBBTB","Mira Loma BESS B",2023-01-23,10,2,8,491560,7.83,-0.17,-0.02125
"MIRLOM_2_MLBBTB","Mira Loma BESS B",2023-01-24,10,2,8,491560,8.03,0.0299999999999994,0.00374999999999992
"MIRLOM_2_MLBBTB","Mira Loma BESS B",2023-01-25,10,2,8,491560,8.06,0.0600000000000005,0.00750000000000006
"MIRLOM_2_MLBBTB","Mira Loma BESS B",2023-01-26,10,2,8,491560,7.92,-0.0800000000000001,-0.01
"MIRLOM_2_MLBBTB","Mira Loma BESS B",2023-01-27,10,2,8,491560,7.97,-0.0300000000000002,-0.00375000000000003
"MIRLOM_2_MLBBTB","Mira Loma BESS B",2023-01-31,10,2,8,491560,7.75,-0.25,-0.03125
"MIRLOM_2_MLBBTB","Mira Loma BESS B",2023-02-01,10,2,8,491560,7.97,-0.0300000000000002,-0.00375000000000003
"MIRLOM_2_MLBBTB","Mira Loma BESS B",2023-02-06,10,2,8,491560,8.11,0.109999999999999,0.0137499999999999
"MIRLOM_2_MLBBTB","Mira Loma BESS B",2023-02-07,10,2,8,491560,8.19,0.19,0.0237499999999999
"MIRLOM_2_MLBBTB","Mira Loma BESS B",2023-02-08,10,2,8,491560,8.1,0.0999999999999996,0.0125
"MIRLOM_2_MLBBTB","Mira Loma BESS B",2023-02-09,10,2,8,491560,8.24,0.24,0.03
"MIRLOM_2_MLBBTB","Mira Loma BESS B",2023-02-10,10,2,8,491560,8.08,0.0800000000000001,0.01
"MIRLOM_2_MLBBTB","Mira Loma BESS B",2023-02-13,10,2,8,491560,7.8,-0.2,-0.025
"MIRLOM_2_MLBBTB","Mira Loma BESS B",2023-02-16,10,2,8,491560,8,0,0
"MIRLOM_2_MLBBTB","Mira Loma BESS B",2023-02-20,10,2,8,491560,7.61,-0.39,-0.04875
"MONTPH_7_UNITS","MONTICELLO HYDRO AGGREGATE",2024-03-13,12.5,5.7,6.8,184635,7,0.2,0.0294117647058824
"MONTPH_7_UNITS","MONTICELLO HYDRO AGGREGATE",2024-03-15,12.5,5.7,6.8,184635,7,0.2,0.0294117647058824
"MOORPK_2_CALABS","Calabasas Gas-to-Energy Facility",2023-02-20,6.96,4.56,2.4,211201,2.38,-0.0200000000000005,-0.00833333333333352
"MOORPK_2_CALABS","Calabasas Gas-to-Energy Facility",2023-02-21,6.96,4.56,2.4,211201,2.42,0.0199999999999996,0.00833333333333315
"MOORPK_2_CALABS","Calabasas Gas-to-Energy Facility",2023-02-23,6.96,4.56,2.4,211201,2.52,0.12,0.0499999999999999
"MRGT_6_TGEBT1","Top Gun Energy Storage",2023-06-12,30,2.5,27.5,285521,27,-0.5,-0.0181818181818182
"MRGT_6_TGEBT1","Top Gun Energy Storage",2023-06-13,30,2.5,27.5,285521,27,-0.5,-0.0181818181818182
"MRGT_6_TGEBT1","Top Gun Energy Storage",2023-06-14,30,2.5,27.5,285521,27,-0.5,-0.0181818181818182
"MRGT_6_TGEBT1","Top Gun Energy Storage",2023-06-16,30,2.5,27.5,285521,27,-0.5,-0.0181818181818182
"MRGT_6_TGEBT1","Top Gun Energy Storage",2023-09-13,30,3,27,285521,27,0,0
"MRGT_6_TGEBT1","Top Gun Energy Storage",2024-05-03,30,2.5,27.5,285521,27,-0.5,-0.0181818181818182
"MSOLAR_2_SOLAR1","Mesquite Solar 1",2023-07-01,165,10.5,154.5,961257,154.5,0,0
"MSOLAR_2_SOLAR1","Mesquite Solar 1",2023-09-27,165,10.5,154.5,961257,150.5,-4,-0.0258899676375405
"MSTANG_2_SOLAR","Mustang",2024-02-23,30,7,23,984603,22.85,-0.149999999999999,-0.00652173913043472
"MSTANG_2_SOLAR","Mustang",2024-07-01,30,0.2,29.8,984603,28.99,-0.810000000000002,-0.0271812080536914
"MSTANG_2_SOLAR3","Mustang 3",2024-02-23,40,20,20,974145,20.71,0.710000000000001,0.0355
"MSTANG_2_SOLAR3","Mustang 3",2024-03-28,40,20,20,974145,19.79,-0.210000000000001,-0.0105
"MSTANG_2_SOLAR4","Mustang 4",2023-07-10,30,21.5,8.5,654478,8.5,0,0
"MSTANG_2_SOLAR4","Mustang 4",2023-07-11,30,21.5,8.5,654478,8.58,0.0800000000000001,0.00941176470588236
"MTWIND_1_MVPWD1","Mountain View Power Project I Repower",2023-03-13,66.6,13.43,53.17,131675,54.5,1.33000000000001,0.0250141056987024
"MTWIND_1_MVPWD1","Mountain View Power Project I Repower",2023-03-16,66.6,13.43,53.17,131675,54.5,1.33000000000001,0.0250141056987024
"MTWIND_1_MVPWD1","Mountain View Power Project I Repower",2023-03-20,66.6,13.43,53.17,131675,54.5,1.33000000000001,0.0250141056987024
"MTWIND_1_MVPWD1","Mountain View Power Project I Repower",2023-03-21,66.6,13.43,53.17,131675,54.5,1.33000000000001,0.0250141056987024
"MTWIND_1_MVPWD1","Mountain View Power Project I Repower",2023-03-22,66.6,13.43,53.17,131675,54.5,1.33000000000001,0.0250141056987024
"MTWIND_1_MVPWD1","Mountain View Power Project I Repower",2023-03-23,66.6,13.43,53.17,131675,54.5,1.33000000000001,0.0250141056987024
"MTWIND_1_MVPWD1","Mountain View Power Project I Repower",2023-03-24,66.6,13.43,53.17,131675,54.5,1.33000000000001,0.0250141056987024
"MTWIND_1_MVPWD1","Mountain View Power Project I Repower",2023-03-25,66.6,13.43,53.17,131675,54.5,1.33000000000001,0.0250141056987024
"MTWIND_1_MVPWD1","Mountain View Power Project I Repower",2023-03-26,66.6,13.43,53.17,131675,54.5,1.33000000000001,0.0250141056987024
"MTWIND_1_MVPWD1","Mountain View Power Project I Repower",2023-04-05,66.6,9.96,56.64,131675,54.5,-2.13999999999999,-0.0377824858757061
"MTWIND_1_MVPWD1","Mountain View Power Project I Repower",2023-05-23,66.6,12.72,53.88,131675,54,0.120000000000005,0.00222717149220498
"MTWIND_1_MVPWD1","Mountain View Power Project I Repower",2023-05-25,66.6,12.72,53.88,131675,54,0.120000000000005,0.00222717149220498
"MTWIND_1_MVPWD1","Mountain View Power Project I Repower",2023-10-14,66.6,10.44,56.16,131675,58.5,2.34,0.0416666666666667
"MTWIND_1_MVPWD1","Mountain View Power Project I Repower",2023-10-16,66.6,10.44,56.16,131675,58.5,2.34,0.0416666666666667
"MTWIND_1_UNIT 3","Mountain View Power Project III",2023-03-16,22.44,4.52,17.92,165858,17.98,0.0599999999999987,0.00334821428571421
"MTWIND_1_UNIT 3","Mountain View Power Project III",2023-03-22,22.44,4.52,17.92,165858,17.79,-0.130000000000003,-0.00725446428571443
"MTWIND_1_UNIT 3","Mountain View Power Project III",2023-03-23,22.44,4.52,17.92,165858,17.07,-0.850000000000001,-0.0474330357142858
"MTWIND_1_UNIT 3","Mountain View Power Project III",2023-03-26,22.44,4.52,17.92,165858,17.89,-0.0300000000000011,-0.00167410714285721
"NGILAA_5_SDGDYN","NGILAA_5_SDGDYN",2023-03-17,57,2,55,174744,55,0,0
"NGILAA_5_SDGDYN","NGILAA_5_SDGDYN",2023-03-17,57,2,55,174744,55,0,0
"NGILAA_5_SDGDYN","NGILAA_5_SDGDYN",2023-03-18,57,2,55,174744,55,0,0
"NGILAA_5_SDGDYN","NGILAA_5_SDGDYN",2023-03-18,57,2,55,174744,55,0,0
"OBERON_5_O2SSR5","Oberon 2B Solar",2023-06-20,125,36.3,88.7,118485,84.42,-4.28,-0.0482525366403608
"OBERON_5_O2SSR5","Oberon 2B Solar",2023-07-01,125,25,100,118485,104.65,4.65000000000001,0.0465000000000001
"OBERON_5_O2SSR5","Oberon 2B Solar",2023-07-02,125,25,100,118485,101.02,1.02,0.0102
"OBERON_5_O2SSR5","Oberon 2B Solar",2023-07-03,125,25,100,118485,101.81,1.81,0.0181
"OBERON_5_O2SSR5","Oberon 2B Solar",2023-07-04,125,33,92,118485,96.11,4.11,0.0446739130434783
"OBERON_5_O2SSR5","Oberon 2B Solar",2023-07-04,125,25,100,118485,96.11,-3.89,-0.0389
"OBERON_5_O2SSR5","Oberon 2B Solar",2023-07-06,125,29,96,118485,98.08,2.08,0.0216666666666667
"OBERON_5_O2SSR5","Oberon 2B Solar",2023-07-07,125,29,96,118485,99.12,3.12,0.0325
"OBERON_5_O2SSR5","Oberon 2B Solar",2023-07-08,125,21,104,118485,103.51,-0.489999999999995,-0.00471153846153841
"OBERON_5_O2SSR5","Oberon 2B Solar",2023-07-09,125,29,96,118485,100.07,4.06999999999999,0.0423958333333333
"OBERON_5_O2SSR5","Oberon 2B Solar",2023-07-09,125,21,104,118485,100.07,-3.93000000000001,-0.0377884615384616
"OBERON_5_O2SSR5","Oberon 2B Solar",2023-07-10,125,29,96,118485,93.68,-2.31999999999999,-0.0241666666666666
"OBERON_5_O2SSR5","Oberon 2B Solar",2023-07-14,125,29,96,118485,98.31,2.31,0.0240625
"OBERON_5_O2SSR5","Oberon 2B Solar",2023-07-17,125,29,96,118485,94.89,-1.11,-0.0115625
"OBERON_5_O2SSR5","Oberon 2B Solar",2023-07-18,125,29,96,118485,95.8,-0.200000000000003,-0.00208333333333336
"OBERON_5_O2SSR5","Oberon 2B Solar",2023-07-19,125,29,96,118485,96.94,0.939999999999998,0.00979166666666664
"OBERON_5_O2SSR5","Oberon 2B Solar",2023-07-21,125,21,104,118485,103.2,-0.799999999999997,-0.00769230769230766
"OBERON_5_O2SSR5","Oberon 2B Solar",2023-07-31,125,29.04,95.96,118485,98.77,2.80999999999999,0.0292830345977489
"OBERON_5_O2SSR5","Oberon 2B Solar",2023-08-01,125,29.04,95.96,118485,98.36,2.39999999999999,0.0250104210087536
"OCOTLO_6_OCWSB1","Ocotillo Wells Solar and BESS",2024-06-05,50,17,33,729047,34,1,0.0303030303030303
"OCOTLO_6_OCWSB1","Ocotillo Wells Solar and BESS",2024-06-06,50,17,33,729047,34,1,0.0303030303030303
"OCOTLO_6_OCWSB1","Ocotillo Wells Solar and BESS",2024-06-07,50,17,33,729047,34,1,0.0303030303030303
"OCOTLO_6_OCWSB1","Ocotillo Wells Solar and BESS",2024-06-08,50,17,33,729047,34,1,0.0303030303030303
"OCOTLO_6_OCWSB1","Ocotillo Wells Solar and BESS",2024-06-09,50,17,33,729047,34,1,0.0303030303030303
"OCOTLO_6_OCWSB1","Ocotillo Wells Solar and BESS",2024-06-10,50,17,33,729047,34,1,0.0303030303030303
"OCOTLO_6_OCWSB1","Ocotillo Wells Solar and BESS",2024-06-11,50,17,33,729047,34,1,0.0303030303030303
"OCOTLO_6_OCWSB1","Ocotillo Wells Solar and BESS",2024-06-12,50,17,33,729047,34,1,0.0303030303030303
"OCOTLO_6_OCWSB1","Ocotillo Wells Solar and BESS",2024-06-13,50,17,33,729047,34,1,0.0303030303030303
"OCOTLO_6_OCWSB1","Ocotillo Wells Solar and BESS",2024-06-14,50,17,33,729047,34,1,0.0303030303030303
"OCOTLO_6_OCWSB1","Ocotillo Wells Solar and BESS",2024-06-15,50,17,33,729047,34,1,0.0303030303030303
"OCOTLO_6_OCWSB1","Ocotillo Wells Solar and BESS",2024-06-16,50,17,33,729047,34,1,0.0303030303030303
"OCOTLO_6_OCWSB1","Ocotillo Wells Solar and BESS",2024-06-17,50,17,33,729047,34,1,0.0303030303030303
"OCOTLO_6_OCWSB1","Ocotillo Wells Solar and BESS",2024-06-18,50,17,33,729047,34,1,0.0303030303030303
"OCOTLO_6_OCWSB1","Ocotillo Wells Solar and BESS",2024-06-19,50,17,33,729047,34,1,0.0303030303030303
"OCOTLO_6_OCWSB1","Ocotillo Wells Solar and BESS",2024-06-20,50,17,33,729047,34,1,0.0303030303030303
"OCOTLO_6_OCWSB1","Ocotillo Wells Solar and BESS",2024-06-21,50,17,33,729047,34,1,0.0303030303030303
"OCOTLO_6_OCWSB1","Ocotillo Wells Solar and BESS",2024-06-22,50,17,33,729047,34,1,0.0303030303030303
"OCOTLO_6_OCWSB1","Ocotillo Wells Solar and BESS",2024-06-23,50,17,33,729047,34,1,0.0303030303030303
"OCOTLO_6_OCWSB1","Ocotillo Wells Solar and BESS",2024-06-24,50,17,33,729047,34,1,0.0303030303030303
"OCOTLO_6_OCWSB1","Ocotillo Wells Solar and BESS",2024-06-25,50,17,33,729047,34,1,0.0303030303030303
"OCOTLO_6_OCWSB1","Ocotillo Wells Solar and BESS",2024-06-26,50,17,33,729047,34,1,0.0303030303030303
"OCOTLO_6_OCWSB1","Ocotillo Wells Solar and BESS",2024-06-27,50,17,33,729047,34,1,0.0303030303030303
"OCOTLO_6_OCWSB1","Ocotillo Wells Solar and BESS",2024-06-28,50,17,33,729047,34,1,0.0303030303030303
"OCOTLO_6_OCWSB1","Ocotillo Wells Solar and BESS",2024-06-29,50,17,33,729047,34,1,0.0303030303030303
"OCOTLO_6_OCWSB1","Ocotillo Wells Solar and BESS",2024-07-01,50,17,33,729047,34,1,0.0303030303030303
"OCOTLO_6_OCWSB1","Ocotillo Wells Solar and BESS",2024-07-02,50,17,33,729047,34,1,0.0303030303030303
"OCOTLO_6_OCWSB1","Ocotillo Wells Solar and BESS",2024-07-03,50,17,33,729047,34,1,0.0303030303030303
"OCOTLO_6_OCWSB1","Ocotillo Wells Solar and BESS",2024-07-04,50,17,33,729047,34,1,0.0303030303030303
"OCOTLO_6_OCWSB1","Ocotillo Wells Solar and BESS",2024-07-05,50,17,33,729047,34,1,0.0303030303030303
"OCOTLO_6_OCWSB1","Ocotillo Wells Solar and BESS",2024-07-06,50,17,33,729047,34,1,0.0303030303030303
"OCOTLO_6_OCWSB1","Ocotillo Wells Solar and BESS",2024-07-07,50,17,33,729047,34,1,0.0303030303030303
"OCOTLO_6_OCWSB1","Ocotillo Wells Solar and BESS",2024-07-08,50,17,33,729047,34,1,0.0303030303030303
"OCOTLO_6_OCWSB1","Ocotillo Wells Solar and BESS",2024-07-09,50,17,33,729047,34,1,0.0303030303030303
"OCOTLO_6_OCWSB1","Ocotillo Wells Solar and BESS",2024-07-10,50,17,33,729047,34,1,0.0303030303030303
"OCOTLO_6_OCWSB1","Ocotillo Wells Solar and BESS",2024-07-11,50,17,33,729047,34,1,0.0303030303030303
"OCOTLO_6_OCWSB1","Ocotillo Wells Solar and BESS",2024-07-12,50,17,33,729047,34,1,0.0303030303030303
"OCOTLO_6_OCWSB1","Ocotillo Wells Solar and BESS",2024-07-13,50,17,33,729047,34,1,0.0303030303030303
"OCOTLO_6_OCWSB1","Ocotillo Wells Solar and BESS",2024-07-14,50,17,33,729047,34,1,0.0303030303030303
"OCOTLO_6_OCWSB1","Ocotillo Wells Solar and BESS",2024-07-15,50,17,33,729047,34,1,0.0303030303030303
"OCOTLO_6_OCWSB1","Ocotillo Wells Solar and BESS",2024-07-16,50,17,33,729047,34,1,0.0303030303030303
"OCOTLO_6_OCWSB1","Ocotillo Wells Solar and BESS",2024-07-17,50,17,33,729047,34,1,0.0303030303030303
"OCOTLO_6_OCWSB1","Ocotillo Wells Solar and BESS",2024-07-18,50,17,33,729047,34,1,0.0303030303030303
"OCOTLO_6_OCWSB1","Ocotillo Wells Solar and BESS",2024-07-19,50,17,33,729047,34,1,0.0303030303030303
"OCOTLO_6_OCWSB1","Ocotillo Wells Solar and BESS",2024-07-20,50,17,33,729047,34,1,0.0303030303030303
"OCOTLO_6_OCWSB1","Ocotillo Wells Solar and BESS",2024-08-01,50,17,33,729047,34,1,0.0303030303030303
"OCOTLO_6_OCWSB1","Ocotillo Wells Solar and BESS",2024-08-02,50,17,33,729047,34,1,0.0303030303030303
"OCOTLO_6_OCWSB1","Ocotillo Wells Solar and BESS",2024-08-03,50,17,33,729047,34,1,0.0303030303030303
"OCOTLO_6_OCWSB1","Ocotillo Wells Solar and BESS",2024-08-04,50,17,33,729047,34,1,0.0303030303030303
"OCOTLO_6_OCWSB1","Ocotillo Wells Solar and BESS",2024-08-05,50,17,33,729047,34,1,0.0303030303030303
"OCOTLO_6_OCWSB1","Ocotillo Wells Solar and BESS",2024-08-06,50,17,33,729047,34,1,0.0303030303030303
"OCOTLO_6_OCWSB1","Ocotillo Wells Solar and BESS",2024-08-07,50,17,33,729047,34,1,0.0303030303030303
"OCOTLO_6_OCWSB1","Ocotillo Wells Solar and BESS",2024-08-08,50,17,33,729047,34,1,0.0303030303030303
"OCOTLO_6_OCWSB1","Ocotillo Wells Solar and BESS",2024-08-09,50,17,33,729047,34,1,0.0303030303030303
"OCOTLO_6_OCWSB1","Ocotillo Wells Solar and BESS",2024-08-10,50,17,33,729047,34,1,0.0303030303030303
"OCOTLO_6_OCWSB1","Ocotillo Wells Solar and BESS",2024-08-11,50,17,33,729047,34,1,0.0303030303030303
"OCOTLO_6_OCWSB1","Ocotillo Wells Solar and BESS",2024-08-12,50,17,33,729047,34,1,0.0303030303030303
"OCOTLO_6_OCWSB1","Ocotillo Wells Solar and BESS",2024-08-13,50,17,33,729047,34,1,0.0303030303030303
"OCOTLO_6_OCWSB1","Ocotillo Wells Solar and BESS",2024-08-14,50,17,33,729047,34,1,0.0303030303030303
"OCOTLO_6_OCWSB1","Ocotillo Wells Solar and BESS",2024-08-15,50,17,33,729047,34,1,0.0303030303030303
"OCOTLO_6_OCWSB1","Ocotillo Wells Solar and BESS",2024-08-16,50,17,33,729047,34,1,0.0303030303030303
"OCOTLO_6_OCWSB1","Ocotillo Wells Solar and BESS",2024-08-17,50,17,33,729047,34,1,0.0303030303030303
"OCOTLO_6_OCWSB1","Ocotillo Wells Solar and BESS",2024-08-18,50,17,33,729047,34,1,0.0303030303030303
"OCOTLO_6_OCWSB1","Ocotillo Wells Solar and BESS",2024-08-19,50,17,33,729047,34,1,0.0303030303030303
"OCOTLO_6_OCWSB1","Ocotillo Wells Solar and BESS",2024-08-20,50,17,33,729047,34,1,0.0303030303030303
"OCOTLO_6_OCWSB1","Ocotillo Wells Solar and BESS",2024-08-21,50,17,33,729047,34,1,0.0303030303030303
"OCOTLO_6_OCWSB1","Ocotillo Wells Solar and BESS",2024-08-22,50,17,33,729047,34,1,0.0303030303030303
"OCOTLO_6_OCWSB1","Ocotillo Wells Solar and BESS",2024-08-23,50,17,33,729047,34,1,0.0303030303030303
"OCOTLO_6_OCWSB1","Ocotillo Wells Solar and BESS",2024-08-24,50,17,33,729047,34,1,0.0303030303030303
"OCOTLO_6_OCWSB1","Ocotillo Wells Solar and BESS",2024-08-25,50,17,33,729047,34,1,0.0303030303030303
"OCOTLO_6_OCWSB1","Ocotillo Wells Solar and BESS",2024-08-26,50,17,33,729047,34,1,0.0303030303030303
"OCOTLO_6_OCWSB1","Ocotillo Wells Solar and BESS",2024-08-27,50,17,33,729047,34,1,0.0303030303030303
"OCOTLO_6_OCWSB1","Ocotillo Wells Solar and BESS",2024-08-28,50,17,33,729047,34,1,0.0303030303030303
"OCOTLO_6_OCWSB1","Ocotillo Wells Solar and BESS",2024-08-29,50,17,33,729047,34,1,0.0303030303030303
"OCOTLO_6_OCWSB1","Ocotillo Wells Solar and BESS",2024-08-30,50,17,33,729047,34,1,0.0303030303030303
"OCOTLO_6_OCWSB1","Ocotillo Wells Solar and BESS",2024-08-31,50,17,33,729047,34,1,0.0303030303030303
"OCOTLO_6_OCWSB1","Ocotillo Wells Solar and BESS",2024-09-01,50,17,33,729047,34,1,0.0303030303030303
"OCOTLO_6_OCWSB1","Ocotillo Wells Solar and BESS",2024-09-02,50,17,33,729047,34,1,0.0303030303030303
"OCOTLO_6_OCWSB1","Ocotillo Wells Solar and BESS",2024-09-03,50,17,33,729047,34,1,0.0303030303030303
"OCOTLO_6_OCWSB1","Ocotillo Wells Solar and BESS",2024-09-04,50,17,33,729047,34,1,0.0303030303030303
"OCOTLO_6_OCWSB1","Ocotillo Wells Solar and BESS",2024-09-05,50,17,33,729047,34,1,0.0303030303030303
"OCOTLO_6_OCWSB1","Ocotillo Wells Solar and BESS",2024-09-06,50,17,33,729047,34,1,0.0303030303030303
"OCOTLO_6_OCWSB1","Ocotillo Wells Solar and BESS",2024-09-07,50,17,33,729047,34,1,0.0303030303030303
"OCOTLO_6_OCWSB1","Ocotillo Wells Solar and BESS",2024-09-08,50,17,33,729047,34,1,0.0303030303030303
"OCOTLO_6_OCWSB1","Ocotillo Wells Solar and BESS",2024-09-09,50,17,33,729047,34,1,0.0303030303030303
"OCOTLO_6_OCWSB1","Ocotillo Wells Solar and BESS",2024-09-10,50,17,33,729047,34,1,0.0303030303030303
"OCOTLO_6_OCWSB1","Ocotillo Wells Solar and BESS",2024-09-11,50,17,33,729047,34,1,0.0303030303030303
"OCOTLO_6_OCWSB1","Ocotillo Wells Solar and BESS",2024-09-12,50,17,33,729047,34,1,0.0303030303030303
"OCOTLO_6_OCWSB1","Ocotillo Wells Solar and BESS",2024-09-13,50,17,33,729047,34,1,0.0303030303030303
"OCOTLO_6_OCWSB1","Ocotillo Wells Solar and BESS",2024-09-14,50,17,33,729047,34,1,0.0303030303030303
"OCOTLO_6_OCWSB1","Ocotillo Wells Solar and BESS",2024-09-15,50,17,33,729047,34,1,0.0303030303030303
"OCOTLO_6_OCWSB1","Ocotillo Wells Solar and BESS",2024-09-16,50,17,33,729047,34,1,0.0303030303030303
"OCOTLO_6_OCWSB1","Ocotillo Wells Solar and BESS",2024-09-17,50,17,33,729047,34,1,0.0303030303030303
"OCOTLO_6_OCWSB1","Ocotillo Wells Solar and BESS",2024-09-18,50,17,33,729047,34,1,0.0303030303030303
"OCOTLO_6_OCWSB1","Ocotillo Wells Solar and BESS",2024-09-19,50,17,33,729047,34,1,0.0303030303030303
"OCOTLO_6_OCWSB1","Ocotillo Wells Solar and BESS",2024-09-20,50,17,33,729047,34,1,0.0303030303030303
"OCOTLO_6_OCWSB1","Ocotillo Wells Solar and BESS",2024-09-21,50,17,33,729047,34,1,0.0303030303030303
"OCOTLO_6_OCWSB1","Ocotillo Wells Solar and BESS",2024-09-22,50,17,33,729047,34,1,0.0303030303030303
"OCOTLO_6_OCWSB1","Ocotillo Wells Solar and BESS",2024-09-23,50,17,33,729047,34,1,0.0303030303030303
"OCOTLO_6_OCWSB1","Ocotillo Wells Solar and BESS",2024-09-24,50,17,33,729047,34,1,0.0303030303030303
"OCOTLO_6_OCWSB1","Ocotillo Wells Solar and BESS",2024-09-25,50,17,33,729047,34,1,0.0303030303030303
"OCOTLO_6_OCWSB1","Ocotillo Wells Solar and BESS",2024-09-26,50,17,33,729047,34,1,0.0303030303030303
"OCOTLO_6_OCWSB1","Ocotillo Wells Solar and BESS",2024-09-27,50,17,33,729047,34,1,0.0303030303030303
"OCOTLO_6_OCWSB1","Ocotillo Wells Solar and BESS",2024-09-28,50,17,33,729047,34,1,0.0303030303030303
"OCOTLO_6_OCWSB1","Ocotillo Wells Solar and BESS",2024-09-29,50,17,33,729047,34,1,0.0303030303030303
"OCOTLO_6_OCWSB1","Ocotillo Wells Solar and BESS",2024-09-30,50,17,33,729047,34,1,0.0303030303030303
"OCOTLO_6_OCWSB1","Ocotillo Wells Solar and BESS",2024-11-08,50,17,33,729047,34,1,0.0303030303030303
"OCOTLO_6_OCWSB1","Ocotillo Wells Solar and BESS",2024-11-09,50,17,33,729047,34,1,0.0303030303030303
"OCOTLO_6_OCWSB1","Ocotillo Wells Solar and BESS",2024-11-10,50,17,33,729047,34,1,0.0303030303030303
"OCOTLO_6_OCWSB1","Ocotillo Wells Solar and BESS",2024-11-11,50,17,33,729047,34,1,0.0303030303030303
"OCOTLO_6_OCWSB1","Ocotillo Wells Solar and BESS",2024-11-12,50,17,33,729047,34,1,0.0303030303030303
"OCOTLO_6_OCWSB1","Ocotillo Wells Solar and BESS",2024-11-13,50,17,33,729047,34,1,0.0303030303030303
"OCOTLO_6_OCWSB1","Ocotillo Wells Solar and BESS",2024-11-14,50,17,33,729047,34,1,0.0303030303030303
"OCOTLO_6_OCWSB1","Ocotillo Wells Solar and BESS",2024-11-15,50,17,33,729047,34,1,0.0303030303030303
"OCOTLO_6_OCWSB1","Ocotillo Wells Solar and BESS",2024-11-16,50,17,33,729047,34,1,0.0303030303030303
"OCOTLO_6_OCWSB1","Ocotillo Wells Solar and BESS",2024-11-17,50,17,33,729047,34,1,0.0303030303030303
"OCOTLO_6_OCWSB1","Ocotillo Wells Solar and BESS",2024-11-18,50,17,33,729047,34,1,0.0303030303030303
"OCOTLO_6_OCWSB1","Ocotillo Wells Solar and BESS",2024-11-19,50,17,33,729047,34,1,0.0303030303030303
"OCOTLO_6_OCWSB1","Ocotillo Wells Solar and BESS",2024-11-20,50,17,33,729047,34,1,0.0303030303030303
"OCOTLO_6_OCWSB1","Ocotillo Wells Solar and BESS",2024-11-21,50,17,33,729047,34,1,0.0303030303030303
"OCOTLO_6_OCWSB1","Ocotillo Wells Solar and BESS",2024-11-22,50,17,33,729047,34,1,0.0303030303030303
"OCOTLO_6_OCWSB1","Ocotillo Wells Solar and BESS",2024-11-23,50,17,33,729047,34,1,0.0303030303030303
"OCOTLO_6_OCWSB1","Ocotillo Wells Solar and BESS",2024-11-24,50,17,33,729047,34,1,0.0303030303030303
"OCOTLO_6_OCWSB1","Ocotillo Wells Solar and BESS",2024-11-25,50,17,33,729047,34,1,0.0303030303030303
"OCOTLO_6_OCWSB1","Ocotillo Wells Solar and BESS",2024-11-26,50,17,33,729047,34,1,0.0303030303030303
"OCOTLO_6_OCWSB1","Ocotillo Wells Solar and BESS",2024-11-27,50,17,33,729047,34,1,0.0303030303030303
"OCOTLO_6_OCWSB1","Ocotillo Wells Solar and BESS",2024-11-28,50,17,33,729047,34,1,0.0303030303030303
"OCOTLO_6_OCWSB1","Ocotillo Wells Solar and BESS",2024-11-29,50,17,33,729047,34,1,0.0303030303030303
"OCOTLO_6_OCWSB1","Ocotillo Wells Solar and BESS",2024-11-30,50,17,33,729047,34,1,0.0303030303030303
"OCTILO_5_WIND","Ocotillo Wind Energy Facility",2024-01-15,265,2.18,262.82,124064,264,1.18000000000001,0.0044897648580778
"OCTILO_5_WIND","Ocotillo Wind Energy Facility",2024-01-16,265,2.18,262.82,124064,264,1.18000000000001,0.0044897648580778
"OCTILO_5_WIND","Ocotillo Wind Energy Facility",2024-01-23,265,6.92,258.08,124064,258,-0.0799999999999841,-0.000309981401115871
"OCTILO_5_WIND","Ocotillo Wind Energy Facility",2024-01-24,265,2.18,262.82,124064,255,-7.81999999999999,-0.0297542043984476
"OCTILO_5_WIND","Ocotillo Wind Energy Facility",2024-01-25,265,2.18,262.82,124064,258,-4.81999999999999,-0.0183395479796058
"OGROVE_6_PL1X2","Orange Grove Energy Center",2024-10-21,96,49,47,139204,48.09,1.09,0.0231914893617022
"OGROVE_6_PL1X2","Orange Grove Energy Center",2024-10-30,96,49,47,139204,47.01,0.00999999999999801,0.000212765957446766
"OMAR_2_UNIT 4","KERN RIVER COGENERATION CO. UNIT 4",2024-06-20,75,2,73,962064,73,0,0
"OMAR_2_UNIT 4","KERN RIVER COGENERATION CO. UNIT 4",2024-12-13,75,3,72,962064,72,0,0
"OMAR_2_UNIT 4","KERN RIVER COGENERATION CO. UNIT 4",2024-12-16,75,3,72,962064,72,0,0
"OTMESA_2_PL1X3","OTAY MESA ENERGY CENTER",2023-06-29,603.68,15.68,588,304325,585,-3,-0.00510204081632653
"OTMESA_2_PL1X3","OTAY MESA ENERGY CENTER",2023-06-29,603.68,17.68,586,304325,585,-1,-0.00170648464163823
"OTMESA_2_PL1X3","OTAY MESA ENERGY CENTER",2023-06-29,603.68,19.68,584,304325,585,1,0.00171232876712329
"OTMESA_2_PL1X3","OTAY MESA ENERGY CENTER",2023-06-29,603.68,21.68,582,304325,585,3,0.00515463917525773
"OTMESA_2_PL1X3","OTAY MESA ENERGY CENTER",2023-06-29,603.68,22.68,581,304325,585,4,0.00688468158347676
"OTMESA_2_PL1X3","OTAY MESA ENERGY CENTER",2023-06-29,603.68,23.68,580,304325,585,5,0.00862068965517241
"OXMTN_6_LNDFIL","Ox Mountain Landfill Generating Plant",2024-04-17,10.62,1.12,9.5,153153,9.2,-0.300000000000001,-0.0315789473684211
"OXMTN_6_LNDFIL","Ox Mountain Landfill Generating Plant",2024-05-08,10.62,1.62,9,153153,9.17,0.17,0.0188888888888889
"PACLUM_6_UNIT","Humboldt Redwood",2023-06-15,28.8,6.8,22,198465,22,0,0
"PACLUM_6_UNIT","Humboldt Redwood",2023-06-16,28.8,6.8,22,198465,23,1,0.0454545454545455
"PACLUM_6_UNIT","Humboldt Redwood",2024-01-23,28.8,6.8,22,198465,23,1,0.0454545454545455
"PACLUM_6_UNIT","Humboldt Redwood",2024-01-24,28.8,6.8,22,198465,23,1,0.0454545454545455
"PACLUM_6_UNIT","Humboldt Redwood",2024-02-14,28.8,6.8,22,198465,23,1,0.0454545454545455
"PACLUM_6_UNIT","Humboldt Redwood",2024-02-16,28.8,6.8,22,198465,23,1,0.0454545454545455
"PACLUM_6_UNIT","Humboldt Redwood",2024-02-20,28.8,6.8,22,198465,23,1,0.0454545454545455
"PACLUM_6_UNIT","Humboldt Redwood",2024-02-22,28.8,6.8,22,198465,23,1,0.0454545454545455
"PACLUM_6_UNIT","Humboldt Redwood",2024-04-02,28.8,6.8,22,198465,23,1,0.0454545454545455
"PALA_6_PGCBT1","Pala Gomez Creek BESS",2023-09-28,10,5,5,385155,5,0,0
"PALA_6_PGCBT1","Pala Gomez Creek BESS",2023-09-29,10,5,5,385155,5,0,0
"PALA_6_PGCBT1","Pala Gomez Creek BESS",2024-10-21,10,4.6,5.4,385155,5.5,0.0999999999999996,0.0185185185185185
"PALA_6_PGCBT1","Pala Gomez Creek BESS",2024-10-22,10,4.6,5.4,385155,5.5,0.0999999999999996,0.0185185185185185
"PALA_6_PGCBT1","Pala Gomez Creek BESS",2024-10-23,10,4.6,5.4,385155,5.5,0.0999999999999996,0.0185185185185185
"PALA_6_PGCBT1","Pala Gomez Creek BESS",2024-10-24,10,4.6,5.4,385155,5.5,0.0999999999999996,0.0185185185185185
"PALA_6_PGCBT1","Pala Gomez Creek BESS",2024-10-25,10,4.6,5.4,385155,5.5,0.0999999999999996,0.0185185185185185
"PALA_6_PGCBT1","Pala Gomez Creek BESS",2024-10-31,10,4.4,5.6,385155,5.5,-0.0999999999999996,-0.0178571428571428
"PALOMR_2_PL1X3","Palomar Energy Center",2023-01-25,588.21,48,540.21,844371,551.7,11.49,0.0212695063031044
"PALOMR_2_PL1X3","Palomar Energy Center",2023-09-05,588.21,58.21,530,844371,551.7,21.7,0.0409433962264152
"PALOMR_2_PL1X3","Palomar Energy Center",2023-09-05,588.21,48.21,540,844371,551.7,11.7,0.0216666666666668
"PALOMR_2_PL1X3","Palomar Energy Center",2023-09-06,588.21,58.21,530,844371,551.7,21.7,0.0409433962264152
"PALOMR_2_PL1X3","Palomar Energy Center",2023-09-07,588.21,58.21,530,844371,551.7,21.7,0.0409433962264152
"PALOMR_2_PL1X3","Palomar Energy Center",2023-09-08,588.21,58.21,530,844371,551.7,21.7,0.0409433962264152
"PALOMR_2_PL1X3","Palomar Energy Center",2024-03-13,588.21,48,540.21,844371,551.7,11.49,0.0212695063031044
"PALOMR_2_PL1X3","Palomar Energy Center",2024-06-26,588.21,48,540.21,844371,551.7,11.49,0.0212695063031044
"PARDEB_6_UNITS","Pardee Power House",2023-05-09,30,10,20,183275,19.9,-0.100000000000001,-0.00500000000000007
"PARDEB_6_UNITS","Pardee Power House",2024-02-09,30,9.7,20.3,183275,19.7,-0.600000000000001,-0.0295566502463055
"PARDEB_6_UNITS","Pardee Power House",2024-07-18,30,10,20,183275,19.6,-0.399999999999999,-0.0199999999999999
"PARDEB_6_UNITS","Pardee Power House",2024-07-19,30,10,20,183275,19.6,-0.399999999999999,-0.0199999999999999
"PARDEB_6_UNITS","Pardee Power House",2024-07-20,30,10,20,183275,19.6,-0.399999999999999,-0.0199999999999999
"PARDSE_6_PESBT1","Paradise Energy Storage",2024-09-27,10,0.3,9.7,347450,9.45,-0.25,-0.0257731958762887
"PARDSE_6_PESBT1","Paradise Energy Storage",2024-10-28,10,3,7,347450,7.3,0.3,0.0428571428571428
"PARDSE_6_PESBT1","Paradise Energy Storage",2024-10-29,10,3,7,347450,7.3,0.3,0.0428571428571428
"PARDSE_6_PESBT1","Paradise Energy Storage",2024-10-30,10,3,7,347450,7.3,0.3,0.0428571428571428
"PARDSE_6_PESBT1","Paradise Energy Storage",2024-10-31,10,3,7,347450,7.3,0.3,0.0428571428571428
"PINFLT_7_UNITS","PINE FLAT HYDRO AGGREGATE",2024-01-05,198.51,63.51,135,122732,134.77,-0.22999999999999,-0.00170370370370363
"PINFLT_7_UNITS","PINE FLAT HYDRO AGGREGATE",2024-01-16,198.51,63.51,135,122732,129.47,-5.53,-0.040962962962963
"PIT1_7_UNIT 1","PIT PH 1 UNIT 1",2023-11-02,32,10.9,21.1,687240,21,-0.100000000000001,-0.00473933649289106
"PIT1_7_UNIT 1","PIT PH 1 UNIT 1",2023-11-02,32,11,21,687240,21,0,0
"PIT1_7_UNIT 1","PIT PH 1 UNIT 1",2024-04-01,32,13,19,687240,19,0,0
"PIT1_7_UNIT 1","PIT PH 1 UNIT 1",2024-04-01,32,12,20,687240,19,-1,-0.05
"PIT1_7_UNIT 1","PIT PH 1 UNIT 1",2024-04-03,32,13,19,687240,19,0,0
"PIT1_7_UNIT 1","PIT PH 1 UNIT 1",2024-04-04,32,13,19,687240,19,0,0
"PIT1_7_UNIT 1","PIT PH 1 UNIT 1",2024-04-14,32,13,19,687240,19,0,0
"PIT3_7_PL1X3","PIT PH 3 UNITS 1, 2 & 3 AGGREGATE",2023-03-07,70.6,24,46.6,428176,46,-0.599999999999994,-0.0128755364806866
"PIT3_7_PL1X3","PIT PH 3 UNITS 1, 2 & 3 AGGREGATE",2023-11-29,70.6,24.6,46,428176,44,-1.99999999999999,-0.0434782608695651
"PIT3_7_PL1X3","PIT PH 3 UNITS 1, 2 & 3 AGGREGATE",2023-12-04,70.6,24.6,46,428176,46,7.105427357601e-15,1.54465812121761e-16
"PIT3_7_PL1X3","PIT PH 3 UNITS 1, 2 & 3 AGGREGATE",2023-12-05,70.6,24.6,46,428176,46,7.105427357601e-15,1.54465812121761e-16
"PIT3_7_PL1X3","PIT PH 3 UNITS 1, 2 & 3 AGGREGATE",2023-12-07,70.6,24.6,46,428176,46,7.105427357601e-15,1.54465812121761e-16
"PIT3_7_PL1X3","PIT PH 3 UNITS 1, 2 & 3 AGGREGATE",2023-12-11,70.6,24.6,46,428176,46,7.105427357601e-15,1.54465812121761e-16
"PIT3_7_PL1X3","PIT PH 3 UNITS 1, 2 & 3 AGGREGATE",2023-12-16,70.6,24.6,46,428176,46,7.105427357601e-15,1.54465812121761e-16
"PIT3_7_PL1X3","PIT PH 3 UNITS 1, 2 & 3 AGGREGATE",2024-10-21,70.6,24,46.6,428176,46,-0.599999999999994,-0.0128755364806866
"PIT3_7_PL1X3","PIT PH 3 UNITS 1, 2 & 3 AGGREGATE",2024-11-18,70.6,24.6,46,428176,44,-1.99999999999999,-0.0434782608695651
"PIT3_7_PL1X3","PIT PH 3 UNITS 1, 2 & 3 AGGREGATE",2024-11-21,70.6,24.6,46,428176,44,-1.99999999999999,-0.0434782608695651
"PIT3_7_PL1X3","PIT PH 3 UNITS 1, 2 & 3 AGGREGATE",2024-11-22,70.6,24.6,46,428176,44,-1.99999999999999,-0.0434782608695651
"PIT3_7_PL1X3","PIT PH 3 UNITS 1, 2 & 3 AGGREGATE",2024-11-23,70.6,22.6,48,428176,48,7.105427357601e-15,1.48029736616688e-16
"PIT3_7_PL1X3","PIT PH 3 UNITS 1, 2 & 3 AGGREGATE",2024-11-25,70.6,24.6,46,428176,46,7.105427357601e-15,1.54465812121761e-16
"PIT3_7_PL1X3","PIT PH 3 UNITS 1, 2 & 3 AGGREGATE",2024-11-26,70.6,22.6,48,428176,46,-1.99999999999999,-0.0416666666666665
"PIT3_7_PL1X3","PIT PH 3 UNITS 1, 2 & 3 AGGREGATE",2024-12-03,70.6,22.6,48,428176,46,-1.99999999999999,-0.0416666666666665
"PIT3_7_PL1X3","PIT PH 3 UNITS 1, 2 & 3 AGGREGATE",2024-12-12,70.6,26,44.6,428176,46,1.40000000000001,0.0313901345291481
"PIT4_7_PL1X2","PIT PH 4 UNITS 1 & 2 AGGREGATE",2024-01-08,95,47,48,131041,46.5,-1.5,-0.03125
"PIT4_7_PL1X2","PIT PH 4 UNITS 1 & 2 AGGREGATE",2024-01-08,95,48,47,131041,46.5,-0.5,-0.0106382978723404
"PIT4_7_PL1X2","PIT PH 4 UNITS 1 & 2 AGGREGATE",2024-01-23,95,55,40,131041,40.8,0.799999999999997,0.0199999999999999
"PIT4_7_PL1X2","PIT PH 4 UNITS 1 & 2 AGGREGATE",2024-02-04,95,55,40,131041,40.8,0.799999999999997,0.0199999999999999
"PIT5_7_PL1X2","PIT PH 5 UNITS 1 & 2 AGGREGATE",2023-08-05,82,77,5,130239,5,0,0
"PIT5_7_PL1X2","PIT PH 5 UNITS 1 & 2 AGGREGATE",2023-08-06,82,77,5,130239,5,0,0
"PIT5_7_PL1X2","PIT PH 5 UNITS 1 & 2 AGGREGATE",2023-10-23,82,41,41,130239,40,-1,-0.024390243902439
"PIT5_7_PL1X2","PIT PH 5 UNITS 1 & 2 AGGREGATE",2023-10-24,82,41,41,130239,40,-1,-0.024390243902439
"PIT5_7_PL1X2","PIT PH 5 UNITS 1 & 2 AGGREGATE",2024-03-13,82,1,81,130239,82,1,0.0123456790123457
"PIT5_7_PL1X2","PIT PH 5 UNITS 1 & 2 AGGREGATE",2024-10-06,82,41,41,130239,41,0,0
"PIT5_7_PL1X2","PIT PH 5 UNITS 1 & 2 AGGREGATE",2024-10-08,82,41,41,130239,41,0,0
"PIT5_7_PL3X4","PIT PH 5 UNITS 3 & 4 AGGREGATE",2023-07-29,82,41,41,142584,41,0,0
"PIT5_7_PL3X4","PIT PH 5 UNITS 3 & 4 AGGREGATE",2023-08-06,82,34,48,142584,48,0,0
"PIT5_7_PL3X4","PIT PH 5 UNITS 3 & 4 AGGREGATE",2023-09-09,82,24,58,142584,58,0,0
"PIT5_7_PL3X4","PIT PH 5 UNITS 3 & 4 AGGREGATE",2023-09-10,82,24,58,142584,58,0,0
"PIT5_7_PL3X4","PIT PH 5 UNITS 3 & 4 AGGREGATE",2023-10-26,82,41,41,142584,43,2,0.0487804878048781
"PIT5_7_PL3X4","PIT PH 5 UNITS 3 & 4 AGGREGATE",2024-05-28,82,1,81,142584,77,-4,-0.0493827160493827
"PIT5_7_PL3X4","PIT PH 5 UNITS 3 & 4 AGGREGATE",2024-05-30,82,42,40,142584,40,0,0
"PIT5_7_PL3X4","PIT PH 5 UNITS 3 & 4 AGGREGATE",2024-08-19,82,41,41,142584,40,-1,-0.024390243902439
"PIT5_7_PL3X4","PIT PH 5 UNITS 3 & 4 AGGREGATE",2024-08-20,82,41,41,142584,41,0,0
"PIT5_7_PL3X4","PIT PH 5 UNITS 3 & 4 AGGREGATE",2024-10-10,82,41,41,142584,41,0,0
"PIT6_7_UNIT 2","PIT PH 6 UNIT 2",2024-06-21,40,36.92,3.08,988619,3.07,-0.00999999999999845,-0.00324675324675275
"PIT6_7_UNIT 2","PIT PH 6 UNIT 2",2024-11-04,40,38.39,1.61,988619,1.58,-0.0299999999999994,-0.0186335403726704
"PIT7_7_UNIT 2","PIT PH 7 UNIT 2",2024-06-21,54.6,52.58,2.02,806870,2,-0.0200000000000031,-0.00990099009901143
"PIT7_7_UNIT 2","PIT PH 7 UNIT 2",2024-06-21,54.6,52.5,2.1,806870,2,-0.100000000000001,-0.0476190476190483
"RCKCRK_7_UNIT 1","ROCK CREEK HYDRO UNIT 1",2023-08-12,57,5.53,51.47,123566,51.91,0.439999999999998,0.00854866912764713
"RCKCRK_7_UNIT 1","ROCK CREEK HYDRO UNIT 1",2023-08-13,57,5.53,51.47,123566,51.91,0.439999999999998,0.00854866912764713
"RCKCRK_7_UNIT 1","ROCK CREEK HYDRO UNIT 1",2023-08-15,57,5.53,51.47,123566,51.91,0.439999999999998,0.00854866912764713
"ROSMDW_2_WIND1","Pacific Wind - Phase 1",2023-12-15,140,24.6,115.4,780584,114.75,-0.650000000000006,-0.00563258232235707
"ROSMDW_2_WIND1","Pacific Wind - Phase 1",2023-12-15,140,30.6,109.4,780584,114.75,5.34999999999999,0.0489031078610603
"ROSMDW_2_WIND1","Pacific Wind - Phase 1",2024-12-18,140,26,114,780584,114.87,0.870000000000005,0.00763157894736846
"RTEDDY_2_SOLAR1","Rosamond West Solar 1",2023-04-19,54,8.8,45.2,114138,46.07,0.869999999999997,0.0192477876106194
"RTEDDY_2_SOLAR1","Rosamond West Solar 1",2023-04-20,54,8.8,45.2,114138,46.07,0.869999999999997,0.0192477876106194
"RTEDDY_2_SOLAR1","Rosamond West Solar 1",2023-04-21,54,8.8,45.2,114138,46.07,0.869999999999997,0.0192477876106194
"RVRVEW_1_UNITA1","Riverview Energy Center (GP Antioch)",2023-03-02,48.7,1.1,47.6,376200,47.6,0,0
"RVRVEW_1_UNITA1","Riverview Energy Center (GP Antioch)",2023-05-19,48.7,1.1,47.6,376200,47.6,0,0
"SANBRN_2_EESSB2","Edsan 2 Edwards Sanborn E1B",2024-12-11,166,23,143,111549,150,7,0.048951048951049
"SANBRN_2_EESSB2","Edsan 2 Edwards Sanborn E1B",2024-12-13,166,23,143,111549,150,7,0.048951048951049
"SANBRN_2_EESSB2","Edsan 2 Edwards Sanborn E1B",2024-12-16,166,16,150,111549,150,0,0
"SISPRG_2_DS3BT1","Daggett Solar 3 a BESS",2024-11-05,61.5,0.34,61.16,352614,61.16,0,0
"SISPRG_2_DS3BT1","Daggett Solar 3 a BESS",2024-11-06,61.5,0.34,61.16,352614,61.16,0,0
"SISPRG_2_DS3BT2","Daggett Solar 3 b BESS",2024-05-01,59.9,0.47,59.43,131816,58,-1.43,-0.0240619215884234
"SISPRG_2_DS3BT2","Daggett Solar 3 b BESS",2024-05-01,59.9,0.47,59.43,131816,58,-1.43,-0.0240619215884234
"SISPRG_2_DS3BT2","Daggett Solar 3 b BESS",2024-05-13,59.9,0.47,59.43,131816,58,-1.43,-0.0240619215884234
"SISPRG_2_DS3BT2","Daggett Solar 3 b BESS",2024-05-13,59.9,0.47,59.43,131816,58,-1.43,-0.0240619215884234
"SISPRG_2_DS3BT2","Daggett Solar 3 b BESS",2024-06-09,59.9,2,57.9,131816,58,0.100000000000001,0.00172711571675305
"SISPRG_2_DS3BT2","Daggett Solar 3 b BESS",2024-06-09,59.9,2,57.9,131816,58,0.100000000000001,0.00172711571675305
"SISPRG_2_DS3BT2","Daggett Solar 3 b BESS",2024-06-21,59.9,3.9,56,131816,58,2,0.0357142857142857
"SISPRG_2_DS3BT2","Daggett Solar 3 b BESS",2024-06-21,59.9,3.9,56,131816,58,2,0.0357142857142857
"SISPRG_2_DS3BT2","Daggett Solar 3 b BESS",2024-06-22,59.9,0.9,59,131816,58,-1,-0.0169491525423729
"SISPRG_2_DS3BT2","Daggett Solar 3 b BESS",2024-06-22,59.9,0.9,59,131816,58,-1,-0.0169491525423729
"SISPRG_2_DS3BT2","Daggett Solar 3 b BESS",2024-06-28,59.9,1.9,58,131816,58,0,0
"SISPRG_2_DS3BT2","Daggett Solar 3 b BESS",2024-06-28,59.9,1.9,58,131816,58,0,0
"SLATE_2_SLASR2","SLATE_2",2024-05-05,93,52.2,40.8,561157,40,-0.799999999999997,-0.0196078431372548
"SLATE_2_SLASR2","SLATE_2",2024-05-06,93,52.2,40.8,561157,40,-0.799999999999997,-0.0196078431372548
"SLATE_2_SLASR2","SLATE_2",2024-05-09,93,52.2,40.8,561157,40,-0.799999999999997,-0.0196078431372548
"SLATE_2_SLASR2","SLATE_2",2024-05-12,93,52.2,40.8,561157,40,-0.799999999999997,-0.0196078431372548
"SLATE_2_SLASR2","SLATE_2",2024-05-13,93,52.2,40.8,561157,40,-0.799999999999997,-0.0196078431372548
"SLATE_2_SLASR3","SLATE_3",2024-04-05,67.5,40.8,26.7,435258,27.27,0.569999999999997,0.0213483146067414
"SLATE_2_SLASR3","SLATE_3",2024-04-17,67.5,40.8,26.7,435258,27.99,1.29,0.0483146067415729
"SLATE_2_SLASR3","SLATE_3",2024-04-21,67.5,40.8,26.7,435258,28.02,1.32,0.0494382022471909
"SLATE_2_SLASR3","SLATE_3",2024-04-26,67.5,40.8,26.7,435258,25.53,-1.17,-0.0438202247191012
"SLATE_2_SLASR3","SLATE_3",2024-05-20,67.5,40.8,26.7,435258,27.18,0.479999999999997,0.0179775280898875
"SLSTR2_2_SOLAR2","Solar Star 2",2023-11-07,276,72,204,360573,199.6,-4.40000000000001,-0.0215686274509804
"SLSTR2_2_SOLAR2","Solar Star 2",2023-11-08,276,72,204,360573,201.55,-2.44999999999999,-0.0120098039215686
"SNCLRA_2_UNIT1","New Indy Oxnard",2023-01-01,27.8,16.8,11,620521,11.3,0.300000000000001,0.0272727272727273
"SNCLRA_2_UNIT1","New Indy Oxnard",2023-02-28,27.8,16.8,11,620521,11.28,0.279999999999999,0.0254545454545454
"SPAULD_6_UNIT12","SPAULDING HYDRO PH 1 & 2 AGGREGATE",2023-05-23,11.4,4.4,7,513723,6.7,-0.3,-0.0428571428571428
"SPAULD_6_UNIT12","SPAULDING HYDRO PH 1 & 2 AGGREGATE",2023-05-24,11.4,4.4,7,513723,6.7,-0.3,-0.0428571428571428
"SPAULD_6_UNIT12","SPAULDING HYDRO PH 1 & 2 AGGREGATE",2023-09-11,11.4,7,4.4,513723,4.5,0.0999999999999996,0.0227272727272726
"SPAULD_6_UNIT12","SPAULDING HYDRO PH 1 & 2 AGGREGATE",2023-10-01,11.4,7,4.4,513723,4.2,-0.2,-0.0454545454545455
"SPICER_1_UNITS","SPICER HYDRO UNITS 1-3 AGGREGATE",2023-09-11,6,2.8,3.2,553779,3.3,0.0999999999999996,0.0312499999999999
"SPICER_1_UNITS","SPICER HYDRO UNITS 1-3 AGGREGATE",2023-09-18,6,2.8,3.2,553779,3.3,0.0999999999999996,0.0312499999999999
"SPICER_1_UNITS","SPICER HYDRO UNITS 1-3 AGGREGATE",2024-09-16,6,2.8,3.2,553779,3.3,0.0999999999999996,0.0312499999999999
"SUNCAT_2_A1BBT1","Arlington Solar Unit 1B BESS",2023-10-13,63,23,40,615344,40.92,0.920000000000002,0.023
"SUNCAT_2_A1BBT1","Arlington Solar Unit 1B BESS",2023-10-14,63,23,40,615344,40.93,0.93,0.02325
"SUNCAT_2_A1BBT1","Arlington Solar Unit 1B BESS",2023-10-15,63,23,40,615344,40.28,0.280000000000001,0.00700000000000003
"SUNCAT_2_A1BBT1","Arlington Solar Unit 1B BESS",2023-10-15,63,24.32,38.68,615344,40.28,1.6,0.0413650465356774
"SUNCAT_2_A1BBT1","Arlington Solar Unit 1B BESS",2023-10-16,63,23,40,615344,40.28,0.280000000000001,0.00700000000000003
"SUNCAT_2_A1BBT1","Arlington Solar Unit 1B BESS",2023-10-17,63,25.02,37.98,615344,39.72,1.73999999999999,0.0458135860979461
"SUNCAT_2_A1BBT1","Arlington Solar Unit 1B BESS",2023-10-17,63,25.06,37.94,615344,39.72,1.78,0.0469161834475488
"SUNCAT_2_A1BBT1","Arlington Solar Unit 1B BESS",2023-10-17,63,23,40,615344,39.72,-0.280000000000001,-0.00700000000000003
"SUNCAT_2_A1BBT1","Arlington Solar Unit 1B BESS",2023-10-18,63,23,40,615344,40.97,0.969999999999999,0.02425
"SUNCAT_2_A1BBT1","Arlington Solar Unit 1B BESS",2023-10-19,63,25.28,37.72,615344,39.27,1.55,0.0410922587486746
"SUNCAT_2_A1BBT1","Arlington Solar Unit 1B BESS",2023-10-19,63,23,40,615344,39.27,-0.729999999999997,-0.0182499999999999
"SUNCAT_2_A1BBT1","Arlington Solar Unit 1B BESS",2023-10-19,63,25.02,37.98,615344,39.27,1.29,0.0339652448657188
"SUNCAT_2_A1BBT1","Arlington Solar Unit 1B BESS",2023-10-24,63,23,40,615344,39.17,-0.829999999999998,-0.02075
"SUNCAT_2_A1BBT1","Arlington Solar Unit 1B BESS",2023-10-24,63,22.92,40.08,615344,39.17,-0.909999999999997,-0.0227045908183632
"SUNCAT_2_A1BBT1","Arlington Solar Unit 1B BESS",2023-10-24,63,24.35,38.65,615344,39.17,0.520000000000003,0.0134540750323416
"SUNCAT_2_A1BBT1","Arlington Solar Unit 1B BESS",2023-10-25,63,23,40,615344,39.17,-0.829999999999998,-0.02075
"SUNCAT_2_A1BBT1","Arlington Solar Unit 1B BESS",2023-10-28,63,25.16,37.84,615344,39.11,1.27,0.0335623678646933
"SUNCAT_2_A1BBT1","Arlington Solar Unit 1B BESS",2023-10-28,63,23.44,39.56,615344,39.11,-0.450000000000003,-0.0113751263902933
"SUNCAT_2_A1BBT1","Arlington Solar Unit 1B BESS",2023-10-29,63,23.73,39.27,615344,39.11,-0.159999999999997,-0.0040743570155334
"SUNCAT_2_A1BBT1","Arlington Solar Unit 1B BESS",2023-10-29,63,25.45,37.55,615344,39.11,1.56,0.0415446071904128
"SUNCAT_2_A1BBT1","Arlington Solar Unit 1B BESS",2023-10-29,63,25.13,37.87,615344,39.11,1.23999999999999,0.0327435965143912
"SUNCAT_2_A1BBT1","Arlington Solar Unit 1B BESS",2023-10-30,63,25.39,37.61,615344,39.11,1.5,0.0398830098378091
"SUNCAT_2_A1BBT1","Arlington Solar Unit 1B BESS",2023-10-30,63,22.84,40.16,615344,39.11,-1.05,-0.0261454183266932
"SUNCAT_2_A1BBT1","Arlington Solar Unit 1B BESS",2023-10-30,63,25.73,37.27,615344,39.11,1.84,0.0493694660584922
"SUNCAT_2_A1BBT1","Arlington Solar Unit 1B BESS",2023-10-30,63,22.54,40.46,615344,39.11,-1.35,-0.0333662876915472
"SUNCAT_2_A1BBT1","Arlington Solar Unit 1B BESS",2023-10-31,63,26,37,615344,38.57,1.57,0.0424324324324324
"SUNSLR_1_SSVSR1","Sunshine Valley Solar 1",2024-04-17,100,3.3,96.7,345990,96.61,-0.0900000000000034,-0.000930713547052776
"SUNSLR_1_SSVSR1","Sunshine Valley Solar 1",2024-04-18,100,3.3,96.7,345990,96.61,-0.0900000000000034,-0.000930713547052776
"SUNSLR_1_SSVSR1","Sunshine Valley Solar 1",2024-04-19,100,3.3,96.7,345990,96.61,-0.0900000000000034,-0.000930713547052776
"SUNSLR_1_SSVSR1","Sunshine Valley Solar 1",2024-04-22,100,3.3,96.7,345990,96.61,-0.0900000000000034,-0.000930713547052776
"SUNSLR_1_SSVSR1","Sunshine Valley Solar 1",2024-04-23,100,3.3,96.7,345990,96.61,-0.0900000000000034,-0.000930713547052776
"SUNSLR_1_SSVSR1","Sunshine Valley Solar 1",2024-04-24,100,3.3,96.7,345990,96.61,-0.0900000000000034,-0.000930713547052776
"SUNSLR_1_SSVSR1","Sunshine Valley Solar 1",2024-04-25,100,3.3,96.7,345990,96.61,-0.0900000000000034,-0.000930713547052776
"SUNSLR_1_SSVSR1","Sunshine Valley Solar 1",2024-04-26,100,3.3,96.7,345990,96.61,-0.0900000000000034,-0.000930713547052776
"SUNSLR_1_SSVSR1","Sunshine Valley Solar 1",2024-05-06,100,3.3,96.7,345990,96.61,-0.0900000000000034,-0.000930713547052776
"SUNSLR_1_SSVSR1","Sunshine Valley Solar 1",2024-05-07,100,3.3,96.7,345990,96.61,-0.0900000000000034,-0.000930713547052776
"SUNSLR_1_SSVSR1","Sunshine Valley Solar 1",2024-05-08,100,3.3,96.7,345990,96.61,-0.0900000000000034,-0.000930713547052776
"SUNSLR_1_SSVSR1","Sunshine Valley Solar 1",2024-05-09,100,3.3,96.7,345990,96.61,-0.0900000000000034,-0.000930713547052776
"SUNSLR_1_SSVSR1","Sunshine Valley Solar 1",2024-05-10,100,3.3,96.7,345990,96.61,-0.0900000000000034,-0.000930713547052776
"SUNSLR_1_SSVSR1","Sunshine Valley Solar 1",2024-07-24,100,3.35,96.65,345990,96.61,-0.0400000000000063,-0.000413864459389615
"SUNSLR_1_SSVSR1","Sunshine Valley Solar 1",2024-07-26,100,3.35,96.65,345990,96.61,-0.0400000000000063,-0.000413864459389615
"SYCAMR_2_UNIT 1","Sycamore Cogeneration Unit 1",2023-01-30,78,4,74,182568,73,-1,-0.0135135135135135
"SYCAMR_2_UNIT 1","Sycamore Cogeneration Unit 1",2023-04-11,78,5,73,182568,73,0,0
"TANHIL_6_SOLART","Berry Cogen 18",2023-11-13,17,8,9,379813,8.82,-0.18,-0.02
"TANHIL_6_SOLART","Berry Cogen 18",2024-03-24,17,8,9,379813,8.74,-0.26,-0.0288888888888889
"TEHAPI_2_PW2WD2","Point Wind 2",2023-02-21,14.4,7.2,7.2,124050,7.4,0.2,0.0277777777777778
"TEHAPI_2_PW2WD2","Point Wind 2",2023-03-28,14.4,7.2,7.2,124050,7.04,-0.16,-0.0222222222222222
"TIFFNY_1_DILLON","TIFFNY_1_DILLON",2023-03-20,45,9.07,35.93,939948,34.2,-1.73,-0.048149178959087
"TIFFNY_1_DILLON","TIFFNY_1_DILLON",2023-03-24,45,9.07,35.93,939948,37.04,1.11,0.0308934038408015
"TIFFNY_1_DILLON","TIFFNY_1_DILLON",2023-10-14,45,7.05,37.95,939948,36.89,-1.06,-0.0279314888010541
"TIFFNY_1_DILLON","TIFFNY_1_DILLON",2023-10-25,45,7.05,37.95,939948,37.47,-0.480000000000004,-0.0126482213438736
"TIGRCK_7_UNITS","TIGER CREEK HYDRO AGGREGATE",2023-04-05,62,31,31,195278,30,-1,-0.032258064516129
"TIGRCK_7_UNITS","TIGER CREEK HYDRO AGGREGATE",2023-04-13,62,31,31,195278,30,-1,-0.032258064516129
"TIGRCK_7_UNITS","TIGER CREEK HYDRO AGGREGATE",2024-03-15,62,31,31,195278,30,-1,-0.032258064516129
"TOPAZ_2_SOLAR","Topaz Solar Farms",2023-02-20,550,55.8,494.2,111727,510,15.8,0.0319708619991906
"TOPAZ_2_SOLAR","Topaz Solar Farms",2023-02-21,550,55.8,494.2,111727,510,15.8,0.0319708619991906
"TOPAZ_2_SOLAR","Topaz Solar Farms",2023-02-22,550,55.8,494.2,111727,510,15.8,0.0319708619991906
"TOPAZ_2_SOLAR","Topaz Solar Farms",2023-02-23,550,55.8,494.2,111727,510,15.8,0.0319708619991906
"TOPAZ_2_SOLAR","Topaz Solar Farms",2023-07-27,550,44,506,111727,510,4,0.00790513833992095
"TOPAZ_2_SOLAR","Topaz Solar Farms",2024-04-29,550,40,510,111727,510,0,0
"TOPAZ_2_SOLAR","Topaz Solar Farms",2024-04-30,550,40,510,111727,510,0,0
"TOPAZ_2_SOLAR","Topaz Solar Farms",2024-05-24,550,40,510,111727,510,0,0
"TOPAZ_2_SOLAR","Topaz Solar Farms",2024-05-25,550,40,510,111727,510,0,0
"TOWNSITE_2_MEADDYN","Townsite Solar BESS",2023-04-04,180,60,120,127137,117.22,-2.78,-0.0231666666666667
"TOWNSITE_2_MEADDYN","Townsite Solar BESS",2023-04-05,180,60,120,127137,115.83,-4.17,-0.03475
"TRNQLT_2_RETBT1","RE Tranquillity BESS",2023-05-02,72,12,60,116825,60,0,0
"TRNQLT_2_RETBT1","RE Tranquillity BESS",2024-06-16,72,2,70,116825,70,0,0
"TRNQLT_2_SOLAR","Tranquillity",2024-08-29,200,54.98,145.02,358008,148,2.97999999999999,0.0205488898083022
"TRNQLT_2_SOLAR","Tranquillity",2024-08-30,200,54.98,145.02,358008,148,2.97999999999999,0.0205488898083022
"TRNSWD_1_QF","FPL Energy C Wind",2024-02-15,38.97,7.5,31.47,134471,32,0.530000000000001,0.0168414362885288
"TRNSWD_1_QF","FPL Energy C Wind",2024-12-12,38.97,10,28.97,134471,28,-0.969999999999999,-0.0334829133586468
"TULLCK_7_UNITS","Tullock Hydro",2024-02-05,25.9,6.1,19.8,809558,20,0.200000000000003,0.0101010101010102
"TULLCK_7_UNITS","Tullock Hydro",2024-02-06,25.9,6.1,19.8,809558,20,0.200000000000003,0.0101010101010102
"TULLCK_7_UNITS","Tullock Hydro",2024-02-08,25.9,6.1,19.8,809558,20,0.200000000000003,0.0101010101010102
"TULLCK_7_UNITS","Tullock Hydro",2024-02-12,25.9,6.1,19.8,809558,20,0.200000000000003,0.0101010101010102
"USWNDR_2_SMUD","SOLANO WIND FARM",2023-03-31,102.18,15.18,87,837024,89,2,0.0229885057471264
"USWNDR_2_SMUD","SOLANO WIND FARM",2023-04-01,102.18,15.18,87,837024,89,2,0.0229885057471264
"USWNDR_2_SMUD","SOLANO WIND FARM",2023-04-03,102.18,15.18,87,837024,91,4,0.0459770114942529
"USWNDR_2_SMUD","SOLANO WIND FARM",2023-08-01,102.18,15.18,87,837024,90,3,0.0344827586206897
"USWNDR_2_SMUD","SOLANO WIND FARM",2023-08-24,102.18,30,72.18,837024,75.6,3.41999999999999,0.0473815461346632
"USWNDR_2_SMUD2","Solano Wind Project Phase 3",2023-12-11,127.8,23.4,104.4,264747,104.05,-0.350000000000009,-0.00335249042145602
"USWNDR_2_SMUD2","Solano Wind Project Phase 3",2023-12-12,127.8,23.4,104.4,264747,105.57,1.16999999999999,0.011206896551724
"USWNDR_2_SMUD2","Solano Wind Project Phase 3",2024-02-21,127.8,21.4,106.4,264747,104.66,-1.74000000000001,-0.0163533834586467
"VALTNE_2_TBBBT1","Tropico Solar Big Beau",2024-03-05,58,3,55,594888,52.3,-2.7,-0.0490909090909091
"VALTNE_2_TBBBT1","Tropico Solar Big Beau",2024-03-08,58,3,55,594888,52.3,-2.7,-0.0490909090909091
"VALTNE_2_TBBBT1","Tropico Solar Big Beau",2024-03-09,58,3,55,594888,52.3,-2.7,-0.0490909090909091
"VALTNE_2_TBBBT1","Tropico Solar Big Beau",2024-04-29,58,6,52,594888,52.3,0.299999999999997,0.00576923076923071
"VALTNE_2_TBBBT1","Tropico Solar Big Beau",2024-04-30,58,6,52,594888,52.3,0.299999999999997,0.00576923076923071
"VALTNE_2_TBBBT1","Tropico Solar Big Beau",2024-05-01,58,6,52,594888,52.3,0.299999999999997,0.00576923076923071
"VALTNE_2_TBBBT1","Tropico Solar Big Beau",2024-05-02,58,6,52,594888,52.3,0.299999999999997,0.00576923076923071
"VALTNE_2_TBBBT1","Tropico Solar Big Beau",2024-05-03,58,6,52,594888,52.3,0.299999999999997,0.00576923076923071
"VALTNE_2_TBBBT1","Tropico Solar Big Beau",2024-05-04,58,6,52,594888,52.3,0.299999999999997,0.00576923076923071
"VALTNE_2_TBBBT1","Tropico Solar Big Beau",2024-05-05,58,6,52,594888,52.3,0.299999999999997,0.00576923076923071
"VALTNE_2_TBBBT1","Tropico Solar Big Beau",2024-05-06,58,6,52,594888,52.3,0.299999999999997,0.00576923076923071
"VALTNE_2_TBBBT1","Tropico Solar Big Beau",2024-05-07,58,6,52,594888,52.3,0.299999999999997,0.00576923076923071
"VALTNE_2_TBBBT1","Tropico Solar Big Beau",2024-05-08,58,6,52,594888,52.3,0.299999999999997,0.00576923076923071
"VALTNE_2_TBBBT1","Tropico Solar Big Beau",2024-05-09,58,6,52,594888,52.3,0.299999999999997,0.00576923076923071
"VALTNE_2_TBBBT1","Tropico Solar Big Beau",2024-05-10,58,6,52,594888,52.3,0.299999999999997,0.00576923076923071
"VALTNE_2_TBBBT1","Tropico Solar Big Beau",2024-06-06,58,6,52,594888,52.3,0.299999999999997,0.00576923076923071
"VALTNE_2_TBBBT1","Tropico Solar Big Beau",2024-09-18,58,6,52,594888,52.3,0.299999999999997,0.00576923076923071
"VALTNE_2_TBBBT1","Tropico Solar Big Beau",2024-09-19,58,6,52,594888,52.3,0.299999999999997,0.00576923076923071
"VALTNE_2_TRSBT1","Tropico Solar",2024-03-27,70,6,64,650623,64.8,0.799999999999997,0.0125
"VALTNE_2_TRSBT1","Tropico Solar",2024-03-28,70,6,64,650623,64.8,0.799999999999997,0.0125
"VALTNE_2_TRSBT1","Tropico Solar",2024-03-29,70,6,64,650623,64.8,0.799999999999997,0.0125
"VALTNE_2_TRSBT1","Tropico Solar",2024-03-30,70,6,64,650623,64.8,0.799999999999997,0.0125
"VALTNE_2_TRSBT1","Tropico Solar",2024-04-29,70,6,64,650623,64.8,0.799999999999997,0.0125
"VALTNE_2_TRSBT1","Tropico Solar",2024-04-30,70,6,64,650623,64.8,0.799999999999997,0.0125
"VALTNE_2_TRSBT1","Tropico Solar",2024-05-01,70,6,64,650623,64.8,0.799999999999997,0.0125
"VALTNE_2_TRSBT1","Tropico Solar",2024-05-02,70,6,64,650623,64.8,0.799999999999997,0.0125
"VALTNE_2_TRSBT1","Tropico Solar",2024-05-03,70,6,64,650623,64.8,0.799999999999997,0.0125
"VALTNE_2_TRSBT1","Tropico Solar",2024-05-04,70,6,64,650623,64.8,0.799999999999997,0.0125
"VALTNE_2_TRSBT1","Tropico Solar",2024-05-05,70,6,64,650623,64.8,0.799999999999997,0.0125
"VALTNE_2_TRSBT1","Tropico Solar",2024-05-06,70,6,64,650623,64.8,0.799999999999997,0.0125
"VALTNE_2_TRSBT1","Tropico Solar",2024-05-07,70,6,64,650623,64.8,0.799999999999997,0.0125
"VALTNE_2_TRSBT1","Tropico Solar",2024-05-08,70,6,64,650623,64.8,0.799999999999997,0.0125
"VALTNE_2_TRSBT1","Tropico Solar",2024-05-09,70,6,64,650623,64.8,0.799999999999997,0.0125
"VALTNE_2_TRSBT1","Tropico Solar",2024-05-10,70,6,64,650623,64.8,0.799999999999997,0.0125
"VALTNE_2_TRSBT1","Tropico Solar",2024-06-06,70,6,64,650623,64.8,0.799999999999997,0.0125
"VALTNE_2_TRSBT1","Tropico Solar",2024-09-18,70,6,64,650623,64.8,0.799999999999997,0.0125
"VALTNE_2_TRSBT1","Tropico Solar",2024-09-19,70,6,64,650623,64.8,0.799999999999997,0.0125
"VALTNE_2_TRSBT1","Tropico Solar",2024-12-03,70,6,64,650623,64.8,0.799999999999997,0.0125
"VALTNE_2_TRSBT1","Tropico Solar",2024-12-04,70,6,64,650623,64.8,0.799999999999997,0.0125
"VALTNE_2_TRSBT1","Tropico Solar",2024-12-05,70,6,64,650623,64.8,0.799999999999997,0.0125
"VALTNE_2_TRSBT1","Tropico Solar",2024-12-06,70,6,64,650623,64.8,0.799999999999997,0.0125
"VSTAES_6_VESBT1","Vista Energy Storage",2023-02-13,40,2,38,386425,37.7,-0.299999999999997,-0.00789473684210519
"VSTAES_6_VESBT1","Vista Energy Storage",2023-04-18,40,2,38,386425,37.7,-0.299999999999997,-0.00789473684210519
"VSTAES_6_VESBT1","Vista Energy Storage",2023-07-10,40,2.5,37.5,386425,37.7,0.200000000000003,0.00533333333333341
"VSTAES_6_VESBT1","Vista Energy Storage",2023-07-11,40,2.5,37.5,386425,37.7,0.200000000000003,0.00533333333333341
"VSTAES_6_VESBT1","Vista Energy Storage",2023-07-12,40,2.5,37.5,386425,37.7,0.200000000000003,0.00533333333333341
"VSTAES_6_VESBT1","Vista Energy Storage",2023-07-13,40,2.5,37.5,386425,37.7,0.200000000000003,0.00533333333333341
"VSTAES_6_VESBT1","Vista Energy Storage",2023-10-16,40,1.5,38.5,386425,37.7,-0.799999999999997,-0.0207792207792207
"WARNE_2_UNIT","WARNE HYDRO AGGREGATE",2023-02-06,76,38,38,159511,38,0,0
"WARNE_2_UNIT","WARNE HYDRO AGGREGATE",2023-02-08,76,38,38,159511,38,0,0
"WARNE_2_UNIT","WARNE HYDRO AGGREGATE",2023-02-09,76,38,38,159511,38,0,0
"WARNE_2_UNIT","WARNE HYDRO AGGREGATE",2023-11-01,76,38,38,159511,38,0,0
"WARNE_2_UNIT","WARNE HYDRO AGGREGATE",2023-12-01,76,38,38,159511,38,0,0
"WARNE_2_UNIT","WARNE HYDRO AGGREGATE",2024-02-05,76,37,39,159511,38,-1,-0.0256410256410256
"WARNE_2_UNIT","WARNE HYDRO AGGREGATE",2024-03-07,76,37,39,159511,38,-1,-0.0256410256410256
"WARNE_2_UNIT","WARNE HYDRO AGGREGATE",2024-03-07,76,39,37,159511,38,1,0.027027027027027
"WARNE_2_UNIT","WARNE HYDRO AGGREGATE",2024-09-30,76,38,38,159511,38,0,0
"WESCAN_2_BDSBT1","Bateria Del Sur",2023-03-29,131,71,60,167201,60.04,0.0399999999999991,0.000666666666666652
"WESCAN_2_BDSBT1","Bateria Del Sur",2023-04-11,131,31,100,167201,95.1,-4.90000000000001,-0.0490000000000001
"WESCAN_2_BDSBT1","Bateria Del Sur",2023-04-16,131,31,100,167201,96.1,-3.90000000000001,-0.0390000000000001
"WESCAN_2_BDSBT1","Bateria Del Sur",2023-07-18,131,65,66,167201,69.2,3.2,0.0484848484848485
"WESCAN_2_BDSBT1","Bateria Del Sur",2023-07-19,131,59,72,167201,68.69,-3.31,-0.0459722222222223
"WESCAN_2_BDSBT1","Bateria Del Sur",2023-07-19,131,60,71,167201,68.69,-2.31,-0.0325352112676057
"WESCAN_2_BDSBT1","Bateria Del Sur",2023-07-21,131,49,82,167201,82.15,0.150000000000006,0.001829268292683
"WISHON_6_UNITS","Wishon/San Joaquin  #1-A AGGREGATE",2024-07-15,18.4,4.9,13.5,164152,14,0.500000000000002,0.0370370370370372
"WISHON_6_UNITS","Wishon/San Joaquin  #1-A AGGREGATE",2024-07-15,18.4,4.5,13.9,164152,14,0.100000000000001,0.00719424460431665
"WISHON_6_UNITS","Wishon/San Joaquin  #1-A AGGREGATE",2024-07-22,18.4,4.5,13.9,164152,14,0.100000000000001,0.00719424460431665
"WISHON_6_UNITS","Wishon/San Joaquin  #1-A AGGREGATE",2024-07-22,18.4,4.9,13.5,164152,14,0.500000000000002,0.0370370370370372
"WISHON_6_UNITS","Wishon/San Joaquin  #1-A AGGREGATE",2024-07-23,18.4,4.9,13.5,164152,14,0.500000000000002,0.0370370370370372
"WISHON_6_UNITS","Wishon/San Joaquin  #1-A AGGREGATE",2024-07-30,18.4,4.9,13.5,164152,14,0.500000000000002,0.0370370370370372
"WISHON_6_UNITS","Wishon/San Joaquin  #1-A AGGREGATE",2024-08-01,18.4,4.9,13.5,164152,14,0.500000000000002,0.0370370370370372
"WISHON_6_UNITS","Wishon/San Joaquin  #1-A AGGREGATE",2024-08-21,18.4,4.5,13.9,164152,14,0.100000000000001,0.00719424460431665
"WISHON_6_UNITS","Wishon/San Joaquin  #1-A AGGREGATE",2024-08-22,18.4,4.5,13.9,164152,14,0.100000000000001,0.00719424460431665
"WISHON_6_UNITS","Wishon/San Joaquin  #1-A AGGREGATE",2024-09-01,18.4,4.9,13.5,164152,14,0.500000000000002,0.0370370370370372
"WISHON_6_UNITS","Wishon/San Joaquin  #1-A AGGREGATE",2024-09-01,18.4,4.5,13.9,164152,14,0.100000000000001,0.00719424460431665
"WISHON_6_UNITS","Wishon/San Joaquin  #1-A AGGREGATE",2024-09-09,18.4,4.5,13.9,164152,14,0.100000000000001,0.00719424460431665
"WISHON_6_UNITS","Wishon/San Joaquin  #1-A AGGREGATE",2024-09-16,18.4,4.5,13.9,164152,14,0.100000000000001,0.00719424460431665
"WISHON_6_UNITS","Wishon/San Joaquin  #1-A AGGREGATE",2024-09-20,18.4,4.5,13.9,164152,14,0.100000000000001,0.00719424460431665
"WOLFSK_1_UNITA1","Wolfskill Energy Center",2023-03-02,48.68,1.78,46.9,111621,47,0.100000000000001,0.00213219616204694
"WOLFSK_1_UNITA1","Wolfskill Energy Center",2023-05-15,48.68,1.78,46.9,111621,47,0.100000000000001,0.00213219616204694
"WOLFSK_1_UNITA1","Wolfskill Energy Center",2024-11-21,48.68,1.68,47,111621,47,0,0
"YELPIN_2_YP2BT1","Yellow Pine 2 BESS",2023-10-10,65,22.45,42.55,655017,41.15,-1.4,-0.0329024676850763
"YELPIN_2_YP2BT1","Yellow Pine 2 BESS",2023-10-14,65,20.95,44.05,655017,44.32,0.270000000000003,0.00612939841089678
"YELPIN_2_YP2BT1","Yellow Pine 2 BESS",2023-10-15,65,16.39,48.61,655017,47.11,-1.5,-0.030857848179387
"YELPIN_2_YP2BT1","Yellow Pine 2 BESS",2023-10-19,65,14.66,50.34,655017,49.85,-0.490000000000002,-0.00973381009137866
