"generator","RESOURCEBID_SEQ","n_matches","pmax_mw","max_mw","mean_pct_err","mean_stop_offset","mean_restart_offset","mean_abs_stop_offset","mean_abs_restart_offset","score"
"7STDRD_1_SOLAR1",102291,1,20,20,0,-1,323,1,323,1
"7STDRD_1_SOLAR1",181841,1,20,20,0,-1,323,1,323,1
"7STDRD_1_SOLAR1",916581,1,20,20,0,-1,323,1,323,1
"7STDRD_1_SOLAR1",217748,1,20,19.12,0.044,-1,323,1,323,0.956
"7STDRD_1_SOLAR1",482688,1,20,17,0.15,-1,323,1,323,0.85
"ACACIA_6_SOLAR",159086,2,20,20,0,-0.5,100.5,0.5,100.5,2
"ACACIA_6_SOLAR",799732,2,20,12,0.4,-0.5,160.5,0.5,160.5,1.2
"ACACIA_6_SOLAR",102291,1,20,20,0,-1,0,1,0,1
"ACACIA_6_SOLAR",181841,1,20,20,0,-1,0,1,0,1
"ACACIA_6_SOLAR",916581,1,20,20,0,-1,0,1,0,1
"ADERA_1_SOLAR1",159086,3,20,20,0,-0.666666666666667,289,0.666666666666667,289,3
"ADERA_1_SOLAR1",217748,3,20,19.12,0.044,-0.666666666666667,269,0.666666666666667,269,2.868
"ADERA_1_SOLAR1",591854,3,20,26.65,0.3325,-0.666666666666667,269,0.666666666666667,269,2.0025
"ADERA_1_SOLAR1",181841,2,20,20,0,-0.5,373,0.5,373,2
"ADERA_1_SOLAR1",916581,2,20,20,0,-0.5,343,0.5,343,2
"ADLIN_1_UNITS",374980,1,22,23,0.0454545454545455,0,8760,0,8760,0.954545454545455
"ADLIN_1_UNITS",455119,1,22,119,4.40909090909091,0,240,0,240,-3.40909090909091
"ADLIN_1_UNITS",977347,1,22,190,7.63636363636364,0,240,0,240,-6.63636363636364
"ADLIN_1_UNITS",719695,1,22,457,19.7727272727273,0,300,0,300,-18.7727272727273
"ADMEST_6_SOLAR",217748,5,19,19.12,0.00631578947368426,0.8,334.6,0.8,334.6,4.96842105263158
"ADMEST_6_SOLAR",181841,5,19,20,0.0526315789473684,0.8,478.6,0.8,478.6,4.73684210526316
"ADMEST_6_SOLAR",916581,5,19,20,0.0526315789473684,0.8,322.6,0.8,322.6,4.73684210526316
"ADMEST_6_SOLAR",482688,5,19,17,0.105263157894737,0.8,310.6,0.8,310.6,4.47368421052632
"ADMEST_6_SOLAR",603185,5,19,17,0.105263157894737,0.8,322.6,0.8,322.6,4.47368421052632
"ADOBEE_1_SOLAR",102291,2,20,20,0,-1.5,63.5,1.5,63.5,2
"ADOBEE_1_SOLAR",181841,2,20,20,0,-1.5,63.5,1.5,63.5,2
"ADOBEE_1_SOLAR",916581,2,20,20,0,-1.5,63.5,1.5,63.5,2
"ADOBEE_1_SOLAR",217748,2,20,19.12,0.044,-1.5,63.5,1.5,63.5,1.912
"ADOBEE_1_SOLAR",603185,2,20,17,0.15,-1.5,63.5,1.5,63.5,1.7
"AGRICO_6_PL3N5",201934,1,22.69,21.59,0.0484795063904804,0,5761,0,5761,0.95152049360952
"AGRICO_6_PL3N5",928357,1,22.69,24,0.0577346848832084,0,175321,0,175321,0.942265315116792
"AGRICO_6_PL3N5",124012,1,22.69,25,0.101806963420009,0,5291,0,5291,0.898193036579991
"AGRICO_6_PL3N5",557145,1,22.69,25,0.101806963420009,0,971,0,971,0.898193036579991
"AGRICO_6_PL3N5",561427,1,22.69,25,0.101806963420009,0,270,0,270,0.898193036579991
"AGRICO_7_UNIT",997249,2,59.97,50.5,0.0799442870315263,-1.5,690.5,1.5,690.5,1.84011142593695
"AGRICO_7_UNIT",736984,2,59.97,54,0.0833717253883859,-1.5,660.5,1.5,660.5,1.83325654922323
"AGRICO_7_UNIT",208011,2,59.97,55.83,0.0861971005265478,-1.5,690.5,1.5,690.5,1.8276057989469
"AGRICO_7_UNIT",115494,2,59.97,56,0.0864595670694372,-1.5,660.5,1.5,660.5,1.82708086586113
"AGRICO_7_UNIT",133547,2,59.97,56,0.0864595670694372,-1.5,690.5,1.5,690.5,1.82708086586113
"AGUCAL_5_SOLAR1",498881,1,290,301,0.0379310344827586,0,4073,0,4073,0.962068965517241
"AGUCAL_5_SOLAR1",951615,1,290,275,0.0517241379310345,0,360,0,360,0.948275862068966
"AGUCAL_5_SOLAR1",790016,1,290,315,0.0862068965517241,0,120,0,120,0.913793103448276
"AGUCAL_5_SOLAR1",910127,1,290,265,0.0862068965517241,0,420,0,420,0.913793103448276
"AGUCAL_5_SOLAR1",546025,1,290,319,0.1,0,180,0,180,0.9
"AKINGS_6_AMESR1",203679,3,123,130,0.056910569105691,0,9790.33333333333,0,9790.33333333333,2.82926829268293
"AKINGS_6_AMESR1",331013,3,123,100,0.186991869918699,0,670.333333333333,0,670.333333333333,2.4390243902439
"AKINGS_6_AMESR1",123110,2,123,115,0.0650406504065041,0,660,0,660,1.86991869918699
"AKINGS_6_AMESR1",611852,2,123,150,0.219512195121951,0,90,0,90,1.5609756097561
"AKINGS_6_AMESR1",670696,2,123,78,0.365853658536585,0,60,0,60,1.26829268292683
"ALAMIT_2_AESBT2",161396,2,82,94,0.146341463414634,1.5,540,1.5,540,1.70731707317073
"ALAMIT_2_AESBT2",405897,1,82,88,0.0731707317073171,0,450,0,450,0.926829268292683
"ALAMIT_2_AESBT2",234172,1,82,74,0.0975609756097561,0,360,0,360,0.902439024390244
"ALAMIT_2_AESBT2",204333,1,82,71.9,0.123170731707317,0,360,0,360,0.876829268292683
"ALAMIT_2_AESBT2",303003,1,82,65,0.207317073170732,0,360,0,360,0.792682926829268
"ALAMIT_2_PL1X3",622149,2,674.7,375,0.444197421076034,0,551.5,0,551.5,1.11160515784793
"ALAMIT_2_PL1X3",707373,1,674.7,625,0.0736623684600564,0,5253,0,5253,0.926337631539944
"ALAMIT_2_PL1X3",942022,1,674.7,598,0.113680154142582,0,4192,0,4192,0.886319845857418
"ALAMIT_2_PL1X3",181838,1,674.7,541,0.198162146139025,0,105,0,105,0.801837853860975
"ALAMIT_2_PL1X3",530129,3,674.7,176,0.739143322958352,0.333333333333333,552.333333333333,0.333333333333333,552.333333333333,0.782570031124944
"ALAMIT_7_ES1",556956,9,100.45,104.5,0.0403185664509706,-0.222222222222222,619.777777777778,1.55555555555556,619.777777777778,8.63713290194126
"ALAMIT_7_ES1",710016,7,100.45,105.5,0.0502737680438029,-1.85714285714286,368.571428571429,2.14285714285714,368.571428571429,6.64808362369338
"ALAMIT_7_ES1",161396,5,100.45,94,0.0642110502737681,-0.2,471,0.6,471,4.67894474863116
"ALAMIT_7_ES1",646375,5,100.45,88,0.123942259830762,-0.2,282.4,2.2,282.4,4.38028870084619
"ALAMIT_7_ES1",928521,4,100.45,99.5,0.00945744151319067,-1.25,522.25,1.75,522.25,3.96217023394724
"ALAMIT_7_UNIT 3",129058,3,326.76,422,0.291467743909903,0,195.666666666667,0,195.666666666667,2.12559676827029
"ALAMIT_7_UNIT 3",701449,2,326.76,318,0.0268086669114946,0,9858.5,0,9858.5,1.94638266617701
"ALAMIT_7_UNIT 3",242617,3,326.76,480,0.468968049944914,0.666666666666667,39990,0.666666666666667,39990,1.59309585016526
"ALAMIT_7_UNIT 3",178320,2,326.76,226.84,0.305790182396866,1,129600,1,129600,1.38841963520627
"ALAMIT_7_UNIT 3",121938,2,326.76,200.2,0.387317909168809,0,360,0,360,1.22536418166238
"ALAMIT_7_UNIT 4",192081,1,334.43,375,0.121310887181174,0,757,0,757,0.878689112818826
"ALAMIT_7_UNIT 4",525717,1,334.43,288,0.138833238644858,1,1,1,1,0.861166761355142
"ALAMIT_7_UNIT 4",124785,1,334.43,275,0.177705349400472,0,34117,0,34117,0.822294650599528
"ALAMIT_7_UNIT 4",405603,1,334.43,268,0.198636485961188,0,2040,0,2040,0.801363514038812
"ALAMIT_7_UNIT 4",129058,1,334.43,422,0.261848518374548,0,157,0,157,0.738151481625452
"ALAMIT_7_UNIT 5",242617,2,480,480,0,1,56219,1,56219,2
"ALAMIT_7_UNIT 5",370551,1,480,480,0,1,NA,1,NA,1
"ALAMIT_7_UNIT 5",891900,1,480,473,0.0145833333333333,0,449,0,449,0.985416666666667
"ALAMIT_7_UNIT 5",178320,2,480,226.84,0.527416666666667,1,184379,1,184379,0.945166666666667
"ALAMIT_7_UNIT 5",189846,1,480,359,0.252083333333333,1,116699,1,116699,0.747916666666667
"ALAMO_6_UNIT",164152,2,17,15,0.117647058823529,0,118,0,118,1.76470588235294
"ALAMO_6_UNIT",482688,1,17,17,0,5,234,5,234,1
"ALAMO_6_UNIT",603185,1,17,17,0,5,234,5,234,1
"ALAMO_6_UNIT",699923,1,17,16,0.0588235294117647,0,685,0,685,0.941176470588235
"ALAMO_6_UNIT",217748,1,17,19.12,0.124705882352941,5,234,5,234,0.875294117647059
"ALHMBR_1_ALHSLR",148758,3,50,50,0,0,96.6666666666667,0,96.6666666666667,3
"ALHMBR_1_ALHSLR",973878,3,50,50,0,0,96.6666666666667,0,96.6666666666667,3
"ALHMBR_1_ALHSLR",154578,3,50,40,0.2,0,96.6666666666667,0,96.6666666666667,2.4
"ALHMBR_1_ALHSLR",288336,3,50,67.5,0.35,0,96.6666666666667,0,96.6666666666667,1.95
"ALHMBR_1_ALHSLR",461606,3,50,30,0.4,0,756.666666666667,0,756.666666666667,1.8
"ALMASL_2_AL6BT6",126265,1,50,38,0.24,5,60,5,60,0.76
"ALMASL_2_AL6BT6",965468,1,50,80,0.6,5,2460,5,2460,0.4
"ALMASL_2_AL6BT6",818615,1,50,5,0.9,0,3257,0,3257,0.1
"ALMASL_2_AL6BT6",101767,1,50,400,7,5,6840,5,6840,-6
"ALMASL_2_GS1SR1",277359,1,125,125,0,0,577,0,577,1
"ALMASL_2_GS1SR1",676452,1,125,125,0,0,577,0,577,1
"ALMASL_2_GS1SR1",627078,1,125,120,0.04,0,21540,0,21540,0.96
"ALMASL_2_GS1SR1",152145,1,125,105,0.16,0,577,0,577,0.84
"ALMASL_2_GS1SR1",243483,1,125,104,0.168,0,397,0,397,0.832
"ALMASL_2_GS4SR4",118279,2,100,100,0,0,481.5,0,481.5,2
"ALMASL_2_GS4SR4",199925,2,100,100,0,0,481.5,0,481.5,2
"ALMASL_2_GS4SR4",152145,2,100,105,0.05,0,481.5,0,481.5,1.9
"ALMASL_2_GS4SR4",277359,2,100,125,0.25,0,481.5,0,481.5,1.5
"ALMASL_2_GS4SR4",676452,2,100,125,0.25,0,481.5,0,481.5,1.5
"ALMASL_2_GS6SR6",529747,1,100,75,0.25,0,180,0,180,0.75
"ALMASL_2_GS6SR6",144713,1,100,52.5,0.475,0,300,0,300,0.525
"ALMASL_2_GS6SR6",940797,1,100,10,0.9,0,300,0,300,0.1
"ALMASL_2_GS6SR6",967390,1,100,10,0.9,0,300,0,300,0.1
"ALMASL_2_GS6SR6",707140,1,100,2.56,0.9744,0,300,0,300,0.0256000000000001
"ALMASL_2_GS7SR7",634503,1,132,108,0.181818181818182,0,155,0,155,0.818181818181818
"ALMASL_2_GS7SR7",529747,1,132,75,0.431818181818182,0,180,0,180,0.568181818181818
"ALMASL_2_GS7SR7",144713,1,132,52.5,0.602272727272727,0,300,0,300,0.397727272727273
"ALMASL_2_GS7SR7",933839,1,132,20,0.848484848484849,0,48940,0,48940,0.151515151515151
"ALMASL_2_GS7SR7",158727,1,132,250,0.893939393939394,0,395,0,395,0.106060606060606
"ALMEGT_1_UNIT 1",142368,4,25,25,0,0.25,1928.25,0.25,1928.25,4
"ALMEGT_1_UNIT 1",331315,5,25,20,0.2,0,1296.8,0,1296.8,4
"ALMEGT_1_UNIT 1",461606,4,25,30,0.2,0,1021,0,1021,3.2
"ALMEGT_1_UNIT 1",565664,4,25,20,0.2,0,301,0,301,3.2
"ALMEGT_1_UNIT 1",699923,5,25,16,0.36,0.4,510.6,0.4,510.6,3.2
"ALMEGT_1_UNIT 2",331315,4,25,20,0.2,0,1576,0,1576,3.2
"ALMEGT_1_UNIT 2",461606,4,25,30,0.2,0,1021,0,1021,3.2
"ALMEGT_1_UNIT 2",565664,4,25,20,0.2,0,301,0,301,3.2
"ALMEGT_1_UNIT 2",142368,3,25,25,0,0,2570.66666666667,0,2570.66666666667,3
"ALMEGT_1_UNIT 2",699923,4,25,16,0.36,0.25,638,0.25,638,2.56
"ALPSLR_1_NTHSLR",133003,1,20,35,0.75,-4,652,4,652,0.25
"ALPSLR_1_NTHSLR",256419,1,20,4,0.8,-4,172,4,172,0.2
"ALPSLR_1_NTHSLR",906818,1,20,4,0.8,-4,172,4,172,0.2
"ALPSLR_1_NTHSLR",163228,1,20,70,2.5,-5,94544,5,94544,-1.5
"ALPSLR_1_NTHSLR",104627,1,20,130,5.5,1,348,1,348,-4.5
"ALPSLR_1_SPSSLR",542415,1,50,42,0.16,5,60,5,60,0.84
"ALPSLR_1_SPSSLR",163228,1,50,70,0.4,-5,94545,5,94545,0.6
"ALPSLR_1_SPSSLR",842570,1,50,5,0.9,5,6420,5,6420,0.1
"ALPSLR_1_SPSSLR",147278,1,50,127.5,1.55,5,960,5,960,-0.55
"ALPSLR_1_SPSSLR",701449,1,50,318,5.36,5,1080,5,1080,-4.36
"ALT6DN_2_WIND7",524669,1,164.31,242,0.472825756192563,0,0,0,0,0.527174243807437
"ALT6DN_2_WIND7",774828,1,164.31,242,0.472825756192563,0,0,0,0,0.527174243807437
"ALT6DN_2_WIND7",599767,1,164.31,68,0.586148134623577,0,780,0,780,0.413851865376423
"ALT6DN_2_WIND7",126265,1,164.31,38,0.768729839936705,0,1080,0,1080,0.231270160063295
"ALT6DS_2_WIND9",711517,1,132,120,0.0909090909090909,0,NA,0,NA,0.909090909090909
"ALT6DS_2_WIND9",178982,1,132,83,0.371212121212121,0,3450,0,3450,0.628787878787879
"ALT6DS_2_WIND9",135013,1,132,46,0.651515151515151,0,320,0,320,0.348484848484849
"ALT6DS_2_WIND9",134647,1,132,25,0.81060606060606,0,1520,0,1520,0.189393939393939
"ALT6DS_2_WIND9",681987,1,132,393,1.97727272727273,0,90,0,90,-0.977272727272727
"ALTA3A_2_CPCE4",243483,1,102,104,0.0196078431372549,0,60,0,60,0.980392156862745
"ALTA3A_2_CPCE4",603374,1,102,72,0.294117647058824,0,14580,0,14580,0.705882352941176
"ALTA3A_2_CPCE4",900843,1,102,70,0.313725490196078,0,5021,0,5021,0.686274509803922
"ALTA3A_2_CPCE4",561276,1,102,140,0.372549019607843,0,420,0,420,0.627450980392157
"ALTA3A_2_CPCE4",131816,1,102,58,0.431372549019608,0,5021,0,5021,0.568627450980392
"ALTA3A_2_CPCE8",711517,1,150,120,0.2,0,NA,0,NA,0.8
"ALTA3A_2_CPCE8",135013,1,150,46,0.693333333333333,0,319,0,319,0.306666666666667
"ALTA3A_2_CPCE8",134647,1,150,25,0.833333333333333,0,1519,0,1519,0.166666666666667
"ALTA4A_2_CPCW1",209289,1,150,150,0,0,6,0,6,1
"ALTA4A_2_CPCW1",877294,2,150,75,0.5,0,120.5,0,120.5,1
"ALTA4A_2_CPCW1",561276,1,150,140,0.0666666666666667,2,1115,2,1115,0.933333333333333
"ALTA4A_2_CPCW1",599767,2,150,68,0.546666666666667,1,866.5,1,866.5,0.906666666666667
"ALTA4A_2_CPCW1",906210,1,150,171,0.14,0,558,0,558,0.86
"ALTA4B_2_CPCW2",561276,1,150,140,0.0666666666666667,-1,1176,1,1176,0.933333333333333
"ALTA4B_2_CPCW2",432033,1,150,190,0.266666666666667,-1,1356,1,1356,0.733333333333333
"ALTA4B_2_CPCW2",556956,1,150,104.5,0.303333333333333,-1,156,1,156,0.696666666666667
"ALTA4B_2_CPCW2",131041,1,150,93,0.38,0,719,0,719,0.62
"ALTA4B_2_CPCW2",138140,1,150,86,0.426666666666667,-1,756,1,756,0.573333333333333
"ALTA4B_2_CPCW3",561276,1,150,140,0.0666666666666667,-2,1171,2,1171,0.933333333333333
"ALTA4B_2_CPCW3",599767,2,150,68,0.546666666666667,-1,825.5,1,825.5,0.906666666666667
"ALTA4B_2_CPCW3",906210,1,150,171,0.14,0,420,0,420,0.86
"ALTA4B_2_CPCW3",432033,1,150,190,0.266666666666667,-2,1351,2,1351,0.733333333333333
"ALTA4B_2_CPCW3",556956,1,150,104.5,0.303333333333333,-2,151,2,151,0.696666666666667
"ALTA4B_2_CPCW6",140162,1,150,94.5,0.37,0,34845,0,34845,0.63
"ALTA4B_2_CPCW6",512382,1,150,53.5,0.643333333333333,0,945,0,945,0.356666666666667
"ALTA4B_2_CPCW6",857430,1,150,50,0.666666666666667,0,11025,0,11025,0.333333333333333
"ALTA4B_2_CPCW6",113238,1,150,40,0.733333333333333,0,11385,0,11385,0.266666666666667
"ALTA4B_2_CPCW6",206861,1,150,25,0.833333333333333,0,1065,0,1065,0.166666666666667
"ALTA6E_2_WIND10",695464,1,134.84,131,0.0284781963808959,4,116,4,116,0.971521803619104
"ALTA6E_2_WIND10",175361,1,134.84,120,0.110056363097004,0,5220,0,5220,0.889943636902996
"ALTA6E_2_WIND10",234079,1,134.84,112.5,0.165677840403441,0,900,0,900,0.834322159596559
"ALTA6E_2_WIND10",447809,1,134.84,100,0.258380302580837,0,1260,0,1260,0.741619697419163
"ALTA6E_2_WIND10",482638,1,134.84,242,0.794719667754376,0,540,0,540,0.205280332245624
"ALTWD_2_COAWD1",419525,1,50.4,80,0.587301587301587,0,10000,0,10000,0.412698412698413
"ALTWD_2_COAWD1",741424,1,50.4,1,0.98015873015873,0,1900,0,1900,0.0198412698412699
"ALTWD_2_COAWD1",129473,1,50.4,100,0.984126984126984,0,9640,0,9640,0.0158730158730158
"ALTWD_2_COAWD1",123980,1,50.4,200,2.96825396825397,0,1000,0,1000,-1.96825396825397
"ANAHM_2_CANYN1",529201,3,49.21,49.21,0,0,39.3333333333333,0,39.3333333333333,3
"ANAHM_2_CANYN1",163228,1,49.21,70,0.422475106685633,0,186658,0,186658,0.577524893314367
"ANAHM_2_CANYN1",110222,1,49.21,25,0.491973176183703,0,778,0,778,0.508026823816297
"ANAHM_2_CANYN1",134647,1,49.21,25,0.491973176183703,0,0,0,0,0.508026823816297
"ANAHM_2_CANYN1",348028,1,49.21,15,0.695183905710221,0,958,0,958,0.304816094289779
"ANAHM_2_CANYN2",990961,7,48.04,48.04,0,0,60.5714285714286,0,60.5714285714286,7
"ANAHM_2_CANYN2",121961,1,48.04,48.5,0.00957535387177354,0,6400,0,6400,0.990424646128226
"ANAHM_2_CANYN2",917526,1,48.04,49.42,0.0287260616153206,0,NA,0,NA,0.971273938384679
"ANAHM_2_CANYN2",491191,1,48.04,49.5,0.0303913405495421,0,38080,0,38080,0.969608659450458
"ANAHM_2_CANYN2",619413,1,48.04,49.5,0.0303913405495421,0,38080,0,38080,0.969608659450458
"ANAHM_2_CANYN3",698118,5,46.49,46.49,0,0,138.25,0,138.25,5
"ANAHM_2_CANYN3",110612,1,46.49,43,0.0750699075069908,0,5220,0,5220,0.924930092493009
"ANAHM_2_CANYN3",178875,1,46.49,43,0.0750699075069908,0,4560,0,4560,0.924930092493009
"ANAHM_2_CANYN3",179973,1,46.49,43,0.0750699075069908,0,10680,0,10680,0.924930092493009
"ANAHM_2_CANYN3",980759,1,46.49,43,0.0750699075069908,0,5220,0,5220,0.924930092493009
"ANAHM_2_CANYN4",155479,5,49.8,49.8,0,0,109.2,0,109.2,5
"ANAHM_2_CANYN4",921125,2,49.8,32.19,0.353614457831325,0,7593,0,7593,1.29277108433735
"ANAHM_2_CANYN4",710387,1,49.8,46.66,0.0630522088353414,0,266,0,266,0.936947791164659
"ANAHM_2_CANYN4",761564,1,49.8,56,0.124497991967872,0,4560,0,4560,0.875502008032128
"ANAHM_2_CANYN4",201934,2,49.8,21.59,0.566465863453815,0,7593,0,7593,0.86706827309237
"ANZA_6_SOLAR1",134647,1,20,25,0.25,0,4950,0,4950,0.75
"ANZA_6_SOLAR1",669632,3,20,0.64,0.968,0,2111.66666666667,0,2111.66666666667,0.0960000000000001
"ANZA_6_SOLAR1",598153,3,20,0.34,0.983,0,2051.66666666667,0,2051.66666666667,0.051
"ANZA_6_SOLAR1",977347,1,20,190,8.5,0,215,0,215,-7.5
"APLHIL_1_SFKHY1",256419,1,2.68,4,0.492537313432836,0,248,0,248,0.507462686567164
"APLHIL_1_SFKHY1",646670,1,2.68,4,0.492537313432836,0,248,0,248,0.507462686567164
"APLHIL_1_SFKHY1",906818,1,2.68,4,0.492537313432836,0,248,0,248,0.507462686567164
"APLHIL_1_SFKHY1",197004,1,2.68,1,0.626865671641791,0,308,0,308,0.373134328358209
"APLHIL_1_SFKHY1",211538,1,2.68,1,0.626865671641791,0,60,0,60,0.373134328358209
"AQUAWS_2_AQWSR1",723063,3,250,250,0,0,316.666666666667,0,316.666666666667,3
"AQUAWS_2_AQWSR1",477057,3,250,200,0.2,0,336.666666666667,0,336.666666666667,2.4
"AQUAWS_2_AQWSR1",784426,3,250,200,0.2,0,316.666666666667,0,316.666666666667,2.4
"AQUAWS_2_AQWSR1",118279,6,250,100,0.6,0,488.333333333333,0,488.333333333333,2.4
"AQUAWS_2_AQWSR1",196895,3,250,150,0.4,0,316.666666666667,0,316.666666666667,1.8
"ARBWD_6_QF",102291,1,19.95,20,0.00250626566416044,0,1295,0,1295,0.99749373433584
"ARBWD_6_QF",543434,1,19.95,12,0.398496240601504,0,720,0,720,0.601503759398496
"ARBWD_6_QF",434763,1,19.95,10.57,0.470175438596491,0,95,0,95,0.529824561403509
"ARBWD_6_QF",261853,1,19.95,6.85,0.656641604010025,0,0,0,0,0.343358395989975
"ARBWD_6_QF",181860,1,19.95,6,0.699248120300752,0,9780,0,9780,0.300751879699248
"ARCOGN_2_UNITS",443551,1,305,300,0.0163934426229508,0,0,0,0,0.983606557377049
"ARCOGN_2_UNITS",174549,1,305,430,0.40983606557377,0,1140,0,1140,0.59016393442623
"ARCOGN_2_UNITS",524908,1,305,500,0.639344262295082,0,0,0,0,0.360655737704918
"ARKANS_1_ARKSLR",148758,4,50,50,0,-1,90.75,1,90.75,4
"ARKANS_1_ARKSLR",973878,4,50,50,0,-1,90.75,1,90.75,4
"ARKANS_1_ARKSLR",154578,4,50,40,0.2,-1,90.75,1,90.75,3.2
"ARKANS_1_ARKSLR",288336,4,50,67.5,0.35,-1,90.75,1,90.75,2.6
"ARKANS_1_ARKSLR",461606,4,50,30,0.4,-1,750.75,1,750.75,2.4
"ARLNTN_2_AR1SR1",118279,1,100,100,0,0,0,0,0,1
"ARLNTN_2_AR1SR1",165180,1,100,100,0,0,145,0,145,1
"ARLNTN_2_AR1SR1",173313,1,100,100,0,0,0,0,0,1
"ARLNTN_2_AR1SR1",331013,1,100,100,0,0,425,0,425,1
"ARLNTN_2_AR1SR1",199791,1,100,102,0.02,0,145,0,145,0.98
"ARLNTN_2_ASUSR1",123202,1,131,123,0.0610687022900763,0,810,0,810,0.938931297709924
"ARLNTN_2_ASUSR1",387388,1,131,121,0.0763358778625954,0,60,0,60,0.923664122137405
"ARLNTN_2_ASUSR1",946506,1,131,121,0.0763358778625954,0,0,0,0,0.923664122137405
"ARLNTN_2_ASUSR1",196895,1,131,150,0.145038167938931,0,810,0,810,0.854961832061069
"ARLNTN_2_ASUSR1",113005,1,131,155.1,0.183969465648855,0,180,0,180,0.816030534351145
"ARLVAL_5_SOLAR",196895,4,127,150,0.181102362204724,0,117.5,0,117.5,3.2755905511811
"ARLVAL_5_SOLAR",118279,4,127,100,0.21259842519685,0,102.5,0,102.5,3.1496062992126
"ARLVAL_5_SOLAR",152145,3,127,105,0.173228346456693,0,156.666666666667,0,156.666666666667,2.48031496062992
"ARLVAL_5_SOLAR",701361,3,127,102,0.196850393700787,0,141.666666666667,0,141.666666666667,2.40944881889764
"ARLVAL_5_SOLAR",173313,3,127,100,0.21259842519685,0,156.666666666667,0,156.666666666667,2.36220472440945
"ARVINN_6_ORION1",799732,2,12,12,0,0,330,0,330,2
"ARVINN_6_ORION1",779880,2,12,11,0.0833333333333333,0,360,0,360,1.83333333333333
"ARVINN_6_ORION1",131964,2,12,13.53,0.1275,0,360,0,360,1.745
"ARVINN_6_ORION1",261146,2,12,13.6,0.133333333333333,0,300,0,300,1.73333333333333
"ARVINN_6_ORION1",376549,2,12,10,0.166666666666667,0,360,0,360,1.66666666666667
"ARVINN_6_ORION2",376549,2,8,10,0.25,0,507.5,0,507.5,1.5
"ARVINN_6_ORION2",445378,2,8,5,0.375,0,507.5,0,507.5,1.25
"ARVINN_6_ORION2",766252,2,8,5,0.375,0,507.5,0,507.5,1.25
"ARVINN_6_ORION2",779880,2,8,11,0.375,0,507.5,0,507.5,1.25
"ARVINN_6_ORION2",799732,2,8,12,0.5,0,477.5,0,477.5,1
"ASTORA_2_SOLAR1",152145,8,100,105,0.05,-0.875,86.375,0.875,86.375,7.6
"ASTORA_2_SOLAR1",118279,7,100,100,0,-1,98.7142857142857,1,98.7142857142857,7
"ASTORA_2_SOLAR1",199925,7,100,100,0,-1,98.7142857142857,1,98.7142857142857,7
"ASTORA_2_SOLAR1",230642,7,100,100,0,-1,90.1428571428571,1,90.1428571428571,7
"ASTORA_2_SOLAR1",178559,11,100,60,0.4,-0.909090909090909,107.454545454545,0.909090909090909,107.454545454545,6.6
"ASTORA_2_SOLAR2",178559,17,75,60,0.2,-0.941176470588235,116.705882352941,0.941176470588235,116.705882352941,13.6
"ASTORA_2_SOLAR2",204333,12,75,71.9,0.0413333333333333,-0.833333333333333,118.583333333333,0.833333333333333,118.583333333333,11.504
"ASTORA_2_SOLAR2",115494,15,75,56,0.253333333333333,-0.866666666666667,167.4,0.866666666666667,167.4,11.2
"ASTORA_2_SOLAR2",133547,15,75,56,0.253333333333333,-0.866666666666667,167.4,0.866666666666667,167.4,11.2
"ASTORA_2_SOLAR2",685873,18,75,40,0.466666666666667,-0.944444444444444,134.444444444444,0.944444444444444,134.444444444444,9.6
"ATHOS_5_AP1X2",723063,3,250,250,0,0,722.666666666667,0,722.666666666667,3
"ATHOS_5_AP1X2",143349,5,250,131,0.476,-0.6,192.8,0.6,192.8,2.62
"ATHOS_5_AP1X2",784426,3,250,200,0.2,0,722.666666666667,0,722.666666666667,2.4
"ATHOS_5_AP1X2",477057,3,250,200,0.2,-1.66666666666667,447,1.66666666666667,447,2.4
"ATHOS_5_AP1X2",204700,5,250,110,0.56,-0.6,192.8,0.6,192.8,2.2
"ATHOS_5_AP2X2",143349,7,200,131,0.345,-0.428571428571429,159,0.428571428571429,159,4.585
"ATHOS_5_AP2X2",145233,7,200,125,0.375,-0.428571428571429,176.142857142857,0.428571428571429,176.142857142857,4.375
"ATHOS_5_AP2X2",204700,7,200,110,0.45,-0.428571428571429,159,0.428571428571429,159,3.85
"ATHOS_5_AP2X2",705142,7,200,62.5,0.6875,-0.428571428571429,159,0.428571428571429,159,2.1875
"ATHOS_5_AP2X2",477057,2,200,200,0,0,307.5,0,307.5,2
"ATWEL2_1_SOLAR1",415983,1,20,9.6,0.52,0,455,0,455,0.48
"ATWEL2_1_SOLAR1",194982,1,20,35,0.75,0,995,0,995,0.25
"ATWEL2_1_SOLAR1",104627,1,20,130,5.5,1,300,1,300,-4.5
"ATWEL2_1_SOLAR1",959475,1,20,169,7.45,1,3360,1,3360,-6.45
"ATWEL2_1_SOLAR1",324925,1,20,222,10.1,0,935,0,935,-9.1
"ATWELL_1_SOLAR",159086,5,20,20,0,-1,127.4,1,127.4,5
"ATWELL_1_SOLAR",331315,3,20,20,0,-1,545,1,545,3
"ATWELL_1_SOLAR",102291,2,20,20,0,0,369,0,369,2
"ATWELL_1_SOLAR",181841,2,20,20,0,0,369,0,369,2
"ATWELL_1_SOLAR",789421,2,20,20,0,0,369,0,369,2
"AVENAL_6_AVPARK",445378,2,6,5,0.166666666666667,0,229,0,229,1.66666666666667
"AVENAL_6_AVPARK",766252,2,6,5,0.166666666666667,0,229,0,229,1.66666666666667
"AVENAL_6_AVPARK",120392,1,6,7,0.166666666666667,0,30,0,30,0.833333333333333
"AVENAL_6_AVPARK",175275,1,6,7.62,0.27,0,450,0,450,0.73
"AVENAL_6_AVPARK",376549,2,6,10,0.666666666666667,0,229,0,229,0.666666666666667
"AVENAL_6_AVSLR1",376549,2,7.9,10,0.265822784810127,0,228.5,0,228.5,1.46835443037975
"AVENAL_6_AVSLR1",445378,2,7.9,5,0.367088607594937,0,228.5,0,228.5,1.26582278481013
"AVENAL_6_AVSLR1",766252,2,7.9,5,0.367088607594937,0,228.5,0,228.5,1.26582278481013
"AVENAL_6_AVSLR1",779880,2,7.9,11,0.392405063291139,0,228.5,0,228.5,1.21518987341772
"AVENAL_6_AVSLR1",175275,1,7.9,7.62,0.0354430379746836,0,450,0,450,0.964556962025316
"AVENAL_6_AVSLR2",376549,2,7.9,10,0.265822784810127,0,228.5,0,228.5,1.46835443037975
"AVENAL_6_AVSLR2",445378,2,7.9,5,0.367088607594937,0,228.5,0,228.5,1.26582278481013
"AVENAL_6_AVSLR2",766252,2,7.9,5,0.367088607594937,0,228.5,0,228.5,1.26582278481013
"AVENAL_6_AVSLR2",779880,2,7.9,11,0.392405063291139,0,228.5,0,228.5,1.21518987341772
"AVENAL_6_AVSLR2",175275,1,7.9,7.62,0.0354430379746836,0,450,0,450,0.964556962025316
"AVENAL_6_SANDDG",217748,2,19,19.12,0.00631578947368426,0,228,0,228,1.98736842105263
"AVENAL_6_SANDDG",102291,2,19,20,0.0526315789473684,0,228,0,228,1.89473684210526
"AVENAL_6_SANDDG",159086,2,19,20,0.0526315789473684,0,198,0,198,1.89473684210526
"AVENAL_6_SANDDG",181841,2,19,20,0.0526315789473684,0,228,0,228,1.89473684210526
"AVENAL_6_SANDDG",789421,2,19,20,0.0526315789473684,0,168,0,168,1.89473684210526
"AVENAL_6_SUNCTY",102291,2,20,20,0,0,228,0,228,2
"AVENAL_6_SUNCTY",159086,2,20,20,0,0,198,0,198,2
"AVENAL_6_SUNCTY",181841,2,20,20,0,0,228,0,228,2
"AVENAL_6_SUNCTY",789421,2,20,20,0,0,168,0,168,2
"AVENAL_6_SUNCTY",819306,2,20,20,0,0,198,0,198,2
"AVSOLR_2_SOLAR",723063,1,241.5,250,0.0351966873706004,-1,179,1,179,0.9648033126294
"AVSOLR_2_SOLAR",477057,1,241.5,200,0.17184265010352,-1,239,1,239,0.82815734989648
"AVSOLR_2_SOLAR",784426,1,241.5,200,0.17184265010352,-1,179,1,179,0.82815734989648
"AVSOLR_2_SOLAR",118279,2,241.5,100,0.58592132505176,-1,252,1,252,0.82815734989648
"AVSOLR_2_SOLAR",112563,1,241.5,132,0.453416149068323,-1,179,1,179,0.546583850931677
"BALCHS_7_UNIT 1",159511,6,31,43,0.387096774193548,0,389.833333333333,0,389.833333333333,3.67741935483871
"BALCHS_7_UNIT 1",731385,2,31,31,0,0,449.5,0,449.5,2
"BALCHS_7_UNIT 1",183275,2,31,29.1,0.0612903225806451,0,489,0,489,1.87741935483871
"BALCHS_7_UNIT 1",134471,2,31,27.2,0.12258064516129,0,810.5,0,810.5,1.75483870967742
"BALCHS_7_UNIT 1",133003,2,31,35,0.129032258064516,0,1859.5,0,1859.5,1.74193548387097
"BALCHS_7_UNIT 2",599767,4,52.5,68,0.295238095238095,0,591.75,0,591.75,2.81904761904762
"BALCHS_7_UNIT 2",285753,2,52.5,65,0.238095238095238,0,440,0,440,1.52380952380952
"BALCHS_7_UNIT 2",194982,2,52.5,35,0.333333333333333,0,727,0,727,1.33333333333333
"BALCHS_7_UNIT 2",184537,2,52.5,34,0.352380952380952,0,1100,0,1100,1.2952380952381
"BALCHS_7_UNIT 2",134471,2,52.5,27.2,0.481904761904762,0,705.5,0,705.5,1.03619047619048
"BALCHS_7_UNIT 3",599767,3,54.6,68,0.245421245421245,0,1168.66666666667,0,1168.66666666667,2.26373626373626
"BALCHS_7_UNIT 3",178982,3,54.6,83,0.52014652014652,0,231.333333333333,0,231.333333333333,1.43956043956044
"BALCHS_7_UNIT 3",194982,2,54.6,35,0.358974358974359,1.5,1788.5,1.5,1788.5,1.28205128205128
"BALCHS_7_UNIT 3",127463,1,54.6,54.6,0,0,0,0,0,1
"BALCHS_7_UNIT 3",225415,1,54.6,55,0.0073260073260073,0,151,0,151,0.992673992673993
"BANKPP_2_NSPIN",107219,1,270,85,0.685185185185185,0,66720,0,66720,0.314814814814815
"BANKPP_2_NSPIN",988619,2,270,0.1,0.99962962962963,0,180,0,180,0.00074074074074093
"BARRE_2_ALASB1",222735,1,10,10.4,0.04,0,120,0,120,0.96
"BARRE_2_ALASB1",415983,1,10,9.6,0.04,0,120,0,120,0.96
"BARRE_2_ALASB1",181860,1,10,6,0.4,0,240,0,240,0.6
"BARRE_2_ALASB1",865499,1,10,15,0.5,0,780,0,780,0.5
"BARRE_2_ALASB1",945442,1,10,2,0.8,0,0,0,0,0.2
"BARRE_6_PEAKER",134075,2,49,56,0.142857142857143,1,1920,1,1920,1.71428571428571
"BARRE_6_PEAKER",177935,3,49,25,0.489795918367347,0.333333333333333,1371.33333333333,0.333333333333333,1371.33333333333,1.53061224489796
"BARRE_6_PEAKER",134647,2,49,25,0.489795918367347,0.5,796.5,0.5,796.5,1.02040816326531
"BARRE_6_PEAKER",142368,2,49,25,0.489795918367347,0.5,13066.5,0.5,13066.5,1.02040816326531
"BARRE_6_PEAKER",185626,1,49,49,0,1,2880,1,2880,1
"BASICE_2_UNITS",455119,2,120,119,0.00833333333333333,0,150,0,150,1.98333333333333
"BASICE_2_UNITS",203679,2,120,130,0.0833333333333333,0,390,0,390,1.83333333333333
"BASICE_2_UNITS",556956,2,120,104.5,0.129166666666667,0,599.5,0,599.5,1.74166666666667
"BASICE_2_UNITS",624302,2,120,100,0.166666666666667,1.5,4663.5,1.5,4663.5,1.66666666666667
"BASICE_2_UNITS",599767,2,120,68,0.433333333333333,-1.5,960,1.5,960,1.13333333333333
"BDGRCK_1_UNITS",288617,3,48.08,42,0.126455906821963,1,240,1,240,2.62063227953411
"BDGRCK_1_UNITS",550763,2,48.08,27,0.438435940099834,0,311,0,311,1.12312811980033
"BDGRCK_1_UNITS",633120,1,48.08,50,0.0399334442595674,1,360,1,360,0.960066555740433
"BDGRCK_1_UNITS",105870,1,48.08,65.81,0.368760399334443,1,12960,1,12960,0.631239600665557
"BDGRCK_1_UNITS",554521,1,48.08,70,0.455906821963394,1,102240,1,102240,0.544093178036606
"BEARDS_7_UNIT 1",184635,6,11.5,11.5,0,0,102,0,102,6
"BEARDS_7_UNIT 1",779880,1,11.5,11,0.0434782608695652,0,695,0,695,0.956521739130435
"BEARDS_7_UNIT 1",799732,1,11.5,12,0.0434782608695652,0,695,0,695,0.956521739130435
"BEARDS_7_UNIT 1",148272,1,11.5,10,0.130434782608696,0,60,0,60,0.869565217391304
"BEARDS_7_UNIT 1",203902,1,11.5,10,0.130434782608696,0,1431,0,1431,0.869565217391304
"BEARMT_1_UNIT",118390,1,49.21,49,0.00426742532005692,1,2880,1,2880,0.995732574679943
"BEARMT_1_UNIT",288617,1,49.21,42,0.14651493598862,1,240,1,240,0.85348506401138
"BEARMT_1_UNIT",189190,1,49.21,40,0.187157081893924,1,900,1,900,0.812842918106076
"BEARMT_1_UNIT",267721,1,49.21,40,0.187157081893924,1,240,1,240,0.812842918106076
"BEARMT_1_UNIT",851194,1,49.21,18.9,0.615931721194879,1,1500,1,1500,0.384068278805121
"BEJNLS_5_BV2SCEDYN",255016,1,167,220,0.317365269461078,-1,414,1,414,0.682634730538922
"BEJNLS_5_BV2SCEDYN",177596,1,167,88,0.473053892215569,0,914,0,914,0.526946107784431
"BEJNLS_5_BV2SCEDYN",965468,1,167,80,0.520958083832335,-1,474,1,474,0.479041916167665
"BEJNLS_5_BV2SCEDYN",145433,1,167,75,0.550898203592814,0,7081,0,7081,0.449101796407186
"BEJNLS_5_BV2SCEDYN",195664,1,167,70,0.580838323353293,1,840,1,840,0.419161676646707
"BEKWJS_5_BV1SCEDYN",190770,1,130,160,0.230769230769231,2,1054,2,1054,0.769230769230769
"BEKWJS_5_BV1SCEDYN",796754,1,130,100,0.230769230769231,2,39994,2,39994,0.769230769230769
"BEKWJS_5_BV1SCEDYN",177596,1,130,88,0.323076923076923,0,919,0,919,0.676923076923077
"BEKWJS_5_BV1SCEDYN",195664,1,130,70,0.461538461538462,1,840,1,840,0.538461538461538
"BEKWJS_5_BV1SCEDYN",251994,1,130,40,0.692307692307692,0,439,0,439,0.307692307692308
"BELDEN_7_UNIT 1",479608,3,119,150,0.260504201680672,0,853.333333333333,0,853.333333333333,2.21848739495798
"BELDEN_7_UNIT 1",542239,2,119,118.5,0.00420168067226891,0,300,0,300,1.99159663865546
"BELDEN_7_UNIT 1",877294,3,119,75,0.369747899159664,0,1487.33333333333,0,1487.33333333333,1.89075630252101
"BELDEN_7_UNIT 1",203679,2,119,130,0.092436974789916,0,263.5,0,263.5,1.81512605042017
"BELDEN_7_UNIT 1",262817,2,119,100,0.159663865546218,0,900,0,900,1.68067226890756
"BERCYN_2_BCEBT1",135881,1,13,18,0.384615384615385,0,0,0,0,0.615384615384615
"BERCYN_2_BCEBT1",844001,1,13,18.8,0.446153846153846,0,0,0,0,0.553846153846154
"BERCYN_2_BCEBT1",126447,1,13,1,0.923076923076923,0,739,0,739,0.0769230769230769
"BERCYN_2_BCEBT1",134471,1,13,27.2,1.09230769230769,0,0,0,0,-0.0923076923076922
"BERCYN_2_BCEBT1",370707,1,13,40,2.07692307692308,0,739,0,739,-1.07692307692308
"BGSKYN_2_AS2SR1",152145,5,105,105,0,-0.8,126,0.8,126,5
"BGSKYN_2_AS2SR1",208011,9,105,55.83,0.468285714285714,-0.888888888888889,95.2222222222222,0.888888888888889,95.2222222222222,4.78542857142857
"BGSKYN_2_AS2SR1",736984,9,105,54,0.485714285714286,-0.888888888888889,75.2222222222222,0.888888888888889,75.2222222222222,4.62857142857143
"BGSKYN_2_AS2SR1",178559,8,105,60,0.428571428571429,-0.875,84.5,0.875,84.5,4.57142857142857
"BGSKYN_2_AS2SR1",997249,9,105,50.5,0.519047619047619,-0.888888888888889,101.888888888889,0.888888888888889,101.888888888889,4.32857142857143
"BGSKYN_2_ASPSR2",118279,1,100,100,0,-1,89,1,89,1
"BGSKYN_2_ASPSR2",173313,1,100,100,0,-1,89,1,89,1
"BGSKYN_2_ASPSR2",199791,1,100,102,0.02,0,120,0,120,0.98
"BGSKYN_2_ASPSR2",589808,1,100,102,0.02,0,120,0,120,0.98
"BGSKYN_2_ASPSR2",213716,1,100,96,0.04,0,120,0,120,0.96
"BGSKYN_2_ASSR1B",603185,10,17,17,0,-0.8,197.7,0.8,197.7,10
"BGSKYN_2_ASSR1B",799732,10,17,12,0.294117647058824,-0.8,221.7,0.8,221.7,7.05882352941176
"BGSKYN_2_ASSR1B",916581,8,17,20,0.176470588235294,-0.75,211.25,0.75,211.25,6.58823529411765
"BGSKYN_2_ASSR1B",102291,8,17,20,0.176470588235294,-0.875,325.875,0.875,325.875,6.58823529411765
"BGSKYN_2_ASSR1B",159086,7,17,20,0.176470588235294,-1,222.571428571429,1,222.571428571429,5.76470588235294
"BGSKYN_2_ASSR3A",603185,8,15,17,0.133333333333333,-0.875,151.25,0.875,151.25,6.93333333333333
"BGSKYN_2_ASSR3A",799732,8,15,12,0.2,-0.875,173.75,0.875,173.75,6.4
"BGSKYN_2_ASSR3A",102291,8,15,20,0.333333333333333,-0.875,256.25,0.875,256.25,5.33333333333333
"BGSKYN_2_ASSR3A",159086,8,15,20,0.333333333333333,-0.875,200.625,0.875,200.625,5.33333333333333
"BGSKYN_2_ASSR3A",916581,7,15,20,0.333333333333333,-0.857142857142857,155.571428571429,0.857142857142857,155.571428571429,4.66666666666667
"BGSKYN_2_ASSR3B",766252,3,5,5,0,-0.666666666666667,364.666666666667,0.666666666666667,364.666666666667,3
"BGSKYN_2_ASSR3B",445378,2,5,5,0,-0.5,327,0.5,327,2
"BGSKYN_2_ASSR3B",146475,1,5,6.2,0.24,-5,120,5,120,0.76
"BGSKYN_2_ASSR3B",175717,2,5,1.63,0.674,-0.5,327,0.5,327,0.652
"BGSKYN_2_ASSR3B",151937,3,5,0.92,0.816,-1,1846.33333333333,1,1846.33333333333,0.552
"BGSKYN_2_BS3SR3",102291,6,20,20,0,-1,219.333333333333,1,219.333333333333,6
"BGSKYN_2_BS3SR3",159086,6,20,20,0,-1,219.333333333333,1,219.333333333333,6
"BGSKYN_2_BS3SR3",603185,6,20,17,0.15,-1,179.333333333333,1,179.333333333333,5.1
"BGSKYN_2_BS3SR3",819306,5,20,20,0,-1,227,1,227,5
"BGSKYN_2_BS3SR3",916581,5,20,20,0,-1,155.6,1,155.6,5
"BIGCRK_2_EXESWD",246186,1,820,175,0.786585365853659,-4,725,4,725,0.213414634146341
"BIGCRK_2_EXESWD",131086,1,820,63,0.923170731707317,-4,65,4,65,0.0768292682926829
"BIGCRK_2_EXESWD",449927,1,820,60,0.926829268292683,0,45601,0,45601,0.073170731707317
"BIGCRK_2_EXESWD",538404,1,820,60,0.926829268292683,0,191101,0,191101,0.073170731707317
"BIGSKY_2_AS2BT1",199791,2,127,102,0.196850393700787,0,120,0,120,1.60629921259843
"BIGSKY_2_AS2BT1",589808,2,127,102,0.196850393700787,0,120,0,120,1.60629921259843
"BIGSKY_2_AS2BT1",165180,2,127,100,0.21259842519685,1,248.5,1,248.5,1.5748031496063
"BIGSKY_2_AS2BT1",213716,2,127,96,0.244094488188976,0,120,0,120,1.51181102362205
"BIGSKY_2_AS2BT1",178982,2,127,83,0.346456692913386,0,730.5,0,730.5,1.30708661417323
"BIGSKY_2_ASLBT2",331013,3,100,100,0,0,476.666666666667,0,476.666666666667,3
"BIGSKY_2_ASLBT2",599767,4,100,68,0.32,-1.25,387,1.25,387,2.72
"BIGSKY_2_ASLBT2",529747,3,100,75,0.25,-0.333333333333333,310.333333333333,0.333333333333333,310.333333333333,2.25
"BIGSKY_2_ASLBT2",165180,2,100,100,0,0,398,0,398,2
"BIGSKY_2_ASLBT2",123110,2,100,115,0.15,0,47,0,47,1.7
"BIGSKY_2_BSKSR6",102291,3,20,20,0,-0.666666666666667,250,0.666666666666667,250,3
"BIGSKY_2_BSKSR6",916581,2,20,20,0,-0.5,40,0.5,40,2
"BIGSKY_2_BSKSR6",159086,2,20,20,0,-1,35.5,1,35.5,2
"BIGSKY_2_BSKSR6",603185,2,20,17,0.15,-0.5,70,0.5,70,1.7
"BIGSKY_2_BSKSR6",591854,2,20,26.65,0.3325,-0.5,40,0.5,40,1.335
"BIGSKY_2_BSKSR7",102291,2,20,20,0,-1,329.5,1,329.5,2
"BIGSKY_2_BSKSR7",159086,2,20,20,0,-1,29.5,1,31.5,2
"BIGSKY_2_BSKSR7",916581,1,20,20,0,-1,1,1,1,1
"BIGSKY_2_BSKSR7",603185,1,20,17,0.15,-1,61,1,61,0.85
"BIGSKY_2_BSKSR7",591854,1,20,26.65,0.3325,-1,1,1,1,0.6675
"BIGSKY_2_BSKSR8",102291,2,20,20,0,-1,317,1,317,2
"BIGSKY_2_BSKSR8",159086,1,20,20,0,-1,61,1,61,1
"BIGSKY_2_BSKSR8",916581,1,20,20,0,-1,1,1,1,1
"BIGSKY_2_BSKSR8",331315,1,20,20,0,2,2565,2,2565,1
"BIGSKY_2_BSKSR8",603185,1,20,17,0.15,-1,61,1,61,0.85
"BIGSKY_2_SOLAR1",217748,2,20,19.12,0.044,-0.5,31,0.5,31,1.912
"BIGSKY_2_SOLAR1",975528,2,20,26,0.3,-0.5,31,0.5,31,1.4
"BIGSKY_2_SOLAR1",261146,2,20,13.6,0.32,-0.5,31,0.5,31,1.36
"BIGSKY_2_SOLAR1",779880,2,20,11,0.45,-0.5,31,0.5,31,1.1
"BIGSKY_2_SOLAR1",181841,1,20,20,0,0,61,0,61,1
"BIGSKY_2_SOLAR2",180457,2,40,40,0,-1,72,1,72,2
"BIGSKY_2_SOLAR2",186146,2,40,40,0,-1,42,1,42,2
"BIGSKY_2_SOLAR2",685873,2,40,40,0,-1,42,1,42,2
"BIGSKY_2_SOLAR2",620521,2,40,30,0.25,-1,72,1,72,1.5
"BIGSKY_2_SOLAR2",997249,2,40,50.5,0.2625,-1,72,1,72,1.475
"BIGSKY_2_SOLAR3",102291,2,20,20,0,-1,399.5,1,399.5,2
"BIGSKY_2_SOLAR3",159086,2,20,20,0,-1,99.5,1,99.5,2
"BIGSKY_2_SOLAR3",916581,2,20,20,0,-1,39.5,1,39.5,2
"BIGSKY_2_SOLAR3",603185,2,20,17,0.15,-1,69.5,1,69.5,1.7
"BIGSKY_2_SOLAR3",591854,2,20,26.65,0.3325,-1,39.5,1,39.5,1.335
"BIGSKY_2_SOLAR4",102291,2,20,20,0,-1,402,1,402,2
"BIGSKY_2_SOLAR4",159086,2,20,20,0,-1,102,1,102,2
"BIGSKY_2_SOLAR4",916581,2,20,20,0,-1,42,1,42,2
"BIGSKY_2_SOLAR4",603185,2,20,17,0.15,-1,72,1,72,1.7
"BIGSKY_2_SOLAR4",591854,2,20,26.65,0.3325,-1,42,1,42,1.335
"BIGSKY_2_SOLAR5",445378,1,5,5,0,-1,36,1,36,1
"BIGSKY_2_SOLAR5",175717,1,5,1.63,0.674,-1,36,1,36,0.326
"BIGSKY_2_SOLAR5",126447,1,5,1,0.8,2,932,2,932,0.2
"BIGSKY_2_SOLAR5",151937,1,5,0.92,0.816,-1,3601,1,3601,0.184
"BIGSKY_2_SOLAR5",151779,1,5,0.7,0.86,-1,721,1,721,0.14
"BIGSKY_2_SOLAR6",118279,1,85,100,0.176470588235294,-1,89,1,89,0.823529411764706
"BIGSKY_2_SOLAR6",173313,1,85,100,0.176470588235294,-1,89,1,89,0.823529411764706
"BIGSKY_2_SOLAR6",152145,1,85,105,0.235294117647059,-1,89,1,89,0.764705882352941
"BIGSKY_2_SOLAR6",705142,1,85,62.5,0.264705882352941,-1,29,1,29,0.735294117647059
"BIGSKY_2_SOLAR6",178559,1,85,60,0.294117647058824,-1,89,1,89,0.705882352941176
"BIGSKY_2_SOLAR7",997249,3,50,50.5,0.01,-0.666666666666667,40.6666666666667,0.666666666666667,40.6666666666667,2.97
"BIGSKY_2_SOLAR7",736984,3,50,54,0.08,-0.666666666666667,0.666666666666667,0.666666666666667,0.666666666666667,2.76
"BIGSKY_2_SOLAR7",208011,3,50,55.83,0.1166,-0.666666666666667,40.6666666666667,0.666666666666667,40.6666666666667,2.6502
"BIGSKY_2_SOLAR7",133547,3,50,56,0.12,-0.666666666666667,40.6666666666667,0.666666666666667,40.6666666666667,2.64
"BIGSKY_2_SOLAR7",180457,3,50,40,0.2,-0.666666666666667,40.6666666666667,0.666666666666667,40.6666666666667,2.4
"BIOMAS_1_UNIT 1",109052,1,25.5,25,0.0196078431372549,-1,1860,1,1860,0.980392156862745
"BIOMAS_1_UNIT 1",206861,1,25.5,25,0.0196078431372549,-1,75179,1,75179,0.980392156862745
"BIOMAS_1_UNIT 1",363348,1,25.5,26,0.0196078431372549,-1,360,1,360,0.980392156862745
"BIOMAS_1_UNIT 1",610848,2,25.5,40,0.568627450980392,-2,12635,2,12635,0.862745098039216
"BIOMAS_1_UNIT 1",214685,1,25.5,20,0.215686274509804,0,360,0,360,0.784313725490196
"BISHOP_1_ALAMO",865499,1,13.4,15,0.119402985074627,3,4200,3,4200,0.880597014925373
"BISHOP_1_ALAMO",561427,1,13.4,25,0.865671641791045,0,1860,0,1860,0.134328358208955
"BISHOP_1_ALAMO",669648,1,13.4,25,0.865671641791045,0,1860,0,1860,0.134328358208955
"BISHOP_1_ALAMO",509822,1,13.4,1,0.925373134328358,3,6840,3,6840,0.0746268656716418
"BISHOP_1_ALAMO",623125,1,13.4,50,2.73134328358209,0,55440,0,55440,-1.73134328358209
"BKRFLD_2_SOLAR1",146475,1,1.38,6.2,3.49275362318841,0,570,0,570,-2.49275362318841
"BKRFLD_2_SOLAR1",150919,1,1.38,20,13.4927536231884,0,630,0,630,-12.4927536231884
"BKRFLD_2_SOLAR1",134471,1,1.38,27.2,18.7101449275362,0,0,0,0,-17.7101449275362
"BKRFLD_2_SOLAR1",163228,1,1.38,70,49.7246376811594,0,67620,0,67620,-48.7246376811594
"BKRFLD_2_SOLAR1",117001,1,1.38,112.5,80.5217391304348,0,630,0,630,-79.5217391304348
"BLACK_7_UNIT 1",196140,14,85,85,0,-0.142857142857143,403.928571428571,0.142857142857143,403.928571428571,14
"BLACK_7_UNIT 1",883285,9,85,84.1,0.0105882352941177,0,23.4444444444444,0,23.4444444444444,8.90470588235294
"BLACK_7_UNIT 1",178982,3,85,83,0.0235294117647059,0,654.333333333333,0,654.333333333333,2.92941176470588
"BLACK_7_UNIT 1",137216,5,85,40,0.529411764705882,0,15.2,0,15.2,2.35294117647059
"BLACK_7_UNIT 1",211495,5,85,39,0.541176470588235,0,15.2,0,15.2,2.29411764705882
"BLACK_7_UNIT 2",883285,12,84.1,84.1,0,0,80.9166666666667,0,80.9166666666667,12
"BLACK_7_UNIT 2",196140,9,84.1,85,0.0107015457788348,0,8.33333333333333,0,8.33333333333333,8.90368608799049
"BLACK_7_UNIT 2",137216,5,84.1,40,0.524375743162901,0,15,0,15,2.37812128418549
"BLACK_7_UNIT 2",211495,5,84.1,39,0.536266349583829,0,15,0,15,2.31866825208086
"BLACK_7_UNIT 2",178982,2,84.1,83,0.0130796670630201,0,891,0,891,1.97384066587396
"BLAST_1_WIND",185626,1,49,49,0,-1,748,1,748,1
"BLAST_1_WIND",664900,1,49,49,0,-1,748,1,748,1
"BLAST_1_WIND",794449,1,49,48,0.0204081632653061,-1,268,1,268,0.979591836734694
"BLAST_1_WIND",151201,1,49,47,0.0408163265306122,0,8640,0,8640,0.959183673469388
"BLAST_1_WIND",189190,1,49,40,0.183673469387755,-1,28,1,28,0.816326530612245
"BLCKBT_2_STONEY",233734,5,6.2,6.2,0,0,450.2,0,450.2,5
"BLCKBT_2_STONEY",445378,1,6.2,5,0.193548387096774,0,780,0,780,0.806451612903226
"BLCKBT_2_STONEY",766252,1,6.2,5,0.193548387096774,0,780,0,780,0.806451612903226
"BLCKBT_2_STONEY",127784,1,6.2,4.9,0.209677419354839,0,0,0,0,0.790322580645161
"BLCKBT_2_STONEY",160896,1,6.2,3,0.516129032258065,0,420,0,420,0.483870967741935
"BLCKWL_6_SOLAR1",292514,1,12,9,0.25,0,240,0,240,0.75
"BLCKWL_6_SOLAR1",120392,1,12,7,0.416666666666667,-1,300,1,300,0.583333333333333
"BLCKWL_6_SOLAR1",159086,1,12,20,0.666666666666667,-1,120,1,120,0.333333333333333
"BLCKWL_6_SOLAR1",116196,1,12,1,0.916666666666667,0,5340,0,5340,0.0833333333333334
"BLCKWL_6_SOLAR1",425409,1,12,1,0.916666666666667,0,5340,0,5340,0.0833333333333334
"BLKCRK_2_GMCBT1",482638,2,230,242,0.0521739130434783,-0.5,2069.5,0.5,2069.5,1.89565217391304
"BLKCRK_2_GMCBT1",969971,2,230,194,0.156521739130435,0,132,0,132,1.68695652173913
"BLKCRK_2_GMCBT1",710016,3,230,105.5,0.541304347826087,-0.333333333333333,129.666666666667,0.333333333333333,129.666666666667,1.37608695652174
"BLKCRK_2_GMCBT1",556956,3,230,104.5,0.545652173913043,0,689.666666666667,0,689.666666666667,1.36304347826087
"BLKCRK_2_GMCBT1",701449,2,230,318,0.382608695652174,0,195,0,195,1.23478260869565
"BLKCRK_2_SOLAR1",568837,1,250,104.16,0.58336,0,28,0,28,0.41664
"BLKCRK_2_SOLAR1",177596,1,250,88,0.648,0,268,0,268,0.352
"BLKCRK_2_SOLAR1",714921,1,250,2,0.992,0,88,0,88,0.00800000000000001
"BLKCRK_2_SOLAR1",971578,1,250,700,1.8,0,88,0,88,-0.8
"BLKDIA_2_BDEBT1",199228,2,200,175,0.125,0,60,0,60,1.75
"BLKDIA_2_BDEBT1",147278,2,200,127.5,0.3625,0.5,131.5,0.5,131.5,1.275
"BLKDIA_2_BDEBT1",203395,2,200,275,0.375,0,390,0,390,1.25
"BLKDIA_2_BDEBT1",455119,2,200,119,0.405,0.5,371.5,0.5,371.5,1.19
"BLKDIA_2_BDEBT1",595999,1,200,201,0.005,3,10362,3,10362,0.995
"BLM W_2_COSBT1",267185,1,60,60,0,0,840,0,840,1
"BLM W_2_COSBT1",130794,1,60,55,0.0833333333333333,0,616,0,616,0.916666666666667
"BLM W_2_COSBT1",285753,1,60,65,0.0833333333333333,0,180,0,180,0.916666666666667
"BLM W_2_COSBT1",225415,1,60,55,0.0833333333333333,1,14115,1,14115,0.916666666666667
"BLM W_2_COSBT1",632366,1,60,55,0.0833333333333333,1,14115,1,14115,0.916666666666667
"BLVRDE_6_BLVBT1",223711,1,10,0.39,0.961,0,6120,0,6120,0.039
"BLVRDE_6_BLVBT1",863779,1,10,0.31,0.969,0,6120,0,6120,0.031
"BLVRDE_6_BLVBT1",750016,1,10,0.29,0.971,0,6120,0,6120,0.0289999999999999
"BLVRDE_6_BLVBT1",176822,1,10,0.16,0.984,0,4620,0,4620,0.016
"BLVRDE_6_BLVBT1",294276,1,10,50,4,0,6840,0,6840,-3
"BLYTHE_1_SOLAR1",177935,1,21,25,0.19047619047619,0,4415,0,4415,0.80952380952381
"BLYTHE_1_SOLAR1",278126,1,21,1,0.952380952380952,0,35,0,35,0.0476190476190477
"BLYTHE_1_SOLAR1",750016,1,21,0.29,0.986190476190476,0,1355,0,1355,0.0138095238095237
"BLYTHE_1_SOLAR1",863187,1,21,60,1.85714285714286,0,1295,0,1295,-0.857142857142857
"BLYTHE_1_SOLAR1",147278,1,21,127.5,5.07142857142857,0,35,0,35,-4.07142857142857
"BLYTHE_1_SOLAR2",102291,2,20,20,0,0,240,0,240,2
"BLYTHE_1_SOLAR2",181841,2,20,20,0,0,240,0,240,2
"BLYTHE_1_SOLAR2",916581,2,20,20,0,0,180,0,180,2
"BLYTHE_1_SOLAR2",217748,2,20,19.12,0.044,0,240,0,240,1.912
"BLYTHE_1_SOLAR2",482688,2,20,17,0.15,0,180,0,180,1.7
"BNNIEN_7_ALTAPH",661056,1,1,1,0,0,168,0,168,1
"BNNIEN_7_ALTAPH",727309,1,1,1,0,0,47090,0,47090,1
"BNNIEN_7_ALTAPH",978009,1,1,2,1,0,530,0,530,0
"BNNIEN_7_ALTAPH",904345,1,1,3,2,0,1188,0,1188,-1
"BNNIEN_7_ALTAPH",691906,1,1,3.32,2.32,0,97313,0,97313,-1.32
"BOGUE_1_UNITA1",949253,1,48.69,49,0.00636681043335392,0,103,0,103,0.993633189566646
"BOGUE_1_UNITA1",990961,1,48.69,48.04,0.013349763811871,0,7773,0,7773,0.986650236188129
"BOGUE_1_UNITA1",291137,1,48.69,49.5,0.0166358595194086,5,517,5,517,0.983364140480591
"BOGUE_1_UNITA1",744292,1,48.69,50,0.0269049086054632,5,517,5,517,0.973095091394537
"BOGUE_1_UNITA1",997249,1,48.69,50.5,0.0371739576915178,5,517,5,517,0.962826042308482
"BORDER_6_UNITA1",194982,3,51.25,35,0.317073170731707,0,340.666666666667,0,340.666666666667,2.04878048780488
"BORDER_6_UNITA1",997249,2,51.25,50.5,0.0146341463414634,0.5,454.5,1.5,454.5,1.97073170731707
"BORDER_6_UNITA1",736984,2,51.25,54,0.0536585365853659,0.5,514.5,1.5,514.5,1.89268292682927
"BORDER_6_UNITA1",208011,2,51.25,55.83,0.0893658536585366,0.5,454.5,1.5,454.5,1.82126829268293
"BORDER_6_UNITA1",115494,2,51.25,56,0.0926829268292683,0.5,514.5,1.5,514.5,1.81463414634146
"BOWMN_6_HYDRO",368224,1,3.6,4,0.111111111111111,-2,6196,2,6196,0.888888888888889
"BOWMN_6_HYDRO",636736,1,3.6,4.22,0.172222222222222,0,84,0,84,0.827777777777778
"BOWMN_6_HYDRO",714921,1,3.6,2,0.444444444444444,0,35,0,35,0.555555555555556
"BOWMN_6_HYDRO",905952,1,3.6,2,0.444444444444444,0,1723,0,1723,0.555555555555556
"BOWMN_6_HYDRO",978009,1,3.6,2,0.444444444444444,0,1723,0,1723,0.555555555555556
"BRDSLD_2_HIWIND",153037,1,162,39.5,0.756172839506173,0,13244,0,13244,0.243827160493827
"BRDSLD_2_HIWIND",125897,1,162,7.01,0.956728395061728,0,40664,0,40664,0.0432716049382715
"BRDSLD_2_MTZUM2",153037,1,78.2,39.5,0.494884910485934,0,13243,0,13243,0.505115089514066
"BRDSLD_2_MTZUM2",125897,1,78.2,7.01,0.910358056265985,0,40663,0,40663,0.0896419437340155
"BRDSLD_2_MTZUMA",153037,1,36.8,39.5,0.0733695652173914,0,13320,0,13320,0.926630434782609
"BRDSLD_2_MTZUMA",212542,1,36.8,42.8,0.16304347826087,0,60,0,60,0.83695652173913
"BRDSLD_2_MTZUMA",125897,1,36.8,7.01,0.809510869565217,0,40740,0,40740,0.190489130434783
"BRDSLD_2_MTZUMA",321061,1,36.8,0.01,0.999728260869565,0,0,0,0,0.000271739130434767
"BRDSLD_2_MTZUMA",977347,1,36.8,190,4.16304347826087,0,0,0,0,-3.16304347826087
"BRDSLD_2_SHILO2",113005,1,150,155.1,0.034,0,22508,0,22508,0.966
"BRDSLD_2_SHILO2",162314,1,150,131,0.126666666666667,0,60,0,60,0.873333333333333
"BRDSLD_2_SHILO2",142035,1,150,107,0.286666666666667,0,8,0,8,0.713333333333333
"BRDSLD_2_SHILO2",354420,1,150,106,0.293333333333333,0,8,0,8,0.706666666666667
"BRDSLD_2_SHILO2",108122,1,150,200,0.333333333333333,0,8,0,8,0.666666666666667
"BRDSLD_2_SHLO3A",142035,1,102.5,107,0.0439024390243902,0,494,0,494,0.95609756097561
"BRDSLD_2_SHLO3A",121745,1,102.5,75,0.268292682926829,0,24,0,24,0.731707317073171
"BRDSLD_2_SHLO3A",162314,1,102.5,131,0.278048780487805,0,60,0,60,0.721951219512195
"BRDSLD_2_SHLO3A",194982,2,102.5,35,0.658536585365854,0,1099,0,1099,0.682926829268293
"BRDSLD_2_SHLO3A",294276,1,102.5,50,0.51219512195122,0,374,0,374,0.48780487804878
"BRDSLD_2_SHLO3B",165180,1,100,100,0,0,125,0,125,1
"BRDSLD_2_SHLO3B",623125,1,100,50,0.5,0,9679,0,9679,0.5
"BRDSLD_2_SHLO3B",279238,1,100,40,0.6,0,5359,0,5359,0.4
"BRDSLD_2_SHLO3B",194982,1,100,35,0.65,0,965,0,965,0.35
"BRDSLD_2_SHLO3B",959475,1,100,169,0.69,0,5885,0,5885,0.31
"BREGGO_6_DEGRSL",203902,1,6.3,10,0.587301587301587,0,1380,0,1380,0.412698412698413
"BREGGO_6_DEGRSL",245952,1,6.3,0.99,0.842857142857143,0,1320,0,1320,0.157142857142857
"BREGGO_6_DEGRSL",368991,1,6.3,0.99,0.842857142857143,0,1320,0,1320,0.157142857142857
"BREGGO_6_DEGRSL",131964,1,6.3,13.53,1.14761904761905,0,600,0,600,-0.147619047619048
"BREGGO_6_DEGRSL",102986,1,6.3,20,2.17460317460317,0,900,0,900,-1.17460317460317
"BREGGO_6_SOLAR",334338,1,26,25,0.0384615384615385,0,180,0,180,0.961538461538462
"BREGGO_6_SOLAR",102986,1,26,20,0.230769230769231,0,900,0,900,0.769230769230769
"BREGGO_6_SOLAR",194982,1,26,35,0.346153846153846,0,900,0,900,0.653846153846154
"BREGGO_6_SOLAR",131964,1,26,13.53,0.479615384615385,0,600,0,600,0.520384615384615
"BREGGO_6_SOLAR",374311,1,26,40,0.538461538461538,0,1829,0,1829,0.461538461538462
"BRODIE_2_WIND",165180,1,102,100,0.0196078431372549,5,347,5,347,0.980392156862745
"BRODIE_2_WIND",262817,1,102,100,0.0196078431372549,5,947,5,947,0.980392156862745
"BRODIE_2_WIND",161396,1,102,94,0.0784313725490196,5,527,5,527,0.92156862745098
"BRODIE_2_WIND",542239,1,102,118.5,0.161764705882353,5,407,5,407,0.838235294117647
"BRODIE_2_WIND",210154,1,102,82.48,0.191372549019608,0,0,0,0,0.808627450980392
"BUCKBL_2_PL1X3",305080,2,493.63,600,0.215485282499038,0,382,0,382,1.56902943500192
"BUCKBL_2_PL1X3",701449,2,493.63,318,0.35579280027551,0,10582,0,10582,1.28841439944898
"BUCKBL_2_PL1X3",473916,2,493.63,290,0.412515446792132,0,53099.5,0,53099.5,1.17496910641574
"BUCKBL_2_PL1X3",514564,1,493.63,520,0.0534205781658327,0,308,0,308,0.946579421834167
"BUCKBL_2_PL1X3",609265,1,493.63,520,0.0534205781658327,0,788,0,788,0.946579421834167
"BUCKCK_7_PL1X2",497303,2,57.25,57.25,0,0,44884,0,44884,2
"BUCKCK_7_PL1X2",983808,1,57.25,50,0.126637554585153,0,301441,0,301441,0.873362445414847
"BUCKCK_7_PL1X2",121961,1,57.25,48.5,0.152838427947598,1,2880,1,2880,0.847161572052402
"BUCKCK_7_PL1X2",555191,1,57.25,48.35,0.155458515283843,1,2880,1,2880,0.844541484716157
"BUCKCK_7_PL1X2",102701,1,57.25,70,0.222707423580786,0,1598,0,1598,0.777292576419214
"BUCKWD_1_NPALM1",451866,1,2.4,322,133.166666666667,0,840,0,840,-132.166666666667
"BUCKWD_1_NPALM1",629440,1,2.4,350,144.833333333333,0,23580,0,23580,-143.833333333333
"BUCKWD_1_NPALM1",885088,1,2.4,367,151.916666666667,0,1080,0,1080,-150.916666666667
"BUCKWD_1_QF",301986,1,16.5,16.5,0,0,0,0,0,1
"BUCKWD_1_QF",125901,1,16.5,14,0.151515151515152,0,1620,0,1620,0.848484848484849
"BUCKWD_1_QF",905952,1,16.5,2,0.878787878787879,0,300,0,300,0.121212121212121
"BUCKWD_1_QF",197004,1,16.5,1,0.93939393939394,0,240,0,240,0.0606060606060606
"BUCKWD_1_QF",949253,1,16.5,49,1.96969696969697,0,720,0,720,-0.96969696969697
"BUCKWD_7_WINTCV",129473,1,1.32,100,74.7575757575758,-1,1,1,1,-73.7575757575758
"BUCKWD_7_WINTCV",766115,1,1.32,100,74.7575757575758,-1,8761,1,8761,-73.7575757575758
"BUCKWD_7_WINTCV",112948,1,1.32,113,84.6060606060606,0,61,0,61,-83.6060606060606
"BUCKWD_7_WINTCV",113228,1,1.32,205,154.30303030303,0,61,0,61,-153.30303030303
"BUCKWD_7_WINTCV",196186,1,1.32,270,203.545454545455,-1,4081,1,4081,-202.545454545455
"BURNYF_2_UNIT 1",194982,2,29,35,0.206896551724138,-1.5,445,1.5,445,1.58620689655172
"BURNYF_2_UNIT 1",155502,1,29,29,0,-1,348,1,348,1
"BURNYF_2_UNIT 1",810008,1,29,29.4,0.0137931034482758,-1,1,1,1,0.986206896551724
"BURNYF_2_UNIT 1",620521,1,29,30,0.0344827586206897,0,455,0,455,0.96551724137931
"BURNYF_2_UNIT 1",851690,1,29,30,0.0344827586206897,0,12840,0,12840,0.96551724137931
"BUTTVL_7_UNIT 1",153037,6,39.5,39.5,0,0,619.833333333333,0,619.833333333333,6
"BUTTVL_7_UNIT 1",170852,1,39.5,40,0.0126582278481013,0,315,0,315,0.987341772151899
"BUTTVL_7_UNIT 1",154578,1,39.5,40,0.0126582278481013,4,314,4,314,0.987341772151899
"BUTTVL_7_UNIT 1",126265,1,39.5,38,0.0379746835443038,0,960,0,960,0.962025316455696
"BUTTVL_7_UNIT 1",151446,1,39.5,36,0.0886075949367089,4,914,4,914,0.911392405063291
"CABALO_2_M2BSR1",178559,3,50,60,0.2,0,20,0,20,2.4
"CABALO_2_M2BSR1",148758,2,50,50,0,-0.5,30.5,0.5,30.5,2
"CABALO_2_M2BSR1",973878,2,50,50,0,-0.5,30.5,0.5,30.5,2
"CABALO_2_M2BSR1",736984,2,50,54,0.08,0,0,0,0,1.84
"CABALO_2_M2BSR1",620521,3,50,30,0.4,-0.333333333333333,20.3333333333333,0.333333333333333,20.3333333333333,1.8
"CABALO_2_M2WSR2",131041,3,100,93,0.07,-0.333333333333333,234.333333333333,0.333333333333333,234.333333333333,2.79
"CABALO_2_M2WSR2",173313,2,100,100,0,-0.5,196.5,0.5,196.5,2
"CABALO_2_M2WSR2",419525,2,100,80,0.2,0,14615.5,0,14615.5,1.6
"CABALO_2_M2WSR2",997249,3,100,50.5,0.495,-0.333333333333333,186,0.333333333333333,186,1.515
"CABALO_2_M2WSR2",145233,2,100,125,0.25,0,105,0,105,1.5
"CABZON_1_WINDA1",104627,1,41,130,2.17073170731707,0,7620,0,7620,-1.17073170731707
"CABZON_1_WINDA1",594295,1,41,450,9.97560975609756,0,120,0,120,-8.97560975609756
"CALFTN_2_CFSBT1",599767,4,60,68,0.133333333333333,1,1121,1.5,1121,3.46666666666667
"CALFTN_2_CFSBT1",132195,2,60,77,0.283333333333333,0,90,0,90,1.43333333333333
"CALFTN_2_CFSBT1",178559,1,60,60,0,0,506,0,506,1
"CALFTN_2_CFSBT1",236353,1,60,60,0,0,360,0,360,1
"CALFTN_2_CFSBT1",611344,1,60,61,0.0166666666666667,0,180,0,180,0.983333333333333
"CALFTN_2_SOLAR",143349,4,130,131,0.00769230769230769,-0.5,70,0.5,72,3.96923076923077
"CALFTN_2_SOLAR",204700,4,130,110,0.153846153846154,-0.5,100,0.5,100,3.38461538461538
"CALFTN_2_SOLAR",145233,2,130,125,0.0384615384615385,-1,105,1,105,1.92307692307692
"CALFTN_2_SOLAR",705142,4,130,62.5,0.519230769230769,-0.5,100,0.5,100,1.92307692307692
"CALFTN_2_SOLAR",586821,2,130,120,0.0769230769230769,0,95,0,99,1.84615384615385
"CALFTS_2_CFSSR1",529747,4,150,75,0.5,-0.5,25.5,0.5,25.5,2
"CALFTS_2_CFSSR1",183646,2,150,219.7,0.464666666666667,-0.5,80.5,0.5,80.5,1.07066666666667
"CALFTS_2_CFSSR1",190770,1,150,160,0.0666666666666667,-1,15540,1,15540,0.933333333333333
"CALFTS_2_CFSSR1",104627,1,150,130,0.133333333333333,0,834,0,834,0.866666666666667
"CALFTS_2_CFSSR1",203679,1,150,130,0.133333333333333,0,161,0,161,0.866666666666667
"CALGEN_1_UNITS",166473,1,80,75,0.0625,0,90,0,90,0.9375
"CALGEN_1_UNITS",887179,1,80,94,0.175,0,21450,0,21450,0.825
"CALGEN_1_UNITS",527790,1,80,101.8,0.2725,0,1290,0,1290,0.7275
"CALGEN_1_UNITS",130794,1,80,55,0.3125,0,18300,0,18300,0.6875
"CALGEN_1_UNITS",710016,1,80,105.5,0.31875,0,210,0,210,0.68125
"CALPIN_1_AGNEW",134647,2,28.56,25,0.124649859943978,0.5,570,0.5,570,1.75070028011204
"CALPIN_1_AGNEW",194982,2,28.56,35,0.225490196078431,0,668,0,668,1.54901960784314
"CALPIN_1_AGNEW",122409,2,28.56,41,0.435574229691877,0.5,210,0.5,210,1.12885154061625
"CALPIN_1_AGNEW",272761,1,28.56,25.75,0.0983893557422969,1,1440,1,1440,0.901610644257703
"CALPIN_1_AGNEW",142368,1,28.56,25,0.124649859943978,0,2761,0,2761,0.875350140056022
"CALPSS_6_SOLAR1",159086,6,19.9,20,0.00502512562814078,-0.833333333333333,140,0.833333333333333,140,5.96984924623116
"CALPSS_6_SOLAR1",565664,6,19.9,20,0.00502512562814078,-1,62.5,1,62.5,5.96984924623116
"CALPSS_6_SOLAR1",819306,6,19.9,20,0.00502512562814078,-1,122.5,1,122.5,5.96984924623116
"CALPSS_6_SOLAR1",143302,5,19.9,9.5,0.522613065326633,-1,708,1,708,2.38693467336683
"CALPSS_6_SOLAR1",193527,5,19.9,9.5,0.522613065326633,-1,708,1,708,2.38693467336683
"CAMCHE_1_PL1X3",197582,3,9.99,4.18,0.581581581581582,0,12340.6666666667,0,12340.6666666667,1.25525525525526
"CAMCHE_1_PL1X3",735117,1,9.99,9,0.0990990990990991,0,5220,0,5220,0.900900900900901
"CAMCHE_1_PL1X3",844001,1,9.99,18.8,0.881881881881882,0,486,0,486,0.118118118118118
"CAMCHE_1_PL1X3",937035,1,9.99,1,0.8998998998999,0,606,0,606,0.1001001001001
"CAMCHE_1_PL1X3",749591,1,9.99,25,1.5025025025025,0,1,0,1,-0.502502502502503
"CAMDEN_6_RDDBM1",102701,1,0.55,70,126.272727272727,0,6880,0,6880,-125.272727272727
"CAMDEN_6_RDDBM1",965468,1,0.55,80,144.454545454545,0,100,0,100,-143.454545454545
"CAMERN_6_BSPBT1",138597,1,0.46,100,216.391304347826,4,NA,4,NA,-215.391304347826
"CAMERN_6_BSPBT1",117971,1,0.46,508,1103.34782608696,4,56160,4,56160,-1102.34782608696
"CAMERN_6_BSPSR1",138597,1,0.84,100,118.047619047619,4,NA,4,NA,-117.047619047619
"CAMERN_6_BSPSR1",117971,1,0.84,508,603.761904761905,4,56160,4,56160,-602.761904761905
"CAMLOT_2_SOLAR1",148758,4,45,50,0.111111111111111,-1,261,1,261,3.55555555555556
"CAMLOT_2_SOLAR1",154578,4,45,40,0.111111111111111,-1,261,1,261,3.55555555555556
"CAMLOT_2_SOLAR1",180457,4,45,40,0.111111111111111,-1,321,1,321,3.55555555555556
"CAMLOT_2_SOLAR1",186146,4,45,40,0.111111111111111,-1,261,1,261,3.55555555555556
"CAMLOT_2_SOLAR1",973878,4,45,50,0.111111111111111,-1,261,1,261,3.55555555555556
"CAMLOT_2_SOLAR2",603185,5,15,17,0.133333333333333,-0.8,351,0.8,351,4.33333333333333
"CAMLOT_2_SOLAR2",799732,5,15,12,0.2,-0.8,399,0.8,399,4
"CAMLOT_2_SOLAR2",779880,5,15,11,0.266666666666667,-0.8,399,0.8,399,3.66666666666667
"CAMLOT_2_SOLAR2",261146,4,15,13.6,0.0933333333333334,-1,393.75,1,393.75,3.62666666666667
"CAMLOT_2_SOLAR2",181841,5,15,20,0.333333333333333,-0.8,339,0.8,339,3.33333333333333
"CAMPFW_7_FARWST",903445,1,6.8,16.76,1.46470588235294,0,0,0,0,-0.464705882352941
"CAMPFW_7_FARWST",279238,1,6.8,40,4.88235294117647,0,170640,0,170640,-3.88235294117647
"CAMPFW_7_FARWST",506140,1,6.8,50,6.35294117647059,0,900,0,900,-5.35294117647059
"CAMPFW_7_FARWST",623125,1,6.8,50,6.35294117647059,0,171480,0,171480,-5.35294117647059
"CAMPFW_7_FARWST",100966,1,6.8,51,6.5,0,10560,0,10560,-5.5
"CANTUA_1_SOLAR",181841,1,20,20,0,0,60,0,60,1
"CANTUA_1_SOLAR",482688,1,20,17,0.15,0,0,0,0,0.85
"CANTUA_1_SOLAR",131964,1,20,13.53,0.3235,0,60,0,60,0.6765
"CANTUA_1_SOLAR",543434,1,20,12,0.4,0,286,0,286,0.6
"CANTUA_1_SOLAR",779880,1,20,11,0.45,0,60,0,60,0.55
"CARBOU_7_PL2X3",949253,3,49,49,0,0,515.333333333333,0,515.333333333333,3
"CARBOU_7_PL2X3",179949,5,49,26,0.469387755102041,0,24,0,24,2.6530612244898
"CARBOU_7_PL2X3",208011,3,49,55.83,0.139387755102041,1,695,1,695,2.58183673469388
"CARBOU_7_PL2X3",420763,3,49,40,0.183673469387755,0,600,0,600,2.44897959183673
"CARBOU_7_PL2X3",705142,3,49,62.5,0.275510204081633,1,555.333333333333,1,555.333333333333,2.1734693877551
"CARBOU_7_PL4X5",710016,3,120,105.5,0.120833333333333,0,100,0,100,2.6375
"CARBOU_7_PL4X5",387388,2,120,121,0.00833333333333333,0,300,0,300,1.98333333333333
"CARBOU_7_PL4X5",132102,2,120,79,0.341666666666667,0,5580,0,5580,1.31666666666667
"CARBOU_7_PL4X5",906210,2,120,171,0.425,0,1230,0,1230,1.15
"CARBOU_7_PL4X5",627078,1,120,120,0,0,780,0,780,1
"CARBOU_7_UNIT 1",179949,4,24,26,0.0833333333333333,0,45,0,45,3.66666666666667
"CARBOU_7_UNIT 1",851690,3,24,30,0.25,0,424,0,424,2.25
"CARBOU_7_UNIT 1",591854,2,24,26.65,0.110416666666667,0,750,0,750,1.77916666666667
"CARBOU_7_UNIT 1",331315,2,24,20,0.166666666666667,0,1830,0,1830,1.66666666666667
"CARBOU_7_UNIT 1",565664,2,24,20,0.166666666666667,0,690,0,690,1.66666666666667
"CARLS1_2_CARCT1",129058,681,422,422,0,0,11.2657856093979,0,11.2657856093979,681
"CARLS1_2_CARCT1",710016,681,422,105.5,0.75,0,11.2657856093979,0,11.2657856093979,170.25
"CARLS1_2_CARCT1",192081,152,422,375,0.111374407582938,0,1325.96026490066,0,1325.96026490066,135.071090047393
"CARLS1_2_CARCT1",364853,214,422,242,0.42654028436019,0,906.719626168224,0,906.719626168224,122.720379146919
"CARLS1_2_CARCT1",482638,212,422,242,0.42654028436019,0,1208.58490566038,0,1208.58490566038,121.57345971564
"CARLS2_1_CARCT1",710016,684,105.5,105.5,0,0.00292397660818712,6.31578947368424,0.00292397660818712,6.31578947368424,684
"CARLS2_1_CARCT1",556956,322,105.5,104.5,0.00947867298578199,0.00621118012422362,544.844720496895,0.00621118012422362,544.844720496895,318.947867298578
"CARLS2_1_CARCT1",161396,98,105.5,94,0.109004739336493,0,147.826530612245,0,147.826530612245,87.3175355450237
"CARLS2_1_CARCT1",928521,92,105.5,99.5,0.0568720379146919,0,212.608695652174,0,212.608695652174,86.7677725118483
"CARLS2_1_CARCT1",112948,78,105.5,113,0.0710900473933649,0.0128205128205128,2456.34615384615,0.0128205128205128,2456.34615384615,72.4549763033175
"CASADB_1_CD4GT1",134471,1,40.7,27.2,0.331695331695332,0,244,0,244,0.668304668304668
"CASADB_1_CD4GT1",177935,1,40.7,25,0.385749385749386,0,1376,0,1376,0.614250614250614
"CASADB_1_CD4GT1",135881,1,40.7,18,0.557739557739558,0,244,0,244,0.442260442260442
"CASADB_1_CD4GT1",610706,1,40.7,1,0.975429975429975,0,300,0,300,0.0245700245700246
"CASADB_1_CD4GT1",661056,1,40.7,1,0.975429975429975,0,300,0,300,0.0245700245700246
"CASCES_6_CESBT1",591854,14,25,26.65,0.066,-0.214285714285714,446.571428571429,0.214285714285714,446.571428571429,13.076
"CASCES_6_CESBT1",142368,9,25,25,0,0,2006.66666666667,0,2006.66666666667,9
"CASCES_6_CESBT1",102291,11,25,20,0.2,-0.272727272727273,399.090909090909,0.272727272727273,399.090909090909,8.8
"CASCES_6_CESBT1",217748,11,25,19.12,0.2352,-0.272727272727273,399.090909090909,0.272727272727273,399.090909090909,8.4128
"CASCES_6_CESBT1",331315,10,25,20,0.2,0,1343.1,0,1343.1,8
"CASCES_6_CESBT2",214685,1,20,20,0,0,180,0,180,1
"CASCES_6_CESBT2",201934,1,20,21.59,0.0795,0,2160,0,2160,0.9205
"CASCES_6_CESBT2",164152,1,20,15,0.25,0,2220,0,2220,0.75
"CASCES_6_CESBT2",177935,1,20,25,0.25,0,2221,0,2221,0.75
"CASCES_6_CESBT2",272761,1,20,25.75,0.2875,0,2160,0,2160,0.7125
"CATLNA_2_SOLAR",143349,4,110,131,0.190909090909091,0,0,0,0,3.23636363636364
"CATLNA_2_SOLAR",170732,4,110,74,0.327272727272727,0,660,0,660,2.69090909090909
"CATLNA_2_SOLAR",334381,4,110,150,0.363636363636364,0,45,0,45,2.54545454545455
"CATLNA_2_SOLAR",705142,4,110,62.5,0.431818181818182,0,0,0,0,2.27272727272727
"CATLNA_2_SOLAR",144713,4,110,52.5,0.522727272727273,0,75,0,75,1.90909090909091
"CATLNA_2_SOLAR2",159086,5,18,20,0.111111111111111,-0.4,276,0.4,276,4.44444444444444
"CATLNA_2_SOLAR2",603185,2,18,17,0.0555555555555556,-1,330,1,330,1.88888888888889
"CATLNA_2_SOLAR2",217748,2,18,19.12,0.0622222222222223,-1,330,1,330,1.87555555555556
"CATLNA_2_SOLAR2",102291,2,18,20,0.111111111111111,-1,420,1,420,1.77777777777778
"CATLNA_2_SOLAR2",150919,2,18,20,0.111111111111111,-1,330,1,330,1.77777777777778
"CAVLSR_2_BSOLAR",180457,5,40,40,0,0,184.2,0,184.2,5
"CAVLSR_2_BSOLAR",186146,5,40,40,0,0,148.2,0,148.2,5
"CAVLSR_2_BSOLAR",685873,5,40,40,0,0,172.2,0,172.2,5
"CAVLSR_2_BSOLAR",922006,4,40,40,0,0,753.75,0,753.75,4
"CAVLSR_2_BSOLAR",620521,5,40,30,0.25,0,184.2,0,184.2,3.75
"CAVLSR_2_RSOLAR",784426,5,210,200,0.0476190476190476,0,153.6,0,153.6,4.76190476190476
"CAVLSR_2_RSOLAR",723063,5,210,250,0.19047619047619,0,141.6,0,141.6,4.04761904761905
"CAVLSR_2_RSOLAR",107681,4,210,223.6,0.0647619047619047,0,155.75,0,155.75,3.74095238095238
"CAVLSR_2_RSOLAR",334381,4,210,150,0.285714285714286,0,220.75,0,220.75,2.85714285714286
"CAVLSR_2_RSOLAR",152145,5,210,105,0.5,0,177.6,0,177.6,2.5
"CAYTNO_2_VASCO",368224,1,4.3,4,0.0697674418604651,0,60,0,60,0.930232558139535
"CAYTNO_2_VASCO",800488,1,4.3,3.43,0.202325581395349,3,90,3,90,0.797674418604651
"CAYTNO_2_VASCO",730557,1,4.3,5.9,0.372093023255814,0,0,0,0,0.627906976744186
"CAYTNO_2_VASCO",146475,1,4.3,6.2,0.441860465116279,0,345,0,345,0.558139534883721
"CAYTNO_2_VASCO",197004,2,4.3,1,0.767441860465116,-2.5,249.5,2.5,249.5,0.465116279069767
"CDWR07_2_GEN",660372,1,415.3,350,0.157235733204912,4,1,4,1,0.842764266795088
"CDWR07_2_GEN",196186,1,415.3,270,0.349867565615218,4,1081,4,1081,0.650132434384782
"CDWR07_2_GEN",555216,1,415.3,219.7,0.470984830243198,4,1141,4,1141,0.529015169756802
"CDWR07_2_GEN",705086,1,415.3,170,0.5906573561281,4,181,4,181,0.4093426438719
"CDWR07_2_GEN",160093,1,415.3,79,0.809776065494823,4,1,4,1,0.190223934505177
"CEDRCK_6_UNIT",179949,1,0.98,26,25.530612244898,0,3124,0,3124,-24.530612244898
"CEDRCK_6_UNIT",374311,1,0.98,40,39.8163265306123,0,664,0,664,-38.8163265306123
"CEDRCK_6_UNIT",971578,1,0.98,700,713.285714285714,0,2,0,2,-712.285714285714
"CEDRCK_6_UNIT",201337,1,0.98,847,863.285714285714,0,2,0,2,-862.285714285714
"CEDUCR_2_SOLAR1",933839,1,20,20,0,0,7680,0,7680,1
"CEDUCR_2_SOLAR2",933839,1,20,20,0,0,7680,0,7680,1
"CEDUCR_2_SOLAR3",933839,1,15,20,0.333333333333333,0,7680,0,7680,0.666666666666667
"CEDUCR_2_SOLAR4",933839,1,20,20,0,0,7680,0,7680,1
"CENT40_1_C40SR1",922006,5,40,40,0,-0.6,54,0.6,54,5
"CENT40_1_C40SR1",154578,5,40,40,0,-0.8,36,0.8,36,5
"CENT40_1_C40SR1",148758,5,40,50,0.25,-0.8,36,0.8,36,3.75
"CENT40_1_C40SR1",973878,5,40,50,0.25,-0.8,36,0.8,36,3.75
"CENT40_1_C40SR1",180457,3,40,40,0,-0.666666666666667,20,0.666666666666667,20,3
"CENTER_2_RHONDO",203902,1,1.91,10,4.23560209424084,0,960,0,960,-3.23560209424084
"CENTER_2_RHONDO",134647,1,1.91,25,12.0890052356021,0,600,0,600,-11.0890052356021
"CENTER_2_RHONDO",177935,1,1.91,25,12.0890052356021,0,60,0,60,-11.0890052356021
"CENTER_2_RHONDO",364961,1,1.91,25,12.0890052356021,-3,4920,3,4920,-11.0890052356021
"CENTER_2_RHONDO",599767,1,1.91,68,34.6020942408377,0,960,0,960,-33.6020942408377
"CENTER_2_SOLAR1",179949,1,0.9,26,27.8888888888889,0,0,0,0,-26.8888888888889
"CENTER_2_SOLAR1",627078,1,0.9,120,132.333333333333,0,6600,0,6600,-131.333333333333
"CENTER_2_SOLAR1",306594,1,0.9,200,221.222222222222,0,9540,0,9540,-220.222222222222
"CENTER_2_SOLAR1",108268,1,0.9,211,233.444444444444,0,6780,0,6780,-232.444444444444
"CENTER_2_SOLAR1",701449,1,0.9,318,352.333333333333,0,360,0,360,-351.333333333333
"CENTER_6_PEAKER",194982,2,47.3,35,0.260042283298097,0,182.5,0,182.5,1.47991543340381
"CENTER_6_PEAKER",328642,1,47.3,46,0.0274841437632135,0,480,0,480,0.972515856236786
"CENTER_6_PEAKER",636428,1,47.3,45,0.0486257928118393,0,300,0,300,0.951374207188161
"CENTER_6_PEAKER",717058,1,47.3,50,0.0570824524312897,0,480,0,480,0.94291754756871
"CENTER_6_PEAKER",159511,1,47.3,43,0.0909090909090909,0,360,0,360,0.909090909090909
"CENTPD_2_BMSSX2",107681,3,223.6,223.6,0,0,132.333333333333,0,132.333333333333,3
"CENTPD_2_BMSSX2",196895,4,223.6,150,0.329159212880143,0,160,0,160,2.68336314847943
"CENTPD_2_BMSSX2",199791,5,223.6,102,0.543828264758497,0,126,0,126,2.28085867620751
"CENTPD_2_BMSSX2",589808,5,223.6,102,0.543828264758497,0,126,0,126,2.28085867620751
"CENTPD_2_BMSSX2",213716,5,223.6,96,0.570661896243292,0,126,0,126,2.14669051878354
"CENTPD_2_BMSX2",331013,9,112,100,0.107142857142857,0,246.111111111111,0,246.111111111111,8.03571428571429
"CENTPD_2_BMSX2",199791,8,112,102,0.0892857142857143,0,118.75,0,118.75,7.28571428571429
"CENTPD_2_BMSX2",589808,8,112,102,0.0892857142857143,0,118.75,0,118.75,7.28571428571429
"CENTPD_2_BMSX2",213716,8,112,96,0.142857142857143,0,118.75,0,118.75,6.85714285714286
"CENTPD_2_BMSX2",513545,8,112,96,0.142857142857143,0,118.75,0,118.75,6.85714285714286
"CENTRY_6_PL1X4",374311,1,41.4,40,0.0338164251207729,-1,7020,1,7020,0.966183574879227
"CENTRY_6_PL1X4",956804,1,41.4,46.42,0.121256038647343,-1,696,1,696,0.878743961352657
"CENTRY_6_PL1X4",143093,1,41.4,35,0.154589371980676,-1,20701,1,20701,0.845410628019324
"CENTRY_6_PL1X4",194982,1,41.4,35,0.154589371980676,-1,15096,1,15096,0.845410628019324
"CENTRY_6_PL1X4",555191,1,41.4,48.35,0.167874396135266,-1,30360,1,30360,0.832125603864734
"CHALK_1_UNIT",599767,3,48.67,68,0.397164577768646,0.333333333333333,2043.33333333333,0.333333333333333,2043.33333333333,1.80850626669406
"CHALK_1_UNIT",552081,1,48.67,50,0.027326895418122,1,1860,1,1860,0.972673104581878
"CHALK_1_UNIT",935836,1,48.67,50,0.027326895418122,1,2160,1,2160,0.972673104581878
"CHALK_1_UNIT",956804,1,48.67,46.42,0.0462297102938155,1,20160,1,20160,0.953770289706184
"CHALK_1_UNIT",276632,1,48.67,52.25,0.0735566057119375,1,20160,1,20160,0.926443394288063
"CHARMN_2_PGONG1",101363,2,19.87,11,0.446401610468042,-2.5,90,2.5,90,1.10719677906392
"CHARMN_2_PGONG1",159086,1,19.87,20,0.00654252642174127,-1,60,1,60,0.993457473578259
"CHARMN_2_PGONG1",933839,1,19.87,20,0.00654252642174127,-1,19080,1,19080,0.993457473578259
"CHARMN_2_PGONG1",204664,1,19.87,25,0.258178158027177,0,11760,0,11760,0.741821841972823
"CHARMN_2_PGONG1",334338,1,19.87,25,0.258178158027177,0,4380,0,4380,0.741821841972823
"CHESTN_2_CHWBX2",387388,2,135,121,0.103703703703704,0,314,0,314,1.79259259259259
"CHESTN_2_CHWBX2",131943,2,135,150,0.111111111111111,0,900,0,900,1.77777777777778
"CHESTN_2_CHWBX2",137906,3,135,200,0.481481481481481,0,6265.33333333333,0,6265.33333333333,1.55555555555556
"CHESTN_2_CHWBX2",178982,2,135,83,0.385185185185185,0,359.5,0,359.5,1.22962962962963
"CHESTN_2_CHWBX2",977347,2,135,190,0.407407407407407,0,480,0,480,1.18518518518519
"CHESTN_2_CHWSX2",334381,3,150,150,0,0,575,0,575,3
"CHESTN_2_CHWSX2",576455,3,150,150,0,0,575,0,575,3
"CHESTN_2_CHWSX2",145233,3,150,125,0.166666666666667,0,515,0,515,2.5
"CHESTN_2_CHWSX2",277359,3,150,125,0.166666666666667,0,575,0,575,2.5
"CHESTN_2_CHWSX2",676452,3,150,125,0.166666666666667,0,575,0,575,2.5
"CHEVCD_6_UNIT",108072,1,11.5,16.8,0.460869565217391,0,893,0,893,0.539130434782609
"CHEVCD_6_UNIT",800488,1,11.5,3.43,0.701739130434783,0,533,0,533,0.298260869565217
"CHEVCD_6_UNIT",561427,1,11.5,25,1.17391304347826,0,773,0,773,-0.173913043478261
"CHEVCD_6_UNIT",669648,1,11.5,25,1.17391304347826,0,533,0,533,-0.173913043478261
"CHEVCD_6_UNIT",134471,1,11.5,27.2,1.36521739130435,0,140,0,140,-0.365217391304348
"CHEVCO_6_UNIT 1",108072,1,16.5,16.8,0.0181818181818182,0,380,0,380,0.981818181818182
"CHEVCO_6_UNIT 1",134647,2,16.5,25,0.515151515151515,0,1023,0,1023,0.96969696969697
"CHEVCO_6_UNIT 1",135881,1,16.5,18,0.0909090909090909,0,390,0,390,0.909090909090909
"CHEVCO_6_UNIT 1",844001,1,16.5,18.8,0.139393939393939,0,210,0,210,0.860606060606061
"CHEVCO_6_UNIT 1",589439,1,16.5,13,0.212121212121212,0,320,0,320,0.787878787878788
"CHEVCO_6_UNIT 2",156654,1,8.5,280,31.9411764705882,0,270,0,270,-30.9411764705882
"CHEVCO_6_UNIT 2",493257,1,8.5,750,87.2352941176471,0,990,0,990,-86.2352941176471
"CHEVCO_6_UNIT 2",772081,1,8.5,750,87.2352941176471,0,990,0,990,-86.2352941176471
"CHEVCY_1_UNIT",135881,2,24.3,18,0.259259259259259,0,517.5,0,517.5,1.48148148148148
"CHEVCY_1_UNIT",589439,2,24.3,13,0.465020576131687,0,517.5,0,517.5,1.06995884773663
"CHEVCY_1_UNIT",517313,1,24.3,23.66,0.0263374485596708,0,44,0,44,0.973662551440329
"CHEVCY_1_UNIT",193972,1,24.3,19.85,0.183127572016461,0,44,0,44,0.816872427983539
"CHEVCY_1_UNIT",982861,1,24.3,13,0.465020576131687,0,14670,0,14670,0.534979423868313
"CHEVMN_2_UNITS",131943,2,124.87,150,0.201249299271242,2.5,22429.5,2.5,22429.5,1.59750140145752
"CHEVMN_2_UNITS",479608,2,124.87,150,0.201249299271242,2.5,22309.5,2.5,22309.5,1.59750140145752
"CHEVMN_2_UNITS",140315,2,124.87,76,0.391367021702571,0,23669.5,0,23669.5,1.21726595659486
"CHEVMN_2_UNITS",147278,1,124.87,127.5,0.0210619043805557,0,50,0,50,0.978938095619444
"CHEVMN_2_UNITS",542239,1,124.87,118.5,0.0510130535757188,0,1850,0,1850,0.948986946424281
"CHICPK_7_UNIT 1",134471,307,42,27.2,0.352380952380952,0,13.7231270358306,0,13.7231270358306,198.819047619048
"CHICPK_7_UNIT 1",844001,36,42,18.8,0.552380952380952,0,232.777777777778,0,232.777777777778,16.1142857142857
"CHICPK_7_UNIT 1",949253,18,42,49,0.166666666666667,0,715.555555555556,0,715.555555555556,15
"CHICPK_7_UNIT 1",126265,16,42,38,0.0952380952380952,0,795,0,795,14.4761904761905
"CHICPK_7_UNIT 1",915712,17,42,50,0.19047619047619,0,391.764705882353,0,391.764705882353,13.7619047619048
"CHILLS_1_SYCENG",905952,2,1.5,2,0.333333333333333,0,166,5,166,1.33333333333333
"CHILLS_1_SYCENG",214773,1,1.5,1.5,0,5,290,5,290,1
"CHILLS_1_SYCENG",428806,1,1.5,1.5,0,5,290,5,290,1
"CHILLS_1_SYCENG",534269,1,1.5,1.5,0,5,290,5,290,1
"CHILLS_1_SYCENG",169572,1,1.5,1.52,0.0133333333333333,5,290,5,290,0.986666666666667
"CHILLS_7_UNITA1",650703,1,2.25,2,0.111111111111111,0,0,0,0,0.888888888888889
"CHILLS_7_UNITA1",905952,1,2.25,2,0.111111111111111,0,55,0,55,0.888888888888889
"CHILLS_7_UNITA1",160896,1,2.25,3,0.333333333333333,0,115,0,115,0.666666666666667
"CHILLS_7_UNITA1",589439,1,2.25,13,4.77777777777778,0,55,0,55,-3.77777777777778
"CHILLS_7_UNITA1",331315,1,2.25,20,7.88888888888889,0,55,0,55,-6.88888888888889
"CHINO_2_APEBT1",844001,3,20,18.8,0.06,0,335,0,335,2.82
"CHINO_2_APEBT1",331315,2,20,20,0,0,233.5,0,233.5,2
"CHINO_2_APEBT1",134471,2,20,27.2,0.36,0,350,0,350,1.28
"CHINO_2_APEBT1",135881,1,20,18,0.1,0,240,0,240,0.9
"CHINO_2_APEBT1",108072,1,20,16.8,0.16,0,372,0,372,0.84
"CHINO_2_PESBT1",262439,1,20,18,0.1,0,480,0,480,0.9
"CHINO_2_PESBT1",108072,1,20,16.8,0.16,0,300,0,300,0.84
"CHINO_2_PESBT1",903445,1,20,16.76,0.162,0,420,0,420,0.838
"CHINO_2_PESBT1",699923,1,20,16,0.2,0,960,0,960,0.8
"CHINO_2_PESBT1",142368,1,20,25,0.25,0,2400,0,2400,0.75
"CHINO_6_CIMGEN",194982,1,26,35,0.346153846153846,0,851,0,851,0.653846153846154
"CHINO_6_CIMGEN",917160,1,26,71,1.73076923076923,0,71,0,71,-0.730769230769231
"CHINO_6_CIMGEN",354420,1,26,106,3.07692307692308,0,11,0,11,-2.07692307692308
"CHINO_6_CIMGEN",142035,1,26,107,3.11538461538462,0,11,0,11,-2.11538461538462
"CHINO_6_CIMGEN",113005,1,26,155.1,4.96538461538462,0,22511,0,22511,-3.96538461538462
"CHWCHL_1_AVSSR1",126447,2,2.56,1,0.609375,0,180,0,180,0.78125
"CHWCHL_1_AVSSR1",256419,1,2.56,4,0.5625,0,719,0,719,0.4375
"CHWCHL_1_AVSSR1",646670,1,2.56,4,0.5625,0,719,0,719,0.4375
"CHWCHL_1_AVSSR1",906818,1,2.56,4,0.5625,0,719,0,719,0.4375
"CHWCHL_1_AVSSR1",818615,1,2.56,5,0.953125,0,124140,0,124140,0.046875
"CHWCHL_1_AVSSR2",818615,1,5,5,0,0,124140,0,124140,1
"CHWCHL_1_AVSSR2",126447,2,5,1,0.8,0,180,0,180,0.4
"CHWCHL_1_AVSSR2",197335,1,5,11.07,1.214,0,2760,0,2760,-0.214
"CHWCHL_1_AVSSR2",184635,1,5,11.5,1.3,0,1380,0,1380,-0.3
"CHWCHL_1_AVSSR2",171401,1,5,25,4,0,85680,0,85680,-3
"CHWCHL_1_BIOMAS",125901,1,10.8,14,0.296296296296296,0,181,0,181,0.703703703703704
"CHWCHL_1_BIOMAS",108072,1,10.8,16.8,0.555555555555555,0,121,0,121,0.444444444444445
"CHWCHL_1_BIOMAS",905952,1,10.8,2,0.814814814814815,0,121,0,121,0.185185185185185
"CHWCHL_1_BIOMAS",363348,1,10.8,26,1.40740740740741,0,1175,0,1175,-0.407407407407407
"CHWCHL_1_BIOMAS",170852,1,10.8,40,2.7037037037037,0,455,0,455,-1.7037037037037
"CHWCHL_1_UNIT",142017,1,48.6,50,0.0288065843621399,0,60,0,60,0.97119341563786
"CHWCHL_1_UNIT",364961,1,48.6,25,0.48559670781893,0,492846,0,492846,0.51440329218107
"CHWCHL_1_UNIT",644274,1,48.6,22.5,0.537037037037037,0,540,0,540,0.462962962962963
"CHWCHL_1_UNIT",978009,1,48.6,2,0.958847736625514,0,600,0,600,0.0411522633744856
"CHWCHL_1_UNIT",447809,1,48.6,100,1.05761316872428,0,780,0,780,-0.0576131687242798
"CLINESCO_3_PVDYN",627078,1,129.94,120,0.0764968446975527,0,1440,0,1440,0.923503155302447
"CLINESCO_3_PVDYN",711517,1,129.94,120,0.0764968446975527,0,316,0,316,0.923503155302447
"CLINESCO_3_PVDYN",170383,1,129.94,118,0.0918885639525935,1,360,1,360,0.908111436047407
"CLINESCO_3_PVDYN",191282,1,129.94,144,0.108203786362937,1,1440,1,1440,0.891796213637063
"CLINESCO_3_PVDYN",362805,1,129.94,112,0.138063721717716,1,600,1,600,0.861936278282284
"CLINESCO_3_WBDYN",199332,1,194.28,200,0.0294420424130121,0,3240,0,3240,0.970557957586988
"CLINESCO_3_WBDYN",784896,1,194.28,220,0.132386246654313,0,420,0,420,0.867613753345687
"CLINESCO_3_WBDYN",296736,1,194.28,165.9,0.146077825818406,0,60,0,60,0.853922174181594
"CLINESCO_3_WBDYN",791910,1,194.28,235,0.209594399835289,0,60,0,60,0.790405600164711
"CLINESCO_3_WBDYN",192934,1,194.28,247,0.27136092238007,0,587,0,587,0.72863907761993
"CLOVER_2_UNIT",179841,2,0.99,1,0.0101010101010101,0,81,0,81,1.97979797979798
"CLOVER_2_UNIT",205754,2,0.99,1,0.0101010101010101,0,81,0,81,1.97979797979798
"CLOVER_2_UNIT",842105,2,0.99,1,0.0101010101010101,0,81,0,81,1.97979797979798
"CLOVER_2_UNIT",506583,2,0.99,1.05,0.0606060606060607,0,81,0,81,1.87878787878788
"CLOVER_2_UNIT",120933,2,0.99,1.06,0.0707070707070708,0,81,0,81,1.85858585858586
"CLRMNT_6_CLEBT1",561157,1,9,40,3.44444444444444,0,350,0,350,-2.44444444444444
"CLRMNT_6_CLEBT1",599767,1,9,68,6.55555555555556,0,5150,0,5150,-5.55555555555556
"CLRMNT_6_CLEBT1",283138,1,9,126,13,0,10250,0,10250,-12
"CLRMNT_6_CLEBT1",774828,1,9,242,25.8888888888889,0,50,0,50,-24.8888888888889
"CLRMNT_6_CLEBT1",110776,1,9,266,28.5555555555556,0,110,0,110,-27.5555555555556
"CMBLND_2_DS2BT1",915712,20,52,50,0.0384615384615385,0,357,0,357,19.2307692307692
"CMBLND_2_DS2BT1",949253,12,52,49,0.0576923076923077,0,415,0,415,11.3076923076923
"CMBLND_2_DS2BT1",997249,9,52,50.5,0.0288461538461538,0,720,0,720,8.74038461538461
"CMBLND_2_DS2BT1",744292,9,52,50,0.0384615384615385,0,720,0,720,8.65384615384615
"CMBLND_2_DS2BT1",208011,9,52,55.83,0.0736538461538461,0,720,0,720,8.33711538461539
"CMBLND_2_DS2BT2",133829,4,33,37.5,0.136363636363636,0,261.25,0,261.25,3.45454545454545
"CMBLND_2_DS2BT2",164708,2,33,41,0.242424242424242,0,16437.5,0,16437.5,1.51515151515152
"CMBLND_2_DS2BT2",711583,1,33,29,0.121212121212121,0,0,0,0,0.878787878787879
"CMBLND_2_DS2BT2",126265,1,33,38,0.151515151515152,5,1160,5,1160,0.848484848484849
"CMBLND_2_DS2BT2",363348,1,33,26,0.212121212121212,0,4755,0,4755,0.787878787878788
"CMBLND_2_DS2BT3",915712,20,46,50,0.0869565217391304,0,173.2,0,173.2,18.2608695652174
"CMBLND_2_DS2BT3",744292,16,46,50,0.0869565217391304,0,720,0,720,14.6086956521739
"CMBLND_2_DS2BT3",997249,16,46,50.5,0.0978260869565217,0,720,0,720,14.4347826086957
"CMBLND_2_DS2BT3",949253,15,46,49,0.0652173913043478,0.0666666666666667,316.066666666667,0.0666666666666667,316.066666666667,14.0217391304348
"CMBLND_2_DS2BT3",180457,16,46,40,0.130434782608696,0,720,0,720,13.9130434782609
"CMBLND_2_DS2SR1",208011,59,65,55.83,0.141076923076923,0,6.11864406779661,0,6.11864406779661,50.6764615384615
"CMBLND_2_DS2SR1",997249,58,65,50.5,0.223076923076923,0,6.22413793103449,0,6.22413793103449,45.0615384615385
"CMBLND_2_DS2SR1",178559,48,65,60,0.0769230769230769,0,41.2708333333333,0,41.2708333333333,44.3076923076923
"CMBLND_2_DS2SR1",115494,50,65,56,0.138461538461538,0,7.22,0,7.22,43.0769230769231
"CMBLND_2_DS2SR1",133547,50,65,56,0.138461538461538,0,7.22,0,7.22,43.0769230769231
"CMBLND_2_DS2SR2",418080,2,65,65,0,0,330,0,330,2
"CMBLND_2_DS2SR2",236353,2,65,60,0.0769230769230769,0,170,0,170,1.84615384615385
"CMBLND_2_DS2SR2",267185,2,65,60,0.0769230769230769,0,3210,0,3210,1.84615384615385
"CMBLND_2_DS2SR2",178982,2,65,83,0.276923076923077,0,11420,0,11420,1.44615384615385
"CMBLND_2_DS2SR2",133829,2,65,37.5,0.423076923076923,0,170,0,170,1.15384615384615
"CMBLND_2_DS2SR3",997249,33,52,50.5,0.0288461538461538,0,0,0,0,32.0480769230769
"CMBLND_2_DS2SR3",208011,32,52,55.83,0.0736538461538461,0,0,0,0,29.6430769230769
"CMBLND_2_DS2SR3",744292,29,52,50,0.0384615384615385,0,0,0,0,27.8846153846154
"CMBLND_2_DS2SR3",178559,27,52,60,0.153846153846154,0,71.1111111111111,0,71.1111111111111,22.8461538461538
"CMBLND_2_DS2SR3",186146,29,52,40,0.230769230769231,0,0,0,0,22.3076923076923
"CNTNLA_2_SOLAR1",277359,4,125,125,0,0,67,0,67,4
"CNTNLA_2_SOLAR1",676452,4,125,125,0,0,67,0,67,4
"CNTNLA_2_SOLAR1",152145,4,125,105,0.16,0,37,0,37,3.36
"CNTNLA_2_SOLAR1",118279,4,125,100,0.2,0,22,0,22,3.2
"CNTNLA_2_SOLAR1",196895,4,125,150,0.2,0,22,0,22,3.2
"CNTNLA_2_SOLAR2",180457,6,45.6,40,0.12280701754386,0,54.5,0,54.5,5.26315789473684
"CNTNLA_2_SOLAR2",115494,6,45.6,56,0.228070175438596,0,54.5,0,54.5,4.63157894736842
"CNTNLA_2_SOLAR2",133547,6,45.6,56,0.228070175438596,0,54.5,0,54.5,4.63157894736842
"CNTNLA_2_SOLAR2",186146,5,45.6,40,0.12280701754386,0,36,0,36,4.3859649122807
"CNTNLA_2_SOLAR2",158082,6,45.6,33,0.276315789473684,0,54.5,0,54.5,4.34210526315789
"COCOPP_2_CTG1",524669,2,204.2,242,0.18511263467189,-0.5,540,0.5,540,1.62977473065622
"COCOPP_2_CTG1",228662,2,204.2,300,0.469147894221352,-0.5,507.5,0.5,507.5,1.0617042115573
"COCOPP_2_CTG1",162350,1,204.2,205,0.00391772771792366,0,2221,0,2221,0.996082272282076
"COCOPP_2_CTG1",134543,1,204.2,200,0.0205680705190989,0,3600,0,3600,0.979431929480901
"COCOPP_2_CTG1",338486,1,204.2,217,0.0626836434867777,0,240,0,240,0.937316356513222
"COCOPP_2_CTG2",482638,2,202.7,242,0.193882585101135,0,485,0,485,1.61223482979773
"COCOPP_2_CTG2",524669,2,202.7,242,0.193882585101135,-0.5,540,0.5,540,1.61223482979773
"COCOPP_2_CTG2",946506,2,202.7,121,0.403058707449433,0,225,0,225,1.19388258510113
"COCOPP_2_CTG2",228662,2,202.7,300,0.480019733596448,-0.5,507.5,0.5,507.5,1.0399605328071
"COCOPP_2_CTG2",162350,1,202.7,205,0.0113468179575728,0,2221,0,2221,0.988653182042427
"COCOPP_2_CTG3",977347,2,208.96,190,0.0907350689127106,0,298.5,0,298.5,1.81852986217458
"COCOPP_2_CTG3",951615,2,208.96,275,0.31604134762634,0,349.5,0,349.5,1.36791730474732
"COCOPP_2_CTG3",142035,2,208.96,107,0.487940275650842,0,60,0,60,1.02411944869832
"COCOPP_2_CTG3",162350,1,208.96,205,0.0189509954058193,0,2221,0,2221,0.981049004594181
"COCOPP_2_CTG3",338486,1,208.96,217,0.0384762633996937,0,520,0,520,0.961523736600306
"COCOPP_2_CTG4",977347,2,204.29,190,0.0699495814773116,0,298.5,0,298.5,1.86010083704538
"COCOPP_2_CTG4",951615,2,204.29,275,0.346125605756523,0,349.5,0,349.5,1.30774878848695
"COCOPP_2_CTG4",142035,2,204.29,107,0.476234764305644,0,60,0,60,1.04753047138871
"COCOPP_2_CTG4",162350,1,204.29,205,0.00347545156395324,0,2221,0,2221,0.996524548436047
"COCOPP_2_CTG4",108122,1,204.29,200,0.0209995594498017,0,520,0,520,0.979000440550198
"COCOSB_6_SOLAR",447809,1,1.5,100,65.6666666666667,0,360,0,360,-64.6666666666667
"COCOSB_6_SOLAR",175361,1,1.5,120,79,0,360,0,360,-78
"COGNAT_1_UNIT",288617,2,45,42,0.0666666666666667,0.5,640,0.5,640,1.86666666666667
"COGNAT_1_UNIT",284331,2,45,39.61,0.119777777777778,1,3350.5,1,3350.5,1.76044444444444
"COGNAT_1_UNIT",976499,2,45,53,0.177777777777778,-1.5,9492,2.5,9492,1.64444444444444
"COGNAT_1_UNIT",133003,2,45,35,0.222222222222222,0.5,877.5,0.5,877.5,1.55555555555556
"COGNAT_1_UNIT",921125,2,45,32.19,0.284666666666667,1,3350.5,1,3350.5,1.43066666666667
"COLEMN_2_UNIT",152702,1,13,10,0.230769230769231,0,0,0,0,0.769230769230769
"COLEMN_2_UNIT",126265,1,13,38,1.92307692307692,0,1084,0,1084,-0.923076923076923
"COLEMN_2_UNIT",554521,1,13,70,4.38461538461539,0,15678,0,15678,-3.38461538461539
"COLEMN_2_UNIT",542239,1,13,118.5,8.11538461538461,0,138,0,138,-7.11538461538461
"COLEMN_2_UNIT",627078,1,13,120,8.23076923076923,0,3964,0,3964,-7.23076923076923
"COLGAT_7_UNIT 1",117281,1,176.72,139,0.213444997736532,1,37800,1,37800,0.786555002263468
"COLGAT_7_UNIT 1",568837,1,176.72,104.16,0.410593028519692,0,120,0,120,0.589406971480308
"COLGAT_7_UNIT 1",887179,1,176.72,94,0.468085106382979,1,151560,1,151560,0.531914893617021
"COLGAT_7_UNIT 1",162519,1,176.72,79,0.552965142598461,1,39600,1,39600,0.447034857401539
"COLGAT_7_UNIT 1",742355,1,176.72,75,0.575599818922589,1,360,1,360,0.424400181077411
"COLGAT_7_UNIT 2",704081,1,175.67,180,0.0246484886434793,0,780,0,780,0.975351511356521
"COLGAT_7_UNIT 2",190770,1,175.67,160,0.0892013434280184,0,780,0,780,0.910798656571982
"COLGAT_7_UNIT 2",110222,1,175.67,25,0.857687709910628,0,0,0,0,0.142312290089372
"COLGAT_7_UNIT 2",842570,1,175.67,5,0.971537541982126,0,0,0,0,0.0284624580178744
"COLGAT_7_UNIT 2",196739,1,175.67,450,1.5616212216087,0,0,0,0,-0.561621221608698
"COLGNS_2_CNSSR1",234172,9,74.8,74,0.0106951871657754,-0.111111111111111,378.444444444444,0.111111111111111,378.444444444444,8.90374331550802
"COLGNS_2_CNSSR1",152145,7,74.8,105,0.403743315508021,-0.142857142857143,361.857142857143,0.142857142857143,361.857142857143,4.17379679144385
"COLGNS_2_CNSSR1",133547,5,74.8,56,0.251336898395722,0,278.8,0,278.8,3.74331550802139
"COLGNS_2_CNSSR1",922006,7,74.8,40,0.46524064171123,-0.142857142857143,353.571428571429,0.142857142857143,353.571428571429,3.74331550802139
"COLGNS_2_CNSSR1",208011,5,74.8,55.83,0.253609625668449,0,230.6,0,230.6,3.73195187165775
"COLPIN_6_COLLNS",102551,1,3.3,0.99,0.7,0,3960,0,3960,0.3
"COLPIN_6_COLLNS",185493,1,3.3,0.96,0.709090909090909,0,4020,0,4020,0.290909090909091
"COLPIN_6_COLLNS",867323,1,3.3,0.96,0.709090909090909,0,4080,0,4080,0.290909090909091
"COLPIN_6_COLLNS",361877,1,3.3,0.94,0.715151515151515,0,4080,0,4080,0.284848484848485
"COLPIN_6_COLLNS",776094,1,3.3,0.94,0.715151515151515,0,4080,0,4080,0.284848484848485
"COLTON_6_AGUAM1",328642,1,43,46,0.0697674418604651,1,28860,1,28860,0.930232558139535
"COLTON_6_AGUAM1",911243,1,43,48,0.116279069767442,1,28860,1,28860,0.883720930232558
"COLTON_6_AGUAM1",434763,1,43,10.57,0.754186046511628,1,29160,1,29160,0.245813953488372
"COLTON_6_AGUAM1",204341,1,43,7.5,0.825581395348837,1,116700,1,116700,0.174418604651163
"COLTON_6_AGUAM1",904345,1,43,3,0.930232558139535,1,28860,1,28860,0.0697674418604651
"COLUSA_2_PL1X3",509317,1,641,625,0.0249609984399376,0,2595,0,2595,0.975039001560062
"COLUSA_2_PL1X3",807482,1,641,612,0.0452418096723869,0,22895,0,22895,0.954758190327613
"COLUSA_2_PL1X3",658374,1,641,302.58,0.52795631825273,0,3075,0,3075,0.47204368174727
"COLUSA_2_PL1X3",209906,1,641,206,0.678627145085803,0,24735,0,24735,0.321372854914197
"COLUSA_2_PL1X3",559904,2,641,50,0.921996879875195,0,84375,0,84375,0.15600624024961
"COLVIL_7_PL1X2",201370,1,246.86,246.86,0,0,65,0,65,1
"COLVIL_7_PL1X2",877294,1,246.86,75,0.696184071943612,0,4350,0,4350,0.303815928056388
"COLVIL_7_PL1X2",204664,1,246.86,25,0.898728023981204,5,54360,5,54360,0.101271976018796
"CONDOR_2_CDRBT1",364853,6,200,242,0.21,0,360,0,360,4.74
"CONDOR_2_CDRBT1",774828,6,200,242,0.21,0,360,0,360,4.74
"CONDOR_2_CDRBT1",950113,3,200,200,0,0,356,0,356,3
"CONDOR_2_CDRBT1",530607,3,200,242,0.21,0,120,0,120,2.37
"CONDOR_2_CDRBT1",108122,2,200,200,0,0,330,0,330,2
"CONTRL_1_CASAD1",120392,1,7.2,7,0.0277777777777778,-5,0,5,0,0.972222222222222
"CONTRL_1_CASAD1",184635,1,7.2,11.5,0.597222222222222,0,7200,0,7200,0.402777777777778
"CONTRL_1_CASAD1",727309,1,7.2,1,0.861111111111111,0,180,0,180,0.138888888888889
"CONTRL_1_CASAD1",603374,1,7.2,72,9,0,5040,0,5040,-8
"CONTRL_1_CASAD1",655049,1,7.2,73,9.13888888888889,0,180,0,180,-8.13888888888889
"CONTRL_1_CASAD2",376549,1,10.5,10,0.0476190476190476,-5,181,5,181,0.952380952380952
"CONTRL_1_CASAD2",779880,1,10.5,11,0.0476190476190476,-5,181,5,181,0.952380952380952
"CONTRL_1_CASAD2",279660,1,10.5,9.5,0.0952380952380952,-5,181,5,181,0.904761904761905
"CONTRL_1_CASAD2",799732,1,10.5,12,0.142857142857143,-5,181,5,181,0.857142857142857
"CONTRL_1_CASAD2",261146,1,10.5,13.6,0.295238095238095,-5,181,5,181,0.704761904761905
"CONTRL_1_CASAD3",261146,1,14,13.6,0.0285714285714286,-5,180,5,180,0.971428571428571
"CONTRL_1_CASAD3",799732,1,14,12,0.142857142857143,-5,180,5,180,0.857142857142857
"CONTRL_1_CASAD3",603185,1,14,17,0.214285714285714,-5,180,5,180,0.785714285714286
"CONTRL_1_CASAD3",779880,1,14,11,0.214285714285714,-5,180,5,180,0.785714285714286
"CONTRL_1_CASAD3",376549,1,14,10,0.285714285714286,-5,180,5,180,0.714285714285714
"CONTRL_1_LUNDY",991404,2,3,1.65,0.45,1,60102.5,1,60102.5,1.1
"CONTRL_1_LUNDY",257250,1,3,2,0.333333333333333,1,4397,1,4397,0.666666666666667
"CONTRL_1_LUNDY",181860,1,3,6,1,1,720,1,720,0
"CONTRL_1_LUNDY",146475,1,3,6.2,1.06666666666667,1,59845,1,59845,-0.0666666666666667
"CONTRL_1_LUNDY",108432,1,3,8,1.66666666666667,1,7645,1,7645,-0.666666666666667
"CONTRL_1_OXBOW",915712,2,60,50,0.166666666666667,0,690,0,690,1.66666666666667
"CONTRL_1_OXBOW",234172,2,60,74,0.233333333333333,2.5,505,2.5,505,1.53333333333333
"CONTRL_1_OXBOW",158082,2,60,33,0.45,2.5,505,2.5,505,1.1
"CONTRL_1_OXBOW",165788,2,60,33,0.45,2.5,505,2.5,505,1.1
"CONTRL_1_OXBOW",852416,2,60,33,0.45,2.5,505,2.5,505,1.1
"CONTRL_1_POOLE",197335,12,11.07,11.07,0.00389908256880734,0,1011.33333333333,0,1011.33333333333,11.9532110091743
"CONTRL_1_POOLE",691663,2,11.07,12.19,0.101174345076784,0,849,0,849,1.79765130984643
"CONTRL_1_POOLE",101363,1,10.9,11,0.00917431192660547,0,14213,0,14213,0.990825688073395
"CONTRL_1_POOLE",148272,1,10.9,10,0.0825688073394496,1,1200,1,1200,0.91743119266055
"CONTRL_1_POOLE",940797,1,11.07,10,0.0966576332429991,0,480,0,480,0.903342366757001
"CONTRL_1_QF",194982,1,2.55,35,12.7254901960784,0,2348,0,2348,-11.7254901960784
"CONTRL_1_QF",126265,2,2.55,38,13.9019607843137,0,754,0,754,-25.8039215686275
"CONTRL_1_QF",627078,1,2.55,120,46.0588235294118,0,6728,0,6728,-45.0588235294118
"CONTRL_1_QF",123980,1,2.55,200,77.4313725490196,0,13088,0,13088,-76.4313725490196
"CONTRL_1_QF",133364,1,2.55,205,79.3921568627451,0,660,0,660,-78.3921568627451
"CONTRL_1_RUSHCK",691663,5,12.19,12.19,0.00837520938023451,0,797.6,0,797.6,4.95812395309883
"CONTRL_1_RUSHCK",197335,2,12.19,11.07,0.091878589007383,0,850,0,850,1.81624282198523
"CONTRL_1_RUSHCK",135881,1,12.19,18,0.4766201804758,0,640,0,640,0.5233798195242
"CONTRL_1_RUSHCK",945442,1,12.19,2,0.835931091058244,0,160,0,160,0.164068908941756
"CONTRL_1_RUSHCK",126447,1,12.19,1,0.917965545529122,0,420,0,420,0.0820344544708778
"COPMT2_2_SOLAR2",145233,2,155,125,0.193548387096774,0,0,0,0,1.61290322580645
"COPMT2_2_SOLAR2",430586,1,155,151,0.0258064516129032,0,1140,0,1140,0.974193548387097
"COPMT2_2_SOLAR2",529747,2,155,75,0.516129032258065,0,0,0,0,0.967741935483871
"COPMT2_2_SOLAR2",115978,1,155,169,0.0903225806451613,0,13800,0,13800,0.909677419354839
"COPMT2_2_SOLAR2",199228,1,155,175,0.129032258064516,0,1140,0,1140,0.870967741935484
"COPMTN_2_CM10",163531,1,10,10,0,0,10020,0,10020,1
"COPMTN_2_CM10",376549,1,10,10,0,0,60,0,60,1
"COPMTN_2_CM10",279660,1,10,9.5,0.05,0,60,0,60,0.95
"COPMTN_2_CM10",779880,1,10,11,0.1,0,60,0,60,0.9
"COPMTN_2_CM10",799732,1,10,12,0.2,0,60,0,60,0.8
"COPMTN_2_SOLAR1",744292,1,48,50,0.0416666666666667,0,60,0,60,0.958333333333333
"COPMTN_2_SOLAR1",997249,1,48,50.5,0.0520833333333333,0,60,0,60,0.947916666666667
"COPMTN_2_SOLAR1",234172,2,48,74,0.541666666666667,0,412,0,412,0.916666666666667
"COPMTN_2_SOLAR1",297766,1,48,52,0.0833333333333333,0,60,0,60,0.916666666666667
"COPMTN_2_SOLAR1",736984,1,48,54,0.125,0,60,0,60,0.875
"CORCAN_1_SOLAR1",940797,1,20,10,0.5,0,512,0,512,0.5
"CORCAN_1_SOLAR1",967390,1,20,10,0.5,0,512,0,512,0.5
"CORCAN_1_SOLAR1",158082,1,20,33,0.65,0,330,0,330,0.35
"CORCAN_1_SOLAR1",165788,1,20,33,0.65,0,330,0,330,0.35
"CORCAN_1_SOLAR1",852416,1,20,33,0.65,0,330,0,330,0.35
"CORCAN_1_SOLAR2",136331,1,11,1.15,0.895454545454545,0,840,0,840,0.104545454545455
"CORCAN_1_SOLAR2",211994,1,11,0.99,0.91,0,840,0,840,0.09
"CORCAN_1_SOLAR2",404933,1,11,0.99,0.91,0,840,0,840,0.09
"CORCAN_1_SOLAR2",757517,1,11,0.96,0.912727272727273,0,840,0,840,0.0872727272727274
"CORCAN_1_SOLAR2",125137,1,11,0.95,0.913636363636364,0,840,0,840,0.0863636363636363
"CORONS_6_CLRWTR",222735,2,28,10.4,0.628571428571429,0,147.5,0,147.5,0.742857142857143
"CORONS_6_CLRWTR",211495,1,28,39,0.392857142857143,0,129840,0,129840,0.607142857142857
"CORONS_6_CLRWTR",137216,1,28,40,0.428571428571429,0,129840,0,129840,0.571428571428571
"CORONS_6_CLRWTR",415983,1,28,9.6,0.657142857142857,0,10,0,10,0.342857142857143
"CORONS_6_CLRWTR",146475,1,28,6.2,0.778571428571429,0,1065,0,1065,0.221428571428571
"CORRAL_6_SJOAQN",368224,1,4.3,4,0.0697674418604651,0,60,0,60,0.930232558139535
"CORRAL_6_SJOAQN",106825,1,4.3,4.6,0.0697674418604651,1,167,1,167,0.930232558139535
"CORRAL_6_SJOAQN",714921,2,4.3,2,0.534883720930233,0,637.5,0,637.5,0.930232558139535
"CORRAL_6_SJOAQN",892312,1,4.3,3.6,0.162790697674419,1,167,1,167,0.837209302325581
"CORRAL_6_SJOAQN",445378,1,4.3,5,0.162790697674419,0,645,0,645,0.837209302325581
"COTTLE_2_FRNKNH",842570,1,5.3,5,0.0566037735849056,0,570,0,570,0.943396226415094
"COTTLE_2_FRNKNH",905952,1,5.3,2,0.622641509433962,0,450,0,450,0.377358490566038
"COTTLE_2_FRNKNH",152702,1,5.3,10,0.886792452830189,0,150,0,150,0.113207547169811
"COTTLE_2_FRNKNH",101363,1,5.3,11,1.07547169811321,0,450,0,450,-0.0754716981132075
"COTTLE_2_FRNKNH",177935,1,5.3,25,3.71698113207547,0,7449,0,7449,-2.71698113207547
"COVERD_2_HCKHY1",103147,1,6.89,5.9,0.143686502177068,0,5394,0,5394,0.856313497822932
"COVERD_2_HCKHY1",119848,1,6.89,5.9,0.143686502177068,0,5394,0,5394,0.856313497822932
"COVERD_2_HCKHY1",189796,1,6.89,5.9,0.143686502177068,0,5394,0,5394,0.856313497822932
"COVERD_2_HCKHY1",214587,1,6.89,5.9,0.143686502177068,0,5394,0,5394,0.856313497822932
"COVERD_2_HCKHY1",354845,1,6.89,5.9,0.143686502177068,0,7974,0,7974,0.856313497822932
"COVERD_2_MCKHY1",705820,1,2.8,1,0.642857142857143,0,NA,0,NA,0.357142857142857
"COVERD_2_MCKHY1",135975,1,2.8,25,7.92857142857143,0,NA,0,NA,-6.92857142857143
"COVERD_2_QFUNTS",103147,1,5.5,5.9,0.0727272727272728,0,5393,0,5393,0.927272727272727
"COVERD_2_QFUNTS",119848,1,5.5,5.9,0.0727272727272728,0,5393,0,5393,0.927272727272727
"COVERD_2_QFUNTS",189796,1,5.5,5.9,0.0727272727272728,0,5393,0,5393,0.927272727272727
"COVERD_2_QFUNTS",214587,1,5.5,5.9,0.0727272727272728,0,5393,0,5393,0.927272727272727
"COVERD_2_QFUNTS",354845,1,5.5,5.9,0.0727272727272728,0,7973,0,7973,0.927272727272727
"COVERD_2_RCKHY1",978009,1,2,2,0,0,948,0,948,1
"COVERD_2_RCKHY1",134131,1,2,1,0.5,0,121,0,121,0.5
"COVERD_2_RCKHY1",705820,1,2,1,0.5,0,2225,0,2225,0.5
"COVERD_2_RCKHY1",176822,1,2,0.16,0.92,0,1008,0,1008,0.08
"COVERD_2_RCKHY1",766252,1,2,5,1.5,0,600,0,600,-0.5
"COWCRK_2_UNIT",521760,1,2,50,24,1,31740,1,31740,-23
"CPVERD_2_SOLAR",196895,5,139,150,0.079136690647482,0,27,0,27,4.60431654676259
"CPVERD_2_SOLAR",118279,6,139,100,0.280575539568345,0,22.5,0,22.5,4.31654676258993
"CPVERD_2_SOLAR",234172,8,139,74,0.467625899280576,0,40.625,0,40.625,4.2589928057554
"CPVERD_2_SOLAR",230642,4,139,100,0.280575539568345,0,63.75,0,63.75,2.87769784172662
"CPVERD_2_SOLAR",152145,3,139,105,0.244604316546763,0,0,0,0,2.26618705035971
"CRELMN_6_AABBT1",186633,1,0.47,0.45,0.0425531914893616,0,1168,0,1168,0.957446808510638
"CRELMN_6_AABBT1",345120,1,0.47,0.41,0.127659574468085,0,1168,0,1168,0.872340425531915
"CRELMN_6_AABBT1",197997,1,0.47,0.53,0.127659574468085,0,1168,0,1168,0.872340425531915
"CRELMN_6_AABBT1",427668,1,0.47,0.6,0.276595744680851,0,1168,0,1168,0.723404255319149
"CRELMN_6_AABBT1",966770,1,0.47,0.6,0.276595744680851,0,1168,0,1168,0.723404255319149
"CRELMN_6_RAMON1",197004,1,2,1,0.5,0,180,0,180,0.5
"CRELMN_6_RAMON1",543434,1,2,12,5,0,30840,0,30840,-4
"CRELMN_6_RAMON1",125901,1,2,14,6,0,180,0,180,-5
"CRELMN_6_RAMON1",177935,1,2,25,11.5,0,60,0,60,-10.5
"CRELMN_6_RAMON1",183275,1,2,29.1,13.55,0,60,0,60,-12.55
"CRELMN_6_RAMON2",197004,1,5,1,0.8,0,180,0,180,0.2
"CRELMN_6_RAMON2",543434,1,5,12,1.4,0,30840,0,30840,-0.4
"CRELMN_6_RAMON2",125901,1,5,14,1.8,0,180,0,180,-0.8
"CRELMN_6_RAMON2",177935,1,5,25,4,0,60,0,60,-3
"CRELMN_6_RAMON2",206861,1,5,25,4,0,0,0,0,-3
"CRELMN_6_RAMSR3",214685,1,4.32,20,3.62962962962963,0,206,0,206,-2.62962962962963
"CRELMN_6_RAMSR3",556956,1,4.32,104.5,23.1898148148148,0,626,0,626,-22.1898148148148
"CRELMN_6_RAMSR3",174549,1,4.32,430,98.537037037037,0,206,0,206,-97.537037037037
"CRESTA_7_PL1X2",179949,35,70.4,26,0.630681818181818,0,6.85714285714286,0,6.85714285714286,12.9261363636364
"CRESTA_7_PL1X2",599767,5,70.4,68,0.0340909090909092,0,576,0,576,4.82954545454545
"CRESTA_7_PL1X2",212542,6,70.4,42.8,0.392045454545455,0,400,0,400,3.64772727272727
"CRESTA_7_PL1X2",877294,3,70.4,75,0.065340909090909,-2.33333333333333,1094.66666666667,2.33333333333333,1094.66666666667,2.80397727272727
"CRESTA_7_PL1X2",194982,5,70.4,35,0.502840909090909,0,1608,0,1608,2.48579545454545
"CRIMSN_2_CRMBT1",164836,7,200,204,0.02,-0.571428571428572,614.285714285714,1.42857142857143,614.285714285714,6.86
"CRIMSN_2_CRMBT1",710016,11,200,105.5,0.4725,-0.272727272727273,152.181818181818,0.454545454545454,152.181818181818,5.8025
"CRIMSN_2_CRMBT1",950113,5,200,200,0,-0.8,3141.2,1.2,3141.2,5
"CRIMSN_2_CRMBT1",292863,5,200,194,0.03,-0.6,29735.4,0.6,29735.4,4.85
"CRIMSN_2_CRMBT1",524669,6,200,242,0.21,-1,857,2,857,4.74
"CRIMSN_2_CRMBT2",296736,4,150,165.9,0.106,-0.75,915.75,1.25,915.75,3.576
"CRIMSN_2_CRMBT2",950113,5,150,200,0.333333333333333,-1,3002,1,3002,3.33333333333333
"CRIMSN_2_CRMBT2",704081,4,150,180,0.2,0.75,467.5,1.75,467.5,3.2
"CRIMSN_2_CRMBT2",164836,5,150,204,0.36,-1,529.2,1,529.2,3.2
"CRIMSN_2_CRMBT2",563581,3,150,150,0,0,351,0,351,3
"CRNEVL_6_CRNVA",313257,1,0.9,1,0.111111111111111,0,690,0,690,0.888888888888889
"CRNEVL_6_CRNVA",978009,1,0.9,2,1.22222222222222,0,436,0,436,-0.222222222222222
"CRNEVL_6_CRNVA",256419,1,0.9,4,3.44444444444444,0,436,0,436,-2.44444444444444
"CRNEVL_6_CRNVA",906818,1,0.9,4,3.44444444444444,0,436,0,436,-2.44444444444444
"CRNEVL_6_CRNVA",292514,1,0.9,9,9,0,600,0,600,-8
"CRNEVL_6_SJQN 2",881550,1,3.2,1,0.6875,-1,4460,1,4460,0.3125
"CRNEVL_6_SJQN 2",524908,1,3.2,500,155.25,0,4981,0,4981,-154.25
"CRNEVL_6_SJQN 2",493257,1,3.2,750,233.375,0,4921,0,4921,-232.375
"CRNEVL_6_SJQN 2",772081,1,3.2,750,233.375,0,4921,0,4921,-232.375
"CROKET_7_UNIT",482638,3,240,242,0.00833333333333333,0,1408.33333333333,0,1408.33333333333,2.975
"CROKET_7_UNIT",473916,3,240,290,0.208333333333333,0.333333333333333,1136.33333333333,0.333333333333333,1136.33333333333,2.375
"CROKET_7_UNIT",132494,2,240,242,0.00833333333333333,-2,23,2,23,1.98333333333333
"CROKET_7_UNIT",524669,2,240,242,0.00833333333333333,-2,743,2,743,1.98333333333333
"CROKET_7_UNIT",530607,2,240,242,0.00833333333333333,-2,1223,2,1223,1.98333333333333
"CRSTWD_6_KUMYAY",113238,1,50,40,0.2,0,984,0,984,0.8
"CRSTWD_6_KUMYAY",177935,1,50,25,0.5,-5,390,5,390,0.5
"CRSTWD_6_KUMYAY",877294,1,50,75,0.5,-5,90,5,90,0.5
"CRSTWD_6_KUMYAY",146475,1,50,6.2,0.876,0,744,0,744,0.124
"CRSTWD_6_KUMYAY",818615,1,50,5,0.9,0,2280,0,2280,0.1
"CRWCKS_1_SOLAR1",819306,4,20,20,0,-0.25,46,0.25,46,4
"CRWCKS_1_SOLAR1",102291,3,20,20,0,0,554.666666666667,0,554.666666666667,3
"CRWCKS_1_SOLAR1",654478,4,20,29.18,0.459,-0.25,46,0.25,46,2.164
"CRWCKS_1_SOLAR1",159086,1,20,20,0,0,540,0,540,1
"CRWCKS_1_SOLAR1",181841,1,20,20,0,0,164,0,164,1
"CSCCOG_1_UNIT 1",164427,2,7,7,0,0,3961,0,3961,2
"CSCCOG_1_UNIT 1",133003,1,7,35,4,0,3571,0,3571,-3
"CSCCOG_1_UNIT 1",277710,1,7,61,7.71428571428571,0,1351,0,1351,-6.71428571428571
"CSCCOG_1_UNIT 1",262817,1,7,100,13.2857142857143,1,171,1,171,-12.2857142857143
"CSCCOG_1_UNIT 1",250314,1,7,125,16.8571428571429,0,17281,0,17281,-15.8571428571429
"CSCGNR_1_UNIT 1",177935,1,24.75,25,0.0101010101010101,-1,1700,1,1700,0.98989898989899
"CSCGNR_1_UNIT 1",809558,1,24.75,25.08,0.0133333333333333,0,510,0,510,0.986666666666667
"CSCGNR_1_UNIT 1",288617,1,24.75,42,0.696969696969697,0,4830,0,4830,0.303030303030303
"CSCGNR_1_UNIT 1",189472,1,24.75,4.05,0.836363636363636,0,1257,0,1257,0.163636363636364
"CSCGNR_1_UNIT 1",256419,1,24.75,4,0.838383838383838,0,759,0,759,0.161616161616162
"CSCGNR_1_UNIT 2",177935,2,24.75,25,0.0101010101010101,-0.5,2140,0.5,2140,1.97979797979798
"CSCGNR_1_UNIT 2",764077,1,24.75,25,0.0101010101010101,0,269221,0,269221,0.98989898989899
"CSCGNR_1_UNIT 2",272761,1,24.75,25.75,0.0404040404040404,0,7201,0,7201,0.95959595959596
"CSCGNR_1_UNIT 2",201934,1,24.75,21.59,0.127676767676768,0,2881,0,2881,0.872323232323232
"CSCGNR_1_UNIT 2",921125,1,24.75,32.19,0.30060606060606,0,2881,0,2881,0.69939393939394
"CSLR4S_2_SOLAR",152145,4,130,105,0.192307692307692,-0.75,172.5,0.75,172.5,3.23076923076923
"CSLR4S_2_SOLAR",118279,4,130,100,0.230769230769231,-0.75,172.5,0.75,172.5,3.07692307692308
"CSLR4S_2_SOLAR",143349,3,130,131,0.00769230769230769,-1,205,1,205,2.97692307692308
"CSLR4S_2_SOLAR",204700,3,130,110,0.153846153846154,-1,205,1,205,2.53846153846154
"CSLR4S_2_SOLAR",145233,2,130,125,0.0384615384615385,-1,345,1,345,1.92307692307692
"CSTOGA_6_LNDFIL",193972,1,0.85,19.85,22.3529411764706,0,0,0,0,-21.3529411764706
"CSTOGA_6_LNDFIL",517313,1,0.85,23.66,26.8352941176471,0,0,0,0,-25.8352941176471
"CSTRVL_7_PL1X2",352258,1,4.53,15,2.3112582781457,0,7680,0,7680,-1.3112582781457
"CSTRVL_7_PL1X2",110222,1,4.53,25,4.51876379690949,0,300,0,300,-3.51876379690949
"CSTRVL_7_PL1X2",206861,1,4.53,25,4.51876379690949,0,4560,0,4560,-3.51876379690949
"CSTRVL_7_PL1X2",185626,1,4.53,49,9.8167770419426,-5,5781,5,5781,-8.8167770419426
"CSTRVL_7_PL1X2",664900,1,4.53,49,9.8167770419426,-5,5781,5,5781,-8.8167770419426
"CSTRVL_7_QFUNTS",352258,1,2,15,6.5,0,7680,0,7680,-5.5
"CSTRVL_7_QFUNTS",110222,1,2,25,11.5,0,300,0,300,-10.5
"CSTRVL_7_QFUNTS",206861,1,2,25,11.5,0,4560,0,4560,-10.5
"CSTRVL_7_QFUNTS",166473,1,2,75,36.5,0,6060,0,6060,-35.5
"CSTRVL_7_QFUNTS",163497,1,2,90,44,0,208020,0,208020,-43
"CUMBIA_1_SOLAR",103700,1,19,42,1.21052631578947,0,7800,0,7800,-0.210526315789474
"CUMBIA_1_SOLAR",926768,1,19,42,1.21052631578947,0,7860,0,7860,-0.210526315789474
"CUMBIA_1_SOLAR",891900,1,19,473,23.8947368421053,0,222,0,222,-22.8947368421053
"CUMBIA_1_SOLAR",177834,1,19,486,24.578947368421,0,222,0,222,-23.578947368421
"CUMBIA_1_SOLAR",719695,2,19,457,23.0526315789474,0,3021,0,3021,-44.1052631578947
"CUYAMA_6_SB3SB1",125901,1,3,14,3.66666666666667,0,180,0,180,-2.66666666666667
"CUYAMA_6_SB3SB1",126265,1,3,38,11.6666666666667,0,960,0,960,-10.6666666666667
"CUYAMA_6_SB3SB1",877294,1,3,75,24,0,60,0,60,-23
"CUYAMA_6_SB3SB1",525611,1,3,90,29,0,40920,0,40920,-28
"CUYAMA_6_SB3SB1",177834,1,3,486,161,0,2580,0,2580,-160
"CUYAMS_6_CUYSR1",685873,5,40,40,0,-1,138,1,138,5
"CUYAMS_6_CUYSR1",705142,7,40,62.5,0.5625,-1,40.5714285714286,1,40.5714285714286,3.0625
"CUYAMS_6_CUYSR1",144713,3,40,52.5,0.3125,0,379,0,379,2.0625
"CUYAMS_6_CUYSR1",736984,3,40,54,0.35,-0.666666666666667,62.3333333333333,0.666666666666667,62.3333333333333,1.95
"CUYAMS_6_CUYSR1",288336,6,40,67.5,0.6875,-0.833333333333333,148.666666666667,0.833333333333333,148.666666666667,1.875
"DAIRLD_1_CR1BM1",978009,12,2,2,0,0,125,0,125,12
"DAIRLD_1_CR1BM1",714921,8,2,2,0,0,37.5,0,37.5,8
"DAIRLD_1_CR1BM1",800488,16,2,3.43,0.715,0,120,0,120,4.56
"DAIRLD_1_CR1BM1",160896,7,2,3,0.5,0,42.8571428571429,0,42.8571428571429,3.5
"DAIRLD_1_CR1BM1",905952,3,2,2,0,0,40,0,40,3
"DEADCK_1_UNIT",193888,1,1.96,5.75,1.93367346938776,0,NA,0,NA,-0.933673469387755
"DEERCR_6_UNIT 1",368055,1,7,3.43,0.51,0,180,0,180,0.49
"DEERCR_6_UNIT 1",434763,1,7,10.57,0.51,0,176,0,176,0.49
"DEERCR_6_UNIT 1",713609,1,7,3.36,0.52,0,180,0,180,0.48
"DEERCR_6_UNIT 1",904345,1,7,3,0.571428571428571,0,45601,0,45601,0.428571428571429
"DEERCR_6_UNIT 1",110775,1,7,2.73,0.61,0,180,0,180,0.39
"DELAMO_2_ALASB2",589439,1,10,13,0.3,0,405,0,405,0.7
"DELAMO_2_ALASB2",865499,1,10,15,0.5,0,780,0,780,0.5
"DELAMO_2_ALASB2",714921,1,10,2,0.8,0,465,0,465,0.2
"DELAMO_2_ALASB2",142368,1,10,25,1.5,0,510,0,510,-0.5
"DELAMO_2_ALASB2",194982,1,10,35,2.5,0,600,0,600,-1.5
"DELSUR_6_HORSR1",384409,1,1.5,25,15.6666666666667,0,304801,0,304801,-14.6666666666667
"DELSUR_6_HORSR1",554521,1,1.5,70,45.6666666666667,0,8341,0,8341,-44.6666666666667
"DELSUR_6_HORSR1",431896,1,1.5,84,55,0,900,0,900,-54
"DELSUR_6_HORSR1",455119,1,1.5,119,78.3333333333333,0,1,0,1,-77.3333333333333
"DELSUR_6_HORSR1",567177,1,1.5,186,123,0,91441,0,91441,-122
"DELSUR_6_SOLAR1",735117,1,6.5,9,0.384615384615385,-4,2292,4,2292,0.615384615384615
"DELSUR_6_SOLAR1",965468,1,6.5,80,11.3076923076923,-4,72,4,72,-10.3076923076923
"DELSUR_6_SOLAR1",178982,1,6.5,83,11.7692307692308,-4,72,4,72,-10.7692307692308
"DELSUR_6_SOLAR1",186753,1,6.5,150,22.0769230769231,-4,852,4,852,-21.0769230769231
"DELSUR_6_SOLAR1",190770,1,6.5,160,23.6153846153846,-4,12,4,12,-22.6153846153846
"DELTA_2_PL1X4",192081,2,880,375,0.573863636363636,0,840,0,840,0.852272727272727
"DELTA_2_PL1X4",165871,2,880,350,0.602272727272727,0.5,3570.5,0.5,3570.5,0.795454545454545
"DELTA_2_PL1X4",984271,1,880,650,0.261363636363636,-5,530,5,530,0.738636363636364
"DELTA_2_PL1X4",363730,1,880,625,0.289772727272727,0,7080,0,7080,0.710227272727273
"DELTA_2_PL1X4",539605,1,880,620,0.295454545454545,-5,470,5,470,0.704545454545455
"DEVERS_1_SOLAR",254645,1,18.5,18,0.027027027027027,0,690,0,690,0.972972972972973
"DEVERS_1_SOLAR",211538,1,18.5,1,0.945945945945946,0,190,0,190,0.0540540540540541
"DEVERS_1_SOLAR",727309,1,18.5,1,0.945945945945946,0,690,0,690,0.0540540540540541
"DEVERS_1_SOLAR",497303,1,18.5,57.25,2.09459459459459,0,250,0,250,-1.09459459459459
"DEVERS_1_SOLAR",753034,1,18.5,75,3.05405405405405,0,13577,0,13577,-2.05405405405405
"DEVERS_1_SOLAR1",186631,1,12,13.5,0.125,0,0,0,0,0.875
"DEVERS_1_SOLAR1",940797,1,12,10,0.166666666666667,0,0,0,0,0.833333333333333
"DEVERS_1_SOLAR1",967390,1,12,10,0.166666666666667,0,0,0,0,0.833333333333333
"DEVERS_1_SOLAR1",842570,1,12,5,0.583333333333333,0,780,0,780,0.416666666666667
"DEVERS_1_SOLAR1",819306,1,12,20,0.666666666666667,0,120,0,120,0.333333333333333
"DEVERS_1_SOLAR2",155548,3,9,0.73,0.918888888888889,0,9740,0,9740,0.243333333333333
"DEVERS_1_SOLAR2",180123,3,9,0.42,0.953333333333333,0,660,0,660,0.14
"DEVERS_1_SOLAR2",857825,3,9,0.37,0.958888888888889,0,2100,0,2100,0.123333333333333
"DEVERS_1_SOLAR2",444784,1,9,0.38,0.957777777777778,0,660,0,660,0.0422222222222223
"DEVERS_1_SOLAR2",159086,2,9,20,1.22222222222222,0,0,0,0,-0.444444444444445
"DEVERS_2_DHSPG2",423784,1,1.4,100,70.4285714285714,-2,1650,2,1650,-69.4285714285714
"DEXZEL_1_UNIT",185773,1,20,20,0,0,1,0,1,1
"DEXZEL_1_UNIT",142368,1,20,25,0.25,0,8521,0,8521,0.75
"DEXZEL_1_UNIT",292514,1,20,9,0.55,0,NA,0,NA,0.45
"DEXZEL_1_UNIT",120392,1,20,7,0.65,-1,895,1,895,0.35
"DEXZEL_1_UNIT",766252,1,20,5,0.75,-1,655,1,655,0.25
"DISCOV_1_CHEVRN",623125,1,48.8,50,0.0245901639344263,0,441,0,441,0.975409836065574
"DISCOV_1_CHEVRN",792510,1,48.8,55,0.127049180327869,0,141,0,141,0.872950819672131
"DISCOV_1_CHEVRN",279238,1,48.8,40,0.180327868852459,0,1761,0,1761,0.819672131147541
"DISCOV_1_CHEVRN",284331,1,48.8,39.61,0.188319672131148,0,470,0,470,0.811680327868852
"DISCOV_1_CHEVRN",153037,1,48.8,39.5,0.190573770491803,0,470,0,470,0.809426229508197
"DIXNLD_1_LNDFL",814548,1,1.6,10.5,5.5625,0,960,0,960,-4.5625
"DIXNLD_1_LNDFL",160752,1,1.6,12,6.5,0,1980,0,1980,-5.5
"DIXNLD_1_LNDFL",301986,1,1.6,16.5,9.3125,0,960,0,960,-8.3125
"DIXNLD_1_LNDFL",193972,1,1.6,19.85,11.40625,0,0,0,0,-10.40625
"DIXNLD_1_LNDFL",933839,1,1.6,20,11.5,1,9895,1,9895,-10.5
"DONNLS_7_UNIT",603374,5,72,72,0,0,150.6,0,150.6,5
"DONNLS_7_UNIT",331440,1,72,72,0,0,11627,0,11627,1
"DONNLS_7_UNIT",210459,1,72,70,0.0277777777777778,0,2927,0,2927,0.972222222222222
"DONNLS_7_UNIT",121745,1,72,75,0.0416666666666667,0,227,0,227,0.958333333333333
"DONNLS_7_UNIT",166473,1,72,75,0.0416666666666667,0,167,0,167,0.958333333333333
"DOSMGO_2_NSPIN",599767,4,159,68,0.572327044025157,0,724.75,0,724.75,1.71069182389937
"DOSMGO_2_NSPIN",113228,2,159,205,0.289308176100629,0,1860,0,1860,1.42138364779874
"DOSMGO_2_NSPIN",906210,1,159,171,0.0754716981132075,0,63,0,63,0.924528301886792
"DOSMGO_2_NSPIN",176779,1,159,100,0.371069182389937,0,241,0,241,0.628930817610063
"DOSMGO_2_NSPIN",178982,1,159,83,0.477987421383648,0,510,0,510,0.522012578616352
"DOSPAL_1_DPSSR1",622149,1,3,375,124,0,2926,0,2926,-123
"DOUBLC_1_UNITS",288617,4,52.23,42,0.19586444572085,1,255,1,255,3.2165422171166
"DOUBLC_1_UNITS",603095,3,52.23,46,0.119280107218074,1,820,1,820,2.64215967834578
"DOUBLC_1_UNITS",159511,3,52.23,43,0.176718361095156,1,960,1,960,2.46984491671453
"DOUBLC_1_UNITS",843256,2,52.23,48,0.0809879379666858,1,4800,1,4800,1.83802412406663
"DOUBLC_1_UNITS",542415,2,52.23,42,0.19586444572085,1,420,1,420,1.6082711085583
"DRACKR_2_D4SR4B",420763,2,62.5,40,0.36,0,380,0,380,1.28
"DRACKR_2_D4SR4B",285753,1,62.5,65,0.04,0,60,0,60,0.96
"DRACKR_2_D4SR4B",142017,1,62.5,50,0.2,0,240,0,240,0.8
"DRACKR_2_D4SR4B",857430,1,62.5,50,0.2,0,240,0,240,0.8
"DRACKR_2_D4SR4B",419525,1,62.5,80,0.28,0,600,0,600,0.72
"DRACKR_2_DS3SR3",950113,2,125,200,0.6,0,960,0,960,0.8
"DRACKR_2_DS3SR3",236353,1,125,60,0.52,0,0,0,0,0.48
"DRACKR_2_DS3SR3",292863,1,125,194,0.552,0,0,0,0,0.448
"DRACKR_2_DS3SR3",108122,1,125,200,0.6,0,660,0,660,0.4
"DRACKR_2_DS3SR3",199332,1,125,200,0.6,0,660,0,660,0.4
"DRACKR_2_DS4SR4",420763,2,62.5,40,0.36,0,360,0,360,1.28
"DRACKR_2_DS4SR4",236353,1,62.5,60,0.04,0,0,0,0,0.96
"DRACKR_2_DS4SR4",285753,1,62.5,65,0.04,0,60,0,60,0.96
"DRACKR_2_DS4SR4",142017,1,62.5,50,0.2,0,240,0,240,0.8
"DRACKR_2_DS4SR4",857430,1,62.5,50,0.2,0,240,0,240,0.8
"DRACKR_2_DSUBT1",115494,2,63,56,0.111111111111111,0,760,0,760,1.77777777777778
"DRACKR_2_DSUBT1",133547,2,63,56,0.111111111111111,0,760,0,760,1.77777777777778
"DRACKR_2_DSUBT1",208011,2,63,55.83,0.113809523809524,0,760,0,760,1.77238095238095
"DRACKR_2_DSUBT1",234172,2,63,74,0.174603174603175,0,750,0,750,1.65079365079365
"DRACKR_2_DSUBT1",997249,2,63,50.5,0.198412698412698,0,760,0,760,1.6031746031746
"DRACKR_2_DSUBT2",178982,2,115,83,0.278260869565217,0,672,0,672,1.44347826086957
"DRACKR_2_DSUBT2",482318,1,115,120,0.0434782608695652,0,15547,0,15547,0.956521739130435
"DRACKR_2_DSUBT2",165180,1,115,100,0.130434782608696,0,444,0,444,0.869565217391304
"DRACKR_2_DSUBT2",405897,1,115,88,0.234782608695652,0,240,0,240,0.765217391304348
"DRACKR_2_DSUBT2",132195,1,115,77,0.330434782608696,0,0,0,0,0.669565217391304
"DRACKR_2_DSUBT3",701361,2,115,102,0.11304347826087,1,584,1,584,1.77391304347826
"DRACKR_2_DSUBT3",204333,2,115,71.9,0.374782608695652,1,584,1,584,1.2504347826087
"DRACKR_2_DSUBT3",190770,2,115,160,0.391304347826087,-1.5,1034,1.5,1034,1.21739130434783
"DRACKR_2_DSUBT3",469253,1,115,116,0.00869565217391304,3,587,3,587,0.991304347826087
"DRACKR_2_DSUBT3",455119,1,115,119,0.0347826086956522,0,120,0,120,0.965217391304348
"DRACKR_2_DSUBT4",142017,1,47,50,0.0638297872340425,0,240,0,240,0.936170212765957
"DRACKR_2_DSUBT4",623125,1,47,50,0.0638297872340425,0,2727,0,2727,0.936170212765957
"DRACKR_2_DSUBT4",857430,1,47,50,0.0638297872340425,0,240,0,240,0.936170212765957
"DRACKR_2_DSUBT4",915712,1,47,50,0.0638297872340425,0,810,0,810,0.936170212765957
"DRACKR_2_DSUBT4",159511,1,47,43,0.0851063829787234,0,507,0,507,0.914893617021277
"DRACKR_2_SOLAR1",236353,1,110,60,0.454545454545455,0,0,0,0,0.545454545454545
"DRACKR_2_SOLAR1",420763,1,110,40,0.636363636363636,0,60,0,60,0.363636363636364
"DRACKR_2_SOLAR1",950113,2,110,200,0.818181818181818,0,960,0,960,0.363636363636364
"DRACKR_2_SOLAR1",292863,1,110,194,0.763636363636364,0,0,0,0,0.236363636363636
"DRACKR_2_SOLAR1",108122,1,110,200,0.818181818181818,0,660,0,660,0.181818181818182
"DRACKR_2_SOLAR2",950113,1,125,200,0.6,0,1920,0,1920,0.4
"DRACKR_2_SOLAR2",420763,1,125,40,0.68,0,60,0,60,0.32
"DRACKR_2_SOLAR2",473916,1,125,290,1.32,0,420,0,420,-0.32
"DREWSR_2_BHSSR1",178559,4,100,60,0.4,0,172.5,0,172.5,2.4
"DREWSR_2_BHSSR1",118279,2,100,100,0,0,285,0,285,2
"DREWSR_2_BHSSR1",701361,2,100,102,0.02,0,315,0,315,1.96
"DREWSR_2_BHSSR1",152145,2,100,105,0.05,0,315,0,315,1.9
"DREWSR_2_BHSSR1",204700,2,100,110,0.1,0,255,0,255,1.8
"DREWS_6_PL1X4",374311,1,41.4,40,0.0338164251207729,-1,1875,1,1875,0.966183574879227
"DREWS_6_PL1X4",956804,1,41.4,46.42,0.121256038647343,-1,696,1,696,0.878743961352657
"DREWS_6_PL1X4",143093,1,41.4,35,0.154589371980676,-1,20701,1,20701,0.845410628019324
"DREWS_6_PL1X4",194982,1,41.4,35,0.154589371980676,-1,15096,1,15096,0.845410628019324
"DREWS_6_PL1X4",555191,1,41.4,48.35,0.167874396135266,-1,25215,1,25215,0.832125603864734
"DRUM_7_PL1X2",222735,73,26,10.4,0.6,0,75.1917808219179,0,75.2465753424657,29.2
"DRUM_7_PL1X2",415983,49,26,9.6,0.630769230769231,-0.102040816326531,104.040816326531,0.102040816326531,104.122448979592,18.0923076923077
"DRUM_7_PL1X2",133829,9,26,37.5,0.442307692307692,0,320,0,320,5.01923076923077
"DRUM_7_PL1X2",434763,11,26,10.57,0.593461538461538,0,81.8181818181818,0,81.8181818181818,4.47192307692308
"DRUM_7_PL1X2",134647,3,26,25,0.0384615384615385,0,4700,0,4700,2.88461538461538
"DRUM_7_PL3X4",415983,163,28.9,9.6,0.667820069204152,0,26.8343558282209,0,26.8343558282209,54.1453287197232
"DRUM_7_PL3X4",222735,107,28.9,10.4,0.640138408304498,0,624.672897196262,0,624.672897196262,38.5051903114187
"DRUM_7_PL3X4",133829,16,28.9,37.5,0.29757785467128,0,178.125,0,178.125,11.2387543252595
"DRUM_7_PL3X4",434763,24,28.9,10.57,0.634256055363322,0,27.375,0,27.375,8.77785467128028
"DRUM_7_PL3X4",844001,9,28.9,18.8,0.349480968858131,0,13.3333333333333,0,13.3333333333333,5.85467128027682
"DRUM_7_UNIT 5",844001,123,50,18.8,0.624,0,706.178861788617,0,706.178861788617,46.248
"DRUM_7_UNIT 5",134471,55,50,27.2,0.456,0,2018.18181818182,0,2018.18181818182,29.92
"DRUM_7_UNIT 5",461606,32,50,30,0.4,0,810.5625,0,810.5625,19.2
"DRUM_7_UNIT 5",973878,18,50,50,0,0,3.33333333333333,0,3.33333333333333,18
"DRUM_7_UNIT 5",148758,14,50,50,0,0,8.57142857142857,0,8.57142857142857,14
"DSABLA_7_UNIT",174396,1,18.5,7.42,0.598918918918919,0,1969,0,1969,0.401081081081081
"DSABLA_7_UNIT",444784,1,18.5,0.38,0.97945945945946,-5,533,5,533,0.0205405405405404
"DSABLA_7_UNIT",598153,1,18.5,0.34,0.981621621621622,-5,533,5,533,0.0183783783783784
"DSABLA_7_UNIT",750016,1,18.5,0.29,0.984324324324324,-5,533,5,533,0.0156756756756756
"DSABLA_7_UNIT",119421,1,18.5,0.28,0.984864864864865,-2,171592,2,171592,0.0151351351351352
"DSFLWR_2_W9CSB1",152145,102,102,105,0.0294117647058824,0,157.960784313725,0,157.960784313725,99
"DSFLWR_2_W9CSB1",199925,73,102,100,0.0196078431372549,0,11.5205479452055,0,11.5205479452055,71.5686274509804
"DSFLWR_2_W9CSB1",133547,111,102,56,0.450980392156863,0,183.603603603603,0,183.603603603603,60.9411764705882
"DSFLWR_2_W9CSB1",115494,110,102,56,0.450980392156863,0,178.181818181818,0,178.181818181818,60.3921568627451
"DSFLWR_2_W9CSB1",277359,73,102,125,0.225490196078431,0,13.986301369863,0,13.986301369863,56.5392156862745
"DSFLWR_2_W9CSB2",133547,140,72,56,0.222222222222222,0,135.721428571428,0,135.721428571428,108.888888888889
"DSFLWR_2_W9CSB2",115494,139,72,56,0.222222222222222,0,136.697841726619,0,136.697841726619,108.111111111111
"DSFLWR_2_W9CSB2",997249,114,72,50.5,0.298611111111111,0,174.043859649123,0,174.043859649123,79.9583333333333
"DSFLWR_2_W9CSB2",208011,101,72,55.83,0.224583333333333,0,189.267326732673,0,189.267326732673,78.3170833333333
"DSFLWR_2_W9CSB2",736984,101,72,54,0.25,0,174.445544554455,0,174.445544554455,75.75
"DSFLWR_2_WS2SR1",199925,4,100,100,0,-0.5,197.75,0.5,197.75,4
"DSFLWR_2_WS2SR1",118279,4,100,100,0,-0.75,228,0.75,228,4
"DSFLWR_2_WS2SR1",152145,4,100,105,0.05,-0.5,197.75,0.5,197.75,3.8
"DSFLWR_2_WS2SR1",277359,4,100,125,0.25,-0.5,197.75,0.5,197.75,3
"DSFLWR_2_WS2SR1",676452,4,100,125,0.25,-0.5,197.75,0.5,197.75,3
"DSRTHV_2_DH1SR1",529747,1,80,75,0.0625,0,180,0,180,0.9375
"DSRTHV_2_DH1SR1",525611,1,80,90,0.125,0,8520,0,8520,0.875
"DSRTHV_2_DH1SR1",144713,1,80,52.5,0.34375,0,300,0,300,0.65625
"DSRTHV_2_DH1SR1",262392,1,80,125,0.5625,0,31020,0,31020,0.4375
"DSRTHV_2_DH1SR1",940797,1,80,10,0.875,0,300,0,300,0.125
"DSRTHV_2_DH2BT1",685873,1,35,40,0.142857142857143,0,450,0,450,0.857142857142857
"DSRTHV_2_DH2BT1",134471,1,35,27.2,0.222857142857143,0,251,0,251,0.777142857142857
"DSRTHV_2_DH2BT1",206861,1,35,25,0.285714285714286,-2,5098,2,5098,0.714285714285714
"DSRTHV_2_DH2BT1",662836,1,35,48,0.371428571428571,0,224,0,224,0.628571428571429
"DSRTHV_2_DH2BT1",949253,1,35,49,0.4,0,90,0,90,0.6
"DSRTHV_2_DH2SR2",529747,1,70,75,0.0714285714285714,0,180,0,180,0.928571428571429
"DSRTHV_2_DH2SR2",144713,1,70,52.5,0.25,0,300,0,300,0.75
"DSRTHV_2_DH2SR2",525611,1,70,90,0.285714285714286,0,8520,0,8520,0.714285714285714
"DSRTHV_2_DH2SR2",262392,1,70,125,0.785714285714286,0,31020,0,31020,0.214285714285714
"DSRTHV_2_DH2SR2",940797,1,70,10,0.857142857142857,0,300,0,300,0.142857142857143
"DSRTSL_2_SOLAR1",723063,2,296.19,250,0.155947196056585,0,0,0,0,1.68810560788683
"DSRTSL_2_SOLAR1",784426,2,296.19,200,0.324757756845268,0,0,0,0,1.35048448630946
"DSRTSL_2_SOLAR1",149369,2,296.19,175,0.40916303723961,0,36877,0,36877,1.18167392552078
"DSRTSL_2_SOLAR1",498881,1,296.19,301,0.0162395759478713,0,840,0,840,0.983760424052129
"DSRTSL_2_SOLAR1",650619,1,296.19,309,0.0432492656740606,0,1129,0,1129,0.956750734325939
"DSRTSN_2_DS2BX2",296736,2,230,165.9,0.278695652173913,1,962,1,962,1.44260869565217
"DSRTSN_2_DS2BX2",149831,1,230,235,0.0217391304347826,2,476,2,476,0.978260869565217
"DSRTSN_2_DS2BX2",891453,1,230,225,0.0217391304347826,2,956,2,956,0.978260869565217
"DSRTSN_2_DS2BX2",960427,1,230,220,0.0434782608695652,2,712,2,712,0.956521739130435
"DSRTSN_2_DS2BX2",183646,1,230,219.7,0.0447826086956522,2,476,2,476,0.955217391304348
"DSRTSN_2_DS2X2",132494,3,230,242,0.0521739130434783,-1.66666666666667,7750,1.66666666666667,7750,2.84347826086957
"DSRTSN_2_DS2X2",482638,3,230,242,0.0521739130434783,-1.66666666666667,596.666666666667,1.66666666666667,596.666666666667,2.84347826086957
"DSRTSN_2_DS2X2",524669,3,230,242,0.0521739130434783,-1.66666666666667,1041.33333333333,1.66666666666667,1041.33333333333,2.84347826086957
"DSRTSN_2_DS2X2",530607,3,230,242,0.0521739130434783,-1.66666666666667,7181.33333333333,1.66666666666667,7181.33333333333,2.84347826086957
"DSRTSN_2_DS2X2",133667,3,230,300,0.304347826086957,0.666666666666667,996,2.66666666666667,996,2.08695652173913
"DSRTSN_2_SOLAR1",525717,1,300,288,0.04,-2,2360,2,2360,0.96
"DSRTSN_2_SOLAR1",925285,1,300,350,0.166666666666667,0,1291,0,1291,0.833333333333333
"DSRTSN_2_SOLAR1",182418,1,300,155,0.483333333333333,0,31,0,31,0.516666666666667
"DSRTSN_2_SOLAR1",147278,1,300,127.5,0.575,0,271,0,271,0.425
"DSRTSN_2_SOLAR1",469253,1,300,116,0.613333333333333,-2,380,2,380,0.386666666666667
"DSRTSN_2_SOLAR2",611852,1,250,150,0.4,0,129,0,129,0.6
"DSRTSN_2_SOLAR2",204700,1,250,110,0.56,0,9,0,9,0.44
"DSRTSN_2_SOLAR2",681987,1,250,393,0.572,0,129,0,129,0.428
"DSRTSN_2_SOLAR2",883285,1,250,84.1,0.6636,-2,275,2,275,0.3364
"DSRTSN_2_SOLAR2",670696,1,250,78,0.688,0,429,0,429,0.312
"DTCHWD_2_BT3WND",136437,3,4.5,2.09,0.535555555555556,0,20,0,20,1.39333333333333
"DTCHWD_2_BT3WND",145561,1,4.5,3,0.333333333333333,0,30,0,30,0.666666666666667
"DTCHWD_2_BT3WND",160896,1,4.5,3,0.333333333333333,0,510,0,510,0.666666666666667
"DTCHWD_2_BT3WND",338295,1,4.5,0.49,0.891111111111111,0,390,0,390,0.108888888888889
"DTCHWD_2_BT3WND",148272,1,4.5,10,1.22222222222222,0,390,0,390,-0.222222222222222
"DTCHWD_2_BT4WND",136437,1,6.52,2.09,0.679447852760736,0,0,0,0,0.320552147239264
"DTCHWD_2_BT4WND",100733,1,6.52,15,1.30061349693252,0,15480,0,15480,-0.300613496932515
"DTCHWD_2_BT4WND",717058,1,6.52,50,6.66871165644172,0,120,0,120,-5.66871165644172
"DTCHWD_2_BT4WND",166473,1,6.52,75,10.5030674846626,0,120,0,120,-9.50306748466258
"DTCHWD_2_BT4WND",447809,1,6.52,100,14.3374233128834,0,360,0,360,-13.3374233128834
"DUANE_1_PL1X3",514544,6,147.8,147.8,0,0,1470.66666666667,0,1470.66666666667,6
"DUANE_1_PL1X3",334381,3,147.8,150,0.0148849797023003,0,361,0,361,2.9553450608931
"DUANE_1_PL1X3",576455,3,147.8,150,0.0148849797023003,0,361,0,361,2.9553450608931
"DUANE_1_PL1X3",556956,4,147.8,104.5,0.292963464140731,0,405,0,405,2.82814614343708
"DUANE_1_PL1X3",145233,3,147.8,125,0.15426251691475,0,301,0,301,2.53721244925575
"DURNMESA_3_WBDYN",599767,1,105.08,68,0.352874000761325,0,540,0,540,0.647125999238675
"DURNMESA_3_WBDYN",296736,1,105.08,165.9,0.578797106966121,0,60,0,60,0.421202893033879
"DURNMESA_3_WBDYN",331315,1,105.08,20,0.809668823753331,0,120,0,120,0.190331176246669
"DURNMESA_3_WBDYN",978009,1,105.08,2,0.980966882375333,0,120,0,120,0.019033117624667
"DURNMESA_3_WBDYN",791910,1,105.08,235,1.23639132089836,0,60,0,60,-0.236391320898363
"DUTCH1_7_UNIT 1",844001,300,22,18.8,0.145454545454545,0.00333333333333333,102.083333333334,0.00333333333333333,102.116666666667,256.363636363636
"DUTCH1_7_UNIT 1",134471,67,22,27.2,0.236363636363636,0.0149253731343284,1647.32835820896,0.0149253731343284,1647.32835820896,51.1636363636364
"DUTCH1_7_UNIT 1",159086,23,22,20,0.0909090909090909,0,57.304347826087,0,57.304347826087,20.9090909090909
"DUTCH1_7_UNIT 1",461606,25,22,30,0.363636363636364,0,817.44,0,817.44,15.9090909090909
"DUTCH1_7_UNIT 1",589439,25,22,13,0.409090909090909,0,204,0,204,14.7727272727273
"DUTCH2_7_UNIT 1",903445,79,26,16.76,0.355384615384615,0,8.53164556962026,0,8.53164556962026,50.9246153846154
"DUTCH2_7_UNIT 1",177935,7,26,25,0.0384615384615385,0,454.285714285714,0,454.285714285714,6.73076923076923
"DUTCH2_7_UNIT 1",331315,7,26,20,0.230769230769231,0,1050,0,1050,5.38461538461538
"DUTCH2_7_UNIT 1",134647,3,26,25,0.0384615384615385,0,379.333333333333,0,380.666666666667,2.88461538461538
"DUTCH2_7_UNIT 1",142368,3,26,25,0.0384615384615385,0,14840,0,14840,2.88461538461538
"DVLCYN_1_UNITS",407814,2,235,235,0,0,81,0,81,2
"DVLCYN_1_UNITS",199332,1,235,200,0.148936170212766,0,263,0,263,0.851063829787234
"DVLCYN_1_UNITS",951615,1,235,275,0.170212765957447,0,1103,0,1103,0.829787234042553
"DVLCYN_1_UNITS",546025,1,235,319,0.357446808510638,0,79,0,79,0.642553191489362
"DVLCYN_1_UNITS",599767,2,235,68,0.71063829787234,0,711,0,711,0.578723404255319
"DYERSM_6_DSWWD1",860091,6,44.8,44.8,0,0,152.5,0,152.5,6
"DYERSM_6_DSWWD1",429981,2,44.8,53,0.183035714285714,-2.5,404,2.5,404,1.63392857142857
"DYERSM_6_DSWWD1",130794,2,44.8,55,0.227678571428572,-2.5,404,2.5,404,1.54464285714286
"DYERSM_6_DSWWD1",177935,2,44.8,25,0.441964285714286,0,2940,0,2940,1.11607142857143
"DYERSM_6_DSWWD1",135013,1,44.8,46,0.0267857142857144,0,6900,0,6900,0.973214285714286
"DYLAN_2_BMTBT1",262817,1,100,100,0,0,240,0,240,1
"DYLAN_2_BMTBT1",928521,1,100,99.5,0.005,0,0,0,0,0.995
"DYLAN_2_BMTBT1",949253,2,100,49,0.51,0,2280.5,0,2280.5,0.98
"DYLAN_2_BMTBT1",243483,1,100,104,0.04,0,2520,0,2520,0.96
"DYLAN_2_BMTBT1",161396,1,100,94,0.06,0,0,0,0,0.94
"EASTWD_7_UNIT",108122,4,200,200,0,0,1170.5,0,1170.5,4
"EASTWD_7_UNIT",173802,4,200,200,0,0,75.5,0,75.5,4
"EASTWD_7_UNIT",199332,4,200,200,0,0,1170.5,0,1170.5,4
"EASTWD_7_UNIT",364853,4,200,242,0.21,0,465.5,0,465.5,3.16
"EASTWD_7_UNIT",524669,4,200,242,0.21,0,465.5,0,465.5,3.16
"EDWARD_2_E21SB1",108122,2,166,200,0.204819277108434,2,829.5,2,829.5,1.59036144578313
"EDWARD_2_E21SB1",199332,2,166,200,0.204819277108434,2,829.5,2,829.5,1.59036144578313
"EDWARD_2_E21SB1",127137,1,166,166,0,0,60,0,60,1
"EDWARD_2_E21SB1",113005,1,166,155.1,0.0656626506024097,0,10927,0,10927,0.93433734939759
"EDWARD_2_E21SB1",178896,1,166,149,0.102409638554217,0,0,0,0,0.897590361445783
"EDWARD_2_E23SB1",159086,2,24,20,0.166666666666667,0,297,0,297,1.66666666666667
"EDWARD_2_E23SB1",135881,2,24,18,0.25,0,1069.5,0,1069.5,1.5
"EDWARD_2_E23SB1",124012,1,24,25,0.0416666666666667,3,9060,3,9060,0.958333333333333
"EDWARD_2_E23SB1",124287,1,24,26,0.0833333333333333,0,474,0,474,0.916666666666667
"EDWARD_2_E23SB1",975528,1,24,26,0.0833333333333333,0,120,0,120,0.916666666666667
"EDWARD_2_ES2BT3",108122,3,151,200,0.324503311258278,1,360,1,360,2.02649006622517
"EDWARD_2_ES2BT3",775503,2,151,111,0.264900662251656,0,60,0,60,1.47019867549669
"EDWARD_2_ES2BT3",199332,2,151,200,0.324503311258278,1.5,532.5,1.5,532.5,1.35099337748344
"EDWARD_2_ES2BT3",178896,1,151,149,0.0132450331125828,0,0,0,0,0.986754966887417
"EDWARD_2_ES2BT3",113005,1,151,155.1,0.0271523178807947,0,12300,0,12300,0.972847682119205
"EDWARD_2_ESSSB1",173313,34,116,100,0.137931034482759,0,17.6470588235294,0,17.6470588235294,29.3103448275862
"EDWARD_2_ESSSB1",234172,23,116,74,0.362068965517241,0,26.0869565217391,0,26.0869565217391,14.6724137931035
"EDWARD_2_ESSSB1",922006,38,116,40,0.655172413793103,0,15.7894736842105,0,15.7894736842105,13.1034482758621
"EDWARD_2_ESSSB1",133547,24,116,56,0.517241379310345,0,20,0,20,11.5862068965517
"EDWARD_2_ESSSB1",115494,22,116,56,0.517241379310345,0,21.8181818181818,0,21.8181818181818,10.6206896551724
"EDWARD_2_ESSSB2",152145,34,132,105,0.204545454545455,0,77.6470588235294,0,77.6470588235294,27.0454545454545
"EDWARD_2_ESSSB2",196895,31,132,150,0.136363636363636,0,44.5161290322581,0,44.5161290322581,26.7727272727273
"EDWARD_2_ESSSB2",143349,24,132,131,0.00757575757575758,0,55,0,55,23.8181818181818
"EDWARD_2_ESSSB2",118279,28,132,100,0.242424242424242,0,92.1428571428572,0,92.1428571428572,21.2121212121212
"EDWARD_2_ESSSB2",204700,23,132,110,0.166666666666667,0,41.7391304347826,0,41.7391304347826,19.1666666666667
"EEKTMN_6_SOLAR1",159086,1,20,20,0,0,245,0,245,1
"EEKTMN_6_SOLAR1",217748,1,20,19.12,0.044,0,127,0,127,0.956
"EEKTMN_6_SOLAR1",529747,1,20,75,2.75,0,125,0,125,-1.75
"EEKTMN_6_SOLAR1",611852,1,20,150,6.5,0,80045,0,80045,-5.5
"EEKTMN_6_SOLAR1",213655,1,20,230,10.5,0,245,0,245,-9.5
"ELCABO_5_ECWSCEDYN",133667,1,298,300,0.00671140939597315,-5,656,5,656,0.993288590604027
"ELCABO_5_ECWSCEDYN",525717,1,298,288,0.0335570469798658,-5,2816,5,2816,0.966442953020134
"ELCABO_5_ECWSCEDYN",701449,1,298,318,0.0671140939597315,-5,56,5,56,0.932885906040268
"ELCABO_5_ECWSCEDYN",292863,1,298,194,0.348993288590604,0,409,0,409,0.651006711409396
"ELCABO_5_ECWSCEDYN",777449,1,298,408,0.369127516778524,-5,596,5,596,0.630872483221476
"ELCAJN_6_EB1BT1",212534,1,7.5,10.77,0.436,0,5040,0,5040,0.564
"ELCAJN_6_EB1BT1",256419,1,7.5,4,0.466666666666667,0,300,0,300,0.533333333333333
"ELCAJN_6_EB1BT1",906818,1,7.5,4,0.466666666666667,0,300,0,300,0.533333333333333
"ELCAJN_6_EB1BT1",368224,1,7.5,4,0.466666666666667,1,72001,1,72001,0.533333333333333
"ELCAJN_6_EB1BT1",904345,1,7.5,3,0.6,1,16380,1,16380,0.4
"ELCAJN_6_LM6K",138902,2,48.1,50,0.0395010395010395,-2.5,3617.5,2.5,3617.5,1.92099792099792
"ELCAJN_6_LM6K",291137,1,48.1,49.5,0.0291060291060291,0,480,0,480,0.970893970893971
"ELCAJN_6_LM6K",148758,1,48.1,50,0.0395010395010395,0,480,0,480,0.96049896049896
"ELCAJN_6_LM6K",744292,1,48.1,50,0.0395010395010395,0,480,0,480,0.96049896049896
"ELCAJN_6_LM6K",973878,1,48.1,50,0.0395010395010395,0,480,0,480,0.96049896049896
"ELCAJN_6_UNITA1",294276,1,45.42,50,0.100836635843241,0,1200,0,1200,0.899163364156759
"ELCAJN_6_UNITA1",506140,1,45.42,50,0.100836635843241,0,180,0,180,0.899163364156759
"ELCAJN_6_UNITA1",857430,1,45.42,50,0.100836635843241,0,325,0,325,0.899163364156759
"ELCAJN_6_UNITA1",189190,1,45.42,40,0.119330691325407,0,690,0,690,0.880669308674593
"ELCAJN_6_UNITA1",251994,1,45.42,40,0.119330691325407,0,690,0,690,0.880669308674593
"ELDORO_7_UNIT 1",166958,1,11,10,0.0909090909090909,0,180,0,180,0.909090909090909
"ELDORO_7_UNIT 1",589439,1,11,13,0.181818181818182,0,120,0,120,0.818181818181818
"ELDORO_7_UNIT 1",691906,2,11,3.32,0.698181818181818,0,1920.5,0,1920.5,0.603636363636364
"ELDORO_7_UNIT 1",135881,1,11,18,0.636363636363636,0,120,0,120,0.363636363636364
"ELDORO_7_UNIT 1",135714,1,11,3.61,0.671818181818182,0,0,0,0,0.328181818181818
"ELDORO_7_UNIT 2",125901,1,11,14,0.272727272727273,0,67,0,67,0.727272727272727
"ELDORO_7_UNIT 2",135714,2,11,3.61,0.671818181818182,0,0,0,0,0.656363636363636
"ELDORO_7_UNIT 2",178982,1,11,83,6.54545454545455,0,480,0,480,-5.54545454545455
"ELDORO_7_UNIT 2",176779,1,11,100,8.09090909090909,0,720,0,720,-7.09090909090909
"ELDORO_7_UNIT 2",112948,1,11,113,9.27272727272727,0,367,0,367,-8.27272727272727
"ELECTR_7_PL1X3",178982,1,93,83,0.10752688172043,-4,600,4,600,0.89247311827957
"ELECTR_7_PL1X3",506140,1,93,50,0.462365591397849,-4,4680,4,4680,0.53763440860215
"ELECTR_7_PL1X3",949253,1,93,49,0.473118279569892,-4,0,4,0,0.526881720430108
"ELECTR_7_PL1X3",214080,1,93,200,1.1505376344086,-4,420,4,420,-0.150537634408602
"ELECTR_7_PL1X3",110776,1,93,266,1.86021505376344,-4,480,4,480,-0.860215053763441
"ELKCRK_6_STONYG",127784,6,4.9,4.9,0,0,12545,0,12545,6
"ELKCRK_6_STONYG",368224,1,4.9,4,0.183673469387755,0,430,0,430,0.816326530612245
"ELKCRK_6_STONYG",905952,1,4.9,2,0.591836734693878,0,90,0,90,0.408163265306122
"ELKCRK_6_STONYG",101363,1,4.9,11,1.24489795918367,0,150,0,150,-0.244897959183673
"ELKCRK_6_STONYG",142368,1,4.9,25,4.10204081632653,0,263,0,263,-3.10204081632653
"ELKHIL_2_PL1X3",705820,1,551.7,1,0.998187420699656,0,NA,0,NA,0.0018125793003444
"ELKHRN_1_EESX3",417420,2,182.5,182.51,5.47945205478954e-05,-0.5,152.5,0.5,152.5,1.9998904109589
"ELKHRN_1_EESX3",183646,2,182.5,219.7,0.203835616438356,-1.5,660,1.5,660,1.59232876712329
"ELKHRN_1_EESX3",145233,2,182.5,125,0.315068493150685,-1.5,459.5,1.5,459.5,1.36986301369863
"ELKHRN_1_EESX3",477057,1,182.5,200,0.0958904109589041,0,469,0,469,0.904109589041096
"ELKHRN_1_EESX3",950113,1,182.5,200,0.0958904109589041,-1,4190,1,4190,0.904109589041096
"ELLIOT_6_ELIBT1",589439,2,10,13,0.3,2.5,47.5,2.5,47.5,1.4
"ELLIOT_6_ELIBT1",368224,3,10,4,0.6,0,550,0,550,1.2
"ELLIOT_6_ELIBT1",376549,1,10,10,0,0,60,0,60,1
"ELLIOT_6_ELIBT1",905952,5,10,2,0.8,0,114,0,114,1
"ELLIOT_6_ELIBT1",303817,1,10,9.72,0.0279999999999999,0,105,0,105,0.972
"ELNIDO_1_ECRSR1",636159,1,3,1,0.666666666666667,0,21900,0,21900,0.333333333333333
"ELNIDO_1_ECRSR1",712630,1,3,1,0.666666666666667,0,NA,0,NA,0.333333333333333
"ELNIDO_1_ECRSR1",164708,1,3,41,12.6666666666667,0,65100,0,65100,-11.6666666666667
"ELNIDO_1_ECRSR1",926768,1,3,42,13,0,360,0,360,-12
"ELNIDO_1_ECRSR1",243483,1,3,104,33.6666666666667,0,1020,0,1020,-32.6666666666667
"ELNIDP_6_BIOMAS",764077,1,10.5,25,1.38095238095238,0,85630,0,85630,-0.380952380952381
"ELSEGN_2_UN1011",951615,1,274.31,275,0.0025154022820896,0,240,0,240,0.99748459771791
"ELSEGN_2_UN1011",412019,2,274.31,425,0.549341985345048,0,59401,0,59401,0.901316029309905
"ELSEGN_2_UN1011",111626,1,274.31,305,0.111880718894681,1,101975,1,101975,0.888119281105319
"ELSEGN_2_UN1011",524669,1,274.31,242,0.117786445991761,0,366,0,366,0.882213554008239
"ELSEGN_2_UN1011",159403,1,274.31,314,0.144690313878459,0,113886,0,113886,0.855309686121541
"ELSEGN_2_UN2021",951615,1,271.74,275,0.0119967616103628,0,632,0,632,0.988003238389637
"ELSEGN_2_UN2021",156654,1,271.74,280,0.0303967027305512,0,1920,0,1920,0.969603297269449
"ELSEGN_2_UN2021",178881,1,271.74,293,0.0782365496430411,1,300,1,300,0.921763450356959
"ELSEGN_2_UN2021",158727,1,271.74,250,0.0800029439905793,1,660,1,660,0.919997056009421
"ELSEGN_2_UN2021",101153,1,271.74,295,0.0855965260911165,1,3120,1,3120,0.914403473908884
"ENERSJ_2_WIND",704081,1,151,180,0.19205298013245,0,460,0,460,0.80794701986755
"ENERSJ_2_WIND",142017,1,151,50,0.66887417218543,4,927,4,927,0.33112582781457
"ENERSJ_2_WIND",857430,1,151,50,0.66887417218543,4,927,4,927,0.33112582781457
"ENERSJ_2_WIND",126265,1,151,38,0.748344370860927,0,280,0,280,0.251655629139073
"ENERSJ_2_WIND",473916,1,151,290,0.920529801324503,4,207,4,207,0.0794701986754967
"ENERSJ_5_ESJWD2",142017,1,105,50,0.523809523809524,4,927,4,927,0.476190476190476
"ENERSJ_5_ESJWD2",857430,1,105,50,0.523809523809524,4,927,4,927,0.476190476190476
"ENERSJ_5_ESJWD2",473916,1,105,290,1.76190476190476,4,207,4,207,-0.761904761904762
"ENERSJ_5_ESJWD2",157710,1,105,430,3.0952380952381,0,17940,0,17940,-2.0952380952381
"ENWIND_2_WIND1",719983,1,47.1,40,0.150743099787686,0,240,0,240,0.849256900212314
"ENWIND_2_WIND1",102701,1,47.1,70,0.48619957537155,0,1358,0,1358,0.51380042462845
"ENWIND_2_WIND1",570814,1,47.1,75,0.592356687898089,0,398,0,398,0.407643312101911
"ENWIND_2_WIND1",135881,1,47.1,18,0.617834394904459,0,398,0,398,0.382165605095541
"ENWIND_2_WIND1",387388,1,47.1,121,1.56900212314225,0,398,0,398,-0.569002123142251
"ENWIND_2_WIND2",134647,1,38.24,25,0.346234309623431,0,513,0,513,0.653765690376569
"ENWIND_2_WIND2",599767,1,38.24,68,0.778242677824268,0,933,0,933,0.221757322175732
"ENWIND_2_WIND2",486023,1,38.24,70,0.830543933054393,0,453,0,453,0.169456066945607
"ENWIND_2_WIND2",905952,1,38.24,2,0.947698744769874,0,453,0,453,0.0523012552301255
"ENWIND_2_WIND2",121745,1,38.24,75,0.961297071129707,0,513,0,513,0.038702928870293
"ESCNDO_6_EB1BT1",647222,1,10,5.9,0.41,0,120,0,120,0.59
"ESCNDO_6_EB1BT1",368224,1,10,4,0.6,1,70920,1,70920,0.4
"ESCNDO_6_EB1BT1",197004,1,10,1,0.9,0,1080,0,1080,0.1
"ESCNDO_6_EB1BT1",764077,1,10,25,1.5,1,74340,1,74340,-0.5
"ESCNDO_6_EB1BT1",550763,1,10,27,1.7,0,NA,0,NA,-0.7
"ESCNDO_6_EB2BT2",124493,1,10,10,0,0,4980,0,4980,1
"ESCNDO_6_EB2BT2",647222,1,10,5.9,0.41,0,120,0,120,0.59
"ESCNDO_6_EB2BT2",256419,1,10,4,0.6,0,240,0,240,0.4
"ESCNDO_6_EB2BT2",906818,1,10,4,0.6,0,240,0,240,0.4
"ESCNDO_6_EB2BT2",368224,1,10,4,0.6,1,70920,1,70920,0.4
"ESCNDO_6_EB3BT3",184635,1,10,11.5,0.15,0,5940,0,5940,0.85
"ESCNDO_6_EB3BT3",647222,1,10,5.9,0.41,0,300,0,300,0.59
"ESCNDO_6_EB3BT3",368224,1,10,4,0.6,1,70920,1,70920,0.4
"ESCNDO_6_EB3BT3",881550,1,10,1,0.9,0,28140,0,28140,0.1
"ESCNDO_6_EB3BT3",102291,1,10,20,1,0,0,0,0,0
"ESCNDO_6_PL1X2",633120,1,48.71,50,0.0264832683227263,0,170760,0,170760,0.973516731677274
"ESCNDO_6_PL1X2",717058,1,48.71,50,0.0264832683227263,0,485,0,485,0.973516731677274
"ESCNDO_6_PL1X2",135013,1,48.71,46,0.0556353931430918,0,260,0,260,0.944364606856908
"ESCNDO_6_PL1X2",596560,1,48.71,38,0.219872716074728,0,208801,0,208801,0.780127283925272
"ESCNDO_6_PL1X2",133829,1,48.71,37.5,0.230137548757955,5,330,5,330,0.769862451242045
"ESCNDO_6_UNITB1",279238,2,48.04,40,0.167360532889259,0,849.5,0,849.5,1.66527893422148
"ESCNDO_6_UNITB1",538404,2,48.04,60,0.248959200666112,2.5,3898.5,2.5,3898.5,1.50208159866778
"ESCNDO_6_UNITB1",194982,2,48.04,35,0.271440466278102,0,866.5,0,866.5,1.4571190674438
"ESCNDO_6_UNITB1",599767,2,48.04,68,0.41548709408826,0,1041.5,0,1041.5,1.16902581182348
"ESCNDO_6_UNITB1",134647,2,48.04,25,0.479600333055787,0,255,0,255,1.04079933388843
"ESCO_6_GLMQF",717058,1,49.9,50,0.00200400801603209,0,360,0,360,0.997995991983968
"ESCO_6_GLMQF",623125,1,49.9,50,0.00200400801603209,-1,2580,1,2580,0.997995991983968
"ESCO_6_GLMQF",130794,1,49.9,55,0.102204408817635,0,20760,0,20760,0.897795591182365
"ESCO_6_GLMQF",225415,1,49.9,55,0.102204408817635,-1,15480,1,15480,0.897795591182365
"ESCO_6_GLMQF",134075,1,49.9,56,0.122244488977956,-1,480,1,480,0.877755511022044
"ESNHWR_2_WC1BT1",368224,3,3,4,0.333333333333333,0,913.333333333333,0,913.333333333333,2
"ESNHWR_2_WC1BT1",256419,2,3,4,0.333333333333333,0,90,0,90,1.33333333333333
"ESNHWR_2_WC1BT1",646670,2,3,4,0.333333333333333,0,90,0,90,1.33333333333333
"ESNHWR_2_WC1BT1",906818,2,3,4,0.333333333333333,0,90,0,90,1.33333333333333
"ESNHWR_2_WC1BT1",126447,3,3,1,0.666666666666667,0,908.666666666667,0,908.666666666667,1
"ESQUON_6_LNDFIL",978009,1,2.1,2,0.0476190476190477,4,39,4,39,0.952380952380952
"ESQUON_6_LNDFIL",714921,1,2.1,2,0.0476190476190477,-5,309,5,309,0.952380952380952
"ESQUON_6_LNDFIL",658461,1,2.1,1.55,0.261904761904762,0,90,0,90,0.738095238095238
"ESQUON_6_LNDFIL",106695,1,2.1,2.85,0.357142857142857,0,30,0,30,0.642857142857143
"ESQUON_6_LNDFIL",899478,1,2.1,1.32,0.371428571428571,0,30,0,30,0.628571428571429
"ESTWND_2_OPPWD1",599767,2,57.14,68,0.190059502975149,0,154.5,0,154.5,1.6198809940497
"ESTWND_2_OPPWD1",627030,1,57.14,60,0.0500525026251312,0,358,0,358,0.949947497374869
"ESTWND_2_OPPWD1",808363,1,57.14,62,0.0850542527126356,0,118,0,118,0.914945747287364
"ESTWND_2_OPPWD1",623125,1,57.14,50,0.124956247812391,0,418,0,418,0.875043752187609
"ESTWND_2_OPPWD1",717058,1,57.14,50,0.124956247812391,0,358,0,358,0.875043752187609
"ETIWND_2_FONTNA",193888,1,2.56,5.75,1.24609375,0,NA,0,NA,-0.24609375
"ETIWND_2_FONTNA",138140,1,2.56,86,32.59375,0,79725,0,79725,-31.59375
"ETIWND_2_FONTNA",156654,1,2.56,280,108.375,0,1725,0,1725,-107.375
"ETIWND_2_FONTNA",797651,1,2.56,300,116.1875,0,42285,0,42285,-115.1875
"ETIWND_2_SEPBT1",556956,14,100,104.5,0.045,0,797.142857142857,0,797.142857142857,13.37
"ETIWND_2_SEPBT1",710016,14,100,105.5,0.055,0,278.571428571429,0,278.571428571429,13.23
"ETIWND_2_SEPBT1",405897,10,100,88,0.12,0,1170.1,0,1170.1,8.8
"ETIWND_2_SEPBT1",646375,10,100,88,0.12,0,900.3,0,900.3,8.8
"ETIWND_2_SEPBT1",177596,6,100,88,0.12,0,940.333333333333,0,940.333333333333,5.28
"ETIWND_2_UNIT1",159511,1,33.6,43,0.279761904761905,0,538,0,538,0.720238095238095
"ETIWND_2_UNIT1",517313,1,33.6,23.66,0.295833333333333,0,141,0,141,0.704166666666667
"ETIWND_2_UNIT1",101363,2,33.6,11,0.672619047619048,-0.5,152.5,0.5,152.5,0.654761904761905
"ETIWND_2_UNIT1",193972,1,33.6,19.85,0.40922619047619,0,141,0,141,0.59077380952381
"ETIWND_2_UNIT1",140527,1,33.6,50,0.488095238095238,0,1119,0,1119,0.511904761904762
"ETIWND_6_GRPLND",555191,5,45.64,48.35,0.0593777388255916,0.8,234,0.8,234,4.70311130587204
"ETIWND_6_GRPLND",121961,5,45.64,48.5,0.0626643295354952,0.8,234,0.8,234,4.68667835232252
"ETIWND_6_GRPLND",118390,5,45.64,49,0.0736196319018405,0.8,234,0.8,234,4.6319018404908
"ETIWND_6_GRPLND",698265,5,45.64,49,0.0736196319018405,0.8,234,0.8,234,4.6319018404908
"ETIWND_6_GRPLND",420763,4,45.64,40,0.123575810692375,0.5,217.5,0.5,217.5,3.5056967572305
"ETIWND_6_INEBT1",155078,2,70,62,0.114285714285714,0,901,0,901,1.77142857142857
"ETIWND_6_INEBT1",121702,2,70,100,0.428571428571429,0,901,0,901,1.14285714285714
"ETIWND_6_INEBT1",554521,1,70,70,0,0,31680,0,31680,1
"ETIWND_6_INEBT1",170732,1,70,74,0.0571428571428571,0,540,0,540,0.942857142857143
"ETIWND_6_INEBT1",598138,1,70,74,0.0571428571428571,-5,3300,5,3300,0.942857142857143
"EXCHEC_7_UNIT 1",140162,8,94.5,94.5,0,0,69,0,69,8
"EXCHEC_7_UNIT 1",121702,2,94.5,100,0.0582010582010582,0,245,0,245,1.88359788359788
"EXCHEC_7_UNIT 1",623125,3,94.5,50,0.470899470899471,-1,36213.3333333333,1,36213.3333333333,1.58730158730159
"EXCHEC_7_UNIT 1",476749,2,94.5,129,0.365079365079365,-1.5,138.5,1.5,138.5,1.26984126984127
"EXCHEC_7_UNIT 1",161396,1,94.5,94,0.00529100529100529,3,270,3,270,0.994708994708995
"FALBRK_6_FESBT1",124287,2,40,26,0.35,0,167.5,0,167.5,1.3
"FALBRK_6_FESBT1",189190,1,40,40,0,-1,566,1,566,1
"FALBRK_6_FESBT1",251994,1,40,40,0,-1,1106,1,1106,1
"FALBRK_6_FESBT1",267721,1,40,40,0,-1,1106,1,1106,1
"FALBRK_6_FESBT1",370880,1,40,40,0,-1,626,1,626,1
"FIFTHS_2_FSSBT",432370,6,137,137,0,0,10,0,10,6
"FIFTHS_2_FSSBT",147278,3,137,127.5,0.0693430656934307,0,80,0,80,2.79197080291971
"FIFTHS_2_FSSBT",243483,2,137,104,0.240875912408759,0,3690,0,3690,1.51824817518248
"FIFTHS_2_FSSBT",161396,2,137,94,0.313868613138686,0,420,0,420,1.37226277372263
"FIFTHS_2_FSSBT",178982,2,137,83,0.394160583941606,0,1590,0,1590,1.21167883211679
"FIFTHS_2_FSSR1",145233,59,150,125,0.166666666666667,0,1.01694915254237,0,1.01694915254237,49.1666666666667
"FIFTHS_2_FSSR1",152145,56,150,105,0.3,0,3.21428571428572,0,3.21428571428572,39.2
"FIFTHS_2_FSSR1",477057,55,150,200,0.333333333333333,0,1.09090909090909,0,1.09090909090909,36.6666666666667
"FIFTHS_2_FSSR1",173313,42,150,100,0.333333333333333,0,1.42857142857143,0,1.42857142857143,28
"FIFTHS_2_FSSR1",118279,40,150,100,0.333333333333333,0,0,0,0,26.6666666666667
"FILIPPI_2_QZSSRX",145233,96,300,125,0.583333333333333,0,105.927083333333,0,105.927083333333,40
"FILIPPI_2_QZSSRX",129058,28,300,422,0.406666666666667,0,49.2857142857143,0,49.2857142857143,16.6133333333333
"FILIPPI_2_QZSSRX",126469,21,300,374,0.246666666666667,0,283.095238095238,0,283.095238095238,15.82
"FILIPPI_2_QZSSRX",334381,25,300,150,0.5,0,60,0,60,12.5
"FILIPPI_2_QZSSRX",107681,16,300,223.6,0.254666666666667,0,60,0,60,11.9253333333333
"FLOWD2_2_FPLWND",331315,1,18,20,0.111111111111111,1,385,1,385,0.888888888888889
"FLOWD2_2_FPLWND",142368,1,18,25,0.388888888888889,0,300,0,300,0.611111111111111
"FLOWD2_2_FPLWND",636736,1,18,4.22,0.765555555555556,1,287065,1,287065,0.234444444444444
"FLOWD2_2_FPLWND",551436,1,18,3.45,0.808333333333333,1,NA,1,NA,0.191666666666667
"FLOWD2_2_FPLWND",904345,1,18,3,0.833333333333333,1,505,1,505,0.166666666666667
"FLOWD_2_RT2WD2",183275,1,27.39,29.1,0.0624315443592552,0,360,0,360,0.937568455640745
"FLOWD_2_RT2WD2",135881,1,27.39,18,0.342825848849945,0,480,0,480,0.657174151150055
"FLOWD_2_RT2WD2",146475,1,27.39,6.2,0.77364001460387,0,49,0,49,0.22635998539613
"FLOWD_2_RT2WD2",857430,1,27.39,50,0.825483753194597,0,349,0,349,0.174516246805403
"FLOWD_2_RT2WD2",705558,1,27.39,88,2.21285140562249,0,14820,0,14820,-1.21285140562249
"FLOWD_2_WIND1",146475,1,11.9,6.2,0.478991596638655,0,45,0,45,0.521008403361344
"FLOWD_2_WIND1",136437,1,11.9,2.09,0.82436974789916,0,30,0,30,0.17563025210084
"FLOWD_2_WIND1",338295,1,11.9,0.49,0.958823529411765,0,390,0,390,0.0411764705882353
"FLOWD_2_WIND1",857430,1,11.9,50,3.20168067226891,0,345,0,345,-2.20168067226891
"FLOWD_2_WIND1",705558,1,11.9,88,6.39495798319328,0,14275,0,14275,-5.39495798319328
"FMEADO_6_HELLHL",589439,1,0.6,13,20.6666666666667,0,40,0,40,-19.6666666666667
"FMEADO_6_HELLHL",166473,1,0.6,75,124,0,42960,0,42960,-123
"FMEADO_6_HELLHL",105576,1,0.6,91,150.666666666667,0,NA,0,NA,-149.666666666667
"FMEADO_6_HELLHL",213716,1,0.6,96,159,0,60,0,60,-158
"FMEADO_6_HELLHL",513545,1,0.6,96,159,0,60,0,60,-158
"FMEADO_7_UNIT",110282,1,16,16,0,0,39523,0,39523,1
"FMEADO_7_UNIT",262439,1,16,18,0.125,0,2976,0,2976,0.875
"FMEADO_7_UNIT",589439,1,16,13,0.1875,0,45,0,45,0.8125
"FMEADO_7_UNIT",766252,1,16,5,0.6875,0,636,0,636,0.3125
"FMEADO_7_UNIT",902485,1,16,1.16,0.9275,-1,51,1,51,0.0725
"FORBST_7_UNIT 1",133829,6,37.5,37.5,0,0,201.833333333333,0,201.833333333333,6
"FORBST_7_UNIT 1",236353,3,37.5,60,0.6,0,319.333333333333,0,319.333333333333,1.2
"FORBST_7_UNIT 1",194982,1,37.5,35,0.0666666666666667,0,577,0,577,0.933333333333333
"FORBST_7_UNIT 1",448154,1,37.5,40,0.0666666666666667,0,25,0,25,0.933333333333333
"FORBST_7_UNIT 1",434763,3,37.5,10.57,0.718133333333333,0,2475.66666666667,0,2475.66666666667,0.8456
"FORKBU_6_UNIT",118049,1,14.3,9.2,0.356643356643357,0,92,0,92,0.643356643356643
"FORKBU_6_UNIT",174396,1,14.3,7.42,0.481118881118881,0,1972,0,1972,0.518881118881119
"FORKBU_6_UNIT",541512,1,14.3,45,2.14685314685315,0,3692,0,3692,-1.14685314685315
"FORKBU_6_UNIT",497303,1,14.3,57.25,3.0034965034965,0,76401,0,76401,-2.0034965034965
"FORKBU_6_UNIT",176779,1,14.3,100,5.99300699300699,0,23332,0,23332,-4.99300699300699
"FRESHW_1_SOLAR1",163228,1,20,70,2.5,-5,94545,5,94545,-1.5
"FRESHW_1_SOLAR1",186792,1,20,450,21.5,-5,105,5,105,-20.5
"FRIANT_6_UNITS",134647,1,25,25,0,0,210,0,210,1
"FRIANT_6_UNITS",199482,1,25,25,0,0,465,0,465,1
"FRIANT_6_UNITS",561427,1,25,25,0,0,612,0,612,1
"FRIANT_6_UNITS",669648,1,25,25,0,0,612,0,612,1
"FRIANT_6_UNITS",844001,1,25,18.8,0.248,0,465,0,465,0.752
"FRNTBW_6_SOLAR1",102291,1,20,20,0,0,60,0,60,1
"FRNTBW_6_SOLAR1",916581,1,20,20,0,0,60,0,60,1
"FRNTBW_6_SOLAR1",217748,1,20,19.12,0.044,0,60,0,60,0.956
"FRNTBW_6_SOLAR1",482688,1,20,17,0.15,0,120,0,120,0.85
"FRNTBW_6_SOLAR1",603185,1,20,17,0.15,0,60,0,60,0.85
"FROGTN_1_UTICAA",991404,1,1.4,1.65,0.178571428571429,1,19,1,19,0.821428571428571
"FROGTN_1_UTICAA",139447,1,1.4,1.08,0.228571428571428,3,1004,3,1004,0.771428571428572
"FROGTN_1_UTICAA",636159,1,1.4,1,0.285714285714286,-5,436,5,436,0.714285714285714
"FROGTN_1_UTICAA",185493,1,1.4,0.96,0.314285714285714,1,1159,1,1159,0.685714285714286
"FROGTN_1_UTICAA",474646,1,1.4,0.9,0.357142857142857,1,1159,1,1159,0.642857142857143
"FROGTN_1_UTICAM",842570,1,3.6,5,0.388888888888889,-1,22866,1,22866,0.611111111111111
"FROGTN_1_UTICAM",128375,1,3.6,5,0.388888888888889,-4,NA,4,NA,0.611111111111111
"FROGTN_1_UTICAM",172983,1,3.6,1,0.722222222222222,-5,248,5,248,0.277777777777778
"FROGTN_1_UTICAM",660730,1,3.6,0.88,0.755555555555556,-5,1800,5,1800,0.244444444444444
"FROGTN_1_UTICAM",106209,1,3.6,0.47,0.869444444444444,-5,1800,5,1800,0.130555555555556
"FTSWRD_6_TRFORK",798542,1,1.63,48.6,28.8159509202454,0,9798,0,9798,-27.8159509202454
"FTSWRD_6_TRFORK",170209,1,1.63,50,29.6748466257669,0,14229,0,14229,-28.6748466257669
"FTSWRD_7_QFUNTS",798542,1,1.6,48.6,29.375,0,9797,0,9797,-28.375
"GALE_1_SR3SR3",159086,2,13.8,20,0.44927536231884,0,235,0,235,1.10144927536232
"GALE_1_SR3SR3",261146,1,13.8,13.6,0.0144927536231885,0,0,0,0,0.985507246376812
"GALE_1_SR3SR3",164152,1,13.8,15,0.0869565217391304,0,0,0,0,0.91304347826087
"GALE_1_SR3SR3",348028,1,13.8,15,0.0869565217391304,0,135,0,135,0.91304347826087
"GALE_1_SR3SR3",799732,1,13.8,12,0.130434782608696,0,0,0,0,0.869565217391304
"GANSO_1_WSTBM1",174762,2,1,0.99,0.01,2.5,3667.5,2.5,3667.5,1.98
"GANSO_1_WSTBM1",204833,2,1,0.99,0.01,2.5,4987.5,2.5,4987.5,1.98
"GANSO_1_WSTBM1",864511,2,1,0.99,0.01,2.5,667.5,2.5,667.5,1.98
"GANSO_1_WSTBM1",185493,2,1,0.96,0.04,2.5,667.5,2.5,667.5,1.92
"GANSO_1_WSTBM1",125137,2,1,0.95,0.05,2.5,4987.5,2.5,4987.5,1.9
"GARLND_2_GARBT1",234172,3,88,74,0.159090909090909,-0.333333333333333,280.666666666667,0.333333333333333,280.666666666667,2.52272727272727
"GARLND_2_GARBT1",556956,3,88,104.5,0.1875,0,320,0,320,2.4375
"GARLND_2_GARBT1",152145,3,88,105,0.193181818181818,-0.333333333333333,280.666666666667,0.333333333333333,280.666666666667,2.42045454545455
"GARLND_2_GARBT1",599767,3,88,68,0.227272727272727,0,668.333333333333,0,668.333333333333,2.31818181818182
"GARLND_2_GARBT1",178559,3,88,60,0.318181818181818,-0.333333333333333,260.666666666667,0.333333333333333,260.666666666667,2.04545454545455
"GARLND_2_GASLR",784426,4,180,200,0.111111111111111,0,153,0,153,3.55555555555556
"GARLND_2_GASLR",143349,4,180,131,0.272222222222222,0,153,0,153,2.91111111111111
"GARLND_2_GASLR",118279,5,180,100,0.444444444444444,0,146.4,0,146.4,2.77777777777778
"GARLND_2_GASLR",477057,3,180,200,0.111111111111111,0,216.666666666667,0,216.666666666667,2.66666666666667
"GARLND_2_GASLR",204700,4,180,110,0.388888888888889,0,153,0,153,2.44444444444444
"GARLND_2_GASLRA",124287,5,20,26,0.3,0,133.8,0,133.8,3.5
"GARLND_2_GASLRA",102291,3,20,20,0,0,308.333333333333,0,308.333333333333,3
"GARLND_2_GASLRA",159086,3,20,20,0,0,199.666666666667,0,199.666666666667,3
"GARLND_2_GASLRA",916581,3,20,20,0,0,288.333333333333,0,288.333333333333,3
"GARLND_2_GASLRA",217748,3,20,19.12,0.044,0,288.333333333333,0,288.333333333333,2.868
"GARNET_1_SOLAR",126447,1,4,1,0.75,0,540,0,540,0.25
"GARNET_1_SOLAR",661056,1,4,1,0.75,0,540,0,540,0.25
"GARNET_1_SOLAR",727309,1,4,1,0.75,0,540,0,540,0.25
"GARNET_1_SOLAR",937035,1,4,1,0.75,0,540,0,540,0.25
"GARNET_1_SOLAR",599767,1,4,68,16,0,300,0,300,-15
"GARNET_1_SOLAR2",177935,1,4,25,5.25,0,60,0,60,-4.25
"GARNET_1_SOLAR2",599767,1,4,68,16,0,480,0,480,-15
"GARNET_1_SOLAR2",194971,1,4,630,156.5,0,720,0,720,-155.5
"GARNET_1_WIND",292514,2,6.5,9,0.384615384615385,0,735.5,0,735.5,1.23076923076923
"GARNET_1_WIND",146475,1,6.5,6.2,0.0461538461538461,0,5461,0,5461,0.953846153846154
"GARNET_1_WIND",766252,1,6.5,5,0.230769230769231,0,0,0,0,0.769230769230769
"GARNET_1_WIND",160896,1,6.5,3,0.538461538461538,0,75,0,75,0.461538461538462
"GARNET_1_WIND",222735,1,6.5,10.4,0.6,0,74,0,74,0.4
"GARNET_1_WINDS",819306,1,22.5,20,0.111111111111111,-1,656,1,656,0.888888888888889
"GARNET_1_WINDS",654478,1,22.5,29.18,0.296888888888889,-1,656,1,656,0.703111111111111
"GARNET_1_WINDS",154578,1,22.5,40,0.777777777777778,-1,656,1,656,0.222222222222222
"GARNET_1_WINDS",148758,1,22.5,50,1.22222222222222,-1,656,1,656,-0.222222222222222
"GARNET_1_WINDS",559904,1,22.5,50,1.22222222222222,-1,296,1,296,-0.222222222222222
"GARNET_1_WT3WND",189702,3,6,5.84,0.0266666666666667,0,87.6666666666667,0,87.6666666666667,2.92
"GARNET_1_WT3WND",583264,1,6,5.9,0.0166666666666666,0,1433,0,1433,0.983333333333333
"GARNET_1_WT3WND",292514,1,6,9,0.5,0,510,0,510,0.5
"GARNET_1_WT3WND",714921,1,6,2,0.666666666666667,0,180,0,180,0.333333333333333
"GARNET_1_WT3WND",814548,1,6,10.5,0.75,0,120,0,120,0.25
"GARNET_2_COAWD2",627078,1,10.8,120,10.1111111111111,0,900,0,900,-9.11111111111111
"GARNET_2_HYDRO",292514,1,1,9,8,0,2610,0,2610,-7
"GARNET_2_WIND1",118049,1,11.2,9.2,0.178571428571429,0,705,0,705,0.821428571428571
"GARNET_2_WIND1",160896,1,11.2,3,0.732142857142857,0,202,0,202,0.267857142857143
"GARNET_2_WIND1",102986,1,11.2,20,0.785714285714286,0,930,0,930,0.214285714285714
"GARNET_2_WIND1",905952,1,11.2,2,0.821428571428571,0,142,0,142,0.178571428571429
"GARNET_2_WIND1",134647,1,11.2,25,1.23214285714286,0,785,0,785,-0.232142857142857
"GARNET_2_WIND2",799732,1,11.7,12,0.0256410256410257,1,748,1,748,0.974358974358974
"GARNET_2_WIND2",779880,1,11.7,11,0.0598290598290598,1,748,1,748,0.94017094017094
"GARNET_2_WIND2",376549,1,11.7,10,0.145299145299145,1,748,1,748,0.854700854700855
"GARNET_2_WIND2",186631,1,11.7,13.5,0.153846153846154,1,748,1,748,0.846153846153846
"GARNET_2_WIND2",261146,1,11.7,13.6,0.162393162393162,1,748,1,748,0.837606837606838
"GARNET_2_WIND3",197335,1,12.6,11.07,0.121428571428571,0,322,0,322,0.878571428571429
"GARNET_2_WIND3",164152,1,12.6,15,0.190476190476191,0,60,0,60,0.80952380952381
"GARNET_2_WIND3",844001,1,12.6,18.8,0.492063492063492,0,240,0,240,0.507936507936508
"GARNET_2_WIND3",714921,1,12.6,2,0.841269841269841,0,60,0,60,0.158730158730159
"GARNET_2_WIND3",177935,1,12.6,25,0.984126984126984,0,3502,0,3502,0.0158730158730158
"GARNET_2_WIND4",134647,1,9.8,25,1.55102040816327,0,780,0,780,-0.551020408163265
"GARNET_2_WIND4",194982,1,9.8,35,2.57142857142857,0,360,0,360,-1.57142857142857
"GARNET_2_WIND4",506140,1,9.8,50,4.10204081632653,0,900,0,900,-3.10204081632653
"GARNET_2_WIND4",599767,1,9.8,68,5.93877551020408,0,750,0,750,-4.93877551020408
"GARNET_2_WIND4",570814,1,9.8,75,6.6530612244898,0,4320,0,4320,-5.6530612244898
"GARNET_2_WIND5",133798,1,3,1,0.666666666666667,-1,592,1,592,0.333333333333333
"GARNET_2_WIND5",134131,1,3,1,0.666666666666667,-1,472,1,472,0.333333333333333
"GARNET_2_WIND5",440066,1,3,0.86,0.713333333333333,0,540,0,540,0.286666666666667
"GARNET_2_WIND5",385341,1,3,0.84,0.72,0,540,0,540,0.28
"GARNET_2_WIND5",125554,1,3,0.29,0.903333333333333,0,540,0,540,0.0966666666666667
"GASKW1_2_GW1SR1",159086,4,20,20,0,0,80.75,0,80.75,4
"GASKW1_2_GW1SR1",102291,2,20,20,0,0,30,0,30,2
"GASKW1_2_GW1SR1",940797,4,20,10,0.5,0,163.75,0,163.75,2
"GASKW1_2_GW1SR1",967390,4,20,10,0.5,0,163.75,0,163.75,2
"GASKW1_2_GW1SR1",217748,2,20,19.12,0.044,0,30,0,30,1.912
"GASKW1_2_GW2BT1",134471,2,20,27.2,0.36,0,60,0,60,1.28
"GASKW1_2_GW2BT1",806408,2,20,28,0.4,0,360,0,360,1.2
"GASKW1_2_GW2BT1",183275,2,20,29.1,0.455,0,630,0,630,1.09
"GASKW1_2_GW2BT1",150919,1,20,20,0,0,590,0,590,1
"GASKW1_2_GW2BT1",135881,1,20,18,0.1,0,600,0,600,0.9
"GASKW1_2_GW2SR1",940797,4,16,10,0.375,0,185.5,0,185.5,2.5
"GASKW1_2_GW2SR1",967390,4,16,10,0.375,0,185.5,0,185.5,2.5
"GASKW1_2_GW2SR1",159086,2,16,20,0.25,0,221,0,221,1.5
"GASKW1_2_GW2SR1",903445,1,16,16.76,0.0475000000000001,0,11502,0,11502,0.9525
"GASKW1_2_GW2SR1",135881,1,16,18,0.125,0,881,0,881,0.875
"GASKW1_2_GW2SR2",158082,21,29,33,0.137931034482759,0,0,0,0,18.1034482758621
"GASKW1_2_GW2SR2",165788,21,29,33,0.137931034482759,0,0,0,0,18.1034482758621
"GASKW1_2_GW2SR2",852416,21,29,33,0.137931034482759,0,0,0,0,18.1034482758621
"GASKW1_2_GW2SR2",150919,18,29,20,0.310344827586207,0,6.66666666666667,0,6.66666666666667,12.4137931034483
"GASKW1_2_GW2SR2",685873,11,29,40,0.379310344827586,0,54.5454545454545,0,54.5454545454545,6.82758620689655
"GASKW1_2_GW3SR1",159086,9,20,20,0,-0.333333333333333,189.666666666667,0.333333333333333,189.666666666667,9
"GASKW1_2_GW3SR1",940797,7,20,10,0.5,-0.142857142857143,253,0.142857142857143,253,3.5
"GASKW1_2_GW3SR1",967390,7,20,10,0.5,-0.142857142857143,253,0.142857142857143,253,3.5
"GASKW1_2_GW3SR1",565664,2,20,20,0,-0.5,320.5,0.5,320.5,2
"GASKW1_2_GW3SR1",557145,2,20,25,0.25,0,190,0,190,1.5
"GASKW1_2_GW4SR1",159086,7,20,20,0,-0.142857142857143,209.285714285714,0.142857142857143,209.285714285714,7
"GASKW1_2_GW4SR1",940797,6,20,10,0.5,-0.166666666666667,269.5,0.166666666666667,269.5,3
"GASKW1_2_GW4SR1",967390,6,20,10,0.5,-0.166666666666667,269.5,0.166666666666667,269.5,3
"GASKW1_2_GW4SR1",844001,2,20,18.8,0.06,-0.5,188.5,0.5,188.5,1.88
"GASKW1_2_GW4SR1",557145,2,20,25,0.25,0,164,0,164,1.5
"GASKW1_2_GW5SR1",159086,8,20,20,0,-0.125,239,0.125,239,8
"GASKW1_2_GW5SR1",940797,6,20,10,0.5,-0.166666666666667,269.5,0.166666666666667,269.5,3
"GASKW1_2_GW5SR1",967390,6,20,10,0.5,-0.166666666666667,269.5,0.166666666666667,269.5,3
"GASKW1_2_GW5SR1",844001,2,20,18.8,0.06,-0.5,188.5,0.5,188.5,1.88
"GASKW1_2_GW5SR1",183275,3,20,29.1,0.455,0,798.333333333333,0,798.333333333333,1.635
"GATES_2_SOLAR",262440,1,20,20.01,0.000500000000000078,0,1004,0,1004,0.9995
"GATES_2_SOLAR",119111,1,20,25,0.25,0,611264,0,611264,0.75
"GATES_2_SOLAR",598153,1,20,0.34,0.983,-1,470,1,470,0.017
"GATES_2_SOLAR",603374,1,20,72,2.6,-4,13980,4,13980,-1.6
"GATES_2_SOLAR",604284,1,20,83,3.15,0,32984,0,32984,-2.15
"GATES_2_WSOLAR",844001,1,10,18.8,0.88,0,420,0,420,0.12
"GATES_2_WSOLAR",937035,1,10,1,0.9,0,600,0,600,0.1
"GATES_2_WSOLAR",262440,1,10,20.01,1.001,0,978,0,978,-0.00100000000000011
"GATES_2_WSOLAR",119111,1,10,25,1.5,0,611238,0,611238,-0.5
"GATES_2_WSOLAR",334338,1,10,25,1.5,0,600,0,600,-0.5
"GATEWY_2_GESBT1",110776,3,250,266,0.064,1,644,1,644,2.808
"GATEWY_2_GESBT1",797651,3,250,300,0.2,0,557,0,557,2.4
"GATEWY_2_GESBT1",701449,3,250,318,0.272,-0.333333333333333,1967.66666666667,1,1967.66666666667,2.184
"GATEWY_2_GESBT1",364853,2,250,242,0.032,0.5,524.5,0.5,524.5,1.936
"GATEWY_2_GESBT1",530607,2,250,242,0.032,0.5,254.5,0.5,254.5,1.936
"GATWAY_2_PL1X3",181838,2,585,541,0.0752136752136752,0,1012.5,0,1012.5,1.84957264957265
"GATWAY_2_PL1X3",228662,2,585,300,0.487179487179487,0,5572.5,0,5572.5,1.02564102564103
"GATWAY_2_PL1X3",128466,1,585,601.3,0.0278632478632478,0,1620,0,1620,0.972136752136752
"GATWAY_2_PL1X3",264383,1,585,550,0.0598290598290598,0,420,0,420,0.94017094017094
"GATWAY_2_PL1X3",178180,1,585,625,0.0683760683760684,0,1905,0,1905,0.931623931623932
"GENESI_2_STG",183646,6,250,219.7,0.1212,-0.5,1758,2.16666666666667,1758,5.2728
"GENESI_2_STG",482638,3,250,242,0.032,0,245.666666666667,0,245.666666666667,2.904
"GENESI_2_STG",364853,3,250,242,0.032,0.666666666666667,297.666666666667,2.66666666666667,297.666666666667,2.904
"GENESI_2_STG",977347,3,250,190,0.24,0,4213.66666666667,0,4213.66666666667,2.28
"GENESI_2_STG",681987,5,250,393,0.572,-1.4,323,1.4,323,2.14
"GEYS11_7_UNIT11",298329,1,86.8,84,0.032258064516129,0,29725,0,29725,0.967741935483871
"GEYS11_7_UNIT11",178982,1,86.8,83,0.0437788018433179,0,210,0,210,0.956221198156682
"GEYS11_7_UNIT11",140315,1,86.8,76,0.124423963133641,1,3000,1,3000,0.875576036866359
"GEYS11_7_UNIT11",661055,1,86.8,100,0.152073732718894,1,2220,1,2220,0.847926267281106
"GEYS11_7_UNIT11",133082,1,86.8,72,0.170506912442396,1,1560,1,1560,0.829493087557604
"GEYS12_7_UNIT12",151431,1,57,16,0.719298245614035,5,24352,5,24352,0.280701754385965
"GEYS12_7_UNIT12",905952,1,57,2,0.964912280701754,5,52,5,52,0.0350877192982456
"GEYS12_7_UNIT12",650619,1,57,309,4.42105263157895,5,52,5,52,-3.42105263157895
"GEYS12_7_UNIT12",286209,1,57,378,5.63157894736842,5,112,5,112,-4.63157894736842
"GEYS12_7_UNIT12",181838,1,57,541,8.49122807017544,5,52,5,52,-7.49122807017544
"GEYS14_7_UNIT14",911243,1,70,48,0.314285714285714,1,43320,1,43320,0.685714285714286
"GEYS14_7_UNIT14",328642,1,70,46,0.342857142857143,1,43320,1,43320,0.657142857142857
"GEYS14_7_UNIT14",262817,1,70,100,0.428571428571429,1,0,1,0,0.571428571428571
"GEYS14_7_UNIT14",411064,1,70,27,0.614285714285714,0,17400,0,17400,0.385714285714286
"GEYS14_7_UNIT14",644274,1,70,22.5,0.678571428571429,1,120,1,120,0.321428571428571
"GEYS16_7_UNIT16",119697,1,63,65,0.0317460317460317,0,5761,0,5761,0.968253968253968
"GEYS16_7_UNIT16",742355,1,63,75,0.19047619047619,0,1441,0,1441,0.80952380952381
"GEYS16_7_UNIT16",121961,1,63,48.5,0.23015873015873,0,12961,0,12961,0.76984126984127
"GEYS16_7_UNIT16",555191,1,63,48.35,0.232539682539683,0,12961,0,12961,0.767460317460318
"GEYS16_7_UNIT16",103700,1,63,42,0.333333333333333,0,161761,0,161761,0.666666666666667
"GEYS17_7_UNIT17",529747,1,75.5,75,0.00662251655629139,-5,601,5,601,0.993377483443709
"GEYS17_7_UNIT17",288336,1,75.5,67.5,0.105960264900662,-5,661,5,661,0.894039735099338
"GEYS17_7_UNIT17",131041,1,75.5,93,0.231788079470199,-5,661,5,661,0.768211920529801
"GEYS17_7_UNIT17",727166,1,75.5,55,0.271523178807947,-5,721,5,721,0.728476821192053
"GEYS17_7_UNIT17",138902,1,75.5,50,0.337748344370861,-5,6541,5,6541,0.662251655629139
"GEYS18_7_UNIT18",236353,1,72,60,0.166666666666667,3,401,3,401,0.833333333333333
"GEYS18_7_UNIT18",805254,1,72,95,0.319444444444444,3,1181,3,1181,0.680555555555556
"GEYS18_7_UNIT18",331013,1,72,100,0.388888888888889,3,941,3,941,0.611111111111111
"GEYS18_7_UNIT18",133829,1,72,37.5,0.479166666666667,3,401,3,401,0.520833333333333
"GEYS18_7_UNIT18",959874,1,72,30,0.583333333333333,3,461,3,461,0.416666666666667
"GEYS20_7_UNIT20",133703,1,50,75,0.5,0,NA,0,NA,0.5
"GIFENS_6_BUGSL1",152702,1,20,10,0.5,4,160,4,160,0.5
"GIFENS_6_BUGSL1",103700,1,20,42,1.1,4,400,4,400,-0.1
"GIFENS_6_BUGSL1",701361,1,20,102,4.1,-4,120,4,120,-3.1
"GIFENS_6_BUGSL1",679882,1,20,171,7.55,-4,780,4,780,-6.55
"GIFENS_6_BUGSL1",155592,1,20,189,8.45,-4,840,4,840,-7.45
"GIFFEN_6_SOLAR",842570,1,10,5,0.5,-2,4853,2,4853,0.5
"GIFFEN_6_SOLAR",903445,1,10,16.76,0.676,0,99,0,99,0.324
"GIFFEN_6_SOLAR",194982,1,10,35,2.5,-2,773,2,773,-1.5
"GIFFEN_6_SOLAR",744566,1,10,50,4,0,133821,0,133821,-3
"GIFFEN_6_SOLAR",163228,1,10,70,6,0,69219,0,69219,-5
"GIFFEN_6_SOLAR1",903445,1,9,16.76,0.862222222222222,0,98,0,98,0.137777777777778
"GIFFEN_6_SOLAR1",163228,1,9,70,6.77777777777778,0,69218,0,69218,-5.77777777777778
"GIFFEN_6_SOLAR1",112948,1,9,113,11.5555555555556,0,1238,0,1238,-10.5555555555556
"GIFFEN_6_SOLAR1",499694,1,9,600,65.6666666666667,0,20978,0,20978,-64.6666666666667
"GILROY_1_UNIT",112948,3,120,113,0.0583333333333333,0.333333333333333,760.666666666667,1,760.666666666667,2.825
"GILROY_1_UNIT",710016,3,120,105.5,0.120833333333333,1,360,1,360,2.6375
"GILROY_1_UNIT",182418,3,120,155,0.291666666666667,1,240,1,240,2.125
"GILROY_1_UNIT",455119,2,120,119,0.00833333333333333,0,6857,0,6857,1.98333333333333
"GILROY_1_UNIT",132195,3,120,77,0.358333333333333,1,280,1,280,1.925
"GILRPP_1_PL1X2",165180,2,95.2,100,0.0504201680672269,0,48,0,53,1.89915966386555
"GILRPP_1_PL1X2",447809,2,95.2,100,0.0504201680672269,0,138,0,138,1.89915966386555
"GILRPP_1_PL1X2",178982,2,95.2,83,0.128151260504202,0,491.5,0,491.5,1.7436974789916
"GILRPP_1_PL1X2",166473,2,95.2,75,0.21218487394958,0,2480.5,0,2480.5,1.57563025210084
"GILRPP_1_PL1X2",175361,2,95.2,120,0.260504201680672,0,138,0,138,1.47899159663866
"GILRPP_1_PL3X4",429981,2,46.2,53,0.147186147186147,0,3952.5,0,3952.5,1.70562770562771
"GILRPP_1_PL3X4",133003,2,46.2,35,0.242424242424242,0,281.5,0,281.5,1.51515151515152
"GILRPP_1_PL3X4",134647,2,46.2,25,0.458874458874459,0,712.5,0,712.5,1.08225108225108
"GILRPP_1_PL3X4",911243,1,46.2,48,0.0389610389610389,0,NA,0,NA,0.961038961038961
"GILRPP_1_PL3X4",555191,1,46.2,48.35,0.0465367965367965,0,37441,0,37441,0.953463203463203
"GLDFGR_6_SOLAR1",159086,7,20,20,0,0,411.142857142857,0,411.142857142857,7
"GLDFGR_6_SOLAR1",557145,4,20,25,0.25,0,412.5,0,412.5,3
"GLDFGR_6_SOLAR1",124287,3,20,26,0.3,0,405,0,405,2.1
"GLDFGR_6_SOLAR1",959874,4,20,30,0.5,0,412.5,0,412.5,2
"GLDFGR_6_SOLAR1",183275,3,20,29.1,0.455,0,1005,0,1005,1.635
"GLDFGR_6_SOLAR2",940797,1,11.4,10,0.12280701754386,0,476,0,476,0.87719298245614
"GLDFGR_6_SOLAR2",967390,1,11.4,10,0.12280701754386,0,476,0,476,0.87719298245614
"GLDFGR_6_SOLAR2",143302,1,11.4,9.5,0.166666666666667,-1,877,1,877,0.833333333333333
"GLDFGR_6_SOLAR2",385155,1,11.4,9.5,0.166666666666667,-1,877,1,877,0.833333333333333
"GLDFGR_6_SOLAR2",838066,1,11.4,9.5,0.166666666666667,-1,877,1,877,0.833333333333333
"GLDTWN_6_COLUM3",376549,1,10,10,0,0,655,0,655,1
"GLDTWN_6_COLUM3",940797,1,10,10,0,0,60,0,60,1
"GLDTWN_6_COLUM3",967390,1,10,10,0,0,60,0,60,1
"GLDTWN_6_COLUM3",143302,1,10,9.5,0.05,0,660,0,660,0.95
"GLDTWN_6_COLUM3",193527,1,10,9.5,0.05,0,660,0,660,0.95
"GLDTWN_6_SOLAR",445378,1,5,5,0,0,60,0,60,1
"GLDTWN_6_SOLAR",116719,1,5,5.19,0.0380000000000001,0,660,0,660,0.962
"GLDTWN_6_SOLAR",106825,1,5,4.6,0.0800000000000001,0,660,0,660,0.92
"GLDTWN_6_SOLAR",210359,1,5,6.14,0.228,0,660,0,660,0.772
"GLDTWN_6_SOLAR",892312,1,5,3.6,0.28,0,660,0,660,0.72
"GLNARM_2_UNIT 5",178559,1,65.81,60,0.088284455249962,-1,570,1,570,0.911715544750038
"GLNARM_2_UNIT 5",877294,1,65.81,75,0.139644430937547,-1,690,1,690,0.860355569062453
"GLNARM_2_UNIT 5",279238,1,65.81,40,0.392189636833308,0,1320,0,1320,0.607810363166692
"GLNARM_2_UNIT 5",886688,1,65.81,95,0.443549612520893,0,35700,0,35700,0.556450387479107
"GLNARM_2_UNIT 5",988619,1,65.81,0.1,0.998480474092083,0,7,0,7,0.0015195259079166
"GLNARM_7_UNIT 1",517313,1,22.13,23.66,0.0691369182105739,0,120,0,120,0.930863081789426
"GLNARM_7_UNIT 1",193972,1,22.13,19.85,0.103027564392228,0,120,0,120,0.896972435607772
"GLNARM_7_UNIT 1",101363,1,22.13,11,0.502937189335743,0,240,0,240,0.497062810664257
"GLNARM_7_UNIT 1",152702,1,22.13,10,0.548124717577948,3,120,3,120,0.451875282422052
"GLNARM_7_UNIT 1",831190,1,22.13,6.32,0.714414821509263,0,240,0,240,0.285585178490737
"GLNARM_7_UNIT 2",183275,2,22.38,29.1,0.300268096514745,-1.5,295.5,1.5,295.5,1.39946380697051
"GLNARM_7_UNIT 2",204429,1,22.38,22,0.0169794459338695,0,3771,0,3771,0.98302055406613
"GLNARM_7_UNIT 2",177935,1,22.38,25,0.117068811438785,-3,3240,3,3240,0.882931188561215
"GLNARM_7_UNIT 2",851690,1,22.38,30,0.340482573726542,0,11799,0,11799,0.659517426273458
"GLNARM_7_UNIT 2",589439,1,22.38,13,0.419124218051832,0,471,0,471,0.580875781948168
"GLNARM_7_UNIT 3",294276,2,44.83,50,0.115324559446799,0.5,14785.5,0.5,14785.5,1.7693508811064
"GLNARM_7_UNIT 3",599767,2,44.83,68,0.516841400847647,0,113.5,0,113.5,0.966317198304707
"GLNARM_7_UNIT 3",949253,1,44.83,49,0.0930180682578631,0,223,0,223,0.906981931742137
"GLNARM_7_UNIT 3",267721,1,44.83,40,0.107740352442561,-4,240,4,240,0.892259647557439
"GLNARM_7_UNIT 3",374311,1,44.83,40,0.107740352442561,-4,720,4,720,0.892259647557439
"GLNARM_7_UNIT 4",949253,1,42.42,49,0.155115511551155,0,1640,0,1640,0.844884488448845
"GLNARM_7_UNIT 4",599767,2,42.42,68,0.603017444601603,0,572.5,0,572.5,0.793965110796794
"GLNARM_7_UNIT 4",134471,1,42.42,27.2,0.358793022159359,0,60,0,60,0.641206977840641
"GLNARM_7_UNIT 4",423313,1,42.42,25,0.410655351249411,1,1241,1,1241,0.589344648750589
"GLNARM_7_UNIT 4",928357,1,42.42,24,0.434229137199434,-3,71692,3,71692,0.565770862800566
"GLOW_6_SOLAR",102291,2,20,20,0,0,30,0,30,2
"GLOW_6_SOLAR",916581,2,20,20,0,0,0,0,0,2
"GLOW_6_SOLAR",217748,2,20,19.12,0.044,0,30,0,30,1.912
"GLOW_6_SOLAR",603185,2,20,17,0.15,0,0,0,0,1.7
"GLOW_6_SOLAR",975528,2,20,26,0.3,0,0,0,0,1.4
"GOLETA_2_GE2BT3",185626,3,60,49,0.183333333333333,0,560,0,560,2.45
"GOLETA_2_GE2BT3",664900,3,60,49,0.183333333333333,0,560,0,560,2.45
"GOLETA_2_GE2BT3",194982,4,60,35,0.416666666666667,0,1195.5,0,1195.5,2.33333333333333
"GOLETA_2_GE2BT3",600137,2,60,60,0,0,2550.5,0,2550.5,2
"GOLETA_2_GE2BT3",333220,2,60,65,0.0833333333333333,0,720,0,720,1.83333333333333
"GOLETA_2_VALBT1",152702,1,10,10,0,0,0,0,0,1
"GOLETA_2_VALBT1",222735,1,10,10.4,0.04,0,240,0,240,0.96
"GOLETA_2_VALBT1",292514,1,10,9,0.1,0,720,0,720,0.9
"GOLETA_2_VALBT1",589439,1,10,13,0.3,0,240,0,240,0.7
"GOLETA_2_VALBT1",146475,1,10,6.2,0.38,0,740,0,740,0.62
"GOLETA_6_ELLWOD",512382,1,54,53.5,0.00925925925925926,0,921,0,921,0.990740740740741
"GOLETA_6_ELLWOD",170209,1,54,50,0.0740740740740741,-1,10898,1,10898,0.925925925925926
"GOLETA_6_ELLWOD",559904,1,54,50,0.0740740740740741,-1,NA,1,NA,0.925925925925926
"GOLETA_6_ELLWOD",491191,1,54,49.5,0.0833333333333333,-1,11978,1,11978,0.916666666666667
"GOLETA_6_ELLWOD",619413,1,54,49.5,0.0833333333333333,-1,11978,1,11978,0.916666666666667
"GOLETA_6_TR2BM2",122443,1,1.99,2,0.00502512562814071,-5,48,5,48,0.994974874371859
"GOLETA_6_TR2BM2",193916,1,1.99,2,0.00502512562814071,-5,48,5,48,0.994974874371859
"GOLETA_6_TR2BM2",291255,1,1.99,2,0.00502512562814071,-5,48,5,48,0.994974874371859
"GOLETA_6_TR2BM2",462662,1,1.99,2,0.00502512562814071,-5,48,5,48,0.994974874371859
"GOLETA_6_TR2BM2",775022,1,1.99,2,0.00502512562814071,-5,48,5,48,0.994974874371859
"GONZLS_6_UNIT",905952,3,1.42,2,0.408450704225352,0,40.6666666666667,0,40.6666666666667,1.77464788732394
"GONZLS_6_UNIT",338295,1,1.42,0.49,0.654929577464789,-3,1235,3,1235,0.345070422535211
"GONZLS_6_UNIT",206568,1,1.42,0.44,0.690140845070423,-3,1235,3,1235,0.309859154929577
"GONZLS_6_UNIT",898749,1,1.42,0.28,0.802816901408451,-3,1235,3,1235,0.197183098591549
"GONZLS_6_UNIT",709937,1,1.42,0.2,0.859154929577465,-3,1235,3,1235,0.140845070422535
"GOOSLK_1_SOLAR1",982861,1,12,13,0.0833333333333333,0,25646,0,25646,0.916666666666667
"GOOSLK_1_SOLAR1",940797,1,12,10,0.166666666666667,0,180,0,180,0.833333333333333
"GOOSLK_1_SOLAR1",967390,1,12,10,0.166666666666667,0,180,0,180,0.833333333333333
"GOOSLK_1_SOLAR1",108072,1,12,16.8,0.4,0,60895,0,60895,0.6
"GOOSLK_1_SOLAR1",197582,1,12,4.18,0.651666666666667,0,23461,0,23461,0.348333333333333
"GRADYW_5_GDYWD1",110776,1,200,266,0.33,0,145,0,145,0.67
"GRADYW_5_GDYWD1",162314,1,200,131,0.345,0,9840,0,9840,0.655
"GRADYW_5_GDYWD1",177596,1,200,88,0.56,0,883,0,883,0.44
"GRADYW_5_GDYWD1",251994,1,200,40,0.8,0,403,0,403,0.2
"GRADYW_5_GDYWD1",131428,1,200,9.72,0.9514,0,223,0,223,0.0486
"GRIDLY_6_SOLAR",714921,1,2.5,2,0.2,0,180,0,180,0.8
"GRIDLY_6_SOLAR",175717,1,2.5,1.63,0.348,0,0,0,0,0.652
"GRIDLY_6_SOLAR",589439,1,2.5,13,4.2,0,120,0,120,-3.2
"GRIDLY_6_SOLAR",183275,1,2.5,29.1,10.64,0,60,0,60,-9.64
"GRIDLY_6_SOLAR",159511,1,2.5,43,16.2,0,60,0,60,-15.2
"GRIFFI_2_LSPDYN",279317,2,570,505,0.114035087719298,0,211,0,211,1.7719298245614
"GRIFFI_2_LSPDYN",604060,1,570,176,0.691228070175439,0,7201,0,7201,0.308771929824561
"GRIFFI_2_LSPDYN",110996,1,570,107,0.812280701754386,0,7201,0,7201,0.187719298245614
"GRIFFI_2_LSPDYN",126447,1,570,1,0.998245614035088,0,NA,0,NA,0.00175438596491229
"GRIZLY_1_UNIT 1",198858,1,20,16,0.2,0,195,0,195,0.8
"GRIZLY_1_UNIT 1",164152,1,20,15,0.25,0,255,0,255,0.75
"GRIZLY_1_UNIT 1",764077,1,20,25,0.25,0,56701,0,56701,0.75
"GRIZLY_1_UNIT 1",125901,1,20,14,0.3,0,255,0,255,0.7
"GRIZLY_1_UNIT 1",589439,1,20,13,0.35,0,255,0,255,0.65
"GRNLF1_1_PL1X2",454660,2,60,53,0.116666666666667,0.5,480,0.5,480,1.76666666666667
"GRNLF1_1_PL1X2",646375,2,60,88,0.466666666666667,0.5,90,0.5,90,1.06666666666667
"GRNLF1_1_PL1X2",156758,1,60,60,0,0,60,0,60,1
"GRNLF1_1_PL1X2",134075,1,60,56,0.0666666666666667,0,4258,0,4258,0.933333333333333
"GRNLF1_1_PL1X2",761564,1,60,56,0.0666666666666667,0,13918,0,13918,0.933333333333333
"GRNLF2_1_UNIT",824322,1,49.2,49.5,0.0060975609756097,0,3300,0,3300,0.99390243902439
"GRNLF2_1_UNIT",506140,1,49.2,50,0.016260162601626,0,3428,0,3428,0.983739837398374
"GRNLF2_1_UNIT",328642,1,49.2,46,0.0650406504065041,0,NA,0,NA,0.934959349593496
"GRNLF2_1_UNIT",830513,1,49.2,70,0.422764227642276,0,0,0,0,0.577235772357724
"GRNLF2_1_UNIT",134471,1,49.2,27.2,0.447154471544715,0,150,0,150,0.552845528455284
"GRNVLY_7_SCLAND",311481,1,3.04,0.25,0.917763157894737,0,NA,0,NA,0.0822368421052632
"GRNVLY_7_SCLAND",903445,1,3.04,16.76,4.51315789473684,4,1023,4,1023,-3.51315789473684
"GRNVLY_7_SCLAND",134647,1,3.04,25,7.22368421052632,0,829,0,829,-6.22368421052632
"GRNVLY_7_SCLAND",124287,1,3.04,26,7.55263157894737,4,363,4,363,-6.55263157894737
"GRNVLY_7_SCLAND",133829,1,3.04,37.5,11.3355263157895,4,303,4,303,-10.3355263157895
"GRSCRK_6_BGCKWW",368224,1,5,4,0.2,0,300,0,300,0.8
"GRSCRK_6_BGCKWW",905952,2,5,2,0.6,-2.5,182,2.5,182,0.8
"GRSCRK_6_BGCKWW",368055,1,5,3.43,0.314,0,230,0,230,0.686
"GRSCRK_6_BGCKWW",800488,1,5,3.43,0.314,0,170,0,170,0.686
"GRSCRK_6_BGCKWW",739401,1,5,2.3,0.54,0,230,0,230,0.46
"GUERNS_6_HD3BM3",157437,18,1,0.99,0.01,0,93.3333333333333,0,93.3333333333333,17.82
"GUERNS_6_HD3BM3",646828,18,1,0.99,0.01,0,93.3333333333333,0,93.3333333333333,17.82
"GUERNS_6_HD3BM3",725123,21,1,0.84,0.16,0,187.619047619048,0,187.619047619048,17.64
"GUERNS_6_HD3BM3",135369,17,1,0.99,0.01,0,427.058823529412,0,427.058823529412,16.83
"GUERNS_6_HD3BM3",191300,17,1,0.99,0.01,0,180,0,180,16.83
"GUERNS_6_SOLAR",197335,1,20,11.07,0.4465,0,4680,0,4680,0.5535
"GUERNS_6_SOLAR",753034,1,20,75,2.75,0,7829,0,7829,-1.75
"GUERNS_6_SOLAR",155592,1,20,189,8.45,0,180,0,180,-7.45
"GUERNS_6_VH2BM1",725123,22,1,0.84,0.16,0,2126.40909090909,0,2126.40909090909,18.48
"GUERNS_6_VH2BM1",157437,18,1,0.99,0.01,0,2543.38888888889,0,2543.38888888889,17.82
"GUERNS_6_VH2BM1",646828,18,1,0.99,0.01,0,5743.38888888889,0,5743.38888888889,17.82
"GUERNS_6_VH2BM1",191300,17,1,0.99,0.01,0,10574.1764705882,0,10574.1764705882,16.83
"GUERNS_6_VH2BM1",255723,17,1,0.97,0.03,0,10307.7058823529,0,10307.7058823529,16.49
"GWFPWR_1_UNITS",161396,1,98.46,94,0.0452975827747308,0,720,0,720,0.954702417225269
"GWFPWR_1_UNITS",243483,1,98.46,104,0.0562665041641276,0,2280,0,2280,0.943733495835872
"GWFPWR_1_UNITS",568837,1,98.46,104.16,0.0578915295551493,-1,11823,1,11823,0.942108470444851
"GWFPWR_1_UNITS",133082,1,98.46,72,0.268738574040219,-1,5703,1,5703,0.731261425959781
"GWFPWR_1_UNITS",331440,1,98.46,72,0.268738574040219,-1,5703,1,5703,0.731261425959781
"GYS5X6_7_UNITS",568837,1,98.43,104.16,0.0582139591587929,0,2881,0,2881,0.941786040841207
"GYS5X6_7_UNITS",102701,1,98.43,70,0.288834704866403,0,2340,0,2340,0.711165295133597
"GYS5X6_7_UNITS",512382,1,98.43,53.5,0.456466524433608,0,3600,0,3600,0.543533475566392
"GYS5X6_7_UNITS",142017,1,98.43,50,0.492024789190288,0,3600,0,3600,0.507975210809712
"GYS5X6_7_UNITS",857430,1,98.43,50,0.492024789190288,0,3600,0,3600,0.507975210809712
"GYS7X8_7_UNITS",334338,1,95.8,25,0.739039665970772,0,6056,0,6056,0.260960334029228
"GYS7X8_7_UNITS",787204,1,95.8,281,1.93319415448852,0,16500,0,16500,-0.933194154488518
"GYS7X8_7_UNITS",719695,1,95.8,457,3.77035490605428,0,1800,0,1800,-2.77035490605428
"GYSRVL_7_WSPRNG",711583,1,3.75,29,6.73333333333333,0,68640,0,68640,-5.73333333333333
"GYSRVL_7_WSPRNG",949253,1,3.75,49,12.0666666666667,0,300,0,300,-11.0666666666667
"GYSRVL_7_WSPRNG",145433,1,3.75,75,19,0,1260,0,1260,-18
"GYSRVL_7_WSPRNG",149831,1,3.75,235,61.6666666666667,0,9540,0,9540,-60.6666666666667
"GYSRVL_7_WSPRNG",133426,1,3.75,320,84.3333333333333,0,300,0,300,-83.3333333333333
"HAASPH_7_PL1X2",112948,3,144,113,0.215277777777778,0,507,0,507,2.35416666666667
"HAASPH_7_PL1X2",143349,2,144,131,0.0902777777777778,0,210.5,0,210.5,1.81944444444444
"HAASPH_7_PL1X2",695464,2,144,131,0.0902777777777778,0,150,0,150,1.81944444444444
"HAASPH_7_PL1X2",204700,2,144,110,0.236111111111111,0,210.5,0,210.5,1.52777777777778
"HAASPH_7_PL1X2",624302,2,144,100,0.305555555555556,0,330.5,0,330.5,1.38888888888889
"HALSEY_6_UNIT",108072,1,13.5,16.8,0.244444444444444,0,7838,0,7838,0.755555555555556
"HALSEY_6_UNIT",193888,1,13.5,5.75,0.574074074074074,0,NA,0,NA,0.425925925925926
"HALSEY_6_UNIT",800488,1,13.5,3.43,0.745925925925926,0,NA,0,NA,0.254074074074074
"HALSEY_6_UNIT",351735,1,13.5,85,5.2962962962963,0,NA,0,NA,-4.2962962962963
"HALSEY_6_UNIT",883062,1,13.5,174.29,11.9103703703704,0,NA,0,NA,-10.9103703703704
"HAMLIN_1_BLDSB1",143349,78,150,131,0.126666666666667,0,18.4615384615385,0,18.4615384615385,68.12
"HAMLIN_1_BLDSB1",145233,78,150,125,0.166666666666667,0,50,0,50,65
"HAMLIN_1_BLDSB1",204700,78,150,110,0.266666666666667,0,18.4615384615385,0,18.4615384615385,57.2
"HAMLIN_1_BLDSB1",576455,47,150,150,0,0,26.8085106382979,0,26.8085106382979,47
"HAMLIN_1_BLDSB1",152145,60,150,105,0.3,0,36,0,36,42
"HAMLIN_1_BMSBT2",158082,15,50,33,0.34,0,0,0,0,9.9
"HAMLIN_1_BMSBT2",165788,15,50,33,0.34,0,0,0,0,9.9
"HAMLIN_1_BMSBT2",852416,15,50,33,0.34,0,0,0,0,9.9
"HAMLIN_1_BMSBT2",234172,15,50,74,0.48,0,0,0,0,7.8
"HAMLIN_1_BMSBT2",115494,6,50,56,0.12,0,0,0,0,5.28
"HARBGN_7_UNITS",173967,1,109.01,100,0.0826529676176498,0,3060,0,3060,0.91734703238235
"HARBGN_7_UNITS",796754,1,109.01,100,0.0826529676176498,0,4182,0,4182,0.91734703238235
"HARBGN_7_UNITS",345990,1,109.01,96.61,0.113751032015411,1,NA,1,NA,0.886248967984589
"HARBGN_7_UNITS",911243,2,109.01,48,0.559673424456472,1,13274,1,13274,0.880653151087056
"HARBGN_7_UNITS",298329,1,109.01,84,0.229428492798826,1,5640,1,5640,0.770571507201174
"HARDWK_6_STWBM1",627608,1,1,2,1,0,0,0,0,0
"HARDWK_6_STWBM1",905952,1,1,2,1,-2,60,2,60,0
"HARDWK_6_STWBM1",800488,1,1,3.43,2.43,0,540,0,540,-1.43
"HARDWK_6_STWBM1",146475,1,1,6.2,5.2,0,100,0,100,-4.2
"HARDWK_6_STWBM1",222735,1,1,10.4,9.4,0,240,0,240,-8.4
"HATCR1_7_UNIT",166958,1,8.5,10,0.176470588235294,-3,591,3,591,0.823529411764706
"HATCR1_7_UNIT",368224,1,8.5,4,0.529411764705882,-3,831,3,831,0.470588235294118
"HATCR1_7_UNIT",142368,1,8.5,25,1.94117647058824,0,465,0,465,-0.941176470588235
"HATCR1_7_UNIT",126265,1,8.5,38,3.47058823529412,0,1005,0,1005,-2.47058823529412
"HATCR1_7_UNIT",194982,2,8.5,35,3.11764705882353,-1.5,558,1.5,558,-4.23529411764706
"HATCR2_7_UNIT",103214,1,8.5,15,0.764705882352941,0,263104,0,263104,0.235294117647059
"HATCR2_7_UNIT",844001,1,8.5,18.8,1.21176470588235,-1,14,1,14,-0.211764705882353
"HATCR2_7_UNIT",420763,1,8.5,40,3.70588235294118,-1,314,1,314,-2.70588235294118
"HATCR2_7_UNIT",561157,1,8.5,40,3.70588235294118,-1,554,1,554,-2.70588235294118
"HATCR2_7_UNIT",599767,1,8.5,68,7,-1,1094,1,1094,-6
"HATLOS_6_BWDHY1",126447,1,2,1,0.5,0,187,0,187,0.5
"HATLOS_6_BWDHY1",661056,1,2,1,0.5,0,187,0,187,0.5
"HATLOS_6_BWDHY1",937035,1,2,1,0.5,0,187,0,187,0.5
"HATLOS_6_BWDHY1",292514,1,2,9,3.5,0,487,0,487,-2.5
"HATLOS_6_BWDHY1",142368,1,2,25,11.5,0,187,0,187,-10.5
"HAYPRS_6_HAYHD1",636736,1,5.8,4.22,0.272413793103448,0,83,0,83,0.727586206896552
"HAYPRS_6_HAYHD1",800488,1,5.8,3.43,0.408620689655172,0,NA,0,NA,0.591379310344828
"HAYPRS_6_HAYHD1",292514,1,5.8,9,0.551724137931034,0,109703,0,109703,0.448275862068966
"HAYPRS_6_HAYHD1",126447,1,5.8,1,0.827586206896552,0,323,0,323,0.172413793103448
"HAYPRS_6_HAYHD1",661056,1,5.8,1,0.827586206896552,0,323,0,323,0.172413793103448
"HAYPRS_6_HAYHD2",292514,1,6.7,9,0.343283582089552,0,129601,0,129601,0.656716417910448
"HAYPRS_6_HAYHD2",636736,1,6.7,4.22,0.370149253731343,0,103770,0,103770,0.629850746268657
"HAYPRS_6_HAYHD2",551436,1,6.7,3.45,0.485074626865672,0,NA,0,NA,0.514925373134328
"HAYPRS_6_HAYHD2",800488,1,6.7,3.43,0.488059701492537,0,NA,0,NA,0.511940298507463
"HAYPRS_6_HAYHD2",978009,1,6.7,2,0.701492537313433,0,207,0,207,0.298507462686567
"HELMPG_7_UNIT 1",891900,2,407,473,0.162162162162162,-0.5,3536.5,0.5,3536.5,1.67567567567568
"HELMPG_7_UNIT 1",876041,2,407,565,0.388206388206388,0,223141,0,223141,1.22358722358722
"HELMPG_7_UNIT 1",305080,2,407,600,0.474201474201474,0,6871,0,6871,1.05159705159705
"HELMPG_7_UNIT 1",681987,1,407,393,0.0343980343980344,0,124,0,124,0.965601965601966
"HELMPG_7_UNIT 1",129058,1,407,422,0.0368550368550369,0,0,0,0,0.963144963144963
"HELMPG_7_UNIT 2",681987,3,407,393,0.0343980343980344,0,356.666666666667,0,356.666666666667,2.8968058968059
"HELMPG_7_UNIT 2",174549,2,407,430,0.0565110565110565,0,383,0,383,1.88697788697789
"HELMPG_7_UNIT 2",891900,2,407,473,0.162162162162162,0,1255,0,1255,1.67567567567568
"HELMPG_7_UNIT 2",129058,1,407,422,0.0368550368550369,0,0,0,0,0.963144963144963
"HELMPG_7_UNIT 2",192081,1,407,375,0.0786240786240786,0,124,0,124,0.921375921375921
"HELMPG_7_UNIT 3",473916,2,404,290,0.282178217821782,0,1170,0,1170,1.43564356435644
"HELMPG_7_UNIT 3",199332,2,404,200,0.504950495049505,0,62.5,0,62.5,0.99009900990099
"HELMPG_7_UNIT 3",681987,1,404,393,0.0272277227722772,0,124,0,124,0.972772277227723
"HELMPG_7_UNIT 3",192081,1,404,375,0.0717821782178218,0,124,0,124,0.928217821782178
"HELMPG_7_UNIT 3",165871,1,404,350,0.133663366336634,0,42480,0,42480,0.866336633663366
"HENRTA_6_ACDSR3",191300,1,3,0.99,0.67,0,3401,0,3401,0.33
"HENRTA_6_ACDSR3",712312,1,3,0.99,0.67,0,3461,0,3461,0.33
"HENRTA_6_ACDSR3",383981,1,3,0.97,0.676666666666667,0,3341,0,3341,0.323333333333333
"HENRTA_6_ACDSR3",665238,1,3,0.9,0.7,0,3461,0,3461,0.3
"HENRTA_6_ACDSR3",385341,1,3,0.84,0.72,0,3341,0,3341,0.28
"HENRTA_6_ELCBX2",243483,1,99.4,104,0.0462776659959758,0,120,0,120,0.953722334004024
"HENRTA_6_ELCBX2",194982,1,99.4,35,0.647887323943662,0,660,0,660,0.352112676056338
"HENRTA_6_ELCBX2",769353,1,99.4,450,3.5271629778672,0,13620,0,13620,-2.5271629778672
"HENRTA_6_ELCBX2",178180,1,99.4,625,5.28772635814889,0,120,0,120,-4.28772635814889
"HENRTA_6_HDEBT1",292514,3,10,9,0.1,0,500,0,500,2.7
"HENRTA_6_HDEBT1",125901,2,10,14,0.4,0,453,0,453,1.2
"HENRTA_6_HDEBT1",368055,3,10,3.43,0.657,0,313.666666666667,0,313.666666666667,1.029
"HENRTA_6_HDEBT1",713609,3,10,3.36,0.664,0,313.666666666667,0,313.666666666667,1.008
"HENRTA_6_HDEBT1",376549,1,10,10,0,0,627,0,627,1
"HENRTA_6_SOLAR1",191300,1,1.5,0.99,0.34,0,3402,0,3402,0.66
"HENRTA_6_SOLAR1",712312,1,1.5,0.99,0.34,0,3462,0,3462,0.66
"HENRTA_6_SOLAR1",383981,1,1.5,0.97,0.353333333333333,0,3342,0,3342,0.646666666666667
"HENRTA_6_SOLAR1",867323,1,1.5,0.96,0.36,0,1154,0,1154,0.64
"HENRTA_6_SOLAR1",604408,1,1.5,0.93,0.38,0,1154,0,1154,0.62
"HENRTA_6_SOLAR2",191300,1,2,0.99,0.505,0,3540,0,3540,0.495
"HENRTA_6_SOLAR2",712312,1,2,0.99,0.505,0,3600,0,3600,0.495
"HENRTA_6_SOLAR2",383981,1,2,0.97,0.515,0,3480,0,3480,0.485
"HENRTA_6_SOLAR2",665238,1,2,0.9,0.55,0,3600,0,3600,0.45
"HENRTA_6_SOLAR2",385341,1,2,0.84,0.58,0,3480,0,3480,0.42
"HENRTA_6_UNITA1",148758,2,49.98,50,0.000400160064025673,-0.5,491.5,0.5,491.5,1.99919967987195
"HENRTA_6_UNITA1",973878,2,49.98,50,0.000400160064025673,-0.5,491.5,0.5,491.5,1.99919967987195
"HENRTA_6_UNITA1",154578,2,49.98,40,0.199679871948779,-0.5,491.5,0.5,491.5,1.60064025610244
"HENRTA_6_UNITA1",133003,2,49.98,35,0.299719887955182,0,1582.5,0,1582.5,1.40056022408964
"HENRTA_6_UNITA1",165788,2,49.98,33,0.339735894357743,-0.5,559,0.5,559,1.32052821128451
"HENRTA_6_UNITA2",917526,1,49.42,49.42,0,0,NA,0,NA,1
"HENRTA_6_UNITA2",118390,1,49.42,49,0.00849858356940513,-1,21927,1,21927,0.991501416430595
"HENRTA_6_UNITA2",698265,1,49.42,49,0.00849858356940513,-1,22347,1,22347,0.991501416430595
"HENRTA_6_UNITA2",563035,1,49.42,49.98,0.0113314447592067,0,NA,0,NA,0.988668555240793
"HENRTA_6_UNITA2",506140,1,49.42,50,0.0117361392148927,0,16170,0,16170,0.988263860785107
"HENRTS_1_SOLAR",118279,8,100,100,0,-0.375,129.375,0.375,129.375,8
"HENRTS_1_SOLAR",152145,8,100,105,0.05,-0.375,136.875,0.375,136.875,7.6
"HENRTS_1_SOLAR",199925,6,100,100,0,-0.5,132.333333333333,0.5,132.333333333333,6
"HENRTS_1_SOLAR",230642,6,100,100,0,-0.5,112.333333333333,0.5,112.333333333333,6
"HENRTS_1_SOLAR",178559,8,100,60,0.4,-0.375,144.375,0.375,144.375,4.8
"HERDLN_6_BYHSR1",945442,1,5,2,0.6,0,203,0,203,0.4
"HERDLN_6_BYHSR1",197335,1,5,11.07,1.214,0,48,0,48,-0.214
"HERDLN_6_BYHSR1",691663,1,5,12.19,1.438,0,48,0,48,-0.438
"HERDLN_6_BYHSR1",589439,1,5,13,1.6,0,108,0,108,-0.6
"HERDLN_6_BYHSR1",135881,1,5,18,2.6,0,683,0,683,-1.6
"HIDSRT_2_UNITS",178180,1,850,625,0.264705882352941,0,2917,0,2917,0.735294117647059
"HIDSRT_2_UNITS",118694,1,850,618,0.272941176470588,0,14460,0,14460,0.727058823529412
"HIDSRT_2_UNITS",807482,1,850,612,0.28,0,34141,0,34141,0.72
"HIDSRT_2_UNITS",942022,1,850,598,0.296470588235294,0,18291,0,18291,0.703529411764706
"HIDSRT_2_UNITS",279317,1,850,505,0.405882352941176,1,163260,1,163260,0.594117647058824
"HIGGNS_1_COMBIE",126447,1,1.5,1,0.333333333333333,0,568,0,568,0.666666666666667
"HIGGNS_1_COMBIE",197004,1,1.5,1,0.333333333333333,0,180,0,180,0.666666666666667
"HIGGNS_1_COMBIE",211538,1,1.5,1,0.333333333333333,0,0,0,0,0.666666666666667
"HIGGNS_1_COMBIE",636159,1,1.5,1,0.333333333333333,1,401,1,401,0.666666666666667
"HIGGNS_1_COMBIE",978009,1,1.5,2,0.333333333333333,2,540,2,540,0.666666666666667
"HIGHDS_2_H5SBT1",236353,2,50,60,0.2,0,22.5,0,22.5,1.6
"HIGHDS_2_H5SBT1",133829,2,50,37.5,0.25,0,22.5,0,22.5,1.5
"HIGHDS_2_H5SBT1",506140,1,50,50,0,0,1400,0,1400,1
"HIGHDS_2_H5SBT1",857430,1,50,50,0,0,0,0,0,1
"HIGHDS_2_H5SBT1",177935,2,50,25,0.5,0,2790,0,2790,1
"HIGHDS_2_H5SSR1",204700,2,100,110,0.1,-0.5,631.5,0.5,631.5,1.8
"HIGHDS_2_H5SSR1",143349,2,100,131,0.31,-0.5,601.5,0.5,601.5,1.38
"HIGHDS_2_H5SSR1",705142,2,100,62.5,0.375,-0.5,631.5,0.5,631.5,1.25
"HIGHDS_2_H5SSR1",131041,1,100,93,0.07,-1,145,1,145,0.93
"HIGHDS_2_H5SSR1",177596,1,100,88,0.12,0,9218,0,9218,0.88
"HINSON_6_LBECH1",159511,1,63,43,0.317460317460317,0,230,0,230,0.682539682539683
"HINSON_6_LBECH1",542415,1,63,42,0.333333333333333,0,230,0,230,0.666666666666667
"HINSON_6_LBECH1",134471,1,63,27.2,0.568253968253968,0,5,0,5,0.431746031746032
"HINSON_6_LBECH1",447809,1,63,100,0.587301587301587,0,3540,0,3540,0.412698412698413
"HINSON_6_LBECH1",134647,1,63,25,0.603174603174603,0,480,0,480,0.396825396825397
"HINSON_6_LBECH2",159511,1,63,43,0.317460317460317,0,230,0,230,0.682539682539683
"HINSON_6_LBECH2",542415,1,63,42,0.333333333333333,0,230,0,230,0.666666666666667
"HINSON_6_LBECH2",134471,1,63,27.2,0.568253968253968,0,5,0,5,0.431746031746032
"HINSON_6_LBECH2",447809,1,63,100,0.587301587301587,0,3540,0,3540,0.412698412698413
"HINSON_6_LBECH2",176779,1,63,100,0.587301587301587,5,330,5,330,0.412698412698413
"HINSON_6_LBECH3",860525,1,63,60,0.0476190476190476,1,7941,1,7941,0.952380952380952
"HINSON_6_LBECH3",121745,1,63,75,0.19047619047619,0,60,0,60,0.80952380952381
"HINSON_6_LBECH3",166473,1,63,75,0.19047619047619,0,0,0,0,0.80952380952381
"HINSON_6_LBECH3",159511,1,63,43,0.317460317460317,0,205,0,205,0.682539682539683
"HINSON_6_LBECH3",134471,1,63,27.2,0.568253968253968,-3,43,3,43,0.431746031746032
"HINSON_6_LBECH4",121745,1,63,75,0.19047619047619,0,60,0,60,0.80952380952381
"HINSON_6_LBECH4",166473,1,63,75,0.19047619047619,0,0,0,0,0.80952380952381
"HINSON_6_LBECH4",159511,1,63,43,0.317460317460317,0,205,0,205,0.682539682539683
"HINSON_6_LBECH4",134471,1,63,27.2,0.568253968253968,-3,43,3,43,0.431746031746032
"HINSON_6_LBECH4",134647,1,63,25,0.603174603174603,0,720,0,720,0.396825396825397
"HNTGBH_2_PL1X3",281995,1,673.8,700,0.0388839418224993,0,30721,0,30721,0.961116058177501
"HNTGBH_2_PL1X3",118694,1,673.8,618,0.082813891362422,0,121,0,121,0.917186108637578
"HNTGBH_2_PL1X3",499694,1,673.8,600,0.109528049866429,0,4290,0,4290,0.890471950133571
"HNTGBH_2_PL1X3",305080,1,673.8,600,0.109528049866429,1,35,1,35,0.890471950133571
"HNTGBH_2_PL1X3",514564,1,673.8,520,0.228257643217572,0,318,0,318,0.771742356782428
"HNTGBH_7_UNIT 2",213655,1,226.84,230,0.0139305237171575,0,2464,0,2464,0.986069476282843
"HNTGBH_7_UNIT 2",960427,1,226.84,220,0.030153412096632,0,1324,0,1324,0.969846587903368
"HNTGBH_7_UNIT 2",364853,1,226.84,242,0.0668312466937048,0,316,0,316,0.933168753306295
"HNTGBH_7_UNIT 2",524669,1,226.84,242,0.0668312466937048,0,270,0,270,0.933168753306295
"HNTGBH_7_UNIT 2",209906,1,226.84,206,0.0918709222359372,0,46418,0,46418,0.908129077764063
"HOLGAT_1_BORAX",251994,1,48.2,40,0.170124481327801,0,334,0,334,0.829875518672199
"HOLGAT_1_BORAX",685873,1,48.2,40,0.170124481327801,-2,460,2,460,0.829875518672199
"HOLGAT_1_BORAX",178559,1,48.2,60,0.244813278008299,-2,460,2,460,0.755186721991701
"HOLGAT_1_BORAX",184537,1,48.2,34,0.294605809128631,0,661,0,661,0.705394190871369
"HOLGAT_1_BORAX",705142,1,48.2,62.5,0.296680497925311,-2,340,2,340,0.703319502074689
"HOLSTR_1_SOLAR",415983,1,1.5,9.6,5.4,0,388,0,388,-4.4
"HOLSTR_1_SOLAR",222735,1,1.5,10.4,5.93333333333333,0,388,0,388,-4.93333333333333
"HOLSTR_1_SOLAR",292514,2,1.5,9,5,0,404,0,404,-8
"HOLSTR_1_SOLAR",852416,1,1.5,33,21,0,388,0,388,-20
"HOLSTR_1_SOLAR",132102,1,1.5,79,51.6666666666667,0,60,0,60,-50.6666666666667
"HOOVER_2_MWDPT",164836,57,249,204,0.180722891566265,0,471.578947368421,0,471.578947368421,46.6987951807229
"HOOVER_2_MWDPT",482638,43,249,242,0.0281124497991968,0,1038.13953488372,0,1038.13953488372,41.7911646586345
"HOOVER_2_MWDPT",774828,39,249,242,0.0281124497991968,0,1043.07692307692,0,1043.07692307692,37.9036144578313
"HOOVER_2_MWDPT",364853,38,249,242,0.0281124497991968,0,948.947368421053,0,948.947368421053,36.9317269076305
"HOOVER_2_MWDPT",530607,36,249,242,0.0281124497991968,0,845,0,845,34.9879518072289
"HOOVER_2_SCEPT",228662,1,287,300,0.0452961672473868,0,1021,0,1021,0.954703832752613
"HOOVER_2_SCEPT",219854,1,287,252,0.121951219512195,1,540,1,540,0.878048780487805
"HOOVER_2_SCEPT",132494,1,287,242,0.156794425087108,1,3240,1,3240,0.843205574912892
"HOOVER_2_SCEPT",364853,1,287,242,0.156794425087108,1,2880,1,2880,0.843205574912892
"HOOVER_2_SCEPT",482638,1,287,242,0.156794425087108,1,240,1,240,0.843205574912892
"HOOVER_2_VEAPT",589439,27,16,13,0.1875,0,488.888888888889,0,488.888888888889,21.9375
"HOOVER_2_VEAPT",434763,32,16,10.57,0.339375,0,163.125,0,163.125,21.14
"HOOVER_2_VEAPT",191168,20,16,16,0,0,69,0,69,20
"HOOVER_2_VEAPT",331315,19,16,20,0.25,0,707.368421052632,0,707.368421052632,14.25
"HOOVER_2_VEAPT",135881,15,16,18,0.125,0,128,0,128,13.125
"HOOV_2_ANAPT",288617,1,40.39,42,0.0398613518197573,0,0,0,0,0.960138648180243
"HOOV_2_ANAPT",212542,1,40.39,42.8,0.0596682347115622,0,720,0,720,0.940331765288438
"HOOV_2_ANAPT",151446,1,40.39,36,0.108690269868779,0,720,0,720,0.891309730131221
"HOOV_2_ANAPT",555191,1,40.39,48.35,0.197078484773459,0,540,0,540,0.802921515226541
"HOOV_2_ANAPT",121961,1,40.39,48.5,0.200792275315672,0,540,0,540,0.799207724684328
"HUMBPP_1_UNITS3",599767,1,65.08,68,0.0448678549477566,0,660,0,660,0.955132145052243
"HUMBPP_1_UNITS3",521760,1,65.08,50,0.231714812538414,0,254700,0,254700,0.768285187461586
"HUMBPP_1_UNITS3",623125,1,65.08,50,0.231714812538414,1,16574,1,16574,0.768285187461586
"HUMBPP_1_UNITS3",166030,1,65.08,93,0.42901044867855,0,78760,0,78760,0.57098955132145
"HUMBPP_1_UNITS3",203060,1,65.08,100,0.536570374923172,1,1874,1,1874,0.463429625076828
"HURON_6_SOLAR",102291,1,20,20,0,0,240,0,240,1
"HURON_6_SOLAR",159086,1,20,20,0,0,240,0,240,1
"HURON_6_SOLAR",181841,1,20,20,0,0,240,0,240,1
"HURON_6_SOLAR",789421,1,20,20,0,0,180,0,180,1
"HURON_6_SOLAR",819306,1,20,20,0,0,240,0,240,1
"HYTTHM_2_UNITS",201337,9,933.1,847,0.0922730682670668,0,263.888888888889,0,263.888888888889,8.1695423855964
"HYTTHM_2_UNITS",607166,1,933.1,1000,0.0716964955524595,0,5664,0,5664,0.92830350444754
"HYTTHM_2_UNITS",170770,1,933.1,700,0.249812453113278,0,1,0,1,0.750187546886722
"HYTTHM_2_UNITS",788507,1,933.1,700,0.249812453113278,0,61,0,61,0.750187546886722
"HYTTHM_2_UNITS",626610,1,933.1,530,0.432000857357196,0,730,0,730,0.567999142642803
"INDIGO_1_UNIT 1",331315,3,45.3,20,0.558498896247241,0,301,0,301,1.32450331125828
"INDIGO_1_UNIT 1",839931,1,45.3,47,0.0375275938189846,0,300,0,300,0.962472406181015
"INDIGO_1_UNIT 1",555191,1,45.3,48.35,0.0673289183222959,0,180,0,180,0.932671081677704
"INDIGO_1_UNIT 1",121961,1,45.3,48.5,0.0706401766004416,0,180,0,180,0.929359823399558
"INDIGO_1_UNIT 1",542415,1,45.3,42,0.0728476821192052,0,381,0,381,0.927152317880795
"INDIGO_1_UNIT 2",777334,1,45.3,50,0.103752759381899,1,28801,1,28801,0.896247240618101
"INDIGO_1_UNIT 2",907592,1,45.3,52.4,0.15673289183223,1,230401,1,230401,0.84326710816777
"INDIGO_1_UNIT 2",143093,1,45.3,35,0.227373068432671,0,78660,0,78660,0.772626931567329
"INDIGO_1_UNIT 2",272761,1,45.3,25.75,0.431567328918322,1,1,1,1,0.568432671081678
"INDIGO_1_UNIT 2",809558,1,45.3,25.08,0.44635761589404,1,4321,1,4321,0.55364238410596
"INDIGO_1_UNIT 3",403796,1,45.3,62,0.368653421633554,0,1200,0,1200,0.631346578366446
"INDIGO_1_UNIT 3",134471,1,45.3,27.2,0.399558498896247,0,0,0,0,0.600441501103753
"INDIGO_1_UNIT 3",163228,1,45.3,70,0.545253863134658,0,67620,0,67620,0.454746136865342
"INDIGO_1_UNIT 3",331315,1,45.3,20,0.558498896247241,0,181,0,181,0.441501103752759
"INDIGO_1_UNIT 3",933839,1,45.3,20,0.558498896247241,0,9840,0,9840,0.441501103752759
"INDVLY_1_UNITS",581105,1,3.01,3,0.00332225913621255,1,312,1,312,0.996677740863787
"INDVLY_1_UNITS",142017,1,3.01,50,15.6112956810631,1,70332,1,70332,-14.6112956810631
"INDVLY_1_UNITS",100966,1,3.01,51,15.9435215946844,1,2052,1,2052,-14.9435215946844
"INDVLY_1_UNITS",173967,1,3.01,100,32.2225913621262,1,57432,1,57432,-31.2225913621262
"INDVLY_1_UNITS",208438,1,3.01,100,32.2225913621262,1,36852,1,36852,-31.2225913621262
"INTMNT_3_ANAHEIM",791910,1,234,235,0.00427350427350427,0,0,0,0,0.995726495726496
"INTMNT_3_ANAHEIM",774828,1,234,242,0.0341880341880342,0,540,0,540,0.965811965811966
"INTMNT_3_ANAHEIM",555216,1,234,219.7,0.0611111111111112,0,1140,0,1140,0.938888888888889
"INTMNT_3_ANAHEIM",110776,1,234,266,0.136752136752137,0,600,0,600,0.863247863247863
"INTMNT_3_ANAHEIM",195432,1,234,136,0.418803418803419,0,540,0,540,0.581196581196581
"INTMNT_3_PASADENA",195432,2,107,136,0.271028037383178,0,420,0,420,1.45794392523365
"INTMNT_3_PASADENA",146716,1,107,106,0.00934579439252336,0,0,0,0,0.990654205607477
"INTMNT_3_PASADENA",152145,1,107,105,0.0186915887850467,0,480,0,480,0.981308411214953
"INTMNT_3_PASADENA",112948,1,107,113,0.0560747663551402,0,180,0,180,0.94392523364486
"INTMNT_3_PASADENA",559904,2,107,50,0.532710280373832,0,111480,0,111480,0.934579439252337
"INTMNT_3_RIVERSIDE",195432,1,136,136,0,0,9901,0,9901,1
"INTMNT_3_RIVERSIDE",561276,1,136,140,0.0294117647058824,0,8941,0,8941,0.970588235294118
"INTMNT_3_RIVERSIDE",611852,1,136,150,0.102941176470588,0,481,0,481,0.897058823529412
"INTMNT_3_RIVERSIDE",150936,1,136,113,0.169117647058824,0,8041,0,8041,0.830882352941176
"INTMNT_3_RIVERSIDE",146716,1,136,106,0.220588235294118,0,9361,0,9361,0.779411764705882
"INTTRB_6_UNIT",135881,1,18.4,18,0.0217391304347825,0,238,0,238,0.978260869565218
"INTTRB_6_UNIT",124012,1,18.4,25,0.358695652173913,0,238,0,238,0.641304347826087
"INTTRB_6_UNIT",800488,2,18.4,3.43,0.813586956521739,0,445.5,0,445.5,0.372826086956522
"INTTRB_6_UNIT",130794,1,18.4,55,1.98913043478261,0,4558,0,4558,-0.989130434782609
"INTTRB_6_UNIT",210459,1,18.4,70,2.80434782608696,0,418,0,418,-1.80434782608696
"INYOKN_1_IKSSR1",102291,32,19.9,20,0.00502512562814078,0,0,0,0,31.8391959798995
"INYOKN_1_IKSSR1",181841,24,19.9,20,0.00502512562814078,0,0,0,0,23.8793969849246
"INYOKN_1_IKSSR1",217748,24,19.9,19.12,0.0391959798994974,0,0,0,0,23.0592964824121
"INYOKN_1_IKSSR1",819306,22,19.9,20,0.00502512562814078,0,0,0,0,21.8894472361809
"INYOKN_1_IKSSR1",779880,34,19.9,11,0.447236180904523,0,0,0,0,18.7939698492462
"INYOKN_1_IKSSR2",779880,34,11.9,11,0.0756302521008404,0,0,0,0,31.4285714285714
"INYOKN_1_IKSSR2",799732,28,11.9,12,0.00840336134453779,0,0,0,0,27.7647058823529
"INYOKN_1_IKSSR2",376549,31,11.9,10,0.159663865546219,0,0,0,0,26.0504201680672
"INYOKN_1_IKSSR2",131964,26,11.9,13.53,0.136974789915966,0,0,0,0,22.4386554621849
"INYOKN_1_IKSSR2",445378,37,11.9,5,0.579831932773109,0,0,0,0,15.546218487395
"IVANPA_1_UNIT1",243483,4,126,104,0.174603174603175,0,1188.25,3.5,1188.25,3.3015873015873
"IVANPA_1_UNIT1",933049,4,126,100,0.206349206349206,-2,795,2.5,795,3.17460317460317
"IVANPA_1_UNIT1",104627,3,126,130,0.0317460317460317,-2.33333333333333,1360,2.33333333333333,1360,2.9047619047619
"IVANPA_1_UNIT1",627078,3,126,120,0.0476190476190476,-1.66666666666667,650.666666666667,1.66666666666667,650.666666666667,2.85714285714286
"IVANPA_1_UNIT1",193810,4,126,81,0.357142857142857,-2.25,795,2.75,795,2.57142857142857
"IVANPA_1_UNIT2",432370,1,133,137,0.0300751879699248,2,293,2,293,0.969924812030075
"IVANPA_1_UNIT2",387388,1,133,121,0.0902255639097744,0,1197,0,1197,0.909774436090226
"IVANPA_1_UNIT2",112948,1,133,113,0.150375939849624,2,113,2,113,0.849624060150376
"IVANPA_1_UNIT2",190770,1,133,160,0.203007518796992,2,1313,2,1313,0.796992481203008
"IVANPA_1_UNIT2",296736,1,133,165.9,0.247368421052632,0,2646,0,2646,0.752631578947368
"IVANPA_1_UNIT3",243483,5,133,104,0.218045112781955,0.4,375.2,2.4,375.2,3.90977443609023
"IVANPA_1_UNIT3",147278,3,133,127.5,0.0413533834586466,-0.333333333333333,114.666666666667,1,114.666666666667,2.87593984962406
"IVANPA_1_UNIT3",928521,3,133,99.5,0.25187969924812,-1,101.666666666667,1,101.666666666667,2.24436090225564
"IVANPA_1_UNIT3",104627,2,133,130,0.0225563909774436,-3,713.5,3,713.5,1.95488721804511
"IVANPA_1_UNIT3",611852,2,133,150,0.12781954887218,1,136.5,1,136.5,1.74436090225564
"IVSLR2_2_SM2SR1",576455,5,150,150,0,0,66,0,66,5
"IVSLR2_2_SM2SR1",277359,5,150,125,0.166666666666667,0,66,0,66,4.16666666666667
"IVSLR2_2_SM2SR1",676452,5,150,125,0.166666666666667,0,66,0,66,4.16666666666667
"IVSLR2_2_SM2SR1",334381,4,150,150,0,0,67.5,0,67.5,4
"IVSLR2_2_SM2SR1",152145,5,150,105,0.3,0,66,0,66,3.5
"IVSLRP_2_SOLAR1",107681,8,200,223.6,0.118,0,108.75,0,108.75,7.056
"IVSLRP_2_SOLAR1",334381,8,200,150,0.25,0,108.75,0,108.75,6
"IVSLRP_2_SOLAR1",576455,8,200,150,0.25,0,108.75,0,108.75,6
"IVSLRP_2_SOLAR1",277359,8,200,125,0.375,0,108.75,0,108.75,5
"IVSLRP_2_SOLAR1",676452,8,200,125,0.375,0,108.75,0,108.75,5
"IVWEST_2_SOLAR1",170587,3,150,133,0.113333333333333,-1,125,1,125,2.66
"IVWEST_2_SOLAR1",131041,3,150,93,0.38,-1,105,1,105,1.86
"IVWEST_2_SOLAR1",204333,3,150,71.9,0.520666666666667,-1,45,1,45,1.438
"IVWEST_2_SOLAR1",288336,3,150,67.5,0.55,-1,105,1,105,1.35
"IVWEST_2_SOLAR1",148758,3,150,50,0.666666666666667,-1,105,1,105,1
"JACMSR_1_JACSR1",159086,1,20,20,0,0,308,0,308,1
"JACMSR_1_JACSR1",331315,1,20,20,0,0,72,0,72,1
"JACMSR_1_JACSR1",134647,1,20,25,0.25,0,2892,0,2892,0.75
"JACMSR_1_JACSR1",177935,1,20,25,0.25,0,390,0,390,0.75
"JACMSR_1_JACSR1",799732,1,20,12,0.4,0,248,0,248,0.6
"JANCRK_6_RCABT1",257250,1,1.75,2,0.142857142857143,0,26820,0,26820,0.857142857142857
"JANCRK_6_RCABT1",905952,1,1.75,2,0.142857142857143,0,79,0,79,0.857142857142857
"JANCRK_6_RCABT1",160896,1,1.75,3,0.714285714285714,0,60,0,60,0.285714285714286
"JANCRK_6_RCABT1",233734,1,1.75,6.2,2.54285714285714,0,154680,0,154680,-1.54285714285714
"JANCRK_6_RCABT1",146475,1,1.75,6.2,2.54285714285714,-4,996,4,996,-1.54285714285714
"JAVASR_1_JAVSR1",331315,1,13.5,20,0.481481481481481,0,490,0,490,0.518518518518519
"JAVASR_1_JAVSR1",623125,1,13.5,50,2.7037037037037,0,430,0,430,-1.7037037037037
"JAVASR_1_JAVSR1",178982,1,13.5,83,5.14814814814815,0,550,0,550,-4.14814814814815
"JAVASR_1_JAVSR1",165180,1,13.5,100,6.40740740740741,0,370,0,370,-5.40740740740741
"JAVASR_1_JAVSR1",115978,1,13.5,169,11.5185185185185,0,13210,0,13210,-10.5185185185185
"JAWBNE_2_NSRWND",611852,1,160,150,0.0625,1,197,1,197,0.9375
"JAWBNE_2_NSRWND",599767,2,160,68,0.575,-1.5,272.5,1.5,272.5,0.85
"JAWBNE_2_NSRWND",137906,1,160,200,0.25,-3,35,3,35,0.75
"JAWBNE_2_NSRWND",234079,1,160,112.5,0.296875,-3,575,3,575,0.703125
"JAWBNE_2_NSRWND",775503,1,160,111,0.30625,0,30,0,30,0.69375
"JAWBNE_2_SRWND",654441,1,30,29,0.0333333333333333,0,22,0,22,0.966666666666667
"JAWBNE_2_SRWND",199482,1,30,25,0.166666666666667,0,142,0,142,0.833333333333333
"JAWBNE_2_SRWND",177935,1,30,25,0.166666666666667,5,56,5,56,0.833333333333333
"JAWBNE_2_SRWND",448154,1,30,40,0.333333333333333,0,403,0,403,0.666666666666667
"JAWBNE_2_SRWND",699408,1,30,40,0.333333333333333,0,403,0,403,0.666666666666667
"JAWBNE_2_SRWWD2",654441,1,30.2,29,0.0397350993377483,0,0,0,0,0.960264900662252
"JAWBNE_2_SRWWD2",199482,1,30.2,25,0.172185430463576,0,120,0,120,0.827814569536424
"JAWBNE_2_SRWWD2",204429,1,30.2,22,0.271523178807947,0,360,0,360,0.728476821192053
"JAWBNE_2_SRWWD2",135881,1,30.2,18,0.403973509933775,0,360,0,360,0.596026490066225
"JAWBNE_2_SRWWD2",648477,1,30.2,45,0.490066225165563,0,240,0,240,0.509933774834437
"JAYNE_6_WLSLR",603185,5,18,17,0.0555555555555556,-0.8,49.2,0.8,49.2,4.72222222222222
"JAYNE_6_WLSLR",217748,5,18,19.12,0.0622222222222223,-0.8,49.2,0.8,49.2,4.68888888888889
"JAYNE_6_WLSLR",102291,5,18,20,0.111111111111111,-0.8,61.2,0.8,61.2,4.44444444444444
"JAYNE_6_WLSLR",482688,4,18,17,0.0555555555555556,-0.75,90.75,0.75,90.75,3.77777777777778
"JAYNE_6_WLSLR",916581,4,18,20,0.111111111111111,-0.75,46.25,0.75,46.25,3.55555555555556
"JOANEC_2_ST3BT3",134647,2,40,25,0.375,-2.5,594.5,2.5,594.5,1.25
"JOANEC_2_ST3BT3",103700,1,40,42,0.05,0,405,0,405,0.95
"JOANEC_2_ST3BT3",143093,1,40,35,0.125,0,540,0,540,0.875
"JOANEC_2_ST3BT3",194982,1,40,35,0.125,-4,900,4,900,0.875
"JOANEC_2_ST3BT3",662836,1,40,48,0.2,0,1133,0,1133,0.8
"JOANEC_2_STABT1",159086,1,20,20,0,-5,590,5,590,1
"JOANEC_2_STABT1",262440,1,20,20.01,0.000500000000000078,0,0,0,0,0.9995
"JOANEC_2_STABT1",164152,1,20,15,0.25,0,5687,0,5687,0.75
"JOANEC_2_STABT1",715536,1,20,25,0.25,0,107,0,107,0.75
"JOANEC_2_STABT1",134647,1,20,25,0.25,-5,110,5,110,0.75
"JOANEC_2_STABT2",159086,1,20,20,0,0,600,0,600,1
"JOANEC_2_STABT2",135881,1,20,18,0.1,0,160,0,160,0.9
"JOANEC_2_STABT2",134647,1,20,25,0.25,0,120,0,120,0.75
"JOANEC_2_STABT2",101363,1,20,11,0.45,0,60,0,60,0.55
"JOANEC_2_STABT2",194982,1,20,35,0.75,0,270,0,270,0.25
"JOHANN_2_JOSBT1",368224,8,10,4,0.6,0,433,0,433,3.2
"JOHANN_2_JOSBT1",143302,2,10,9.5,0.05,0,780,0,780,1.9
"JOHANN_2_JOSBT1",193527,2,10,9.5,0.05,0,780,0,780,1.9
"JOHANN_2_JOSBT1",385155,2,10,9.5,0.05,0,780,0,780,1.9
"JOHANN_2_JOSBT1",838066,2,10,9.5,0.05,0,780,0,780,1.9
"JOHANN_2_JOSBT2",368224,8,10,4,0.6,0,431.875,0,431.875,3.2
"JOHANN_2_JOSBT2",143302,2,10,9.5,0.05,0,780,0,780,1.9
"JOHANN_2_JOSBT2",193527,2,10,9.5,0.05,0,780,0,780,1.9
"JOHANN_2_JOSBT2",385155,2,10,9.5,0.05,0,780,0,780,1.9
"JOHANN_2_JOSBT2",838066,2,10,9.5,0.05,0,780,0,780,1.9
"JOHANN_2_OCEBT2",124493,1,9,10,0.111111111111111,0,2400,0,2400,0.888888888888889
"JOHANN_2_OCEBT2",779880,1,9,11,0.222222222222222,0,740,0,740,0.777777777777778
"JOHANN_2_OCEBT2",799732,1,9,12,0.333333333333333,0,740,0,740,0.666666666666667
"JOHANN_2_OCEBT2",445378,1,9,5,0.444444444444444,0,740,0,740,0.555555555555556
"JOHANN_2_OCEBT2",589439,1,9,13,0.444444444444444,0,94,0,94,0.555555555555556
"JOHANN_2_OCEBT3",445378,1,6,5,0.166666666666667,0,740,0,740,0.833333333333333
"JOHANN_2_OCEBT3",368055,1,6,3.43,0.428333333333333,0,240,0,240,0.571666666666667
"JOHANN_2_OCEBT3",145912,1,6,3.15,0.475,0,780,0,780,0.525
"JOHANN_2_OCEBT3",739401,1,6,2.3,0.616666666666667,0,240,0,240,0.383333333333333
"JOHANN_2_OCEBT3",200713,1,6,2.2,0.633333333333333,0,240,0,240,0.366666666666667
"JOHANN_2_T1BBT1",727309,2,1.4,1,0.285714285714286,0,660,0,660,1.42857142857143
"JOHANN_2_T1BBT1",978009,2,1.4,2,0.428571428571429,0,2700,0,2700,1.14285714285714
"JOHANN_2_T1BBT1",191274,1,1.4,1,0.285714285714286,0,1560,0,1560,0.714285714285714
"JOHANN_2_T1BBT1",278960,1,1.4,1,0.285714285714286,0,5220,0,5220,0.714285714285714
"JOHANN_2_T1BBT1",636159,1,1.4,1,0.285714285714286,0,300,0,300,0.714285714285714
"KANSAS_6_SOLAR",102291,1,20,20,0,0,361,0,361,1
"KANSAS_6_SOLAR",150919,1,20,20,0,0,301,0,301,1
"KANSAS_6_SOLAR",159086,1,20,20,0,0,301,0,301,1
"KANSAS_6_SOLAR",181841,1,20,20,0,0,361,0,361,1
"KANSAS_6_SOLAR",271095,1,20,20,0,0,301,0,301,1
"KEARNY_6_NESBT1",415983,1,10,9.6,0.04,0,100,0,100,0.96
"KEARNY_6_NESBT1",146475,1,10,6.2,0.38,-2,30,2,30,0.62
"KEARNY_6_NESBT1",135881,1,10,18,0.8,0,100,0,100,0.2
"KEARNY_6_NESBT1",134075,1,10,56,4.6,0,57100,0,57100,-3.6
"KEARNY_6_NESBT1",288336,1,10,67.5,5.75,0,160,0,160,-4.75
"KEARNY_6_SESBT2",456996,1,10,9.72,0.0279999999999999,0,16655,0,16655,0.972
"KEARNY_6_SESBT2",415983,1,10,9.6,0.04,0,100,0,100,0.96
"KEARNY_6_SESBT2",212534,1,10,10.77,0.077,0,9540,0,9540,0.923
"KEARNY_6_SESBT2",254645,2,10,18,0.8,0,1170.5,0,1170.5,0.4
"KEARNY_6_SESBT2",163157,1,10,3.5,0.65,0,7860,0,7860,0.35
"KELSO_2_UNITS",391808,1,198.03,168,0.151643690349947,-1,26965,1,26965,0.848356309650053
"KELSO_2_UNITS",729575,1,198.03,125,0.368782507700853,0,36480,0,36480,0.631217492299147
"KELSO_2_UNITS",207064,1,198.03,350,0.76740897843761,0,15720,0,15720,0.23259102156239
"KELSO_2_UNITS",193888,1,198.03,5.75,0.970963995354239,0,12840,0,12840,0.0290360046457607
"KELSO_2_UNITS",636736,1,198.03,4.22,0.978690097459981,0,276780,0,276780,0.0213099025400192
"KELYRG_6_UNIT",101363,3,11,11,0,0,216,0,216,3
"KELYRG_6_UNIT",292514,1,11,9,0.181818181818182,0,NA,0,NA,0.818181818181818
"KELYRG_6_UNIT",135881,1,11,18,0.636363636363636,-5,380,5,380,0.363636363636364
"KELYRG_6_UNIT",368055,1,11,3.43,0.688181818181818,0,305,0,305,0.311818181818182
"KELYRG_6_UNIT",713609,1,11,3.36,0.694545454545455,0,305,0,305,0.305454545454545
"KERKH2_7_UNIT 1",296736,1,153.9,165.9,0.0779727095516569,0,1537,0,1537,0.922027290448343
"KERKH2_7_UNIT 1",530129,1,153.9,176,0.143599740090968,-5,3900,5,3900,0.856400259909032
"KERKH2_7_UNIT 1",515045,1,153.9,75,0.512670565302144,5,88860,5,88860,0.487329434697856
"KERKH2_7_UNIT 1",132494,1,153.9,242,0.572449642625081,0,37,0,37,0.427550357374919
"KERKH2_7_UNIT 1",530607,1,153.9,242,0.572449642625081,0,37,0,37,0.427550357374919
"KERMAN_6_SOLAR1",183275,1,1.5,29.1,18.4,0,46,0,46,-17.4
"KERMAN_6_SOLAR1",234079,1,1.5,112.5,74,0,586,0,586,-73
"KERMAN_6_SOLAR1",175361,1,1.5,120,79,0,226,0,226,-78
"KERMAN_6_SOLAR2",184537,1,1.5,34,21.6666666666667,0,2640,0,2640,-20.6666666666667
"KERMAN_6_SOLAR2",234079,1,1.5,112.5,74,0,1,0,1,-73
"KERMAN_6_SOLAR2",149831,1,1.5,235,155.666666666667,0,2760,0,2760,-154.666666666667
"KERNEY_6_FCSSR1",401817,1,10,10,0,0,46,0,46,1
"KERNEY_6_FCSSR1",206861,1,10,25,1.5,0,48710,0,48710,-0.5
"KERNEY_6_FCSSR1",170383,1,10,118,10.8,0,4621,0,4621,-9.8
"KERNEY_6_FCSSR1",155592,1,10,189,17.9,0,106,0,106,-16.9
"KERNEY_6_FCSSR1",701449,1,10,318,30.8,0,646,0,646,-29.8
"KERNFT_1_UNITS",225415,2,52.4,55,0.049618320610687,1,1620,1,1620,1.90076335877863
"KERNFT_1_UNITS",134075,2,52.4,56,0.0687022900763359,1,960,1,960,1.86259541984733
"KERNFT_1_UNITS",545257,2,52.4,56,0.0687022900763359,1,1620,1,1620,1.86259541984733
"KERNFT_1_UNITS",761564,2,52.4,56,0.0687022900763359,1,960,1,960,1.86259541984733
"KERNFT_1_UNITS",127463,1,52.4,54.6,0.0419847328244275,1,1440,1,1440,0.958015267175573
"KERNRG_1_UNITS",135013,1,55.2,46,0.166666666666667,0,12740,0,12740,0.833333333333333
"KERNRG_1_UNITS",603374,1,55.2,72,0.304347826086956,0,6020,0,6020,0.695652173913044
"KERNRG_1_UNITS",133003,1,55.2,35,0.365942028985507,0,200,0,200,0.634057971014493
"KERNRG_1_UNITS",368011,1,55.2,76,0.376811594202899,0,12740,0,12740,0.623188405797102
"KERNRG_1_UNITS",178982,1,55.2,83,0.503623188405797,0,80,0,80,0.496376811594203
"KINGCO_1_KINGBR",158082,1,34.5,33,0.0434782608695652,-5,710,5,710,0.956521739130435
"KINGCO_1_KINGBR",165788,1,34.5,33,0.0434782608695652,-5,710,5,710,0.956521739130435
"KINGCO_1_KINGBR",852416,1,34.5,33,0.0434782608695652,-5,710,5,710,0.956521739130435
"KINGCO_1_KINGBR",620521,1,34.5,30,0.130434782608696,-5,710,5,710,0.869565217391304
"KINGCO_1_KINGBR",654478,1,34.5,29.18,0.154202898550725,-5,710,5,710,0.845797101449275
"KINGRV_7_UNIT 1",949253,5,51.2,49,0.0429687500000001,0,142.8,0,142.8,4.78515625
"KINGRV_7_UNIT 1",185626,3,51.2,49,0.0429687500000001,0,900,0,900,2.87109375
"KINGRV_7_UNIT 1",664900,3,51.2,49,0.0429687500000001,0,900,0,900,2.87109375
"KINGRV_7_UNIT 1",159511,3,51.2,43,0.16015625,0,493.666666666667,0,493.666666666667,2.51953125
"KINGRV_7_UNIT 1",374311,3,51.2,40,0.21875,-2.33333333333333,696,2.33333333333333,696,2.34375
"KIRKER_7_KELCYN",135714,1,3.56,3.61,0.0140449438202247,1,4395,1,4395,0.985955056179775
"KIRKER_7_KELCYN",256419,1,3.56,4,0.123595505617978,4,68,4,68,0.876404494382023
"KIRKER_7_KELCYN",906818,1,3.56,4,0.123595505617978,4,68,4,68,0.876404494382023
"KIRKER_7_KELCYN",978009,1,3.56,2,0.438202247191011,0,194,0,194,0.561797752808989
"KIRKER_7_KELCYN",905952,1,3.56,2,0.438202247191011,-5,382,5,382,0.561797752808989
"KNGBRD_2_SOLAR1",150919,4,20,20,0,-1,16,1,16,4
"KNGBRD_2_SOLAR1",131964,5,20,13.53,0.3235,-1,61,1,61,3.3825
"KNGBRD_2_SOLAR1",104452,4,20,16,0.2,-1,61,1,61,3.2
"KNGBRD_2_SOLAR1",159086,3,20,20,0,0,134.333333333333,0,134.333333333333,3
"KNGBRD_2_SOLAR1",181841,3,20,20,0,-1,21,1,21,3
"KNGBRD_2_SOLAR2",150919,4,20,20,0,-1,82.25,1,82.25,4
"KNGBRD_2_SOLAR2",104452,4,20,16,0.2,-1,127.25,1,127.25,3.2
"KNGBRD_2_SOLAR2",181841,3,20,20,0,-1,77.6666666666667,1,77.6666666666667,3
"KNGBRD_2_SOLAR2",131964,4,20,13.53,0.3235,-1,127.25,1,127.25,2.706
"KNGBRD_2_SOLAR2",159086,2,20,20,0,-0.5,146,0.5,146,2
"KNGCTY_6_UNITA1",159511,1,44.6,43,0.0358744394618834,2,300,2,300,0.964125560538117
"KNGCTY_6_UNITA1",212542,1,44.6,42.8,0.0403587443946189,0,1021,0,1021,0.959641255605381
"KNGCTY_6_UNITA1",715637,1,44.6,46.5,0.0426008968609865,0,17610,0,17610,0.957399103139013
"KNGCTY_6_UNITA1",949253,1,44.6,49,0.0986547085201793,2,1020,2,1020,0.901345291479821
"KNGCTY_6_UNITA1",170852,1,44.6,40,0.103139013452915,0,564,0,564,0.896860986547085
"KNTSTH_6_SOLAR",150919,1,20,20,0,0,453,0,453,1
"KNTSTH_6_SOLAR",181841,1,20,20,0,0,393,0,393,1
"KNTSTH_6_SOLAR",916581,1,20,20,0,0,333,0,333,1
"KNTSTH_6_SOLAR",975528,1,20,26,0.3,0,393,0,393,0.7
"KNTSTH_6_SOLAR",261146,1,20,13.6,0.32,0,393,0,393,0.68
"KNTSTH_6_WALSR1",940797,2,19.88,10,0.496981891348089,0,90,0,90,1.00603621730382
"KNTSTH_6_WALSR1",967390,2,19.88,10,0.496981891348089,0,90,0,90,1.00603621730382
"KNTSTH_6_WALSR1",159086,1,19.88,20,0.00603621730382299,0,90,0,90,0.993963782696177
"KNTSTH_6_WALSR1",565664,1,19.88,20,0.00603621730382299,0,0,0,0,0.993963782696177
"KNTSTH_6_WALSR1",819306,1,19.88,20,0.00603621730382299,0,60,0,60,0.993963782696177
"KRAMER_1_R1BX3",461606,10,75,30,0.58,0,244.2,0,244.2,4.2
"KRAMER_1_R1BX3",178982,4,75,83,0.106666666666667,0,1336.75,0,1336.75,3.57333333333333
"KRAMER_1_R1BX3",107219,4,75,85,0.133333333333333,0,2700,0,2700,3.46666666666667
"KRAMER_1_R1BX3",100966,4,75,51,0.32,0,405,0,405,2.72
"KRAMER_1_R1BX3",556956,4,75,104.5,0.393333333333333,0,1140,0,1140,2.42666666666667
"KRAMER_1_R1PX3",234172,62,90,74,0.177777777777778,0,0,0,0,50.9777777777778
"KRAMER_1_R1PX3",152145,59,90,105,0.166666666666667,0,0,0,0,49.1666666666667
"KRAMER_1_R1PX3",115494,54,90,56,0.377777777777778,0,0,0,0,33.6
"KRAMER_1_R1PX3",133547,54,90,56,0.377777777777778,0,0,0,0,33.6
"KRAMER_1_R1PX3",180457,54,90,40,0.555555555555556,0,0,0,0,24
"KRAMER_1_R2BX2",185626,32,40,49,0.225,0.03125,526.875,0.03125,526.875,24.8
"KRAMER_1_R2BX2",664900,32,40,49,0.225,0.03125,526.875,0.03125,526.875,24.8
"KRAMER_1_R2BX2",903445,30,40,16.76,0.581,0.1,556,0.1,556,12.57
"KRAMER_1_R2BX2",122409,11,40,41,0.025,0.272727272727273,796.363636363636,0.272727272727273,796.363636363636,10.725
"KRAMER_1_R2BX2",114767,10,40,24.75,0.38125,0,1470,0,1470,6.1875
"KRAMER_1_R2PX2",973878,53,48,50,0.0416666666666667,0,7.9245283018868,0,7.9245283018868,50.7916666666667
"KRAMER_1_R2PX2",148758,51,48,50,0.0416666666666667,0,8.23529411764705,0,8.23529411764705,48.875
"KRAMER_1_R2PX2",154578,53,48,40,0.166666666666667,0,7.9245283018868,0,7.9245283018868,44.1666666666667
"KRAMER_1_R2PX2",461606,55,48,30,0.375,0,718.909090909091,0,718.909090909091,34.375
"KRAMER_1_R2PX2",819306,54,48,20,0.583333333333333,0,8.88888888888888,0,8.88888888888888,22.5
"KRAMER_2_SEGS 9",570814,1,80,75,0.0625,0,2760,0,2760,0.9375
"KRAMER_2_SEGS 9",928521,1,80,99.5,0.24375,1,267,1,267,0.75625
"KRAMER_2_SEGS 9",203060,1,80,100,0.25,0,720,0,720,0.75
"KRAMER_2_SEGS 9",517502,1,80,100,0.25,-1,NA,1,NA,0.75
"KRAMER_2_SEGS 9",276632,1,80,52.25,0.346875,-1,16688,1,16688,0.653125
"KRNCNY_6_UNIT",589439,1,10.6,13,0.226415094339623,0,60,0,60,0.773584905660377
"KRNCNY_6_UNIT",511293,1,10.6,18,0.69811320754717,5,25016,5,25016,0.30188679245283
"KRNCNY_6_UNIT",714921,1,10.6,2,0.811320754716981,0,120,0,120,0.188679245283019
"KRNCNY_6_UNIT",599767,2,10.6,68,5.41509433962264,0,461,0,461,-8.83018867924528
"KRNCNY_6_UNIT",476749,1,10.6,129,11.1698113207547,-5,10248,5,10248,-10.1698113207547
"KYCORA_6_KMSBT1",134131,10,1,1,0,0,19.2,0,19.2,10
"KYCORA_6_KMSBT1",126447,2,1,1,0,0,400,0,400,2
"KYCORA_6_KMSBT1",661056,2,1,1,0,0,474,0,474,2
"KYCORA_6_KMSBT1",727309,2,1,1,0,0,434,0,434,2
"KYCORA_6_KMSBT1",937035,1,1,1,0,0,360,0,360,1
"LAGBEL_2_CBPBT1",165180,2,100,100,0,0,694,0,694,2
"LAGBEL_2_CBPBT1",928521,2,100,99.5,0.005,0,360,0,360,1.99
"LAGBEL_2_CBPBT1",243483,2,100,104,0.04,0,626,0,626,1.92
"LAGBEL_2_CBPBT1",542239,2,100,118.5,0.185,0,185,0,185,1.63
"LAGBEL_2_CBPBT1",611852,3,100,150,0.5,0,167,0,167,1.5
"LAKHDG_6_UNIT 1",193888,1,20,5.75,0.7125,-1,NA,1,NA,0.2875
"LAKHDG_6_UNIT 1",186225,1,20,38.85,0.9425,-1,535780,1,535780,0.0574999999999999
"LAKHDG_6_UNIT 1",370707,1,20,40,1,-1,23041,1,23041,0
"LAKHDG_6_UNIT 1",279536,1,20,50,1.5,-1,13960,1,13960,-0.5
"LAKHDG_6_UNIT 1",138140,1,20,86,3.3,-1,44641,1,44641,-2.3
"LAKHDG_6_UNIT 2",193888,1,20,5.75,0.7125,-1,NA,1,NA,0.2875
"LAKHDG_6_UNIT 2",186225,1,20,38.85,0.9425,-1,535855,1,535855,0.0574999999999999
"LAKHDG_6_UNIT 2",370707,1,20,40,1,-1,23041,1,23041,0
"LAKHDG_6_UNIT 2",279536,1,20,50,1.5,-1,14035,1,14035,-0.5
"LAKHDG_6_UNIT 2",138140,1,20,86,3.3,-1,44641,1,44641,-2.3
"LAMONT_1_SOLAR1",115494,6,60,56,0.0666666666666667,0,0,0,0,5.6
"LAMONT_1_SOLAR1",133547,6,60,56,0.0666666666666667,0,0,0,0,5.6
"LAMONT_1_SOLAR1",997249,6,60,50.5,0.158333333333333,0,100,0,100,5.05
"LAMONT_1_SOLAR1",180457,6,60,40,0.333333333333333,0,0,0,0,4
"LAMONT_1_SOLAR1",922006,6,60,40,0.333333333333333,0,0,0,0,4
"LAMONT_1_SOLAR2",159086,4,20,20,0,-0.75,420.5,0.75,420.5,4
"LAMONT_1_SOLAR2",181841,3,20,20,0,0,312,0,312,3
"LAMONT_1_SOLAR2",975528,4,20,26,0.3,0,571.5,0,571.5,2.8
"LAMONT_1_SOLAR2",603185,3,20,17,0.15,0,292,0,292,2.55
"LAMONT_1_SOLAR2",261146,3,20,13.6,0.32,0,312,0,312,2.04
"LAMONT_1_SOLAR3",217748,2,14.99,19.12,0.275517011340894,-1,263,1,263,1.44896597731821
"LAMONT_1_SOLAR3",102291,2,14.99,20,0.33422281521014,-1,263,1,263,1.33155436957972
"LAMONT_1_SOLAR3",159086,2,14.99,20,0.33422281521014,-1,293,1,293,1.33155436957972
"LAMONT_1_SOLAR3",916581,2,14.99,20,0.33422281521014,-1,263,1,263,1.33155436957972
"LAMONT_1_SOLAR3",261146,1,14.99,13.6,0.0927284856571048,-1,226,1,226,0.907271514342895
"LAMONT_1_SOLAR4",591854,4,26.66,26.65,0.000375093773443419,0.75,304.25,1.75,304.25,3.99849962490623
"LAMONT_1_SOLAR4",654478,4,26.66,29.18,0.0945236309077269,0.75,334.25,1.75,334.25,3.62190547636909
"LAMONT_1_SOLAR4",620521,4,26.66,30,0.125281320330083,0.75,334.25,1.75,334.25,3.49887471867967
"LAMONT_1_SOLAR4",102291,4,26.66,20,0.249812453113278,0.75,334.25,1.75,334.25,3.00075018754689
"LAMONT_1_SOLAR4",916581,4,26.66,20,0.249812453113278,0.75,319.25,1.75,319.25,3.00075018754689
"LAMONT_1_SOLAR5",217748,3,16.66,19.12,0.14765906362545,-0.666666666666667,115.333333333333,0.666666666666667,115.333333333333,2.55702280912365
"LAMONT_1_SOLAR5",102291,3,16.66,20,0.200480192076831,-0.666666666666667,115.333333333333,0.666666666666667,115.333333333333,2.39855942376951
"LAMONT_1_SOLAR5",916581,3,16.66,20,0.200480192076831,-0.666666666666667,115.333333333333,0.666666666666667,115.333333333333,2.39855942376951
"LAMONT_1_SOLAR5",603185,2,16.66,17,0.0204081632653061,-0.5,142.5,0.5,142.5,1.95918367346939
"LAMONT_1_SOLAR5",940797,3,16.66,10,0.399759903961585,-0.333333333333333,60.3333333333333,0.333333333333333,60.3333333333333,1.80072028811525
"LAPLMA_2_UNIT 1",173114,2,267,224,0.161048689138577,1,68460,1,68460,1.67790262172285
"LAPLMA_2_UNIT 1",977347,2,267,190,0.288389513108614,1,2220,1,2220,1.42322097378277
"LAPLMA_2_UNIT 1",716763,1,267,268,0.00374531835205993,1,32340,1,32340,0.99625468164794
"LAPLMA_2_UNIT 1",473916,1,267,290,0.0861423220973783,1,48831,1,48831,0.913857677902622
"LAPLMA_2_UNIT 1",482638,1,267,242,0.0936329588014981,1,300,1,300,0.906367041198502
"LAPLMA_2_UNIT 2",482638,3,266,242,0.0902255639097744,1,1820,1,1820,2.72932330827068
"LAPLMA_2_UNIT 2",259929,3,266,220,0.172932330827068,0.666666666666667,360,0.666666666666667,360,2.4812030075188
"LAPLMA_2_UNIT 2",129058,6,266,422,0.586466165413534,1,439.166666666667,1,439.166666666667,2.4812030075188
"LAPLMA_2_UNIT 2",710016,6,266,105.5,0.603383458646617,1,439.166666666667,1,439.166666666667,2.3796992481203
"LAPLMA_2_UNIT 2",580449,3,266,200,0.24812030075188,1,958.333333333333,1,958.333333333333,2.25563909774436
"LAPLMA_2_UNIT 3",129058,3,266,422,0.586466165413534,1,360,1,360,1.2406015037594
"LAPLMA_2_UNIT 3",710016,3,266,105.5,0.603383458646617,1,360,1,360,1.18984962406015
"LAPLMA_2_UNIT 3",457048,2,266,127.01,0.522518796992481,1,60,1,60,0.954962406015037
"LAPLMA_2_UNIT 3",132494,1,266,242,0.0902255639097744,1,120,1,120,0.909774436090226
"LAPLMA_2_UNIT 3",364853,1,266,242,0.0902255639097744,1,900,1,900,0.909774436090226
"LAPLMA_2_UNIT 4",482638,8,267,242,0.0936329588014981,1,592.5,1,592.5,7.25093632958801
"LAPLMA_2_UNIT 4",524669,6,267,242,0.0936329588014981,1,550,1,550,5.43820224719101
"LAPLMA_2_UNIT 4",580449,7,267,200,0.250936329588015,1,711.428571428571,1,711.428571428571,5.2434456928839
"LAPLMA_2_UNIT 4",530607,4,267,242,0.0936329588014981,1,420,1,420,3.62546816479401
"LAPLMA_2_UNIT 4",129058,8,267,422,0.580524344569288,1,345,1,345,3.35580524344569
"LARKSP_6_UNIT 1",194982,2,49,35,0.285714285714286,0,390,0,390,1.42857142857143
"LARKSP_6_UNIT 1",294276,1,49,50,0.0204081632653061,0,1081,0,1081,0.979591836734694
"LARKSP_6_UNIT 1",717058,1,49,50,0.0204081632653061,0,241,0,241,0.979591836734694
"LARKSP_6_UNIT 1",911243,1,49,48,0.0204081632653061,0,106800,0,106800,0.979591836734694
"LARKSP_6_UNIT 1",267185,1,49,60,0.224489795918367,0,1770,0,1770,0.775510204081633
"LARKSP_6_UNIT 2",194982,2,49,35,0.285714285714286,0,390,0,390,1.42857142857143
"LARKSP_6_UNIT 2",698265,1,49,49,0,0,1,0,1,1
"LARKSP_6_UNIT 2",294276,1,49,50,0.0204081632653061,0,1081,0,1081,0.979591836734694
"LARKSP_6_UNIT 2",717058,1,49,50,0.0204081632653061,0,241,0,241,0.979591836734694
"LARKSP_6_UNIT 2",911243,1,49,48,0.0204081632653061,0,132481,0,132481,0.979591836734694
"LAROA2_2_UNITA1",203395,2,322,275,0.145962732919255,-1,180,1,180,1.70807453416149
"LAROA2_2_UNITA1",594295,2,322,450,0.397515527950311,-1,180,1,180,1.20496894409938
"LAROA2_2_UNITA1",811159,1,322,337,0.046583850931677,0,82621,0,82621,0.953416149068323
"LAROA2_2_UNITA1",228662,1,322,300,0.0683229813664596,0,4081,0,4081,0.93167701863354
"LAROA2_2_UNITA1",473916,1,322,290,0.0993788819875776,0,92521,0,92521,0.900621118012422
"LASSEN_6_UNITS",851690,11,30,30,0,-0.181818181818182,1325.36363636364,0.181818181818182,1325.36363636364,11
"LASSEN_6_UNITS",461606,1,30,30,0,4,908,4,908,1
"LASSEN_6_UNITS",654478,1,30,29.18,0.0273333333333333,4,188,4,188,0.972666666666667
"LASSEN_6_UNITS",561427,1,30,25,0.166666666666667,0,694,0,694,0.833333333333333
"LASSEN_6_UNITS",153037,1,30,39.5,0.316666666666667,0,180,0,180,0.683333333333333
"LAWRNC_7_SUNYVL",727309,1,0.3,1,2.33333333333333,0,474,0,474,-1.33333333333333
"LAWRNC_7_SUNYVL",550763,1,0.3,27,89,0,474,0,474,-88
"LAWRNC_7_SUNYVL",195664,1,0.3,70,232.333333333333,0,5394,0,5394,-231.333333333333
"LAWRNC_7_SUNYVL",121702,1,0.3,100,332.333333333333,0,474,0,474,-331.333333333333
"LAWRNC_7_SUNYVL",165180,1,0.3,100,332.333333333333,0,54,0,54,-331.333333333333
"LCKHT1_2_LH1BT1",956804,1,45,46.42,0.0315555555555556,0,870,0,870,0.968444444444444
"LCKHT1_2_LH1BT1",839931,1,45,47,0.0444444444444444,0,403,0,403,0.955555555555556
"LCKHT1_2_LH1BT1",542415,1,45,42,0.0666666666666667,0,45,0,45,0.933333333333333
"LCKHT1_2_LH1BT1",555191,1,45,48.35,0.0744444444444445,0,454,0,454,0.925555555555555
"LCKHT1_2_LH1BT1",121961,1,45,48.5,0.0777777777777778,0,454,0,454,0.922222222222222
"LCKHT1_2_LH1SR1",131086,32,65,63,0.0307692307692308,0,75,0,75,31.0153846153846
"LCKHT1_2_LH1SR1",234172,20,85,74,0.131674208144796,0,3,0,3,17.3665158371041
"LCKHT1_2_LH1SR1",152145,15,85,105,0.235294117647059,0,4,0,4,11.4705882352941
"LCKHT1_2_LH1SR1",361629,20,65,36,0.446153846153846,0,45,0,45,11.0769230769231
"LCKHT1_2_LH1SR1",877294,12,85,75,0.150829562594268,0,415,0,415,10.1900452488688
"LCKHT1_2_LH1SR2",234172,20,75,74,0.0133333333333333,0,18.05,0,18.05,19.7333333333333
"LCKHT1_2_LH1SR2",115494,20,75,56,0.253333333333333,0,18.05,0,18.05,14.9333333333333
"LCKHT1_2_LH1SR2",133547,20,75,56,0.253333333333333,0,18.05,0,18.05,14.9333333333333
"LCKHT1_2_LH1SR2",152145,20,75,105,0.4,0,18.05,0,18.05,12
"LCKHT1_2_LH1SR2",180457,20,75,40,0.466666666666667,0,18.05,0,18.05,10.6666666666667
"LEBECS_2_UNITS",192081,2,799.47,375,0.530939247251304,0.5,300,0.5,300,0.938121505497392
"LEBECS_2_UNITS",590458,1,799.47,625,0.218232078752173,0,7680,0,7680,0.781767921247827
"LEBECS_2_UNITS",499694,1,799.47,600,0.249502795602086,0,1801,0,1801,0.750497204397914
"LEBECS_2_UNITS",891900,1,799.47,473,0.408358037199645,0,30241,0,30241,0.591641962800355
"LEBECS_2_UNITS",634936,1,799.47,415,0.480906100291443,0,4800,0,4800,0.519093899708557
"LECEF_1_UNITS",451866,1,309.84,322,0.0392460624838627,0,361,0,361,0.960753937516137
"LECEF_1_UNITS",473916,1,309.84,290,0.0640330493157758,0,780,0,780,0.935966950684224
"LECEF_1_UNITS",165871,1,309.84,350,0.129615285308546,0,80272,0,80272,0.870384714691454
"LECEF_1_UNITS",130537,1,309.84,258,0.167312161115414,0,18712,0,18712,0.832687838884586
"LECEF_1_UNITS",192081,1,309.84,375,0.210302091402014,0,NA,0,NA,0.789697908597986
"LECONT_2_LESBT1",243483,2,125,104,0.168,0,1762.5,0,1762.5,1.664
"LECONT_2_LESBT1",877294,2,125,75,0.4,0,1847,0,1847,1.2
"LECONT_2_LESBT1",754274,1,125,125,0,0,131,0,131,1
"LECONT_2_LESBT1",197074,1,125,123,0.016,0,747,0,747,0.984
"LECONT_2_LESBT1",147278,1,125,127.5,0.02,0,519,0,519,0.98
"LGHTHP_6_ICEGEN",911243,1,48,48,0,0,NA,0,NA,1
"LGHTHP_6_ICEGEN",555191,1,48,48.35,0.0072916666666667,0,1,0,1,0.992708333333333
"LGHTHP_6_ICEGEN",106763,1,48,52.73,0.0985416666666666,0,141720,0,141720,0.901458333333333
"LGHTHP_6_ICEGEN",251994,1,48,40,0.166666666666667,4,280,4,280,0.833333333333333
"LGHTHP_6_ICEGEN",267721,1,48,40,0.166666666666667,4,280,4,280,0.833333333333333
"LHILLS_6_SOLAR1",159086,1,20,20,0,-1,236,1,236,1
"LHILLS_6_SOLAR1",142368,1,20,25,0.25,-1,202,1,202,0.75
"LHILLS_6_SOLAR1",543434,1,20,12,0.4,3,41301,3,41301,0.6
"LHILLS_6_SOLAR1",940797,1,20,10,0.5,0,40,0,40,0.5
"LHILLS_6_SOLAR1",967390,1,20,10,0.5,0,40,0,40,0.5
"LILIAC_6_SOLAR",110775,1,3,2.73,0.09,0,85,0,85,0.91
"LILIAC_6_SOLAR",713609,1,3,3.36,0.12,0,85,0,85,0.88
"LILIAC_6_SOLAR",368055,1,3,3.43,0.143333333333333,0,85,0,85,0.856666666666667
"LILIAC_6_SOLAR",265960,1,3,2.35,0.216666666666667,0,85,0,85,0.783333333333333
"LILIAC_6_SOLAR",108202,1,3,2.3,0.233333333333333,0,85,0,85,0.766666666666667
"LITLRK_6_GBCSR1",155592,1,3,189,62,-5,1200,5,1200,-61
"LITLRK_6_GBCSR1",152830,1,3,245,80.6666666666667,-5,4980,5,4980,-79.6666666666667
"LITLRK_6_GBCSR1",196186,1,3,270,89,-5,360,5,360,-88
"LITLRK_6_GBCSR1",208130,1,3,430,142.333333333333,0,60,0,60,-141.333333333333
"LITLRK_6_GBCSR1",594295,1,3,450,149,-5,180,5,180,-148
"LIVOAK_1_UNIT 1",170209,1,49.7,50,0.00603621730382288,0,6121,0,6121,0.993963782696177
"LIVOAK_1_UNIT 1",915712,1,49.7,50,0.00603621730382288,1,420,1,420,0.993963782696177
"LIVOAK_1_UNIT 1",730262,1,49.7,51.2,0.0301810865191147,0,36061,0,36061,0.969818913480885
"LIVOAK_1_UNIT 1",188007,1,49.7,44,0.114688128772636,1,22140,1,22140,0.885311871227364
"LIVOAK_1_UNIT 1",288617,1,49.7,42,0.154929577464789,1,240,1,240,0.845070422535211
"LMBEPK_2_UNITA1",236353,2,47.5,60,0.263157894736842,1,300,1,300,1.47368421052632
"LMBEPK_2_UNITA1",599767,2,47.5,68,0.431578947368421,0,687.5,0,687.5,1.13684210526316
"LMBEPK_2_UNITA1",506140,1,47.5,50,0.0526315789473684,0,10195,0,10195,0.947368421052632
"LMBEPK_2_UNITA1",190343,1,47.5,55,0.157894736842105,1,540,1,540,0.842105263157895
"LMBEPK_2_UNITA1",225415,1,47.5,55,0.157894736842105,1,4320,1,4320,0.842105263157895
"LMBEPK_2_UNITA2",599767,2,47.6,68,0.428571428571429,-1.5,457,1.5,457,1.14285714285714
"LMBEPK_2_UNITA2",662836,1,47.6,48,0.00840336134453779,3,346,3,346,0.991596638655462
"LMBEPK_2_UNITA2",710387,1,47.6,46.66,0.019747899159664,0,1,0,1,0.980252100840336
"LMBEPK_2_UNITA2",506140,1,47.6,50,0.0504201680672269,0,10194,0,10194,0.949579831932773
"LMBEPK_2_UNITA2",159511,1,47.6,43,0.0966386554621849,0,78,0,78,0.903361344537815
"LMBEPK_2_UNITA3",236353,2,47.75,60,0.256544502617801,1,300,1,300,1.4869109947644
"LMBEPK_2_UNITA3",599767,2,47.75,68,0.424083769633508,2,466.5,2,466.5,1.15183246073298
"LMBEPK_2_UNITA3",710387,1,47.75,46.66,0.0228272251308901,0,1,0,1,0.97717277486911
"LMBEPK_2_UNITA3",506140,1,47.75,50,0.0471204188481675,0,10193,0,10193,0.952879581151832
"LMBEPK_2_UNITA3",524064,1,47.75,50,0.0471204188481675,1,750,1,750,0.952879581151832
"LMEC_1_PL1X3",192081,1,580,375,0.353448275862069,0,1186,0,1186,0.646551724137931
"LMEC_1_PL1X3",286121,1,580,302,0.479310344827586,0,0,0,0,0.520689655172414
"LMEC_1_PL1X3",228662,1,580,300,0.482758620689655,0,406,0,406,0.517241379310345
"LMEC_1_PL1X3",500983,1,580,249.8,0.569310344827586,1,12961,1,12961,0.430689655172414
"LMEC_1_PL1X3",524669,1,580,242,0.582758620689655,0,46,0,46,0.417241379310345
"LNCSTR_6_SOLAR2",125901,1,8.25,14,0.696969696969697,0,180,0,180,0.303030303030303
"LNCSTR_6_SOLAR2",126265,1,8.25,38,3.60606060606061,0,960,0,960,-2.60606060606061
"LNCSTR_6_SOLAR2",877294,1,8.25,75,8.09090909090909,0,60,0,60,-7.09090909090909
"LNCSTR_6_SOLAR2",525611,1,8.25,90,9.90909090909091,0,40920,0,40920,-8.90909090909091
"LNCSTR_6_SOLAR2",177834,1,8.25,486,57.9090909090909,0,2580,0,2580,-56.9090909090909
"LOCKFD_1_KSOLAR",978009,1,1,2,1,0,495,0,495,0
"LOCKFD_1_KSOLAR",256419,1,1,4,3,0,375,0,375,-2
"LOCKFD_1_KSOLAR",906818,1,1,4,3,0,375,0,375,-2
"LOCKFD_1_KSOLAR",331315,1,1,20,19,0,435,0,435,-18
"LOCKFD_1_KSOLAR",448154,1,1,40,39,0,315,0,315,-38
"LODI25_2_UNIT 1",331315,8,25,20,0.2,0.25,1395.5,0.25,1395.5,6.4
"LODI25_2_UNIT 1",434763,12,25,10.57,0.5772,0.0833333333333333,300.916666666667,0.0833333333333333,300.916666666667,5.0736
"LODI25_2_UNIT 1",142368,5,25,25,0,0,6777.2,0,6777.2,5
"LODI25_2_UNIT 1",214685,6,25,20,0.2,0.833333333333333,410,0.833333333333333,410,4.8
"LODI25_2_UNIT 1",222735,8,25,10.4,0.584,0,375.875,0,375.875,3.328
"LODI25_6_ERKNG1",712630,1,47.97,1,0.979153637690223,0,8580,0,8580,0.020846362309777
"LODI25_6_ERKNG1",430586,1,47.97,151,2.14780070877632,0,0,0,0,-1.14780070877632
"LODIEC_2_PL1X2",658374,4,302.58,302.58,0,0,10710.75,0,10710.75,4
"LODIEC_2_PL1X2",203395,2,302.58,275,0.0911494480798466,0.5,2490,0.5,2490,1.81770110384031
"LODIEC_2_PL1X2",101153,1,302.58,295,0.0250512261220173,1,4080,1,4080,0.974948773877983
"LODIEC_2_PL1X2",145916,1,302.58,295,0.0250512261220173,1,1440,1,1440,0.974948773877983
"LODIEC_2_PL1X2",546025,1,302.58,319,0.0542666402273779,0,120,0,120,0.945733359772622
"LOTUS_6_LSFSR1",736984,6,50,54,0.08,-0.5,130.333333333333,0.5,130.333333333333,5.52
"LOTUS_6_LSFSR1",148758,5,50,50,0,-0.4,84.2,0.4,84.2,5
"LOTUS_6_LSFSR1",973878,5,50,50,0,-0.4,84.2,0.4,84.2,5
"LOTUS_6_LSFSR1",997249,5,50,50.5,0.01,-0.6,168.4,0.6,168.4,4.95
"LOTUS_6_LSFSR1",208011,5,50,55.83,0.1166,-0.6,156.4,0.6,156.4,4.417
"LTBEAR_1_LB3SR3",565664,29,20,20,0,-0.931034482758621,27.8965517241379,0.931034482758621,27.8965517241379,29
"LTBEAR_1_LB3SR3",819306,29,20,20,0,-0.931034482758621,85.8275862068966,0.931034482758621,85.8275862068966,29
"LTBEAR_1_LB3SR3",159086,18,20,20,0,-0.944444444444444,92,0.944444444444444,92,18
"LTBEAR_1_LB3SR3",102291,16,20,20,0,-1,28.875,1,28.875,16
"LTBEAR_1_LB3SR3",461606,27,20,30,0.5,-1,723.777777777778,1,723.777777777778,13.5
"LTBEAR_1_LB4SR4",148758,29,50,50,0,-0.931034482758621,35.1034482758621,0.931034482758621,35.1034482758621,29
"LTBEAR_1_LB4SR4",973878,29,50,50,0,-0.931034482758621,39.2413793103448,0.931034482758621,39.2413793103448,29
"LTBEAR_1_LB4SR4",154578,29,50,40,0.2,-0.931034482758621,43.3793103448276,0.931034482758621,43.3793103448276,23.2
"LTBEAR_1_LB4SR4",997249,22,50,50.5,0.01,-0.954545454545455,23.7272727272727,0.954545454545455,23.7272727272727,21.78
"LTBEAR_1_LB4SR4",208011,20,50,55.83,0.1166,-0.95,11.1,0.95,11.1,17.668
"LTBEAR_1_LB4SR5",148758,28,50,50,0,-0.928571428571429,29.3214285714286,0.928571428571429,29.3214285714286,28
"LTBEAR_1_LB4SR5",973878,28,50,50,0,-0.928571428571429,33.6071428571429,0.928571428571429,33.6071428571429,28
"LTBEAR_1_LB4SR5",154578,28,50,40,0.2,-0.928571428571429,37.8928571428571,0.928571428571429,37.8928571428571,22.4
"LTBEAR_1_LB4SR5",997249,21,50,50.5,0.01,-0.952380952380952,21.952380952381,0.952380952380952,21.952380952381,20.79
"LTBEAR_1_LB4SR5",208011,20,50,55.83,0.1166,-0.95,11.05,0.95,11.05,17.668
"LTBERA_1_LB1SR1",154578,33,40,40,0,-0.878787878787879,59.7575757575758,0.878787878787879,59.7575757575758,33
"LTBERA_1_LB1SR1",148758,33,40,50,0.25,-0.878787878787879,50.6666666666667,0.878787878787879,50.6666666666667,24.75
"LTBERA_1_LB1SR1",973878,33,40,50,0.25,-0.878787878787879,54.3030303030303,0.878787878787879,54.3030303030303,24.75
"LTBERA_1_LB1SR1",461606,31,40,30,0.25,-0.903225806451613,736.133333333333,0.903225806451613,736.133333333333,23.25
"LTBERA_1_LB1SR1",997249,25,40,50.5,0.2625,-0.92,37.2,0.92,37.2,18.4375
"LVNGST_1_WTASR1",661056,1,2,1,0.5,0,601,0,601,0.5
"LVNGST_1_WTASR1",155078,1,2,62,30,0,601,0,601,-29
"LVNGST_1_WTASR1",917160,1,2,71,34.5,0,961,0,961,-33.5
"LVNGST_1_WTASR1",331440,1,2,72,35,0,1441,0,1441,-34
"LVNGST_1_WTASR1",634503,1,2,108,53,0,32581,0,32581,-52
"MAGNLA_6_ANAHEIM",199573,1,109,109,0,0,0,0,0,1
"MAGNLA_6_ANAHEIM",965468,1,109,80,0.26605504587156,0,7500,0,7500,0.73394495412844
"MAGNLA_6_ANAHEIM",860525,1,109,60,0.44954128440367,0,13680,0,13680,0.55045871559633
"MAGNLA_6_ANAHEIM",363348,1,109,26,0.761467889908257,-5,660,5,660,0.238532110091743
"MAGNLA_6_ANAHEIM",996702,1,109,24,0.779816513761468,-5,720,5,720,0.220183486238532
"MAGNLA_6_CERRITOS",649909,2,12,12,0,0,0,0,0,2
"MAGNLA_6_CERRITOS",569776,1,12,12,0,0,0,0,0,1
"MAGNLA_6_CERRITOS",160896,1,12,3,0.75,0,240,0,240,0.25
"MAGNLA_6_CERRITOS",860525,1,12,60,4,0,13680,0,13680,-3
"MAGNLA_6_CERRITOS",965468,1,12,80,5.66666666666667,0,7500,0,7500,-4.66666666666667
"MAGNLA_6_COLTON",860525,1,12,60,4,0,13680,0,13680,-3
"MAGNLA_6_COLTON",111805,1,12,98,7.16666666666667,0,5580,0,5580,-6.16666666666667
"MAGNLA_6_COLTON",123444,1,12,493.56,40.13,0,1501,0,1501,-39.13
"MAGNLA_6_PASADENA",993409,1,18,17,0.0555555555555556,0,181,0,181,0.944444444444444
"MAGNLA_6_PASADENA",649909,1,18,12,0.333333333333333,0,0,0,0,0.666666666666667
"MAGNLA_6_PASADENA",860525,1,18,60,2.33333333333333,0,13680,0,13680,-1.33333333333333
"MAGNLA_6_PASADENA",123444,1,18,493.56,26.42,0,1500,0,1500,-25.42
"MALAGA_1_ACDBX2",568837,1,97,104.16,0.0738144329896907,0,184,0,184,0.926185567010309
"MALAGA_1_ACDBX2",177596,1,97,88,0.0927835051546392,0,424,0,424,0.907216494845361
"MALAGA_1_ACDBX2",714921,1,97,2,0.979381443298969,0,244,0,244,0.020618556701031
"MALAGA_1_ACDBX2",191274,1,97,1,0.989690721649485,0,1680,0,1680,0.0103092783505154
"MALAGA_1_ACDBX2",951615,1,97,275,1.83505154639175,0,180,0,180,-0.835051546391752
"MALAGA_1_AUCTG1",133364,1,55.3,205,2.70705244122966,0,5761,0,5761,-1.70705244122966
"MALAGA_1_AUCTG2",133364,1,55.3,205,2.70705244122966,0,5761,0,5761,-1.70705244122966
"MALAGA_1_PL1X2",345990,1,96.61,96.61,0,0,NA,0,NA,1
"MALAGA_1_PL1X2",796754,1,96.61,100,0.0350895352447987,0,57885,0,57885,0.964910464755201
"MALAGA_1_PL1X2",568837,1,96.61,104.16,0.0781492599109823,0,135,0,135,0.921850740089018
"MALAGA_1_PL1X2",556956,1,96.61,104.5,0.0816685643308146,1,2932,1,2932,0.918331435669185
"MALAGA_1_PL1X2",177596,1,96.61,88,0.0891212089845772,0,375,0,375,0.910878791015423
"MALCHQ_7_UNIT 1",279536,1,32.5,50,0.538461538461538,0,22920,0,22920,0.461538461538462
"MALCHQ_7_UNIT 1",155078,1,32.5,62,0.907692307692308,0,300,0,300,0.0923076923076923
"MALCHQ_7_UNIT 1",650619,1,32.5,309,8.50769230769231,0,3430,0,3430,-7.50769230769231
"MALCHQ_7_UNIT 1",533843,1,32.5,458,13.0923076923077,0,60,0,60,-12.0923076923077
"MALCHQ_7_UNIT 1",123444,1,32.5,493.56,14.1864615384615,0,720,0,720,-13.1864615384615
"MANTEC_1_ML1SR1",126447,1,1,1,0,0,540,0,540,1
"MANTEC_1_ML1SR1",661056,1,1,1,0,0,540,0,540,1
"MANTEC_1_ML1SR1",194982,1,1,35,34,0,600,0,600,-33
"MANTEC_1_ML1SR1",285753,1,1,65,64,0,4080,0,4080,-63
"MANTEC_1_ML1SR1",210459,1,1,70,69,0,4080,0,4080,-68
"MANZNA_2_WIND",441240,1,189,100,0.470899470899471,1,141180,1,141180,0.529100529100529
"MANZNA_2_WIND",151024,1,189,350,0.851851851851852,1,23460,1,23460,0.148148148148148
"MARCPW_6_SOLAR1",159086,3,20,20,0,0,250.666666666667,0,250.666666666667,3
"MARCPW_6_SOLAR1",561427,2,20,25,0.25,0,697.5,0,697.5,1.5
"MARCPW_6_SOLAR1",669648,2,20,25,0.25,0,697.5,0,697.5,1.5
"MARCPW_6_SOLAR1",177935,1,20,25,0.25,0,0,0,0,0.75
"MARCPW_6_SOLAR1",872205,1,20,30,0.5,-4,1140,4,1140,0.5
"MARTIN_1_SUNSET",106825,1,4.5,4.6,0.0222222222222221,0,720,0,720,0.977777777777778
"MARTIN_1_SUNSET",116719,1,4.5,5.19,0.153333333333333,0,720,0,720,0.846666666666667
"MARTIN_1_SUNSET",892312,1,4.5,3.6,0.2,0,720,0,720,0.8
"MARTIN_1_SUNSET",176712,1,4.5,3.5,0.222222222222222,0,720,0,720,0.777777777777778
"MARTIN_1_SUNSET",954895,1,4.5,3.48,0.226666666666667,0,NA,0,NA,0.773333333333333
"MARVEL_2_MARBT3",193810,3,75,81,0.0805764611689352,1,682.666666666667,1,682.666666666667,2.75827061649319
"MARVEL_2_MARBT3",331013,3,74.94,100,0.334400854016547,0,841,0,841,1.99679743795036
"MARVEL_2_MARBT3",599767,2,74.94,68,0.0926074192687483,0,1141,0,1141,1.8147851614625
"MARVEL_2_MARBT3",405897,2,74.94,88,0.174272751534561,0,660.5,0,660.5,1.65145449693088
"MARVEL_2_MARBT3",949253,2,74.94,49,0.346143581531892,0,1017,0,1017,1.30771283693622
"MARVEL_2_MARBX2",482638,7,325,242,0.255384615384615,-0.142857142857143,333.857142857143,0.142857142857143,333.857142857143,5.21230769230769
"MARVEL_2_MARBX2",192081,6,325,375,0.153846153846154,-0.666666666666667,1177.5,0.666666666666667,1177.5,5.07692307692308
"MARVEL_2_MARBX2",530607,6,325,242,0.255384615384615,0,407,0,407,4.46769230769231
"MARVEL_2_MARBX2",132494,5,325,242,0.255384615384615,0,432.8,0,432.8,3.72307692307692
"MARVEL_2_MARBX2",364853,5,325,242,0.255384615384615,0,436.2,0,436.2,3.72307692307692
"MCARTH_6_FRIVRB",214773,2,1.5,1.5,0,0,14.5,0,14.5,2
"MCARTH_6_FRIVRB",428806,2,1.5,1.5,0,0,14.5,0,14.5,2
"MCARTH_6_FRIVRB",534269,2,1.5,1.5,0,0,14.5,0,14.5,2
"MCARTH_6_FRIVRB",582087,2,1.5,1.5,0,0,14.5,0,14.5,2
"MCARTH_6_FRIVRB",169572,2,1.5,1.52,0.0133333333333333,0,14.5,0,14.5,1.97333333333333
"MCCALL_1_QF",108072,1,0.52,16.8,31.3076923076923,0,61010,0,61010,-30.3076923076923
"MCCALL_1_QF",851690,1,0.52,30,56.6923076923077,0,17330,0,17330,-55.6923076923077
"MCFLND_5_MBSBX2",498881,2,300,301,0.00333333333333333,0,352.5,0,352.5,1.99333333333333
"MCFLND_5_MBSBX2",176981,2,300,209,0.303333333333333,0,1321,0,1321,1.39333333333333
"MCFLND_5_MBSBX2",228662,1,300,300,0,0,525,0,525,1
"MCFLND_5_MBSBX2",443551,1,300,300,0,0,131897,0,131897,1
"MCFLND_5_MBSBX2",152208,1,300,306,0.02,0,51960,0,51960,0.98
"MCFLND_5_MFAUXL1",298329,1,6,84,13,0,3330,0,3330,-12
"MCFLND_5_MFSBT1",126265,8,100,38,0.62,0,765,0,765,3.04
"MCFLND_5_MFSBT1",161396,3,100,94,0.06,0,272.333333333333,0,272.333333333333,2.82
"MCFLND_5_MFSBT1",627078,3,100,120,0.2,0,100,0,100,2.4
"MCFLND_5_MFSBT1",965468,3,100,80,0.2,0,640,0,640,2.4
"MCFLND_5_MFSBT1",118279,2,100,100,0,0,390,0,390,2
"MCFLND_5_MFSSR1",784426,50,200,200,0,0,2.4,0,2.4,50
"MCFLND_5_MFSSR1",723063,50,200,250,0.25,0,2.4,0,2.4,37.5
"MCFLND_5_MFSSR1",107681,39,200,223.6,0.118,0,9.23076923076923,0,9.23076923076923,34.398
"MCFLND_5_MFSSR1",477057,28,200,200,0,0,51.4285714285714,0,51.4285714285714,28
"MCFLND_5_MFSSR1",196895,37,200,150,0.25,0,9.75675675675676,0,9.75675675675676,27.75
"MCFLND_5_MSBBX2",118279,2,150,100,0.333333333333333,0,0,0,0,1.33333333333333
"MCFLND_5_MSBBX2",685873,5,150,40,0.733333333333333,0,0,0,0,1.33333333333333
"MCFLND_5_MSBBX2",178559,3,150,60,0.6,0,0,0,0,1.2
"MCFLND_5_MSBBX2",159086,7,150,20,0.866666666666667,0,34.2857142857143,0,34.2857142857143,0.933333333333333
"MCFLND_5_MSBBX2",137906,1,150,200,0.333333333333333,0,161027,0,161027,0.666666666666667
"MCFLND_5_MSBSX2",111626,15,300,305,0.0166666666666667,0,668.066666666667,0,668.066666666667,14.75
"MCFLND_5_MSBSX2",611841,17,300,220,0.266666666666667,0,229.470588235294,0,229.470588235294,12.4666666666667
"MCFLND_5_MSBSX2",154851,9,300,225,0.25,0,1866.66666666667,0,1866.66666666667,6.75
"MCFLND_5_MSBSX2",594295,10,300,450,0.5,0,66,0,66,5
"MCFLND_5_MSBSX2",891453,6,300,225,0.25,0,8000,0,8000,4.5
"MCSWAN_6_UNITS",347450,1,9,9.45,0.0499999999999999,0,595,0,595,0.95
"MCSWAN_6_UNITS",834639,1,9,9.45,0.0499999999999999,0,595,0,595,0.95
"MCSWAN_6_UNITS",136915,1,9,8.5,0.0555555555555556,0,96,0,96,0.944444444444444
"MCSWAN_6_UNITS",143302,1,9,9.5,0.0555555555555556,0,595,0,595,0.944444444444444
"MCSWAN_6_UNITS",193527,1,9,9.5,0.0555555555555556,0,595,0,595,0.944444444444444
"MDFKRL_2_PROJCT",364853,1,210,242,0.152380952380952,0,330,0,330,0.847619047619048
"MDFKRL_2_PROJCT",839079,1,210,149,0.29047619047619,0,244,0,244,0.70952380952381
"MDFKRL_2_PROJCT",203395,1,210,275,0.30952380952381,0,2884,0,2884,0.69047619047619
"MDFKRL_2_PROJCT",525717,1,210,288,0.371428571428571,0,480,0,480,0.628571428571429
"MDFKRL_2_PROJCT",627078,1,210,120,0.428571428571429,0,120,0,120,0.571428571428571
"MELRSE_6_MELBT1",152702,1,10,10,0,0,180,0,180,1
"MELRSE_6_MELBT1",814548,1,10,10.5,0.05,0,240,0,240,0.95
"MELRSE_6_MELBT1",589439,1,10,13,0.3,0,240,0,240,0.7
"MELRSE_6_MELBT1",301986,1,10,16.5,0.65,0,240,0,240,0.35
"MELRSE_6_MELBT1",135881,1,10,18,0.8,0,240,0,240,0.2
"MELRSE_6_MELBT2",152702,1,10,10,0,0,180,0,180,1
"MELRSE_6_MELBT2",126447,1,10,1,0.9,0,900,0,900,0.1
"MELRSE_6_MELBT2",142368,1,10,25,1.5,0,900,0,900,-0.5
"MELRSE_6_MELBT2",194982,1,10,35,2.5,0,900,0,900,-1.5
"MELRSE_6_MELBT2",122409,1,10,41,3.1,0,0,0,0,-2.1
"MENBIO_6_RENEW1",816448,1,5,250,49,4,1274,4,1274,-48
"MENBIO_6_RENEW1",117954,1,5,264,51.8,4,194,4,194,-50.8
"METEC_2_PL1X3",178180,1,597.05,625,0.0468134997068923,0,1620,0,1620,0.953186500293108
"METEC_2_PL1X3",170770,1,597.05,700,0.172431119671719,-5,60,5,60,0.827568880328281
"METEC_2_PL1X3",971578,1,597.05,700,0.172431119671719,-5,240,5,240,0.827568880328281
"METEC_2_PL1X3",321990,1,597.05,720,0.20592915166234,-5,5700,5,5700,0.79407084833766
"METEC_2_PL1X3",891900,1,597.05,473,0.207771543421824,0,820,0,820,0.792228456578176
"MIDWD_2_WIND2",978009,2,3,2,0.333333333333333,0,153,0,153,1.33333333333333
"MIDWD_2_WIND2",818615,1,3,5,0.666666666666667,0,21270,0,21270,0.333333333333333
"MIDWD_2_WIND2",589439,1,3,13,3.33333333333333,0,0,0,0,-2.33333333333333
"MIDWD_2_WIND2",125901,1,3,14,3.66666666666667,0,0,0,0,-2.66666666666667
"MIDWD_2_WIND2",135881,1,3,18,5,0,0,0,0,-4
"MIDWD_7_CORAMB",233734,1,7.5,6.2,0.173333333333333,0,450,0,450,0.826666666666667
"MIDWD_7_CORAMB",127784,1,7.5,4.9,0.346666666666667,0,450,0,450,0.653333333333333
"MIDWD_7_CORAMB",905952,1,7.5,2,0.733333333333333,0,450,0,450,0.266666666666667
"MIDWD_7_CORAMB",134647,1,7.5,25,2.33333333333333,0,450,0,450,-1.33333333333333
"MIDWD_7_CORAMB",176644,1,7.5,49.5,5.6,0,35307,0,35307,-4.6
"MIDWY3_2_MDSSR1",102291,1,20,20,0,0,2100,0,2100,1
"MIDWY3_2_MDSSR1",181841,1,20,20,0,0,2100,0,2100,1
"MIDWY3_2_MDSSR1",916581,1,20,20,0,0,2100,0,2100,1
"MIDWY3_2_MDSSR1",217748,1,20,19.12,0.044,0,2100,0,2100,0.956
"MIDWY3_2_MDSSR1",482688,1,20,17,0.15,0,2100,0,2100,0.85
"MIDWYS_2_MIDSL1",148758,2,49.9,50,0.00200400801603209,-0.5,231.5,0.5,231.5,1.99599198396794
"MIDWYS_2_MIDSL1",973878,2,49.9,50,0.00200400801603209,-0.5,231.5,0.5,231.5,1.99599198396794
"MIDWYS_2_MIDSL1",529747,3,49.9,75,0.503006012024048,-0.666666666666667,176,0.666666666666667,176,1.49098196392786
"MIDWYS_2_MIDSL1",654478,2,49.9,29.18,0.415230460921844,-0.5,231.5,0.5,231.5,1.16953907815631
"MIDWYS_2_MIDSL1",997249,1,49.9,50.5,0.0120240480961924,-1,105,1,105,0.987975951903808
"MILFRD_7_PASADENA",189472,1,5,4.05,0.19,0,0,0,0,0.81
"MILFRD_7_PASADENA",108432,1,5,8,0.6,0,120,0,120,0.4
"MILFRD_7_PASADENA",143093,1,5,35,6,0,26580,0,26580,-5
"MILFRD_7_PASADENA",559904,1,5,50,9,0,NA,0,NA,-8
"MILFRD_7_PASADENA",184942,1,5,75,14,0,5880,0,5880,-13
"MIRLOM_2_CORONA",197371,1,2.85,25,7.7719298245614,0,NA,0,NA,-6.7719298245614
"MIRLOM_2_CORONA",194971,1,2.85,630,220.052631578947,0,1921,0,1921,-219.052631578947
"MIRLOM_2_CREST",134471,1,1.5,27.2,17.1333333333333,-2,30,2,30,-16.1333333333333
"MIRLOM_2_CREST",142035,1,1.5,107,70.3333333333333,-2,150,2,150,-69.3333333333333
"MIRLOM_2_CREST",681987,1,1.5,393,261,-2,150,2,150,-260
"MIRLOM_2_CREST",393947,1,1.5,445,295.666666666667,-2,11070,2,11070,-294.666666666667
"MIRLOM_2_LNDFL",430455,1,3,1.91,0.363333333333333,0,60,0,60,0.636666666666667
"MIRLOM_2_LNDFL",101363,1,3,11,2.66666666666667,0,180,0,180,-1.66666666666667
"MIRLOM_2_LNDFL",208130,1,3,430,142.333333333333,0,9180,0,9180,-141.333333333333
"MIRLOM_2_LNDFL",971578,1,3,700,232.333333333333,0,34860,0,34860,-231.333333333333
"MIRLOM_2_MLBBTA",978009,11,10,2,0.8,0,67.3636363636364,0,67.3636363636364,2.2
"MIRLOM_2_MLBBTA",376549,2,10,10,0,0,270.5,0,270.5,2
"MIRLOM_2_MLBBTA",279660,2,10,9.5,0.05,0,270.5,0,270.5,1.9
"MIRLOM_2_MLBBTA",779880,2,10,11,0.1,0,270.5,0,270.5,1.8
"MIRLOM_2_MLBBTA",543434,2,10,12,0.2,0,315,0,315,1.6
"MIRLOM_2_MLBBTB",124493,1,10,10,0,0,840,0,840,1
"MIRLOM_2_MLBBTB",978009,5,10,2,0.8,0,12,0,12,1
"MIRLOM_2_MLBBTB",434763,1,10,10.57,0.057,0,23190,0,23190,0.943
"MIRLOM_2_MLBBTB",126447,6,10,1,0.9,0,433.333333333333,0,433.333333333333,0.6
"MIRLOM_2_MLBBTB",766252,1,10,5,0.5,4,780,4,780,0.5
"MIRLOM_2_TEMESC",847894,1,2.85,3,0.0526315789473684,-2,37821,2,37821,0.947368421052632
"MIRLOM_2_TEMESC",257250,1,2.85,2,0.298245614035088,1,5040,1,5040,0.701754385964912
"MIRLOM_2_TEMESC",189472,1,2.85,4.05,0.421052631578947,-2,561,2,561,0.578947368421053
"MIRLOM_2_TEMESC",278557,1,2.85,0.6,0.789473684210526,-2,37821,2,37821,0.210526315789474
"MIRLOM_2_TEMESC",338295,1,2.85,0.49,0.828070175438597,-1,600,1,600,0.171929824561403
"MIRLOM_6_PEAKER",744292,1,47.18,50,0.05977108944468,0,720,0,720,0.94022891055532
"MIRLOM_6_PEAKER",915712,1,47.18,50,0.05977108944468,0,780,0,780,0.94022891055532
"MIRLOM_6_PEAKER",997249,1,47.18,50.5,0.0703688003391267,0,720,0,720,0.929631199660873
"MIRLOM_6_PEAKER",180457,1,47.18,40,0.152183128444256,0,720,0,720,0.847816871555744
"MIRLOM_6_PEAKER",186146,1,47.18,40,0.152183128444256,0,720,0,720,0.847816871555744
"MIRLOM_7_MWDLKM",587533,1,5,5.75,0.15,0,22380,0,22380,0.85
"MIRLOM_7_MWDLKM",101363,1,5,11,1.2,0,180,0,180,-0.2
"MIRLOM_7_MWDLKM",100733,1,5,15,2,0,6240,0,6240,-1
"MIRLOM_7_MWDLKM",142368,1,5,25,4,0,0,0,0,-3
"MIRLOM_7_MWDLKM",317195,1,5,33,5.6,0,4740,0,4740,-4.6
"MKTRCK_1_UNIT 1",497303,1,47.72,57.25,0.199706621961442,0,13801,0,13801,0.800293378038558
"MKTRCK_1_UNIT 1",790944,1,47.72,9.72,0.796311818943839,0,5295,0,5295,0.203688181056161
"MKTRCK_1_UNIT 1",646375,1,47.72,88,0.84409052808047,0,19621,0,19621,0.155909471919531
"MKTRCK_1_UNIT 1",727309,1,47.72,1,0.979044425817267,0,315,0,315,0.0209555741827326
"MKTRCK_1_UNIT 1",624302,1,47.72,100,1.09555741827326,0,315,0,315,-0.0955574182732608
"MNDALY_6_MCGRTH",152042,1,48.56,50,0.029654036243822,0,359,0,359,0.970345963756178
"MNDALY_6_MCGRTH",429981,1,48.56,53,0.0914332784184513,0,7390,0,7390,0.908566721581549
"MNDALY_6_MCGRTH",159511,1,48.56,43,0.114497528830313,0,359,0,359,0.885502471169687
"MNDALY_6_MCGRTH",130794,1,48.56,55,0.132619439868204,0,7390,0,7390,0.867380560131796
"MNDALY_6_MCGRTH",267721,1,48.56,40,0.176276771004942,0,60,0,60,0.823723228995058
"MNDOTA_1_SOLAR1",148758,14,60,50,0.166666666666667,-0.571428571428572,142.642857142857,0.571428571428572,142.642857142857,11.6666666666667
"MNDOTA_1_SOLAR1",973878,13,60,50,0.166666666666667,-0.538461538461539,137.461538461538,0.538461538461539,137.461538461538,10.8333333333333
"MNDOTA_1_SOLAR1",208011,11,60,55.83,0.0695,-0.454545454545454,151.545454545455,0.454545454545454,151.545454545455,10.2355
"MNDOTA_1_SOLAR1",705142,10,60,62.5,0.0416666666666667,-0.4,103.4,0.4,103.4,9.58333333333333
"MNDOTA_1_SOLAR1",154578,13,60,40,0.333333333333333,-0.538461538461539,137.461538461538,0.538461538461539,137.461538461538,8.66666666666667
"MNDOTA_1_SOLAR2",445378,1,5,5,0,0,181,0,181,1
"MNDOTA_1_SOLAR2",256415,1,5,4.39,0.122,0,378,0,378,0.878
"MNDOTA_1_SOLAR2",852436,1,5,4.2,0.16,0,378,0,378,0.84
"MNDOTA_1_SOLAR2",831190,1,5,6.32,0.264,0,378,0,378,0.736
"MNDOTA_1_SOLAR2",892312,1,5,3.6,0.28,0,918,0,918,0.72
"MOJAVE_1_SIPHON",125901,4,14.36,14,0.0250696378830083,0,1277.25,0,1277.25,3.89972144846797
"MOJAVE_1_SIPHON",135881,3,14.36,18,0.253481894150418,0,361,0,361,2.23955431754875
"MOJAVE_1_SIPHON",348028,1,14.36,15,0.0445682451253482,1,416,1,416,0.955431754874652
"MOJAVE_1_SIPHON",261146,1,14.36,13.6,0.052924791086351,-1,516,1,516,0.947075208913649
"MOJAVE_1_SIPHON",799732,1,14.36,12,0.164345403899721,-1,576,1,576,0.835654596100279
"MOJAVW_2_SOLAR",102291,2,20,20,0,-1,116,1,116,2
"MOJAVW_2_SOLAR",159086,2,20,20,0,-1,146,1,146,2
"MOJAVW_2_SOLAR",916581,2,20,20,0,-1,86,1,86,2
"MOJAVW_2_SOLAR",217748,2,20,19.12,0.044,-1,116,1,116,1.912
"MOJAVW_2_SOLAR",591854,2,20,26.65,0.3325,-1,86,1,86,1.335
"MONTPH_7_UNITS",124493,1,12.5,10,0.2,0,11115,0,11115,0.8
"MONTPH_7_UNITS",256419,1,12.5,4,0.68,-5,20,5,20,0.32
"MONTPH_7_UNITS",542415,1,12.5,42,2.36,-5,20,5,20,-1.36
"MONTPH_7_UNITS",338486,1,12.5,217,16.36,0,555,0,555,-15.36
"MONTPH_7_UNITS",173114,1,12.5,224,16.92,0,495,0,495,-15.92
"MOORPK_2_ACOBT1",905952,2,1.95,2,0.0256410256410257,0,344,0,344,1.94871794871795
"MOORPK_2_ACOBT1",211538,1,1.95,1,0.487179487179487,0,348,0,348,0.512820512820513
"MOORPK_2_ACOBT1",313257,1,1.95,1,0.487179487179487,0,133355,0,133355,0.512820512820513
"MOORPK_2_ACOBT1",636159,1,1.95,1,0.487179487179487,0,22445,0,22445,0.512820512820513
"MOORPK_2_ACOBT1",197004,1,1.95,1,0.487179487179487,5,289,5,289,0.512820512820513
"MOORPK_2_CALABS",445378,1,6.96,5,0.281609195402299,2,448,2,448,0.718390804597701
"MOORPK_2_CALABS",279660,1,6.96,9.5,0.364942528735632,2,388,2,388,0.635057471264368
"MOORPK_2_CALABS",910464,1,6.96,4.25,0.389367816091954,0,105,0,105,0.610632183908046
"MOORPK_2_CALABS",189472,1,6.96,4.05,0.418103448275862,0,61,0,61,0.581896551724138
"MOORPK_2_CALABS",368224,1,6.96,4,0.425287356321839,0,165,0,165,0.574712643678161
"MORWD_6_QF",122409,1,38.16,41,0.0744234800838575,0,65208,0,65208,0.925576519916142
"MORWD_6_QF",133003,1,38.16,35,0.0828092243186582,5,22,5,22,0.917190775681342
"MORWD_6_QF",135013,1,38.16,46,0.205450733752621,0,70428,0,70428,0.794549266247379
"MORWD_6_QF",455119,1,38.16,119,2.11844863731656,5,22,5,22,-1.11844863731656
"MORWD_6_QF",451866,1,38.16,322,7.43815513626835,5,22,5,22,-6.43815513626835
"MOSSLD_2_PSP1",117971,1,510,508,0.00392156862745098,-1,1201,1,1201,0.996078431372549
"MOSSLD_2_PSP1",279317,1,510,505,0.00980392156862745,-1,1,1,1,0.990196078431373
"MOSSLD_2_PSP1",158727,2,510,250,0.509803921568627,0,16715,0,16715,0.980392156862745
"MOSSLD_2_PSP1",776408,1,510,530,0.0392156862745098,0,2715,0,2715,0.96078431372549
"MOSSLD_2_PSP1",264383,1,510,550,0.0784313725490196,0,5415,0,5415,0.92156862745098
"MOSSLD_2_PSP2",776408,2,510,530,0.0392156862745098,0,43372,0,43372,1.92156862745098
"MOSSLD_2_PSP2",113228,3,510,205,0.598039215686274,-0.666666666666667,636.333333333333,0.666666666666667,636.333333333333,1.20588235294118
"MOSSLD_2_PSP2",580449,3,510,200,0.607843137254902,-1,248.666666666667,1,248.666666666667,1.17647058823529
"MOSSLD_2_PSP2",101153,2,510,295,0.42156862745098,0,3802,0,3802,1.15686274509804
"MOSSLD_2_PSP2",110776,2,510,266,0.47843137254902,0,3333.5,0,3333.5,1.04313725490196
"MRCHNT_2_PL1X3",305080,2,494.58,600,0.213150551983501,0.5,11057,0.5,11057,1.573698896033
"MRCHNT_2_PL1X3",239454,1,494.58,505,0.0210683812527802,1,9061,1,9061,0.97893161874722
"MRCHNT_2_PL1X3",594295,1,494.58,450,0.0901370860123741,1,361,1,361,0.909862913987626
"MRCHNT_2_PL1X3",129058,1,494.58,422,0.146750778438271,1,301,1,301,0.853249221561729
"MRCHNT_2_PL1X3",971366,1,494.58,601.3,0.215779044846132,1,19141,1,19141,0.784220955153868
"MRGT_6_MEF2",194982,2,44,35,0.204545454545455,0,1740,0,1740,1.59090909090909
"MRGT_6_MEF2",852416,2,44,33,0.25,0,420,0,420,1.5
"MRGT_6_MEF2",599767,3,44,68,0.545454545454545,0,1010,0,1010,1.36363636363636
"MRGT_6_MEF2",135881,3,44,18,0.590909090909091,0,400.666666666667,0,400.666666666667,1.22727272727273
"MRGT_6_MEF2",159909,1,44,45,0.0227272727272727,0,1230,0,1230,0.977272727272727
"MRGT_6_MMAREF",279238,2,45,40,0.111111111111111,0,427.5,0,427.5,1.77777777777778
"MRGT_6_MMAREF",623125,2,45,50,0.111111111111111,0,727.5,0,727.5,1.77777777777778
"MRGT_6_MMAREF",517313,2,45,23.66,0.474222222222222,0,352.5,0,352.5,1.05155555555556
"MRGT_6_MMAREF",328642,1,45,46,0.0222222222222222,-1,NA,1,NA,0.977777777777778
"MRGT_6_MMAREF",118390,1,45,49,0.0888888888888889,-1,20540,1,20540,0.911111111111111
"MRGT_6_TGEBT1",561427,2,30,25,0.166666666666667,0,1500,0,1500,1.66666666666667
"MRGT_6_TGEBT1",669648,2,30,25,0.166666666666667,0,4380,0,4380,1.66666666666667
"MRGT_6_TGEBT1",158082,1,30,33,0.1,0,120,0,120,0.9
"MRGT_6_TGEBT1",852416,1,30,33,0.1,0,0,0,0,0.9
"MRGT_6_TGEBT1",589439,2,30,13,0.566666666666667,0,180,0,180,0.866666666666667
"MRLSDS_6_SOLAR1",819306,4,15,20,0.333333333333333,0.25,14.25,1.75,14.25,2.66666666666667
"MRLSDS_6_SOLAR1",143302,3,15,9.5,0.366666666666667,0.666666666666667,610.333333333333,2,610.333333333333,1.9
"MRLSDS_6_SOLAR1",193527,3,15,9.5,0.366666666666667,0.666666666666667,610.333333333333,2,610.333333333333,1.9
"MRLSDS_6_SOLAR1",385155,3,15,9.5,0.366666666666667,0.666666666666667,610.333333333333,2,610.333333333333,1.9
"MRLSDS_6_SOLAR1",838066,3,15,9.5,0.366666666666667,0.666666666666667,610.333333333333,2,610.333333333333,1.9
"MSOLAR_2_MS4BT1",376549,2,10,10,0,0,60,0,60,2
"MSOLAR_2_MS4BT1",279660,2,10,9.5,0.05,0,60,0,60,1.9
"MSOLAR_2_MS4BT1",779880,2,10,11,0.1,0,60,0,60,1.8
"MSOLAR_2_MS4BT1",799732,2,10,12,0.2,0,60,0,60,1.6
"MSOLAR_2_MS4BT1",131964,2,10,13.53,0.353,0,60,0,60,1.294
"MSOLAR_2_MS4SR4",113238,1,52.5,40,0.238095238095238,0,615,0,615,0.761904761904762
"MSOLAR_2_MS4SR4",114602,1,52.5,40,0.238095238095238,0,375,0,375,0.761904761904762
"MSOLAR_2_MS4SR4",206861,1,52.5,25,0.523809523809524,0,195,0,195,0.476190476190476
"MSOLAR_2_MS4SR4",591093,1,52.5,80,0.523809523809524,0,220021,0,220021,0.476190476190476
"MSOLAR_2_MS4SR4",757917,1,52.5,80,0.523809523809524,0,195,0,195,0.476190476190476
"MSOLAR_2_SOLAR1",477057,8,165,200,0.212121212121212,0,45,0,45,6.3030303030303
"MSOLAR_2_SOLAR1",112563,7,165,132,0.2,0,34.2857142857143,0,34.2857142857143,5.6
"MSOLAR_2_SOLAR1",118279,8,165,100,0.393939393939394,0,30,0,30,4.84848484848485
"MSOLAR_2_SOLAR1",173313,8,165,100,0.393939393939394,0,45,0,45,4.84848484848485
"MSOLAR_2_SOLAR1",784426,5,165,200,0.212121212121212,0,48,0,48,3.93939393939394
"MSOLAR_2_SOLAR2",234172,12,100.81,74,0.265945838706478,0,316.25,0,316.25,8.80864993552227
"MSOLAR_2_SOLAR2",152145,8,100.81,105,0.0415633369705386,0,388.125,0,388.125,7.66749330423569
"MSOLAR_2_SOLAR2",196895,12,100.81,150,0.487947624243627,0,271.25,0,271.25,6.14462850907648
"MSOLAR_2_SOLAR2",178559,9,100.81,60,0.404820950302549,0,415,0,415,5.35661144727706
"MSOLAR_2_SOLAR2",685873,12,100.81,40,0.603213966868366,0,353.75,0,353.75,4.7614323975796
"MSOLAR_2_SOLAR3",196895,7,152,150,0.0131578947368421,0,51.4285714285714,0,51.4285714285714,6.9078947368421
"MSOLAR_2_SOLAR3",152145,5,152,105,0.30921052631579,0,96,0,96,3.45394736842105
"MSOLAR_2_SOLAR3",234172,7,152,74,0.513157894736842,0,94.2857142857143,0,94.2857142857143,3.4078947368421
"MSOLAR_2_SOLAR3",123110,3,152,115,0.243421052631579,0,8000,0,8000,2.26973684210526
"MSOLAR_2_SOLAR3",107681,4,152,223.6,0.471052631578947,0,30,0,30,2.11578947368421
"MSTANG_2_MTGBT1",844979,6,75,75.01,0.000133333333333402,0,20.1666666666667,0,20.1666666666667,5.9992
"MSTANG_2_MTGBT1",556956,7,75,104.5,0.393333333333333,-1,500.571428571429,2.14285714285714,500.571428571429,4.24666666666667
"MSTANG_2_MTGBT1",170732,3,75,74,0.0133333333333333,0,759.333333333333,0,759.333333333333,2.96
"MSTANG_2_MTGBT1",670696,3,75,78,0.04,-1.33333333333333,1200.33333333333,1.33333333333333,1200.33333333333,2.88
"MSTANG_2_MTGBT1",178982,3,75,83,0.106666666666667,-1.33333333333333,337,1.33333333333333,337,2.68
"MSTANG_2_SOLAR",461606,5,30,30,0,-1,755.6,1,755.6,5
"MSTANG_2_SOLAR",959874,4,30,30,0,0,60,0,60,4
"MSTANG_2_SOLAR",565664,5,30,20,0.333333333333333,-1,35.6,1,35.6,3.33333333333333
"MSTANG_2_SOLAR",159086,4,30,20,0.333333333333333,-0.5,60,0.5,60,2.66666666666667
"MSTANG_2_SOLAR",154578,4,30,40,0.333333333333333,-1,104.5,1,104.5,2.66666666666667
"MSTANG_2_SOLAR3",154578,10,40,40,0,-0.9,71.8,0.9,71.8,10
"MSTANG_2_SOLAR3",148758,10,40,50,0.25,-0.9,59.8,0.9,59.8,7.5
"MSTANG_2_SOLAR3",973878,10,40,50,0.25,-0.9,59.8,0.9,59.8,7.5
"MSTANG_2_SOLAR3",685873,7,40,40,0,-1,77.1428571428571,1,77.1428571428571,7
"MSTANG_2_SOLAR3",159086,14,40,20,0.5,-0.642857142857143,81.4285714285714,0.642857142857143,81.4285714285714,7
"MSTANG_2_SOLAR4",461606,7,30,30,0,-0.857142857142857,726.428571428571,0.857142857142857,726.428571428571,7
"MSTANG_2_SOLAR4",565664,8,30,20,0.333333333333333,-0.75,5.625,0.75,5.625,5.33333333333333
"MSTANG_2_SOLAR4",159086,7,30,20,0.333333333333333,-0.714285714285714,168.571428571429,0.714285714285714,168.571428571429,4.66666666666667
"MSTANG_2_SOLAR4",154578,7,30,40,0.333333333333333,-0.857142857142857,66.4285714285714,0.857142857142857,66.4285714285714,4.66666666666667
"MSTANG_2_SOLAR4",819306,7,30,20,0.333333333333333,-0.857142857142857,66.4285714285714,0.857142857142857,66.4285714285714,4.66666666666667
"MTNPOS_1_UNIT",839931,1,46.64,47,0.00771869639794167,0,0,0,0,0.992281303602058
"MTNPOS_1_UNIT",555191,1,46.64,48.35,0.036663807890223,1,30531,1,30531,0.963336192109777
"MTNPOS_1_UNIT",121961,1,46.64,48.5,0.0398799313893653,1,30531,1,30531,0.960120068610635
"MTNPOS_1_UNIT",949253,1,46.64,49,0.0506003430531732,0,39,0,39,0.949399656946827
"MTNPOS_1_UNIT",143784,1,46.64,50,0.072041166380789,0,42265,0,42265,0.927958833619211
"MTWIND_1_MVPWD1",267721,2,66.6,40,0.399399399399399,1,611,1,611,1.2012012012012
"MTWIND_1_MVPWD1",370880,2,66.6,40,0.399399399399399,1,581,1,581,1.2012012012012
"MTWIND_1_MVPWD1",928521,2,66.6,99.5,0.493993993993994,0,360,0,360,1.01201201201201
"MTWIND_1_MVPWD1",308877,1,66.6,75,0.126126126126126,0,360,0,360,0.873873873873874
"MTWIND_1_MVPWD1",753034,1,66.6,75,0.126126126126126,0,25170,0,25170,0.873873873873874
"MTWIND_1_UNIT 3",844001,1,22.44,18.8,0.162210338680927,0,128,0,128,0.837789661319073
"MTWIND_1_UNIT 3",135881,1,22.44,18,0.197860962566845,0,90,0,90,0.802139037433155
"MTWIND_1_UNIT 3",589439,1,22.44,13,0.420677361853832,0,90,0,90,0.579322638146168
"MTWIND_1_UNIT 3",101363,1,22.44,11,0.509803921568628,-1,48,1,48,0.490196078431372
"MTWIND_1_UNIT 3",842570,1,22.44,5,0.777183600713013,0,2088,0,2088,0.222816399286987
"MURRAY_6_UNIT",611820,1,4.12,1,0.757281553398058,0,119947,0,119947,0.242718446601942
"MURRAY_6_UNIT",101363,1,4.12,11,1.66990291262136,0,180,0,180,-0.669902912621359
"MURRAY_6_UNIT",727434,1,4.12,18,3.36893203883495,0,2512,0,2512,-2.36893203883495
"MURRAY_6_UNIT",110222,1,4.12,25,5.06796116504854,0,3840,0,3840,-4.06796116504854
"MURRAY_6_UNIT",177935,1,4.12,25,5.06796116504854,0,1732,0,1732,-4.06796116504854
"NAROW1_2_UNIT",338486,1,12,217,17.0833333333333,0,409499,0,409499,-16.0833333333333
"NAROW2_2_UNIT",611344,1,55,61,0.109090909090909,1,30540,1,30540,0.890909090909091
"NAROW2_2_UNIT",411444,1,55,45,0.181818181818182,0,63339,0,63339,0.818181818181818
"NAROW2_2_UNIT",430322,1,55,41,0.254545454545455,0,NA,0,NA,0.745454545454545
"NAROW2_2_UNIT",151446,1,55,36,0.345454545454545,1,25320,1,25320,0.654545454545455
"NAROW2_2_UNIT",529747,1,55,75,0.363636363636364,0,39,0,39,0.636363636363636
"NAVYII_2_UNITS",624302,1,90,100,0.111111111111111,0,241,0,241,0.888888888888889
"NAVYII_2_UNITS",234079,1,90,112.5,0.25,0,1,0,1,0.75
"NAVYII_2_UNITS",236353,1,90,60,0.333333333333333,0,1,0,1,0.666666666666667
"NAVYII_2_UNITS",915712,1,90,50,0.444444444444444,0,421,0,421,0.555555555555556
"NAVYII_2_UNITS",133829,1,90,37.5,0.583333333333333,0,1,0,1,0.416666666666667
"NCPA_7_GP1UN1",186225,1,38.85,38.85,0,0,538741,0,538741,1
"NCPA_7_GP1UN1",267721,1,38.85,40,0.0296010296010296,0,240,0,240,0.97039897039897
"NCPA_7_GP1UN1",159511,1,38.85,43,0.106821106821107,0,2100,0,2100,0.893178893178893
"NCPA_7_GP1UN1",279536,1,38.85,50,0.287001287001287,0,16921,0,16921,0.712998712998713
"NCPA_7_GP1UN1",201194,1,38.85,55,0.415701415701416,0,NA,0,NA,0.584298584298584
"NCPA_7_GP1UN2",279536,3,50,50,0.167918544483392,0,120680.666666667,0,120680.666666667,2.49624436654982
"NCPA_7_GP1UN2",153037,1,39.94,39.5,0.0110165247871807,0,14665,0,14665,0.988983475212819
"NCPA_7_GP1UN2",186225,1,39.94,38.85,0.0272909364046068,0,538741,0,538741,0.972709063595393
"NCPA_7_GP1UN2",288617,1,50,42,0.16,0,1,0,1,0.84
"NCPA_7_GP1UN2",949253,1,39.94,49,0.226840260390586,0,240,0,240,0.773159739609414
"NCPA_7_GP2UN3",800488,1,42.42,3.43,0.919141914191419,-1,NA,1,NA,0.0808580858085809
"NCPA_7_GP2UN3",351735,1,42.42,85,1.003771805752,-1,NA,1,NA,-0.00377180575200375
"NCPA_7_GP2UN3",883062,1,42.42,174.29,3.10867515322961,-1,NA,1,NA,-2.10867515322961
"NCPA_7_GP2UN3",185686,1,42.42,178.87,3.21664309288072,-1,NA,1,NA,-2.21664309288072
"NCPA_7_GP2UN3",370551,1,42.42,480,10.3154172560113,-1,NA,1,NA,-9.31541725601132
"NCPA_7_GP2UN4",106763,3,52.73,52.73,0,0,30724.3333333333,0,30724.3333333333,3
"NCPA_7_GP2UN4",633120,1,52.73,50,0.0517731841456476,0,1875,0,1875,0.948226815854352
"NCPA_7_GP2UN4",729047,1,52.73,50,0.0517731841456476,0,9975,0,9975,0.948226815854352
"NCPA_7_GP2UN4",121961,1,52.73,48.5,0.0802199886212782,0,12961,0,12961,0.919780011378722
"NCPA_7_GP2UN4",555191,1,52.73,48.35,0.0830646690688412,0,12961,0,12961,0.916935330931159
"NEENCH_6_SOLAR",178559,3,66,60,0.0909090909090909,-0.666666666666667,194,0.666666666666667,194,2.72727272727273
"NEENCH_6_SOLAR",529747,3,66,75,0.136363636363636,-0.666666666666667,217.333333333333,0.666666666666667,217.333333333333,2.59090909090909
"NEENCH_6_SOLAR",705142,2,66,62.5,0.053030303030303,-1,56.5,1,56.5,1.89393939393939
"NEENCH_6_SOLAR",685873,3,66,40,0.393939393939394,-0.666666666666667,214,0.666666666666667,214,1.81818181818182
"NEENCH_6_SOLAR",308877,2,66,75,0.136363636363636,-3,105.5,3,105.5,1.72727272727273
"NGILAA_5_SDGDYN",611344,3,57,61,0.0831472620946305,0.666666666666667,8560,0.666666666666667,8560,2.75055821371611
"NGILAA_5_SDGDYN",122409,3,57,41,0.280701754385965,1,420,1,420,2.15789473684211
"NGILAA_5_SDGDYN",170852,3,57,40,0.298245614035088,1,960,1,960,2.10526315789474
"NGILAA_5_SDGDYN",926768,2,57,42,0.249760765550239,1,79470,1,79470,1.50047846889952
"NGILAA_5_SDGDYN",542415,2,57,42,0.263157894736842,1,330,1,330,1.47368421052632
"NHOGAN_6_UNITS",368224,1,4,4,0,0,405,0,405,1
"NHOGAN_6_UNITS",646670,1,4,4,0,0,9360,0,9360,1
"NHOGAN_6_UNITS",636159,1,4,1,0.75,0,23880,0,23880,0.25
"NHOGAN_6_UNITS",661056,1,4,1,0.75,0,277,0,277,0.25
"NHOGAN_6_UNITS",937035,1,4,1,0.75,0,277,0,277,0.25
"NOAKS_2_PESBT1",570814,2,80,75,0.0625,0,538,0,543,1.875
"NOAKS_2_PESBT1",870487,1,80,80,0,0,0,0,0,1
"NOAKS_2_PESBT1",107219,1,80,85,0.0625,0,4315,0,4315,0.9375
"NOAKS_2_PESBT1",599767,1,80,68,0.15,0,1740,0,1740,0.85
"NOAKS_2_PESBT1",805254,1,80,95,0.1875,0,17100,0,17100,0.8125
"NORCNV_1_NCVBT1",314410,1,132,132,0,0,60,0,60,1
"NORCNV_1_NCVBT1",117281,1,132,139,0.053030303030303,1,31309,1,31309,0.946969696969697
"NORCNV_1_NCVBT1",131943,1,132,150,0.136363636363636,1,31309,1,31309,0.863636363636364
"NORCNV_1_NCVBT1",479608,1,132,150,0.136363636363636,1,31309,1,31309,0.863636363636364
"NORCNV_1_NCVBT1",556956,1,132,104.5,0.208333333333333,0,300,0,300,0.791666666666667
"NORORC_2_NOSBX2",340775,1,150,105,0.3,0,46500,0,46500,0.7
"NORORC_2_NOSBX2",133364,1,150,205,0.366666666666667,0,3240,0,3240,0.633333333333333
"NORORC_2_NOSBX2",960427,1,150,220,0.466666666666667,0,6180,0,6180,0.533333333333333
"NORORC_2_NOSBX2",167179,1,150,62,0.586666666666667,0,120,0,120,0.413333333333333
"NORORC_2_NOSBX2",611344,1,150,61,0.593333333333333,0,27480,0,27480,0.406666666666667
"NOVATO_6_LNDFL",327142,1,3.9,40.4,9.35897435897436,-4,NA,4,NA,-8.35897435897436
"NOVATO_6_LNDFL",214080,1,3.9,200,50.2820512820513,-4,NA,4,NA,-49.2820512820513
"NWCSTL_7_UNIT 1",151446,1,12,36,2,0,75595,0,75595,-1
"NWCSTL_7_UNIT 1",140315,1,12,76,5.33333333333333,0,118795,0,118795,-4.33333333333333
"NWCSTL_7_UNIT 1",624302,1,12,100,7.33333333333333,0,28555,0,28555,-6.33333333333333
"NWCSTL_7_UNIT 1",594295,1,12,450,36.5,0,20875,0,20875,-35.5
"NZWIND_2_WDSTR5",191300,1,6.31,0.99,0.84310618066561,0,3390,0,3390,0.15689381933439
"NZWIND_2_WDSTR5",712312,1,6.31,0.99,0.84310618066561,0,3450,0,3450,0.15689381933439
"NZWIND_2_WDSTR5",383981,1,6.31,0.97,0.846275752773376,0,3450,0,3450,0.153724247226624
"NZWIND_2_WDSTR5",665238,1,6.31,0.9,0.857369255150555,0,3450,0,3450,0.142630744849445
"NZWIND_2_WDSTR5",228637,1,6.31,0.71,0.887480190174326,0,3510,0,3510,0.112519809825674
"NZWIND_6_CALWND",256419,1,9,4,0.555555555555556,0,33,0,33,0.444444444444444
"NZWIND_6_CALWND",646670,1,9,4,0.555555555555556,0,33,0,33,0.444444444444444
"NZWIND_6_CALWND",906818,1,9,4,0.555555555555556,0,33,0,33,0.444444444444444
"NZWIND_6_CALWND",368055,1,9,3.43,0.618888888888889,-3,96,3,96,0.381111111111111
"NZWIND_6_CALWND",713609,1,9,3.36,0.626666666666667,-3,96,3,96,0.373333333333333
"NZWIND_6_WDSTR",325131,1,3.35,100,28.8507462686567,0,108228,0,108228,-27.8507462686567
"NZWIND_6_WDSTR",131888,1,3.35,193,56.6119402985075,0,81528,0,81528,-55.6119402985075
"NZWIND_6_WDSTR",259929,1,3.35,220,64.6716417910448,0,408,0,408,-63.6716417910448
"NZWIND_6_WDSTR",784896,1,3.35,220,64.6716417910448,0,2628,0,2628,-63.6716417910448
"NZWIND_6_WDSTR",213655,1,3.35,230,67.6567164179104,0,4788,0,4788,-66.6567164179104
"NZWIND_6_WDSTR2",133003,1,4.07,35,7.5995085995086,-3,3391,3,3391,-6.5995085995086
"NZWIND_6_WDSTR2",325131,1,4.07,100,23.5700245700246,0,108228,0,108228,-22.5700245700246
"NZWIND_6_WDSTR2",138597,1,4.07,100,23.5700245700246,-3,631,3,631,-22.5700245700246
"NZWIND_6_WDSTR2",131888,1,4.07,193,46.4201474201474,0,81528,0,81528,-45.4201474201474
"NZWIND_6_WDSTR2",259929,1,4.07,220,53.054054054054,0,408,0,408,-52.054054054054
"NZWIND_6_WDSTR3",325131,1,3.86,100,24.9067357512953,0,108228,0,108228,-23.9067357512953
"NZWIND_6_WDSTR3",131888,1,3.86,193,49,0,81528,0,81528,-48
"NZWIND_6_WDSTR3",259929,1,3.86,220,55.9948186528497,0,408,0,408,-54.9948186528497
"NZWIND_6_WDSTR3",784896,1,3.86,220,55.9948186528497,0,2628,0,2628,-54.9948186528497
"NZWIND_6_WDSTR3",213655,1,3.86,230,58.5854922279793,0,4788,0,4788,-57.5854922279793
"NZWIND_6_WDSTR4",325131,1,6.77,100,13.7710487444609,0,108207,0,108207,-12.7710487444609
"NZWIND_6_WDSTR4",131888,1,6.77,193,27.5081240768095,0,81507,0,81507,-26.5081240768095
"NZWIND_6_WDSTR4",259929,1,6.77,220,31.4963072378139,0,387,0,387,-30.4963072378139
"NZWIND_6_WDSTR4",784896,1,6.77,220,31.4963072378139,0,2607,0,2607,-30.4963072378139
"NZWIND_6_WDSTR4",213655,1,6.77,230,32.97341211226,0,4767,0,4767,-31.97341211226
"OAK C_7_UNIT 1",137216,1,55,40,0.272727272727273,0,16260,0,16260,0.727272727272727
"OAK C_7_UNIT 1",211495,1,55,39,0.290909090909091,0,7380,0,7380,0.709090909090909
"OAK C_7_UNIT 1",133003,1,55,35,0.363636363636364,0,960,0,960,0.636363636363636
"OAK C_7_UNIT 1",184942,1,55,75,0.363636363636364,0,89580,0,89580,0.636363636363636
"OAK C_7_UNIT 1",194982,1,55,35,0.363636363636364,0,840,0,840,0.636363636363636
"OAK C_7_UNIT 3",599767,1,55,68,0.236363636363636,0,7020,0,7020,0.763636363636364
"OAK C_7_UNIT 3",331440,1,55,72,0.309090909090909,0,120,0,120,0.690909090909091
"OAK L_1_GTG1",256415,1,4.6,4.39,0.0456521739130435,0,120,0,120,0.954347826086957
"OAK L_1_GTG1",368055,1,4.6,3.43,0.254347826086956,0,120,0,120,0.745652173913044
"OAK L_1_GTG1",145561,1,4.6,3,0.347826086956522,-1,300,1,300,0.652173913043478
"OAK L_1_GTG1",233734,1,4.6,6.2,0.347826086956522,-1,36960,1,36960,0.652173913043478
"OAK L_1_GTG1",739401,1,4.6,2.3,0.5,0,120,0,120,0.5
"OAKWD_6_QF",177935,1,27.87,25,0.102978112665949,0,6960,0,6960,0.897021887334051
"OAKWD_6_QF",133003,1,27.87,35,0.255830642267671,0,300,0,300,0.744169357732329
"OAKWD_6_QF",331315,1,27.87,20,0.282382490132759,0,539,0,539,0.717617509867241
"OAKWD_6_QF",814755,1,27.87,20,0.282382490132759,0,0,0,0,0.717617509867241
"OAKWD_6_QF",135881,1,27.87,18,0.354144241119483,0,37,0,37,0.645855758880517
"OAKWD_6_ZEPHWD",135881,1,3.5,18,4.14285714285714,0,45,0,45,-3.14285714285714
"OAKWD_6_ZEPHWD",177935,1,3.5,25,6.14285714285714,0,6960,0,6960,-5.14285714285714
"OAKWD_6_ZEPHWD",166473,1,3.5,75,20.4285714285714,0,105,0,105,-19.4285714285714
"OAKWD_6_ZEPHWD",219854,1,3.5,252,71,0,7425,0,7425,-70
"OAKWD_6_ZEPHWD",181838,1,3.5,541,153.571428571429,0,405,0,405,-152.571428571429
"OASIS_6_AR4SR1",133003,1,1,35,34,0,240,0,240,-33
"OASIS_6_AR4SR1",455119,1,1,119,118,0,240,0,240,-117
"OASIS_6_AR4SR1",790016,1,1,315,314,0,240,0,240,-313
"OASIS_6_AR4SR1",286209,1,1,378,377,0,240,0,240,-376
"OASIS_6_AR4SR1",891900,1,1,473,472,0,240,0,240,-471
"OASIS_6_AR4SR3",110222,1,1.5,25,15.6666666666667,0,22920,0,22920,-14.6666666666667
"OASIS_6_AR4SR3",384409,1,1.5,25,15.6666666666667,0,149281,0,149281,-14.6666666666667
"OASIS_6_AR4SR3",243483,1,1.5,104,68.3333333333333,0,1260,0,1260,-67.3333333333333
"OASIS_6_AR8SR1",101363,1,1.5,11,6.33333333333333,0,398,0,398,-5.33333333333333
"OASIS_6_AR8SR1",102701,1,1.5,70,45.6666666666667,0,338,0,338,-44.6666666666667
"OASIS_6_AR8SR1",917160,1,1.5,71,46.3333333333333,0,1838,0,1838,-45.3333333333333
"OASIS_6_AR8SR1",177596,1,1.5,88,57.6666666666667,0,158,0,158,-56.6666666666667
"OASIS_6_AR8SR1",405897,1,1.5,88,57.6666666666667,0,218,0,218,-56.6666666666667
"OASIS_6_AR8SR2",101363,1,1.5,11,6.33333333333333,0,398,0,398,-5.33333333333333
"OASIS_6_AR8SR2",102701,1,1.5,70,45.6666666666667,0,338,0,338,-44.6666666666667
"OASIS_6_AR8SR2",917160,1,1.5,71,46.3333333333333,0,1838,0,1838,-45.3333333333333
"OASIS_6_AR8SR2",177596,1,1.5,88,57.6666666666667,0,158,0,158,-56.6666666666667
"OASIS_6_AR8SR2",405897,1,1.5,88,57.6666666666667,0,218,0,218,-56.6666666666667
"OASIS_6_AR8SR3",101363,1,1,11,10,0,398,0,398,-9
"OASIS_6_AR8SR3",102701,1,1,70,69,0,338,0,338,-68
"OASIS_6_AR8SR3",917160,1,1,71,70,0,1838,0,1838,-69
"OASIS_6_AR8SR3",177596,1,1,88,87,0,158,0,158,-86
"OASIS_6_AR8SR3",405897,1,1,88,87,0,218,0,218,-86
"OASIS_6_CREST",945442,1,1,2,1,0,NA,0,NA,0
"OASIS_6_CREST",110282,1,1,16,15,0,NA,0,NA,-14
"OASIS_6_CREST",511293,1,1,18,17,0,NA,0,NA,-16
"OASIS_6_MA4SR1",201736,1,1.5,1,0.333333333333333,0,1260,0,1260,0.666666666666667
"OASIS_6_MA4SR1",384409,1,1.5,25,15.6666666666667,0,28321,0,28321,-14.6666666666667
"OASIS_6_VINSR1",384409,1,1.5,25,15.6666666666667,0,205441,0,205441,-14.6666666666667
"OBERON_5_O1BBX2",710016,8,125,105.5,0.156,-0.375,122.625,0.375,122.625,6.752
"OBERON_5_O1BBX2",199791,8,125,102,0.184,0,128.75,0,128.75,6.528
"OBERON_5_O1BBX2",589808,8,125,102,0.184,0,128.75,0,128.75,6.528
"OBERON_5_O1BBX2",213716,8,125,96,0.232,0,128.75,0,128.75,6.144
"OBERON_5_O1BBX2",513545,8,125,96,0.232,0,128.75,0,128.75,6.144
"OBERON_5_O1SSR3",234172,33,100,74,0.26,0,126.333333333333,0,126.333333333333,24.42
"OBERON_5_O1SSR3",196895,33,100,150,0.5,0,93.6060606060606,0,93.6060606060606,16.5
"OBERON_5_O1SSR3",576455,30,100,150,0.5,0,82.9666666666666,0,82.9666666666666,15
"OBERON_5_O1SSR3",118279,11,100,100,0,0,133.545454545455,0,133.545454545455,11
"OBERON_5_O1SSR3",173313,11,100,100,0,0,103.636363636364,0,103.636363636364,11
"OBERON_5_O1SSX2",576455,6,150,150,0,0,60,0,60,6
"OBERON_5_O1SSX2",199791,7,150,102,0.32,0,125.714285714286,0,125.714285714286,4.76
"OBERON_5_O1SSX2",589808,7,150,102,0.32,0,125.714285714286,0,125.714285714286,4.76
"OBERON_5_O1SSX2",213716,7,150,96,0.36,0,125.714285714286,0,125.714285714286,4.48
"OBERON_5_O1SSX2",513545,7,150,96,0.36,0,125.714285714286,0,125.714285714286,4.48
"OBERON_5_O2BBX2",556956,14,125,104.5,0.164,0.0714285714285715,688.571428571429,0.214285714285714,688.571428571429,11.704
"OBERON_5_O2BBX2",695464,7,125,131,0.048,0,145.714285714286,0,145.714285714286,6.664
"OBERON_5_O2BBX2",710016,6,125,105.5,0.156,0.833333333333333,118.166666666667,1.16666666666667,118.166666666667,5.064
"OBERON_5_O2BBX2",199791,6,125,102,0.184,0,120,0,120,4.896
"OBERON_5_O2BBX2",589808,6,125,102,0.184,0,120,0,120,4.896
"OBERON_5_O2SSR4",576455,46,125,150,0.2,0,136.978260869565,0,136.978260869565,36.8
"OBERON_5_O2SSR4",196895,34,125,150,0.2,0,77.6764705882353,0,77.6764705882353,27.2
"OBERON_5_O2SSR4",234172,31,125,74,0.408,0,108.387096774194,0,108.387096774194,18.352
"OBERON_5_O2SSR4",277359,14,125,125,0,0,167.214285714286,0,167.214285714286,14
"OBERON_5_O2SSR4",173313,11,125,100,0.2,0,103.636363636364,0,103.636363636364,8.8
"OBERON_5_O2SSR5",576455,30,125,150,0.2,0,78.0333333333333,0,78.0333333333333,24
"OBERON_5_O2SSR5",196895,22,125,150,0.2,0,90.0454545454545,0,90.0454545454545,17.6
"OBERON_5_O2SSR5",234172,20,125,74,0.408,0,99.05,0,99.05,11.84
"OBERON_5_O2SSR5",118279,8,125,100,0.2,0,105,0,105,6.4
"OBERON_5_O2SSR5",199791,7,125,102,0.184,0,130,0,130,5.712
"OCOTLO_6_OCWSB1",997249,7,50,50.5,0.01,0,536.428571428571,0,536.428571428571,6.93
"OCOTLO_6_OCWSB1",208011,7,50,55.83,0.1166,0,536.428571428571,0,536.428571428571,6.1838
"OCOTLO_6_OCWSB1",133547,7,50,56,0.12,0,536.428571428571,0,536.428571428571,6.16
"OCOTLO_6_OCWSB1",744292,6,50,50,0,0,545.666666666667,0,545.666666666667,6
"OCOTLO_6_OCWSB1",144713,6,50,52.5,0.05,0,497.833333333333,0,497.833333333333,5.7
"OGROVE_6_PL1X2",178982,4,96,83,0.135416666666667,0,1521,0,1521,3.45833333333333
"OGROVE_6_PL1X2",161396,2,96,94,0.0208333333333333,0,135.5,0,135.5,1.95833333333333
"OGROVE_6_PL1X2",142035,2,96,107,0.114583333333333,0,3291.5,0,3291.5,1.77083333333333
"OGROVE_6_PL1X2",213716,1,96,96,0,0,60,0,60,1
"OGROVE_6_PL1X2",513545,1,96,96,0,0,60,0,60,1
"OILFLD_7_QFUNTS",800488,1,3.8,3.43,0.0973684210526315,0,NA,0,NA,0.902631578947368
"OILFLD_7_QFUNTS",145561,1,3.8,3,0.210526315789474,1,420,1,420,0.789473684210526
"OILFLD_7_QFUNTS",160896,1,3.8,3,0.210526315789474,1,960,1,960,0.789473684210526
"OILFLD_7_QFUNTS",650703,1,3.8,2,0.473684210526316,1,5280,1,5280,0.526315789473684
"OILFLD_7_QFUNTS",197004,1,3.8,1,0.736842105263158,0,0,0,0,0.263157894736842
"OLDRIV_6_CESDBM",197004,1,1,1,0,0,120,0,120,1
"OLDRIV_6_CESDBM",211538,1,1,1,0,0,230,0,230,1
"OLDRIV_6_CESDBM",727309,1,1,1,0,0,1920,0,1920,1
"OLDRIV_6_CESDBM",135369,1,1,0.99,0.01,0,1770,0,1770,0.99
"OLDRIV_6_CESDBM",157437,1,1,0.99,0.01,0,330,0,330,0.99
"OLDRIV_6_LKVBM1",506583,2,1,1.05,0.05,0,67.5,0,67.5,1.9
"OLDRIV_6_LKVBM1",120933,2,1,1.06,0.06,0,67.5,0,67.5,1.88
"OLDRIV_6_LKVBM1",124159,2,1,0.9,0.1,0,67.5,0,67.5,1.8
"OLDRIV_6_LKVBM1",385671,2,1,1.1,0.1,0,67.5,0,67.5,1.8
"OLDRIV_6_LKVBM1",975404,2,1,0.83,0.17,0,67.5,0,67.5,1.66
"OLDRV1_6_SOLAR",118049,1,20,9.2,0.54,0,2820,0,2820,0.46
"OLDRV1_6_SOLAR",174396,1,20,7.42,0.629,0,1320,0,1320,0.371
"OLDRV1_6_SOLAR",691906,1,20,3.32,0.834,0,28620,0,28620,0.166
"OLDRV1_6_SOLAR",166473,1,20,75,2.75,0,1800,0,1800,-1.75
"OLDRV1_6_SOLAR",174549,1,20,430,20.5,0,1200,0,1200,-19.5
"OLINDA_2_LNDFL2",251994,1,28.1,40,0.423487544483986,0,180,0,180,0.576512455516014
"OLINDA_2_LNDFL2",370880,1,28.1,40,0.423487544483986,0,180,0,180,0.576512455516014
"OLIVEP_1_SOLAR",102291,1,20,20,0,0,27,0,27,1
"OLIVEP_1_SOLAR",159086,1,20,20,0,0,87,0,87,1
"OLIVEP_1_SOLAR",181841,1,20,20,0,0,27,0,27,1
"OLIVEP_1_SOLAR",916581,1,20,20,0,0,27,0,27,1
"OLIVEP_1_SOLAR",217748,1,20,19.12,0.044,0,27,0,27,0.956
"OLIVEP_1_SOLAR2",163228,1,19.75,70,2.54430379746835,-5,94544,5,94544,-1.54430379746835
"OLIVEP_1_SOLAR2",959475,1,19.75,169,7.55696202531646,1,2619,1,2619,-6.55696202531646
"OLIVEP_1_SOLAR2",868590,1,19.75,235,10.8987341772152,1,999,1,999,-9.89873417721519
"OLIVEP_1_SOLAR2",385791,1,19.75,434,20.9746835443038,5,10200,5,10200,-19.9746835443038
"OLIVEP_1_SOLAR2",186792,1,19.75,450,21.7848101265823,-5,104,5,104,-20.7848101265823
"OLSEN_2_UNIT",206568,2,5.5,0.44,0.92,0,2952.5,0,2952.5,0.16
"OLSEN_2_UNIT",835860,2,5.5,0.33,0.94,0,2952.5,0,2952.5,0.12
"OLSEN_2_UNIT",898749,2,5.5,0.28,0.949090909090909,0,2952.5,0,2952.5,0.101818181818182
"OLSEN_2_UNIT",709937,2,5.5,0.2,0.963636363636364,0,2952.5,0,2952.5,0.0727272727272728
"OLSEN_2_UNIT",115383,2,5.5,0.13,0.976363636363636,0,280692.5,0,280692.5,0.0472727272727271
"OMAR_2_UNIT 1",121745,1,75,75,0,0,793,0,793,1
"OMAR_2_UNIT 1",166473,1,75,75,0,0,180,0,180,1
"OMAR_2_UNIT 1",877294,1,75,75,0,0,862,0,862,1
"OMAR_2_UNIT 1",132195,1,75,77,0.0266666666666667,0,22,0,22,0.973333333333333
"OMAR_2_UNIT 1",627030,1,75,60,0.2,0,0,0,0,0.8
"OMAR_2_UNIT 2",176779,2,75,100,0.333333333333333,0,6456,0,6456,1.33333333333333
"OMAR_2_UNIT 2",126265,2,75,38,0.493333333333333,-2.5,641,2.5,641,1.01333333333333
"OMAR_2_UNIT 2",166473,1,75,75,0,0,6515,0,6515,1
"OMAR_2_UNIT 2",184942,1,75,75,0,0,41761,0,41761,1
"OMAR_2_UNIT 2",308877,1,75,75,0,0,1925,0,1925,1
"OMAR_2_UNIT 3",184942,2,75,75,0,0,17281,0,17281,2
"OMAR_2_UNIT 3",911243,2,75,48,0.36,0,164717,0,164717,1.28
"OMAR_2_UNIT 3",710387,2,75,46.66,0.377866666666667,0,7752.5,0,7752.5,1.24426666666667
"OMAR_2_UNIT 3",882763,1,75,75,0,0,24481,0,24481,1
"OMAR_2_UNIT 3",140315,1,75,76,0.0133333333333333,0,24481,0,24481,0.986666666666667
"OMAR_2_UNIT 4",159275,2,75,76,0.0133333333333333,0,5761,0,5761,1.97333333333333
"OMAR_2_UNIT 4",205694,1,75,75,0,0,209,0,209,1
"OMAR_2_UNIT 4",742355,1,75,75,0,0,1,0,1,1
"OMAR_2_UNIT 4",753034,1,75,75,0,0,13996,0,13996,1
"OMAR_2_UNIT 4",877294,1,75,75,0,0,862,0,862,1
"ONLLPP_6_UNITS",177935,1,25.2,25,0.00793650793650791,0,2898,0,2898,0.992063492063492
"ONLLPP_6_UNITS",370707,1,25.2,40,0.587301587301587,0,300,0,300,0.412698412698413
"ONLLPP_6_UNITS",292514,1,25.2,9,0.642857142857143,0,438,0,438,0.357142857142857
"ONLLPP_6_UNITS",860091,1,25.2,44.8,0.777777777777778,0,138,0,138,0.222222222222222
"ONLLPP_6_UNITS",135013,1,25.2,46,0.825396825396825,0,7038,0,7038,0.174603174603175
"ORMOND_7_UNIT 1",985335,1,741.27,741.27,0,0,223560,0,223560,1
"ORMOND_7_UNIT 1",653256,1,741.27,750,0.0117770852725728,0,197760,0,197760,0.988222914727427
"ORMOND_7_UNIT 1",567801,1,741.27,697,0.0597218287533557,5,815,5,815,0.940278171246644
"ORMOND_7_UNIT 1",242617,1,741.27,480,0.352462665425553,0,54720,0,54720,0.647537334574447
"ORMOND_7_UNIT 1",370551,1,741.27,480,0.352462665425553,0,NA,0,NA,0.647537334574447
"ORMOND_7_UNIT 2",653256,1,750,750,0,0,197760,0,197760,1
"ORMOND_7_UNIT 2",985335,1,750,741.27,0.01164,0,223560,0,223560,0.98836
"ORMOND_7_UNIT 2",242617,1,750,480,0.36,0,54720,0,54720,0.64
"ORMOND_7_UNIT 2",370551,1,750,480,0.36,0,NA,0,NA,0.64
"ORMOND_7_UNIT 2",189846,1,750,359,0.521333333333333,0,115200,0,115200,0.478666666666667
"OROLOM_1_SOLAR1",714921,1,10,2,0.8,0,692,0,692,0.2
"OROLOM_1_SOLAR1",905952,1,10,2,0.8,0,2708,0,2708,0.2
"OROLOM_1_SOLAR1",978009,1,10,2,0.8,0,752,0,752,0.2
"OROLOM_1_SOLAR1",331315,1,10,20,1,0,3548,0,3548,0
"OROLOM_1_SOLAR1",194982,1,10,35,2.5,0,931,0,931,-1.5
"OROLOM_1_SOLAR2",714921,1,10,2,0.8,0,691,0,691,0.2
"OROLOM_1_SOLAR2",905952,1,10,2,0.8,0,2708,0,2708,0.2
"OROLOM_1_SOLAR2",978009,1,10,2,0.8,0,751,0,751,0.2
"OROLOM_1_SOLAR2",331315,1,10,20,1,0,3548,0,3548,0
"OROLOM_1_SOLAR2",194982,1,10,35,2.5,0,931,0,931,-1.5
"OROVIL_6_UNIT",175275,252,7.5,7.62,0.016,0,340.246031746032,0,340.246031746032,247.968
"OROVIL_6_UNIT",143302,251,7.5,9.5,0.266666666666667,0,341.362549800797,0,341.362549800797,184.066666666667
"OROVIL_6_UNIT",193527,251,7.5,9.5,0.266666666666667,0,348.294820717131,0,348.294820717131,184.066666666667
"OROVIL_6_UNIT",838066,248,7.5,9.5,0.266666666666667,0,339.443548387097,0,339.443548387097,181.866666666667
"OROVIL_6_UNIT",385155,230,7.5,9.5,0.266666666666667,0,347.747826086957,0,347.747826086957,168.666666666667
"ORTGA_6_ME1SL1",949253,1,3,49,15.3333333333333,0,135,0,135,-14.3333333333333
"ORTGA_6_ME1SL1",292863,1,3,194,63.6666666666667,0,75,0,75,-62.6666666666667
"OTAY_6_ECVBT1",151937,5,3,0.92,0.693333333333333,0,1284.4,0,1284.4,1.53333333333333
"OTAY_6_ECVBT1",189472,2,3,4.05,0.35,0,1141,0,1141,1.3
"OTAY_6_ECVBT1",175717,2,3,1.63,0.456666666666667,0,421,0,421,1.08666666666667
"OTAY_6_ECVBT1",859639,3,3,1.08,0.64,0,1440,0,1440,1.08
"OTAY_6_ECVBT1",847894,1,3,3,0,0,38401,0,38401,1
"OTAY_6_ECVBT2",189472,3,3,4.05,0.35,0,1000.66666666667,0,1000.66666666667,1.95
"OTAY_6_ECVBT2",175717,3,3,1.63,0.456666666666667,0,421,0,421,1.63
"OTAY_6_ECVBT2",151937,5,3,0.92,0.693333333333333,0,1008.4,0,1008.4,1.53333333333333
"OTAY_6_ECVBT2",978009,2,3,2,0.333333333333333,0,330,0,330,1.33333333333333
"OTAY_6_ECVBT2",766252,4,3,5,0.666666666666667,0,406,0,406,1.33333333333333
"OTAY_6_PL1X2",113238,1,39.57,40,0.0108668182966894,1,1020,1,1020,0.98913318170331
"OTAY_6_PL1X2",180457,1,39.57,40,0.0108668182966894,-4,565,4,565,0.98913318170331
"OTAY_6_PL1X2",186146,1,39.57,40,0.0108668182966894,-4,565,4,565,0.98913318170331
"OTAY_6_PL1X2",922006,1,39.57,40,0.0108668182966894,-4,625,4,625,0.98913318170331
"OTAY_6_PL1X2",420763,1,39.57,40,0.0108668182966894,-5,9,5,9,0.98913318170331
"OTMESA_2_PL1X3",590458,2,603.68,625,0.0353167240922344,-0.5,794.5,0.5,794.5,1.92936655181553
"OTMESA_2_PL1X3",129058,2,603.68,422,0.300954147892923,1,360,1,360,1.39809170421415
"OTMESA_2_PL1X3",672747,2,603.68,306,0.493108931884442,1,150,1,150,1.01378213623112
"OTMESA_2_PL1X3",971366,1,603.68,601.3,0.00394248608534322,0,73080,0,73080,0.996057513914657
"OTMESA_2_PL1X3",807482,1,603.68,612,0.0137821362311159,0,4801,0,4801,0.986217863768884
"OXBOW_6_DRUM",175275,1,5.8,7.62,0.313793103448276,0,420,0,420,0.686206896551724
"OXBOW_6_DRUM",892312,1,5.8,3.6,0.379310344827586,0,420,0,420,0.620689655172414
"OXBOW_6_DRUM",176712,1,5.8,3.5,0.396551724137931,0,420,0,420,0.603448275862069
"OXBOW_6_DRUM",275159,1,5.8,3.29,0.432758620689655,0,420,0,420,0.567241379310345
"OXBOW_6_DRUM",899478,2,5.8,1.32,0.772413793103448,0,257.5,0,257.5,0.455172413793103
"OXMTN_6_LNDFIL",124493,2,10.62,10,0.0583804143126176,0,750,0,750,1.88323917137476
"OXMTN_6_LNDFIL",589439,2,10.62,13,0.224105461393597,0.5,455,0.5,455,1.55178907721281
"OXMTN_6_LNDFIL",779880,1,10.62,11,0.0357815442561206,0,540,0,540,0.964218455743879
"OXMTN_6_LNDFIL",101363,1,10.62,11,0.0357815442561206,-3,108,3,108,0.964218455743879
"OXMTN_6_LNDFIL",152702,1,10.62,10,0.0583804143126176,0,60,0,60,0.941619585687382
"PACLUM_6_UNIT",134647,1,28.8,25,0.131944444444444,0,2359,0,2359,0.868055555555556
"PACLUM_6_UNIT",865499,1,28.8,15,0.479166666666667,0,4130,0,4130,0.520833333333333
"PACLUM_6_UNIT",509822,1,28.8,1,0.965277777777778,0,6770,0,6770,0.0347222222222222
"PACLUM_6_UNIT",178982,1,28.8,83,1.88194444444444,0,240,0,240,-0.881944444444444
"PACLUM_6_UNIT",164916,1,28.8,100,2.47222222222222,0,NA,0,NA,-1.47222222222222
"PADUA_2_ONTARO",904345,2,1.92,3,0.5625,1,37492.5,1,37492.5,0.875
"PADUA_2_ONTARO",151875,1,1.92,1.59,0.171875,1,14010,1,14010,0.828125
"PADUA_2_ONTARO",424585,1,1.92,2.5,0.302083333333333,1,8250,1,8250,0.697916666666667
"PADUA_2_ONTARO",126447,1,1.92,1,0.479166666666667,1,NA,1,NA,0.520833333333333
"PADUA_2_ONTARO",204341,1,1.92,7.5,2.90625,1,118575,1,118575,-1.90625
"PADUA_7_SDIMAS",256419,1,1.05,4,2.80952380952381,-3,0,3,0,-1.80952380952381
"PADUA_7_SDIMAS",646670,1,1.05,4,2.80952380952381,-3,0,3,0,-1.80952380952381
"PADUA_7_SDIMAS",906818,1,1.05,4,2.80952380952381,-3,0,3,0,-1.80952380952381
"PADUA_7_SDIMAS",296736,1,1.05,165.9,157,-3,480,3,480,-156
"PADUA_7_SDIMAS",117954,1,1.05,264,250.428571428571,-3,0,3,0,-249.428571428571
"PAIGES_6_SOLAR",131964,1,20,13.53,0.3235,0,392,0,392,0.6765
"PAIGES_6_SOLAR",158082,1,20,33,0.65,0,392,0,392,0.35
"PAIGES_6_SOLAR",165788,1,20,33,0.65,0,392,0,392,0.35
"PAIGES_6_SOLAR",852416,1,20,33,0.65,0,392,0,392,0.35
"PAIGES_6_SOLAR",368055,1,20,3.43,0.8285,2,222,2,222,0.1715
"PALA_6_PGCBT1",101363,1,10,11,0.1,0,180,0,180,0.9
"PALA_6_PGCBT1",430455,1,10,1.91,0.809,0,60,0,60,0.191
"PALA_6_PGCBT1",191300,1,10,0.99,0.901,0,540,0,540,0.099
"PALA_6_PGCBT1",108955,1,10,0.57,0.943,0,540,0,540,0.057
"PALA_6_PGCBT1",557145,1,10,25,1.5,0,1320,0,1320,-0.5
"PALOMR_2_PL1X3",876041,1,588.21,565,0.0394586967239592,-1,29550,1,29550,0.960541303276041
"PALOMR_2_PL1X3",776408,1,588.21,530,0.0989612553339794,-1,35700,1,35700,0.901038744666021
"PALOMR_2_PL1X3",156137,2,588.21,250,0.574981724214141,-0.5,21525,0.5,21525,0.850036551571717
"PALOMR_2_PL1X3",885088,1,588.21,367,0.376073171146359,-1,3240,1,3240,0.623926828853641
"PALOMR_2_PL1X3",183646,1,588.21,219.7,0.626493939239387,-1,1110,1,1110,0.373506060760613
"PALSEL_6_PLSBT1",557145,1,15,25,0.666666666666667,0,1052,0,1052,0.333333333333333
"PALSEL_6_PLSBT1",506140,1,15,50,2.33333333333333,0,180,0,180,-1.33333333333333
"PALSEL_6_PLSBT1",949253,2,15,49,2.26666666666667,0,256,0,256,-2.53333333333333
"PALSEL_6_PLSBT1",177596,1,15,88,4.86666666666667,0,92,0,92,-3.86666666666667
"PALSEL_6_PLSBT1",928521,1,15,99.5,5.63333333333333,0,36,0,36,-4.63333333333333
"PANERO_2_MWPWD1",177935,1,30,25,0.166666666666667,0,5986,0,5986,0.833333333333333
"PANERO_2_MWPWD1",749591,1,30,25,0.166666666666667,0,2580,0,2580,0.833333333333333
"PANERO_2_MWPWD1",589439,1,30,13,0.566666666666667,0,240,0,240,0.433333333333333
"PANERO_2_MWPWD1",181860,1,30,6,0.8,0,3120,0,3120,0.2
"PANERO_2_MWPWD1",716173,1,30,5.9,0.803333333333333,0,180,0,180,0.196666666666667
"PARDEB_6_UNITS",183275,31,30,29.1,0.03,0,98.741935483871,0,98.741935483871,30.07
"PARDEB_6_UNITS",589439,13,30,13,0.566666666666667,0,147.692307692308,0,147.692307692308,5.63333333333333
"PARDEB_6_UNITS",159511,8,30,43,0.433333333333333,0,60,0,60,4.53333333333333
"PARDEB_6_UNITS",461606,3,30,30,0,0,1200,0,1200,3
"PARDEB_6_UNITS",903445,4,30,16.76,0.441333333333333,0,142.5,0,142.5,2.23466666666667
"PBLOSM_2_SOLAR",279660,1,9.5,9.5,0,-1,231,1,231,1
"PBLOSM_2_SOLAR",376549,1,9.5,10,0.0526315789473684,-1,231,1,231,0.947368421052632
"PBLOSM_2_SOLAR",779880,1,9.5,11,0.157894736842105,-1,291,1,291,0.842105263157895
"PBLOSM_2_SOLAR",799732,1,9.5,12,0.263157894736842,-1,291,1,291,0.736842105263158
"PBLOSM_2_SOLAR",146475,1,9.5,6.2,0.347368421052632,-1,171,1,171,0.652631578947368
"PEABDY_2_LNDFIL",292514,1,1.6,9,4.625,0,480,0,480,-3.625
"PEABDY_2_LNDFIL",203902,1,1.6,10,5.25,0,22860,0,22860,-4.25
"PEABDY_2_LNDFIL",151431,1,1.6,16,9,0,2760,0,2760,-8
"PEABDY_2_LNDFIL",137216,1,1.6,40,24,0,2820,0,2820,-23
"PEABDY_2_LNDFIL",103700,1,1.6,42,25.25,0,32460,0,32460,-24.25
"PEABDY_2_LNDFL1",434763,1,8,10.57,0.32125,-5,205,5,205,0.67875
"PEABDY_2_LNDFL1",101363,1,8,11,0.375,0,339,0,339,0.625
"PEABDY_2_LNDFL1",842570,1,8,5,0.375,0,3390,0,3390,0.625
"PEABDY_2_LNDFL1",189472,1,8,4.05,0.49375,-5,302,5,302,0.50625
"PEABDY_2_LNDFL1",368224,1,8,4,0.5,0,923,0,923,0.5
"PEARBL_2_NSPIN",603374,1,118,72,0.389830508474576,0,6990,0,6990,0.610169491525424
"PEASE_1_TBEBT1",181860,1,6,6,0,0,360,0,360,1
"PEASE_1_TBEBT1",292514,2,6,9,0.5,0,690,0,690,1
"PEASE_1_TBEBT1",445378,1,6,5,0.166666666666667,0,421,0,421,0.833333333333333
"PEASE_1_TBEBT1",256419,1,6,4,0.333333333333333,0,240,0,240,0.666666666666667
"PEASE_1_TBEBT1",646670,1,6,4,0.333333333333333,0,240,0,240,0.666666666666667
"PEORIA_1_SOLAR",123980,1,1.5,200,132.333333333333,-5,310,5,310,-131.333333333333
"PEORIA_1_SOLAR",121938,1,1.5,200.2,132.466666666667,-5,490,5,490,-131.466666666667
"PEORIA_1_SOLAR",157710,1,1.5,430,285.666666666667,-5,850,5,850,-284.666666666667
"PGKN_2_PDRP01",162883,1,0.13,25,191.307692307692,0,NA,0,NA,-190.307692307692
"PGKN_2_PDRP04",162883,1,0.76,25,31.8947368421053,0,NA,0,NA,-30.8947368421053
"PGNP_2_RDRR02",870082,1,30.59,41,0.34030728996404,0,300,0,300,0.65969271003596
"PGNP_2_RDRR02",662836,1,30.59,48,0.569140241909121,0,300,0,300,0.430859758090879
"PGNP_2_RDRR02",277710,1,30.59,61,0.994115724092841,0,300,0,300,0.00588427590715923
"PGNP_2_RDRR02",178982,1,30.59,83,1.71330500163452,0,120,0,120,-0.713305001634521
"PGNP_2_RDRR02",243483,1,30.59,104,2.39980385746976,0,660,0,660,-1.39980385746976
"PGNP_2_RDRR03",870082,1,1.85,41,21.1621621621622,0,300,0,300,-20.1621621621622
"PGNP_2_RDRR03",662836,1,1.85,48,24.9459459459459,0,300,0,300,-23.9459459459459
"PGNP_2_RDRR03",277710,1,1.85,61,31.972972972973,0,300,0,300,-30.972972972973
"PGNP_2_RDRR03",178982,1,1.85,83,43.8648648648649,0,120,0,120,-42.8648648648649
"PGNP_2_RDRR03",243483,1,1.85,104,55.2162162162162,0,660,0,660,-54.2162162162162
"PGSB_1_PDRP20",545257,1,0.11,56,508.090909090909,0,9481,0,9481,-507.090909090909
"PGST_2_RDRR01",870082,1,6.42,41,5.38629283489097,0,300,0,300,-4.38629283489097
"PGST_2_RDRR01",662836,1,6.42,48,6.47663551401869,0,300,0,300,-5.47663551401869
"PGST_2_RDRR01",277710,1,6.42,61,8.50155763239875,0,300,0,300,-7.50155763239875
"PGST_2_RDRR01",178982,1,6.42,83,11.9283489096573,0,120,0,120,-10.9283489096573
"PGST_2_RDRR01",243483,1,6.42,104,15.1993769470405,0,660,0,660,-14.1993769470405
"PGZP_2_PDRP05",162883,1,0.8,25,30.25,0,NA,0,NA,-29.25
"PHOENX_1_UNIT",462662,2,2,2,0,0,369.5,0,369.5,2
"PHOENX_1_UNIT",131958,2,2,2.1,0.05,0,369.5,0,369.5,1.9
"PHOENX_1_UNIT",178981,2,2,1.9,0.05,0,369.5,0,369.5,1.9
"PHOENX_1_UNIT",445995,2,2,1.86,0.07,0,369.5,0,369.5,1.86
"PHOENX_1_UNIT",187917,2,2,1.8,0.1,0,369.5,0,369.5,1.8
"PINFLT_7_UNITS",108268,1,198.51,211,0.0629187446476249,4,10155,4,10155,0.937081255352375
"PINFLT_7_UNITS",999717,1,198.51,180,0.0932446728124527,1,125940,1,125940,0.906755327187547
"PINFLT_7_UNITS",185686,1,198.51,178.87,0.0989370812553523,1,NA,1,NA,0.901062918744648
"PINFLT_7_UNITS",207967,1,198.51,177,0.108357261598912,1,147000,1,147000,0.891642738401088
"PINFLT_7_UNITS",883062,1,198.51,174.29,0.12200896680268,1,NA,1,NA,0.87799103319732
"PIOPIC_2_CTG1",710016,2,111.3,105.5,0.0521114106019766,0,280,1,280,1.89577717879605
"PIOPIC_2_CTG1",599767,2,111.3,68,0.389038634321653,0,570,0,570,1.22192273135669
"PIOPIC_2_CTG1",150936,1,111.3,113,0.0152740341419587,-1,10185,1,10185,0.984725965858041
"PIOPIC_2_CTG1",146716,1,111.3,106,0.0476190476190476,-1,11505,1,11505,0.952380952380952
"PIOPIC_2_CTG1",175361,1,111.3,120,0.078167115902965,0,1501,0,1501,0.921832884097035
"PIOPIC_2_CTG2",710016,2,112.7,105.5,0.0638864241348714,0,280,1,280,1.87222715173026
"PIOPIC_2_CTG2",711517,1,112.7,120,0.064773735581189,0,1245,0,1245,0.935226264418811
"PIOPIC_2_CTG2",106021,1,112.7,123,0.0913930789707187,1,300,1,300,0.908606921029281
"PIOPIC_2_CTG2",262817,1,112.7,100,0.112688553682343,-1,5600,1,5600,0.887311446317657
"PIOPIC_2_CTG2",104627,1,112.7,130,0.153504880212955,-1,380,1,380,0.846495119787045
"PIOPIC_2_CTG3",710016,2,112,105.5,0.0580357142857143,0,270,1,270,1.88392857142857
"PIOPIC_2_CTG3",112948,1,112,113,0.00892857142857143,0,240,0,240,0.991071428571429
"PIOPIC_2_CTG3",130794,2,112,55,0.508928571428571,-0.5,10200,0.5,10200,0.982142857142857
"PIOPIC_2_CTG3",193578,1,112,116.57,0.0408035714285714,-1,2700,1,2700,0.959196428571429
"PIOPIC_2_CTG3",429981,2,112,53,0.526785714285714,-0.5,10200,0.5,10200,0.946428571428571
"PIT1_6_FRIVRA",134471,1,1.5,27.2,17.1333333333333,0,165,0,165,-16.1333333333333
"PIT1_6_FRIVRA",176779,1,1.5,100,65.6666666666667,0,705,0,705,-64.6666666666667
"PIT1_6_FRIVRA",946506,1,1.5,121,79.6666666666667,0,8265,0,8265,-78.6666666666667
"PIT1_6_FRIVRA",187658,1,1.5,198,131,0,4725,0,4725,-130
"PIT1_6_FRIVRA",701449,1,1.5,318,211,0,465,0,465,-210
"PIT1_7_UNIT 1",644274,1,32,22.5,0.296875,0,240,0,240,0.703125
"PIT1_7_UNIT 1",135881,1,32,18,0.4375,0,300,0,300,0.5625
"PIT1_7_UNIT 1",301986,1,32,16.5,0.484375,0,240,0,240,0.515625
"PIT1_7_UNIT 1",198858,1,32,16,0.5,0,21685,0,21685,0.5
"PIT1_7_UNIT 1",949253,1,32,49,0.53125,0,0,0,0,0.46875
"PIT1_7_UNIT 2",184537,1,32,34,0.0625,0,80100,0,80100,0.9375
"PIT1_7_UNIT 2",126265,1,32,38,0.1875,0,1080,0,1080,0.8125
"PIT1_7_UNIT 2",589439,2,32,13,0.59375,0,364.5,0,364.5,0.8125
"PIT1_7_UNIT 2",206861,1,32,25,0.21875,0,60,0,60,0.78125
"PIT1_7_UNIT 2",159511,1,32,43,0.34375,0,249,0,249,0.65625
"PIT3_7_PL1X3",204333,1,70.6,71.9,0.0184135977337112,0,402,0,402,0.981586402266289
"PIT3_7_PL1X3",837217,1,70.6,75,0.0623229461756375,0,1782,0,1782,0.937677053824363
"PIT3_7_PL1X3",877294,1,70.6,75,0.0623229461756375,0,5622,0,5622,0.937677053824363
"PIT3_7_PL1X3",107219,1,70.6,85,0.203966005665722,0,83,0,83,0.796033994334278
"PIT3_7_PL1X3",276632,1,70.6,52.25,0.259915014164306,0,7182,0,7182,0.740084985835694
"PIT4_7_PL1X2",196140,3,95,85,0.105263157894737,0,25.6666666666667,0,25.6666666666667,2.68421052631579
"PIT4_7_PL1X2",883285,3,95,84.1,0.114736842105263,0,25.6666666666667,0,25.6666666666667,2.65578947368421
"PIT4_7_PL1X2",178982,2,95,83,0.126315789473684,0,634.5,0,634.5,1.74736842105263
"PIT4_7_PL1X2",137216,3,95,40,0.578947368421053,0,25.6666666666667,0,25.6666666666667,1.26315789473684
"PIT4_7_PL1X2",211495,3,95,39,0.589473684210526,0,25.6666666666667,0,25.6666666666667,1.23157894736842
"PIT5_7_PL1X2",877294,5,82,75,0.0853658536585366,0,2919,0,2919,4.57317073170732
"PIT5_7_PL1X2",646375,3,82,88,0.0731707317073171,0,416.333333333333,0,416.333333333333,2.78048780487805
"PIT5_7_PL1X2",161396,3,82,94,0.146341463414634,0,200,0,200,2.5609756097561
"PIT5_7_PL1X2",251994,5,82,40,0.51219512195122,0,372.8,0,372.8,2.4390243902439
"PIT5_7_PL1X2",610848,5,82,40,0.51219512195122,0,180.8,0,180.8,2.4390243902439
"PIT5_7_PL3X4",251994,3,82,40,0.51219512195122,0,130,0,130,1.46341463414634
"PIT5_7_PL3X4",267721,3,82,40,0.51219512195122,0,590,0,590,1.46341463414634
"PIT5_7_PL3X4",370880,3,82,40,0.51219512195122,0,310,0,310,1.46341463414634
"PIT5_7_PL3X4",610848,3,82,40,0.51219512195122,0,170,0,170,1.46341463414634
"PIT5_7_PL3X4",178982,1,82,83,0.0121951219512195,0,1008,0,1008,0.98780487804878
"PIT5_7_QFUNTS",599767,1,1.1,68,60.8181818181818,0,3547,0,3547,-59.8181818181818
"PIT5_7_QFUNTS",283138,1,1.1,126,113.545454545455,0,8647,0,8647,-112.545454545455
"PIT5_7_QFUNTS",622149,1,1.1,375,339.909090909091,0,907,0,907,-338.909090909091
"PIT6_7_UNIT 1",211495,18,39,39,0,0,4493.27777777778,0,4493.27777777778,18
"PIT6_7_UNIT 1",137216,11,39,40,0.0256410256410256,0,8032.27272727273,0,8032.27272727273,10.7179487179487
"PIT6_7_UNIT 1",194982,3,39,35,0.102564102564103,0,778,0,778,2.69230769230769
"PIT6_7_UNIT 1",462729,4,39,54.6,0.4,0,168.5,0,168.5,2.4
"PIT6_7_UNIT 1",152595,4,39,55.7,0.428205128205128,0,168.5,0,168.5,2.28717948717949
"PIT6_7_UNIT 2",137216,20,40,40,0,0,445.05,0,445.05,20
"PIT6_7_UNIT 2",211495,9,40,39,0.025,0,23.8888888888889,0,23.8888888888889,8.775
"PIT6_7_UNIT 2",949253,5,40,49,0.225,0,192,0,192,3.875
"PIT6_7_UNIT 2",462729,5,40,54.6,0.365,0,554.6,0,554.6,3.175
"PIT6_7_UNIT 2",555191,4,40,48.35,0.20875,0,600,0,600,3.165
"PIT7_7_UNIT 1",152595,11,55.7,55.7,0,0,35.5454545454545,0,35.5454545454545,11
"PIT7_7_UNIT 1",462729,7,55.7,54.6,0.0197486535008977,0,13.5714285714286,0,13.5714285714286,6.86175942549372
"PIT7_7_UNIT 1",211495,4,55.7,39,0.299820466786355,0,93.75,0,93.75,2.80071813285458
"PIT7_7_UNIT 1",137216,3,55.7,40,0.281867145421903,0,25,0,25,2.15439856373429
"PIT7_7_UNIT 1",883285,4,55.7,84.1,0.509874326750449,0,18.75,0,18.75,1.96050269299821
"PIT7_7_UNIT 2",462729,13,54.6,54.6,0,0,150.461538461538,0,150.461538461538,13
"PIT7_7_UNIT 2",152595,8,54.6,55.7,0.0201465201465202,0,17919.375,0,17919.375,7.83882783882784
"PIT7_7_UNIT 2",211495,5,54.6,39,0.285714285714286,0,739,0,739,3.57142857142857
"PIT7_7_UNIT 2",137216,4,54.6,40,0.267399267399267,0,848.75,0,848.75,2.93040293040293
"PIT7_7_UNIT 2",883285,6,54.6,84.1,0.54029304029304,0,252.333333333333,0,252.333333333333,2.75824175824176
"PIUTE_6_GNBSR1",157710,1,3,430,142.333333333333,2,9427,2,9427,-141.333333333333
"PIUTE_6_GNBSR1",626610,1,3,530,175.666666666667,3,1458,3,1458,-174.666666666667
"PLACVL_1_CHILIB",589439,2,8.34,13,0.558752997601919,0,0,0,0,0.882494004796163
"PLACVL_1_CHILIB",415983,1,8.34,9.6,0.151079136690647,0,0,0,0,0.848920863309353
"PLACVL_1_CHILIB",222735,1,8.34,10.4,0.247002398081535,0,0,0,0,0.752997601918465
"PLACVL_1_CHILIB",256419,1,8.34,4,0.520383693045564,0,90,0,90,0.479616306954436
"PLACVL_1_CHILIB",646670,1,8.34,4,0.520383693045564,0,90,0,90,0.479616306954436
"PLAINV_6_BSOLAR",159086,8,20,20,0,-0.75,124.375,0.75,124.375,8
"PLAINV_6_BSOLAR",102291,6,20,20,0,-1,112.333333333333,1,112.333333333333,6
"PLAINV_6_BSOLAR",916581,6,20,20,0,-1,82.3333333333333,1,82.3333333333333,6
"PLAINV_6_BSOLAR",217748,6,20,19.12,0.044,-1,112.333333333333,1,112.333333333333,5.736
"PLAINV_6_BSOLAR",603185,6,20,17,0.15,-1,82.3333333333333,1,82.3333333333333,5.1
"PLAINV_6_DSOLAR",376549,2,10,10,0,-1,67.5,1,67.5,2
"PLAINV_6_DSOLAR",279660,2,10,9.5,0.05,-1,67.5,1,67.5,1.9
"PLAINV_6_DSOLAR",779880,2,10,11,0.1,-1,67.5,1,67.5,1.8
"PLAINV_6_DSOLAR",799732,2,10,12,0.2,-1,67.5,1,67.5,1.6
"PLAINV_6_DSOLAR",261146,2,10,13.6,0.36,-1,67.5,1,67.5,1.28
"PLAINV_6_NLRSR1",159086,4,20,20,0,-0.5,64.75,0.5,64.75,4
"PLAINV_6_NLRSR1",102291,3,20,20,0,-1,135.333333333333,1,135.333333333333,3
"PLAINV_6_NLRSR1",181841,3,20,20,0,-1,135.333333333333,1,135.333333333333,3
"PLAINV_6_NLRSR1",916581,3,20,20,0,-1,135.333333333333,1,135.333333333333,3
"PLAINV_6_NLRSR1",217748,3,20,19.12,0.044,-1,135.333333333333,1,135.333333333333,2.868
"PLAINV_6_SOLAR3",159086,3,20,20,0,-0.666666666666667,80.6666666666667,0.666666666666667,80.6666666666667,3
"PLAINV_6_SOLAR3",102291,2,20,20,0,-1,1,1,1,2
"PLAINV_6_SOLAR3",150919,2,20,20,0,-1,1,1,1,2
"PLAINV_6_SOLAR3",181841,2,20,20,0,-1,1,1,1,2
"PLAINV_6_SOLAR3",916581,2,20,20,0,-1,1,1,1,2
"PLAINV_6_SOLARC",159086,4,20,20,0,-0.5,64.5,0.5,64.5,4
"PLAINV_6_SOLARC",102291,2,20,20,0,-1,1,1,1,2
"PLAINV_6_SOLARC",150919,2,20,20,0,-1,1,1,1,2
"PLAINV_6_SOLARC",181841,2,20,20,0,-1,1,1,1,2
"PLAINV_6_SOLARC",916581,2,20,20,0,-1,1,1,1,2
"PLMSSR_6_HISIER",200351,2,6,6,0,0,83,0,83,2
"PLMSSR_6_HISIER",275159,3,6,3.29,0.451666666666667,-3,1605.33333333333,3.66666666666667,1605.33333333333,1.645
"PLMSSR_6_HISIER",175275,2,6,7.62,0.27,-2,1099,3,1099,1.46
"PLMSSR_6_HISIER",892312,2,6,3.6,0.4,-2,1099,3,1099,1.2
"PLMSSR_6_HISIER",176712,2,6,3.5,0.416666666666667,-2,1099,3,1099,1.16666666666667
"PLSNTG_7_LNCLND",905952,1,4.98,2,0.598393574297189,0,60,0,60,0.401606425702811
"PLSNTG_7_LNCLND",166958,1,4.98,10,1.00803212851406,0,240,0,240,-0.0080321285140561
"PLSNTG_7_LNCLND",108072,1,4.98,16.8,2.37349397590361,0,60960,0,60960,-1.37349397590361
"PLSNTG_7_LNCLND",135881,1,4.98,18,2.6144578313253,0,60,0,60,-1.6144578313253
"PLSNTG_7_LNCLND",183275,1,4.98,29.1,4.8433734939759,0,60,0,60,-3.8433734939759
"PMDLET_6_SOLAR1",940797,1,10,10,0,-1,544,1,544,1
"PMDLET_6_SOLAR1",967390,1,10,10,0,-1,544,1,544,1
"PMDLET_6_SOLAR1",799732,1,10,12,0.2,-1,544,1,544,0.8
"PMDLET_6_SOLAR1",445378,1,10,5,0.5,-1,544,1,544,0.5
"PMDLET_6_SOLAR1",766252,1,10,5,0.5,-1,544,1,544,0.5
"PMPJCK_1_RB2SLR",124287,4,20,26,0.3,0,0,0,0,2.8
"PMPJCK_1_RB2SLR",940797,4,20,10,0.5,0,0,0,0,2
"PMPJCK_1_RB2SLR",967390,4,20,10,0.5,0,2565,0,2565,2
"PMPJCK_1_RB2SLR",102291,1,20,20,0,0,0,0,0,1
"PMPJCK_1_RB2SLR",159086,1,20,20,0,0,0,0,0,1
"PMPJCK_1_SOLAR1",124287,2,20,26,0.3,0,0,0,0,1.4
"PMPJCK_1_SOLAR1",102291,1,20,20,0,0,60,0,60,1
"PMPJCK_1_SOLAR1",150919,1,20,20,0,0,0,0,0,1
"PMPJCK_1_SOLAR1",159086,1,20,20,0,0,120,0,120,1
"PMPJCK_1_SOLAR1",181841,1,20,20,0,0,60,0,60,1
"PMPJCK_1_SOLAR2",124287,5,20,26,0.3,0,10.8,0,10.8,3.5
"PMPJCK_1_SOLAR2",940797,5,20,10,0.5,0,10.8,0,10.8,2.5
"PMPJCK_1_SOLAR2",967390,5,20,10,0.5,0,10.8,0,10.8,2.5
"PMPJCK_1_SOLAR2",134647,1,20,25,0.25,0,600,0,600,0.75
"PMPJCK_1_SOLAR2",160896,3,20,3,0.85,0,618,0,618,0.45
"PNCHEG_2_PL1X4",129058,1,417,422,0.0119904076738609,0,300,0,300,0.988009592326139
"PNCHEG_2_PL1X4",301744,1,417,425,0.0191846522781775,0,840,0,840,0.980815347721823
"PNCHEG_2_PL1X4",194971,2,417,630,0.510791366906475,0,6510,0,6510,0.97841726618705
"PNCHEG_2_PL1X4",681987,1,417,393,0.0575539568345324,0,240,0,240,0.942446043165468
"PNCHEG_2_PL1X4",186792,1,417,450,0.079136690647482,0,4020,0,4020,0.920863309352518
"PNCHPP_1_PL1X2",308877,2,119.91,75,0.37453089817363,0,390.5,0,390.5,1.25093820365274
"PNCHPP_1_PL1X2",150936,1,119.91,113,0.0576265532482695,1,7305,1,7305,0.94237344675173
"PNCHPP_1_PL1X2",146716,1,119.91,106,0.116003669418731,1,225,1,225,0.883996330581269
"PNCHPP_1_PL1X2",152145,1,119.91,105,0.124343257443082,0,710,0,710,0.875656742556918
"PNCHPP_1_PL1X2",195432,1,119.91,136,0.134183971311817,1,7785,1,7785,0.865816028688183
"PNCHVS_2_SOLAR",162314,1,140,131,0.0642857142857143,0,960,0,960,0.935714285714286
"PNCHVS_2_SOLAR",173967,1,140,100,0.285714285714286,-1,137,1,137,0.714285714285714
"PNCHVS_2_SOLAR",595999,1,140,201,0.435714285714286,-1,77,1,77,0.564285714285714
"PNCHVS_2_SOLAR",206861,1,140,25,0.821428571428571,-1,17,1,17,0.178571428571429
"PNCHVS_2_SOLAR",151024,1,140,350,1.5,-1,17,1,17,-0.5
"PNOCHE_1_PL1X2",177935,2,49.97,25,0.499699819891935,0,3736.5,0,3736.5,1.00060036021613
"PNOCHE_1_PL1X2",915712,1,49.97,50,0.000600360216129701,0,306,0,306,0.99939963978387
"PNOCHE_1_PL1X2",152042,1,49.97,50,0.000600360216129701,-5,340,5,340,0.99939963978387
"PNOCHE_1_PL1X2",698265,1,49.97,49,0.0194116469881929,0,10081,0,10081,0.980588353011807
"PNOCHE_1_PL1X2",662836,1,49.97,48,0.0394236541925155,0,0,0,0,0.960576345807485
"PNOCHE_1_UNITA1",166473,4,52.3,75,0.434034416826004,0,1270,0,1270,2.26386233269598
"PNOCHE_1_UNITA1",170209,2,52.3,50,0.0439770554493307,0.5,2334,0.5,2334,1.91204588910134
"PNOCHE_1_UNITA1",761564,2,52.3,56,0.0707456978967496,0.5,15504.5,0.5,15504.5,1.8585086042065
"PNOCHE_1_UNITA1",279238,2,52.3,40,0.235181644359465,0,180.5,0,180.5,1.52963671128107
"PNOCHE_1_UNITA1",267721,2,52.3,40,0.235181644359465,0.5,706,0.5,706,1.52963671128107
"POEPH_7_UNIT 1",277710,2,68,61,0.102941176470588,1,52689.5,1,52689.5,1.79411764705882
"POEPH_7_UNIT 1",327142,2,68,40.4,0.405882352941176,0,68.5,0,68.5,1.18823529411765
"POEPH_7_UNIT 1",599767,1,68,68,0,0,2784,0,2784,1
"POEPH_7_UNIT 1",285753,1,68,65,0.0441176470588235,1,493,1,493,0.955882352941177
"POEPH_7_UNIT 1",133082,1,68,72,0.0588235294117647,0,3864,0,3864,0.941176470588235
"POEPH_7_UNIT 2",877294,2,68.5,75,0.0948905109489051,0,1220,0,1220,1.81021897810219
"POEPH_7_UNIT 2",151431,6,68.5,16,0.766423357664234,0,33.2,0,33.2,1.4014598540146
"POEPH_7_UNIT 2",599767,1,68.5,68,0.0072992700729927,4,600,4,600,0.992700729927007
"POEPH_7_UNIT 2",102701,1,68.5,70,0.0218978102189781,0,2760,0,2760,0.978102189781022
"POEPH_7_UNIT 2",210459,1,68.5,70,0.0218978102189781,0,770,0,770,0.978102189781022
"POLRIS_2_ASEBT1",102291,10,28,20,0.285714285714286,-0.6,87.6,0.6,87.6,7.14285714285714
"POLRIS_2_ASEBT1",984603,6,28,29,0.0357142857142857,-1,86,1,86,5.78571428571429
"POLRIS_2_ASEBT1",654478,6,28,29.18,0.0421428571428571,-1,126,1,126,5.74714285714286
"POLRIS_2_ASEBT1",591854,6,28,26.65,0.0482142857142858,-1,86,1,86,5.71071428571429
"POLRIS_2_ASEBT1",620521,6,28,30,0.0714285714285714,-1,136,1,136,5.57142857142857
"POLRIS_2_ASESR1",133547,41,56,56,0,-0.146341463414634,55.5853658536585,0.146341463414634,55.5853658536585,41
"POLRIS_2_ASESR1",115494,37,56,56,0,-0.0540540540540541,58.2432432432433,0.0540540540540541,58.2432432432433,37
"POLRIS_2_ASESR1",208011,35,56,55.83,0.00303571428571432,-0.171428571428571,68.5428571428571,0.171428571428571,68.5428571428571,34.89375
"POLRIS_2_ASESR1",997249,36,56,50.5,0.0982142857142857,-0.166666666666667,68.3055555555556,0.166666666666667,68.3055555555556,32.4642857142857
"POLRIS_2_ASESR1",736984,33,56,54,0.0357142857142857,-0.181818181818182,36.3333333333333,0.181818181818182,36.3333333333333,31.8214285714286
"POLRIS_2_ASRBT1",234172,13,80,74,0.075,0,139.538461538462,0,139.538461538462,12.025
"POLRIS_2_ASRBT1",133547,15,80,56,0.3,-0.266666666666667,88.5333333333333,0.266666666666667,88.5333333333333,10.5
"POLRIS_2_ASRBT1",208011,14,80,55.83,0.302125,-0.285714285714286,103.428571428571,0.285714285714286,103.428571428571,9.77025
"POLRIS_2_ASRBT1",418080,11,80,65,0.1875,0,70.9090909090909,0,70.9090909090909,8.9375
"POLRIS_2_ASRBT1",736984,13,80,54,0.325,-0.307692307692308,79.0769230769231,0.307692307692308,79.0769230769231,8.775
"POLRIS_2_ASRSR1",277359,82,125,125,0,0,69.5243902439025,0,69.5243902439025,82
"POLRIS_2_ASRSR1",676452,80,125,125,0,0,69.7625,0,69.7625,80
"POLRIS_2_ASRSR1",199925,82,125,100,0.2,0,69.5243902439025,0,69.5243902439025,65.6
"POLRIS_2_ASRSR1",576455,82,125,150,0.2,0,69.5243902439025,0,69.5243902439025,65.6
"POLRIS_2_ASRSR1",152145,68,125,105,0.16,0,7.94117647058824,0,7.94117647058824,57.12
"POTTER_7_VECINO",672940,1,1.25,1.27,0.016,0,135,0,135,0.984
"POTTER_7_VECINO",859639,1,1.25,1.08,0.136,0,675,0,675,0.864
"POTTER_7_VECINO",120933,1,1.25,1.06,0.152,0,135,0,135,0.848
"POTTER_7_VECINO",506583,1,1.25,1.05,0.16,0,135,0,135,0.84
"POTTER_7_VECINO",174682,1,1.25,1.5,0.2,0,3555,0,3555,0.8
"PRCTVY_1_MIGBT1",439330,1,2,2,0,5,100,5,100,1
"PRCTVY_1_MIGBT1",462662,1,2,2,0,5,100,5,100,1
"PRCTVY_1_MIGBT1",265407,1,2,1.98,0.01,5,100,5,100,0.99
"PRCTVY_1_MIGBT1",614795,1,2,1.98,0.01,5,100,5,100,0.99
"PRCTVY_1_MIGBT1",374416,1,2,1.93,0.035,5,100,5,100,0.965
"PRIMM_2_SOLAR1",723063,1,250,250,0,0,541,0,541,1
"PRIMM_2_SOLAR1",105280,1,250,255,0.02,0,180,0,180,0.98
"PRIMM_2_SOLAR1",482638,1,250,242,0.032,0,720,0,720,0.968
"PRIMM_2_SOLAR1",524669,1,250,242,0.032,0,2280,0,2280,0.968
"PRIMM_2_SOLAR1",530607,1,250,242,0.032,0,2280,0,2280,0.968
"PROXSR_2_PROSR1",204700,1,120,110,0.0833333333333333,0,210,0,210,0.916666666666667
"PROXSR_2_PROSR1",143349,1,120,131,0.0916666666666667,0,210,0,210,0.908333333333333
"PROXSR_2_PROSR1",111805,1,120,98,0.183333333333333,0,750,0,750,0.816666666666667
"PROXSR_2_PROSR1",334381,1,120,150,0.25,0,210,0,210,0.75
"PROXSR_2_PROSR1",670696,1,120,78,0.35,0,630,0,630,0.65
"PROXSR_2_PS1BT1",959874,2,40,30,0.25,0,186.5,0,186.5,1.5
"PROXSR_2_PS1BT1",461606,2,40,30,0.25,2.5,1322.5,2.5,1322.5,1.5
"PROXSR_2_PS1BT1",110222,2,40,25,0.375,1,1244,1,1244,1.25
"PROXSR_2_PS1BT1",610848,1,40,40,0,0,23,0,23,1
"PROXSR_2_PS1BT1",159086,2,40,20,0.5,0,241.5,0,241.5,1
"PROXSR_2_PS1BT2",959874,3,32,30,0.0625,0,236.333333333333,0,236.333333333333,2.8125
"PROXSR_2_PS1BT2",135881,3,32,18,0.4375,-0.666666666666667,789,0.666666666666667,789,1.6875
"PROXSR_2_PS1BT2",124287,2,32,26,0.1875,0,318,0,318,1.625
"PROXSR_2_PS1BT2",159086,2,32,20,0.375,0,251,0,251,1.25
"PROXSR_2_PS1BT2",844001,2,32,18.8,0.4125,-1,3716,1,3716,1.175
"PROXSR_2_PS1SR2",234172,4,69.74,74,0.061084026383711,0,90.25,0,90.25,3.75566389446516
"PROXSR_2_PS1SR2",599767,3,69.74,68,0.0249498135933466,0,217.666666666667,0,217.666666666667,2.92515055921996
"PROXSR_2_PS1SR2",670696,2,69.74,78,0.118439919701749,0,1050,0,1050,1.7631201605965
"PROXSR_2_PS1SR2",915712,2,69.74,50,0.28305133352452,0,154,0,154,1.43389733295096
"PROXSR_2_PS1SR2",959874,3,69.74,30,0.569830800114712,0,232,0,232,1.29050759965586
"PROXSR_2_PS2BT3",428559,2,90,90,0,0,345,0,345,2
"PROXSR_2_PS2BT3",213716,2,90,96,0.0666666666666667,-0.5,95,0.5,95,1.86666666666667
"PROXSR_2_PS2BT3",513545,2,90,96,0.0666666666666667,-0.5,95,0.5,95,1.86666666666667
"PROXSR_2_PS2BT3",199791,2,90,102,0.133333333333333,-0.5,95,0.5,95,1.73333333333333
"PROXSR_2_PS2BT3",589808,2,90,102,0.133333333333333,-0.5,95,0.5,95,1.73333333333333
"PUTHCR_1_PCNSB1",110775,2,3,2.73,0.09,0,125.5,5,125.5,1.82
"PUTHCR_1_PCNSB1",713609,2,3,3.36,0.12,0,125.5,5,125.5,1.76
"PUTHCR_1_PCNSB1",368055,2,3,3.43,0.143333333333333,0,125.5,5,125.5,1.71333333333333
"PUTHCR_1_PCNSB1",265960,2,3,2.35,0.216666666666667,0,125.5,5,125.5,1.56666666666667
"PUTHCR_1_PCNSB1",200713,2,3,2.2,0.266666666666667,0,125.5,5,125.5,1.46666666666667
"PUTHCR_1_SOLAR1",294276,1,1.98,50,24.2525252525253,0,5100,0,5100,-23.2525252525253
"RAMON_2_SCEDYN",710016,1,106.18,105.5,0.00640421925032969,0,11,0,11,0.99359578074967
"RAMON_2_SCEDYN",556956,1,106.18,104.5,0.0158221887361086,0,611,0,611,0.984177811263891
"RAMON_2_SCEDYN",524827,1,106.18,140,0.318515728009041,0,12961,0,12961,0.681484271990959
"RAMON_2_SCEDYN",705086,1,106.18,170,0.601054812582407,0,28871,0,28871,0.398945187417593
"RAMON_2_SCEDYN",164708,1,106.18,41,0.613863251083066,0,9841,0,9841,0.386136748916934
"RATSKE_2_NROSR1",152145,6,150,105,0.3,0,112.5,0,112.5,4.2
"RATSKE_2_NROSR1",334381,4,150,150,0,0,67.5,0,67.5,4
"RATSKE_2_NROSR1",576455,4,150,150,0,0,30,0,30,4
"RATSKE_2_NROSR1",277359,4,150,125,0.166666666666667,0,30,0,30,3.33333333333333
"RATSKE_2_NROSR1",676452,4,150,125,0.166666666666667,0,30,0,30,3.33333333333333
"RATSKE_2_RBSSB1",234172,6,60,74,0.233333333333333,0,342.833333333333,0,342.833333333333,4.6
"RATSKE_2_RBSSB1",178559,4,60,60,0,0,339,0,339,4
"RATSKE_2_RBSSB1",744292,4,60,50,0.166666666666667,0,334.25,0,334.25,3.33333333333333
"RATSKE_2_RBSSB1",158082,6,60,33,0.45,0,342.833333333333,0,342.833333333333,3.3
"RATSKE_2_RBSSB1",165788,6,60,33,0.45,0,342.833333333333,0,342.833333333333,3.3
"RATSKE_2_RBSSB2",158082,7,40,33,0.175,0,357.714285714286,0,357.714285714286,5.775
"RATSKE_2_RBSSB2",165788,7,40,33,0.175,0,357.714285714286,0,357.714285714286,5.775
"RATSKE_2_RBSSB2",852416,7,40,33,0.175,0,357.714285714286,0,357.714285714286,5.775
"RATSKE_2_RBSSB2",180457,4,40,40,0,0,401.25,0,401.25,4
"RATSKE_2_RBSSB2",685873,4,40,40,0,0,417.5,0,417.5,4
"RCKCRK_7_UNIT 1",563888,1,57,60,0.0526315789473684,0,3589,0,3589,0.947368421052632
"RCKCRK_7_UNIT 1",429422,1,57,50,0.12280701754386,0,840,0,840,0.87719298245614
"RCKCRK_7_UNIT 1",964718,1,57,50,0.12280701754386,0,59580,0,59580,0.87719298245614
"RCKCRK_7_UNIT 1",125897,7,57,7.01,0.877017543859649,0,8659.85714285714,0,8659.85714285714,0.860877192982456
"RCKCRK_7_UNIT 1",118390,1,57,49,0.140350877192982,0,21823,0,21823,0.859649122807018
"RCKCRK_7_UNIT 2",212542,37,56.9,42.8,0.24780316344464,0,46.5405405405405,0,46.5405405405405,27.8312829525483
"RCKCRK_7_UNIT 2",808363,2,56.9,62,0.0896309314586995,0,3480,0,3480,1.8207381370826
"RCKCRK_7_UNIT 2",655049,2,56.9,73,0.282952548330404,0,18930,0,18930,1.43409490333919
"RCKCRK_7_UNIT 2",161396,4,56.9,94,0.652021089630932,0,63,0,63,1.39191564147627
"RCKCRK_7_UNIT 2",570814,2,56.9,75,0.318101933216169,0,330,0,330,1.36379613356766
"RDWAY_1_SCKSR1",368224,2,3,4,0.333333333333333,0,165,0,165,1.33333333333333
"RDWAY_1_SCKSR1",714921,2,3,2,0.333333333333333,0,255,0,255,1.33333333333333
"RDWAY_1_SCKSR1",978009,2,3,2,0.333333333333333,0,255,0,255,1.33333333333333
"RDWAY_1_SCKSR1",160896,1,3,3,0,0,300,0,300,1
"RDWAY_1_SCKSR1",133798,1,3,1,0.666666666666667,0,180,0,180,0.333333333333333
"RECTOR_2_KAWEAH",292514,2,6.55,9,0.374045801526718,0,1,0,1,1.25190839694656
"RECTOR_2_KAWEAH",904345,2,6.55,3,0.541984732824427,0,195.5,0,195.5,0.916030534351145
"RECTOR_2_KAWEAH",204341,1,6.55,7.5,0.145038167938931,0,87841,0,87841,0.854961832061069
"RECTOR_2_KAWEAH",434763,1,6.55,10.57,0.613740458015267,0,301,0,301,0.386259541984733
"RECTOR_2_KAWEAH",126447,1,6.55,1,0.847328244274809,0,NA,0,NA,0.152671755725191
"RECTOR_2_KAWH 1",904345,1,2.25,3,0.333333333333333,0,1,0,1,0.666666666666667
"RECTOR_2_KAWH 1",800488,1,2.25,3.43,0.524444444444444,0,NA,0,NA,0.475555555555556
"RECTOR_2_KAWH 1",126447,1,2.25,1,0.555555555555556,0,NA,0,NA,0.444444444444444
"RECTOR_2_KAWH 1",661056,1,2.25,1,0.555555555555556,0,24481,0,24481,0.444444444444444
"RECTOR_2_KAWH 1",705820,1,2.25,1,0.555555555555556,0,NA,0,NA,0.444444444444444
"RECTOR_2_QF",331315,1,20.09,20,0.00447984071677451,1,264,1,264,0.995520159283225
"RECTOR_2_QF",108072,1,20.09,16.8,0.163763066202091,0,19620,0,19620,0.836236933797909
"RECTOR_2_QF",589439,1,20.09,13,0.352911896465903,0,120,0,120,0.647088103534097
"RECTOR_2_QF",222735,1,20.09,10.4,0.482329517172723,0,120,0,120,0.517670482827277
"RECTOR_2_QF",415983,1,20.09,9.6,0.522150323544052,0,120,0,120,0.477849676455948
"RECTOR_2_TFDBM1",211635,6,0.8,0.91,0.1375,0,350,0,350,5.175
"RECTOR_2_TFDBM1",798418,5,0.8,0.8,0,0,150,0,150,5
"RECTOR_2_TFDBM1",579612,5,0.8,0.79,0.0125,0,198,0,198,4.9375
"RECTOR_2_TFDBM1",206215,5,0.8,0.58,0.275,0,936,0,936,3.625
"RECTOR_2_TFDBM1",936262,4,0.8,0.68,0.15,0,240,0,240,3.4
"RECTOR_2_VISSR1",714921,1,3,2,0.333333333333333,0,315,0,315,0.666666666666667
"RECTOR_2_VISSR1",166958,1,3,10,2.33333333333333,0,75,0,75,-1.33333333333333
"RECTOR_2_VISSR1",125901,1,3,14,3.66666666666667,0,435,0,435,-2.66666666666667
"RECTOR_2_VISSR1",589439,2,3,13,3.33333333333333,1.5,175,1.5,175,-4.66666666666667
"RECTOR_2_VISSR1",159511,1,3,43,13.3333333333333,0,195,0,195,-12.3333333333333
"REDOND_7_UNIT 5",127137,1,178.87,166,0.0719516967630123,3,361,3,361,0.928048303236988
"REDOND_7_UNIT 5",342498,1,178.87,161,0.0999049589087047,3,301,3,301,0.900095041091295
"REDOND_7_UNIT 5",123980,1,178.87,200,0.118130485827696,3,4921,3,4921,0.881869514172304
"REDOND_7_UNIT 5",113228,1,178.87,205,0.146083747973388,3,1,3,1,0.853916252026611
"REDOND_7_UNIT 5",479608,1,178.87,150,0.161402135629228,1,370615,1,370615,0.838597864370772
"REDOND_7_UNIT 6",765103,1,174.29,175,0.00407367031958235,1,5058,1,5058,0.995926329680418
"REDOND_7_UNIT 6",977347,1,174.29,190,0.0901371277755466,1,738,1,738,0.909862872224454
"REDOND_7_UNIT 6",108122,1,174.29,200,0.147512766079523,1,318,1,318,0.852487233920477
"REDOND_7_UNIT 6",199332,1,174.29,200,0.147512766079523,1,318,1,318,0.852487233920477
"REDOND_7_UNIT 6",214080,1,174.29,200,0.147512766079523,1,4638,1,4638,0.852487233920477
"REDOND_7_UNIT 8",117971,1,480,508,0.0583333333333333,0,3243,0,3243,0.941666666666667
"REDOND_7_UNIT 8",183286,1,480,550,0.145833333333333,0,1275,0,1275,0.854166666666667
"REDOND_7_UNIT 8",305080,1,480,600,0.25,0,3555,0,3555,0.75
"REDOND_7_UNIT 8",652315,1,480,225,0.53125,0,23163,0,23163,0.46875
"REDOND_7_UNIT 8",203679,1,480,130,0.729166666666667,0,20523,0,20523,0.270833333333333
"REEDLY_6_SOLAR",524908,1,1.23,500,405.50406504065,0,5940,0,5940,-404.50406504065
"REEDLY_6_SOLAR",493257,1,1.23,750,608.756097560976,0,5880,0,5880,-607.756097560976
"REEDLY_6_SOLAR",772081,1,1.23,750,608.756097560976,0,5880,0,5880,-607.756097560976
"RENWD_1_QF",189796,1,10,5.9,0.41,0,21331,0,21331,0.59
"RENWD_1_QF",214587,1,10,5.9,0.41,0,21331,0,21331,0.59
"RENWD_1_QF",557145,1,10,25,1.5,0,2011,0,2011,-0.5
"RENWD_1_QF",525717,1,10,288,27.8,0,1651,0,1651,-26.8
"RENWD_1_QF",451866,1,10,322,31.2,0,1380,0,1380,-30.2
"REXFRD_2_RSFBX2",334381,5,240,150,0.375,0,108.2,0,108.2,3.125
"REXFRD_2_RSFBX2",723063,3,240,250,0.0416666666666667,0,120.333333333333,0,120.333333333333,2.875
"REXFRD_2_RSFBX2",107681,3,240,223.6,0.0683333333333334,0,120.333333333333,0,120.333333333333,2.795
"REXFRD_2_RSFBX2",784426,3,240,200,0.166666666666667,0,120.333333333333,0,120.333333333333,2.5
"REXFRD_2_RSFBX2",800826,5,240,100,0.583333333333333,0,96.2,0,96.2,2.08333333333333
"REXFRD_2_RSFSX2",107681,39,300,223.6,0.254666666666667,0,186.48717948718,0,186.48717948718,29.068
"REXFRD_2_RSFSX2",334381,43,300,150,0.5,0,166.348837209302,0,166.348837209302,21.5
"REXFRD_2_RSFSX2",576455,41,300,150,0.5,0,178.853658536585,0,178.853658536585,20.5
"REXFRD_2_RSFSX2",723063,20,300,250,0.166666666666667,0,273.55,0,273.55,16.6666666666667
"REXFRD_2_RSFSX2",834563,49,300,100,0.666666666666667,0,150.877551020408,0,150.877551020408,16.3333333333333
"RICHMN_1_CHVSR2",279660,2,8.5,9.5,0.117647058823529,-0.5,453.5,0.5,453.5,1.76470588235294
"RICHMN_1_CHVSR2",779880,2,8.5,11,0.294117647058824,-0.5,453.5,0.5,453.5,1.41176470588235
"RICHMN_1_CHVSR2",261146,3,8.5,13.6,0.6,-0.333333333333333,526.333333333333,0.333333333333333,526.333333333333,1.2
"RICHMN_1_CHVSR2",445378,2,8.5,5,0.411764705882353,-0.5,621.5,0.5,621.5,1.17647058823529
"RICHMN_1_CHVSR2",766252,2,8.5,5,0.411764705882353,-0.5,591.5,0.5,591.5,1.17647058823529
"RICHMN_1_SOLAR",175717,2,2,1.63,0.185,2,487.5,2,487.5,1.63
"RICHMN_1_SOLAR",235233,1,2,0.73,0.635,4,1215,4,1215,0.365
"RICHMN_1_SOLAR",355472,1,2,0.37,0.815,4,1155,4,1155,0.185
"RICHMN_1_SOLAR",445378,1,2,5,1.5,4,495,4,495,-0.5
"RICHMN_1_SOLAR",766252,1,2,5,1.5,4,495,4,495,-0.5
"RICHMN_7_BAYENV",800488,1,2.5,3.43,0.372,0,NA,0,NA,0.628
"RICHMN_7_BAYENV",351735,1,2.5,85,33,0,NA,0,NA,-32
"RICHMN_7_BAYENV",883062,1,2.5,174.29,68.716,0,NA,0,NA,-67.716
"RICHMN_7_BAYENV",185686,1,2.5,178.87,70.548,0,NA,0,NA,-69.548
"RICHMN_7_BAYENV",370551,1,2.5,480,191,0,NA,0,NA,-190
"RIOBRV_6_UNIT 1",589439,1,14,13,0.0714285714285714,0,60,0,60,0.928571428571429
"RIOBRV_6_UNIT 1",714921,1,14,2,0.857142857142857,0,120,0,120,0.142857142857143
"RIOBRV_6_UNIT 1",915712,1,14,50,2.57142857142857,0,330,0,330,-1.57142857142857
"RIOBRV_6_UNIT 1",917160,1,14,71,4.07142857142857,0,330,0,330,-3.07142857142857
"RIOBRV_6_UNIT 1",570571,1,14,89,5.35714285714286,0,330,0,330,-4.35714285714286
"RNDSBG_1_HZASR1",814548,1,2.99,10.5,2.51170568561873,0,462,0,462,-1.51170568561873
"RNDSBG_1_HZASR1",301986,1,2.99,16.5,4.51839464882943,0,462,0,462,-3.51839464882943
"RNDSBG_1_HZASR1",844001,1,2.99,18.8,5.2876254180602,0,402,0,402,-4.2876254180602
"RNDSBG_1_HZASR1",644274,1,2.99,22.5,6.52508361204013,0,462,0,462,-5.52508361204013
"RNDSBG_1_HZASR1",852416,1,2.99,33,10.0367892976589,0,462,0,462,-9.03678929765886
"ROLLIN_6_UNIT",135881,2,13.5,18,0.333333333333333,-2,310,2,310,1.33333333333333
"ROLLIN_6_UNIT",699923,1,13.5,16,0.185185185185185,-1,1021,1,1021,0.814814814814815
"ROLLIN_6_UNIT",203902,1,13.5,10,0.259259259259259,0,4329,0,4329,0.740740740740741
"ROLLIN_6_UNIT",415983,1,13.5,9.6,0.288888888888889,-4,210,4,210,0.711111111111111
"ROLLIN_6_UNIT",561427,1,13.5,25,0.851851851851852,0,479,0,479,0.148148148148148
"ROMOLA_5_MPBBT1",107681,13,230,223.6,0.0278260869565218,0,0,0,0,12.6382608695652
"ROMOLA_5_MPBBT1",723063,11,230,250,0.0869565217391304,0,0,0,0,10.0434782608696
"ROMOLA_5_MPBBT1",784426,11,230,200,0.130434782608696,0,0,0,0,9.56521739130435
"ROMOLA_5_MPBBT1",196895,13,230,150,0.347826086956522,0,0,0,0,8.47826086956522
"ROMOLA_5_MPBBT1",576455,13,230,150,0.347826086956522,0,0,0,0,8.47826086956522
"ROMOLA_5_MPBBT2",203395,2,230,275,0.195652173913043,-2,866,2,866,1.60869565217391
"ROMOLA_5_MPBBT2",182418,2,230,155,0.326086956521739,0,45,0,45,1.34782608695652
"ROMOLA_5_MPBBT2",611852,2,230,150,0.347826086956522,0.5,109.5,1.5,109.5,1.30434782608696
"ROMOLA_5_MPBBT2",449169,1,230,230,0,0,420,0,420,1
"ROMOLA_5_MPBBT2",149831,1,230,235,0.0217391304347826,0,1185,0,1185,0.978260869565217
"ROMOLA_5_MPBBT3",915712,1,50,50,0,-2,472,2,472,1
"ROMOLA_5_MPBBT3",491191,1,50,49.5,0.01,0,360,0,360,0.99
"ROMOLA_5_MPBBT3",619413,1,50,49.5,0.01,0,1800,0,1800,0.99
"ROMOLA_5_MPBBT3",429981,1,50,53,0.06,0,180,0,180,0.94
"ROMOLA_5_MPBBT3",130794,1,50,55,0.1,0,180,0,180,0.9
"ROMOLA_5_MPBBT4",204700,1,110,110,0,0,301,0,301,1
"ROMOLA_5_MPBBT4",142035,1,110,107,0.0272727272727273,0,120,0,120,0.972727272727273
"ROMOLA_5_MPBBT4",354420,1,110,106,0.0363636363636364,0,1140,0,1140,0.963636363636364
"ROMOLA_5_MPBBT4",523386,1,110,106,0.0363636363636364,0,1140,0,1140,0.963636363636364
"ROMOLA_5_MPBBT4",586821,1,110,120,0.0909090909090909,0,241,0,241,0.909090909090909
"ROSMDW_2_WIND1",182418,1,140,155,0.107142857142857,0,30,0,30,0.892857142857143
"ROSMDW_2_WIND1",123110,1,140,115,0.178571428571429,0,7146,0,7146,0.821428571428571
"ROSMDW_2_WIND1",704081,1,140,180,0.285714285714286,0,1200,0,1200,0.714285714285714
"ROSMDW_2_WIND1",949253,2,140,49,0.65,0,810,0,810,0.7
"ROSMDW_2_WIND1",134543,1,140,200,0.428571428571429,0,0,0,0,0.571428571428571
"ROSMND_6_SOLAR",915498,1,3,74,23.6666666666667,0,180,0,180,-22.6666666666667
"ROSMND_6_SOLAR",777449,1,3,408,135,0,1200,0,1200,-134
"RSMSLR_6_SOLAR1",159086,4,20,20,0,0,457.5,0,457.5,4
"RSMSLR_6_SOLAR1",819306,3,20,20,0,0,261.333333333333,0,261.333333333333,3
"RSMSLR_6_SOLAR1",181841,2,20,20,0,0,217.5,0,217.5,2
"RSMSLR_6_SOLAR1",565664,2,20,20,0,0,302,0,302,2
"RSMSLR_6_SOLAR1",916581,2,20,20,0,0,342.5,0,342.5,2
"RSMSLR_6_SOLAR2",159086,3,20,20,0,0,180,0,180,3
"RSMSLR_6_SOLAR2",181841,2,20,20,0,0,458,0,458,2
"RSMSLR_6_SOLAR2",565664,2,20,20,0,0,0,0,0,2
"RSMSLR_6_SOLAR2",819306,2,20,20,0,0,60,0,60,2
"RSMSLR_6_SOLAR2",838066,3,20,9.5,0.525,0,788.666666666667,0,788.666666666667,1.425
"RTEDDY_2_RWSBT1",124287,15,30,26,0.133333333333333,0,204.533333333333,0,204.533333333333,13
"RTEDDY_2_RWSBT1",834639,24,30,9.45,0.685,0,917.916666666667,0,917.916666666667,7.56
"RTEDDY_2_RWSBT1",134471,8,30,27.2,0.0933333333333334,0,271,0,271,7.25333333333333
"RTEDDY_2_RWSBT1",844001,11,30,18.8,0.373333333333333,0,224.545454545455,0,224.545454545455,6.89333333333333
"RTEDDY_2_RWSBT1",644274,9,30,22.5,0.25,0,46.6666666666667,0,46.6666666666667,6.75
"RTEDDY_2_RWSBT2",124287,13,30,26,0.133333333333333,0,203.615384615385,0,203.615384615385,11.2666666666667
"RTEDDY_2_RWSBT2",134471,8,30,27.2,0.0933333333333334,0,271,0,271,7.25333333333333
"RTEDDY_2_RWSBT2",844001,11,30,18.8,0.373333333333333,0,224.545454545455,0,224.545454545455,6.89333333333333
"RTEDDY_2_RWSBT2",644274,9,30,22.5,0.25,0,46.6666666666667,0,46.6666666666667,6.75
"RTEDDY_2_RWSBT2",193527,20,30,9.5,0.683333333333333,0,885.3,0,885.3,6.33333333333333
"RTEDDY_2_RWSBT3",915712,23,45,50,0.111111111111111,0,235.217391304348,0,235.217391304348,20.4444444444444
"RTEDDY_2_RWSBT3",644274,16,45,22.5,0.5,0,60,0,60,8
"RTEDDY_2_RWSBT3",949253,8,45,49,0.0888888888888889,0,157.75,0,157.75,7.28888888888889
"RTEDDY_2_RWSBT3",301986,16,45,16.5,0.633333333333333,0,60,0,60,5.86666666666667
"RTEDDY_2_RWSBT3",214685,13,45,20,0.555555555555556,0.0769230769230769,212.692307692308,0.0769230769230769,212.692307692308,5.77777777777778
"RTEDDY_2_RWSBT4",124287,16,30,26,0.133333333333333,0,218.0625,0,218.0625,13.8666666666667
"RTEDDY_2_RWSBT4",644274,10,30,22.5,0.25,0,42,0,42,7.5
"RTEDDY_2_RWSBT4",134471,8,30,27.2,0.0933333333333334,0,271,0,271,7.25333333333333
"RTEDDY_2_RWSBT4",193527,21,30,9.5,0.683333333333333,0,928.857142857143,0,928.857142857143,6.65
"RTEDDY_2_RWSBT4",385155,21,30,9.5,0.683333333333333,0,928.857142857143,0,928.857142857143,6.65
"RTEDDY_2_RWSBT5",193527,22,12,9.5,0.208333333333333,0,924.818181818182,0,924.818181818182,17.4166666666667
"RTEDDY_2_RWSBT5",385155,22,12,9.5,0.208333333333333,0,990.272727272727,0,990.272727272727,17.4166666666667
"RTEDDY_2_RWSBT5",143302,21,12,9.5,0.208333333333333,0,1008.85714285714,0,1008.85714285714,16.625
"RTEDDY_2_RWSBT5",838066,21,12,9.5,0.208333333333333,0,1008.85714285714,0,1008.85714285714,16.625
"RTEDDY_2_RWSBT5",834639,21,12,9.45,0.2125,0,1077.42857142857,0,1077.42857142857,16.5375
"RTEDDY_2_SC1SR3",922006,18,40,40,0,0,58.1111111111111,0,58.1111111111111,18
"RTEDDY_2_SC1SR3",180457,16,40,40,0,0,55.0625,0,55.0625,16
"RTEDDY_2_SC1SR3",186146,16,40,40,0,0,47.5625,0,47.5625,16
"RTEDDY_2_SC1SR3",685873,13,40,40,0,0,71.7692307692308,0,71.7692307692308,13
"RTEDDY_2_SC1SR3",591854,17,40,26.65,0.33375,0,50.9411764705882,0,50.9411764705882,11.32625
"RTEDDY_2_SEBSR3",115494,16,56,56,0,0,99.75,0,99.75,16
"RTEDDY_2_SEBSR3",133547,16,56,56,0,0,99.75,0,99.75,16
"RTEDDY_2_SEBSR3",178559,14,56,60,0.0714285714285714,0,92.1428571428571,0,92.1428571428571,13
"RTEDDY_2_SEBSR3",922006,17,56,40,0.285714285714286,0,93,0,93,12.1428571428571
"RTEDDY_2_SEBSR3",180457,15,56,40,0.285714285714286,0,90.4,0,90.4,10.7142857142857
"RTEDDY_2_SEBSR4",115494,19,56,56,0,0,93.4736842105263,0,93.4736842105263,19
"RTEDDY_2_SEBSR4",133547,18,56,56,0,0,95.3333333333333,0,95.3333333333333,18
"RTEDDY_2_SEBSR4",178559,17,56,60,0.0714285714285714,0,122,0,122,15.7857142857143
"RTEDDY_2_SEBSR4",922006,20,56,40,0.285714285714286,0,88.05,0,88.05,14.2857142857143
"RTEDDY_2_SEBSR4",180457,19,56,40,0.285714285714286,0,84,0,84,13.5714285714286
"RTEDDY_2_SOLAR1",208011,11,54,55.83,0.0338888888888889,-0.727272727272727,111.181818181818,0.727272727272727,111.181818181818,10.6272222222222
"RTEDDY_2_SOLAR1",997249,9,54,50.5,0.0648148148148148,-0.888888888888889,125.777777777778,0.888888888888889,125.777777777778,8.41666666666667
"RTEDDY_2_SOLAR1",736984,8,54,54,0,-0.875,90.375,0.875,90.375,8
"RTEDDY_2_SOLAR1",115494,8,54,56,0.037037037037037,-0.875,97.875,0.875,97.875,7.7037037037037
"RTEDDY_2_SOLAR1",133547,8,54,56,0.037037037037037,-0.875,97.875,0.875,97.875,7.7037037037037
"RTEDDY_2_SOLAR2",736984,6,54,54,0,-0.166666666666667,10.1666666666667,0.166666666666667,10.1666666666667,6
"RTEDDY_2_SOLAR2",705142,7,54,62.5,0.157407407407407,0,0,0,0,5.89814814814815
"RTEDDY_2_SOLAR2",115494,6,54,56,0.037037037037037,-0.166666666666667,60.1666666666667,0.166666666666667,60.1666666666667,5.77777777777778
"RTEDDY_2_SOLAR2",133547,6,54,56,0.037037037037037,-0.166666666666667,60.1666666666667,0.166666666666667,60.1666666666667,5.77777777777778
"RTEDDY_2_SOLAR2",178559,5,54,60,0.111111111111111,0,24,0,24,4.44444444444444
"RTEDDY_2_SPASR4",591854,18,26,26.65,0.0249999999999999,0,67.8333333333333,0,67.8333333333333,17.55
"RTEDDY_2_SPASR4",975528,17,26,26,0,0,76.2352941176471,0,76.2352941176471,17
"RTEDDY_2_SPASR4",620521,16,26,30,0.153846153846154,0,54.875,0,54.875,13.5384615384615
"RTEDDY_2_SPASR4",916581,17,26,20,0.230769230769231,0,62.1176470588235,0,62.1176470588235,13.0769230769231
"RTEDDY_2_SPASR4",181841,16,26,20,0.230769230769231,0,69.75,0,69.75,12.3076923076923
"RTEDDY_2_SRXSR4",261146,14,13.6,13.6,0,0,66.8571428571428,0,66.8571428571428,14
"RTEDDY_2_SRXSR4",799732,15,13.6,12,0.117647058823529,0,62.4,0,62.4,13.2352941176471
"RTEDDY_2_SRXSR4",131964,13,13.6,13.53,0.00514705882352943,0,72,0,72,12.9330882352941
"RTEDDY_2_SRXSR4",603185,16,13.6,17,0.25,0,67.125,0,67.125,12
"RTEDDY_2_SRXSR4",779880,14,13.6,11,0.191176470588235,0,66.8571428571428,0,66.8571428571428,11.3235294117647
"RTREE_2_WIND1",157710,1,79.2,430,4.42929292929293,0,1920,0,1920,-3.42929292929293
"RTREE_2_WIND2",589439,1,19.8,13,0.343434343434343,0,309,0,309,0.656565656565657
"RTREE_2_WIND2",766252,1,19.8,5,0.747474747474748,0,550,0,550,0.252525252525252
"RTREE_2_WIND2",361629,1,19.8,36,0.818181818181818,0,610,0,610,0.181818181818182
"RTREE_2_WIND2",126265,1,19.8,38,0.919191919191919,0,130,0,130,0.0808080808080809
"RTREE_2_WIND2",288336,1,19.8,67.5,2.40909090909091,0,610,0,610,-1.40909090909091
"RTREE_2_WIND3",599767,1,99,68,0.313131313131313,0,149,0,149,0.686868686868687
"RTREE_2_WIND3",951615,1,99,275,1.77777777777778,0,749,0,749,-0.777777777777778
"RTREE_2_WIND3",157710,1,99,430,3.34343434343434,0,1920,0,1920,-2.34343434343434
"RTREE_2_WIND3",177834,1,99,486,3.90909090909091,0,7589,0,7589,-2.90909090909091
"RUSCTY_2_UNITS",174549,3,615.18,430,0.301017588348126,-0.666666666666667,466.666666666667,0.666666666666667,466.666666666667,2.09694723495562
"RUSCTY_2_UNITS",305080,2,615.18,600,0.0246757046718033,0.5,12746.5,0.5,12746.5,1.95064859065639
"RUSCTY_2_UNITS",499694,2,615.18,600,0.0246757046718033,0.5,12160,0.5,12160,1.95064859065639
"RUSCTY_2_UNITS",118694,1,615.18,618,0.00458402418804261,0,7222,0,7222,0.995415975811957
"RUSCTY_2_UNITS",178180,1,615.18,625,0.0159628076335382,0,960,0,960,0.984037192366462
"RVRVEW_1_UNITA1",176644,1,48.7,49.5,0.0164271047227925,0,2700,0,2700,0.983572895277207
"RVRVEW_1_UNITA1",824322,1,48.7,49.5,0.0164271047227925,0,2700,0,2700,0.983572895277207
"RVRVEW_1_UNITA1",506140,1,48.7,50,0.0266940451745379,0,1660,0,1660,0.973305954825462
"RVRVEW_1_UNITA1",170209,1,48.7,50,0.0266940451745379,1,32093,1,32093,0.973305954825462
"RVRVEW_1_UNITA1",190343,1,48.7,55,0.129363449691992,1,2537,1,2537,0.870636550308008
"RVSIDE_2_RERCU3",118390,5,49,49,0,0,1,0,1,5
"RVSIDE_2_RERCU3",698265,5,49,49,0,0,15277,0,15277,5
"RVSIDE_2_RERCU3",949253,1,49,49,0,-3,204,3,204,1
"RVSIDE_2_RERCU3",291137,1,49,49.5,0.0102040816326531,-3,564,3,564,0.989795918367347
"RVSIDE_2_RERCU3",143784,1,49,50,0.0204081632653061,0,184861,0,184861,0.979591836734694
"RVSIDE_2_RERCU4",118390,5,49,49,0,0,1,0,1,5
"RVSIDE_2_RERCU4",698265,5,49,49,0,0,15277,0,15277,5
"RVSIDE_2_RERCU4",521760,1,49,50,0.0204081632653061,0,233641,0,233641,0.979591836734694
"RVSIDE_2_RERCU4",174744,1,49,55,0.122448979591837,0,1441,0,1441,0.877551020408163
"RVSIDE_2_RERCU4",870082,1,49,41,0.163265306122449,-1,5761,1,5761,0.836734693877551
"RVSIDE_6_RERCU1",555191,3,48.35,48.35,0,0,1,0,1,3
"RVSIDE_6_RERCU1",121961,3,48.35,48.5,0.00310237849017577,0,16521,0,16521,2.99069286452947
"RVSIDE_6_RERCU1",764077,2,48.35,25,0.482936918304033,0,151912,0,151912,1.03412616339193
"RVSIDE_6_RERCU1",491191,1,48.35,49.5,0.0237849017580144,0,26863,0,26863,0.976215098241986
"RVSIDE_6_RERCU1",619413,1,48.35,49.5,0.0237849017580144,0,26863,0,26863,0.976215098241986
"RVSIDE_6_RERCU2",121961,4,48.5,48.5,0,0,12391,0,12391,4
"RVSIDE_6_RERCU2",555191,3,48.5,48.35,0.00309278350515461,0,1,0,1,2.99072164948454
"RVSIDE_6_RERCU2",764077,2,48.5,25,0.484536082474227,0,154321,0,154321,1.03092783505155
"RVSIDE_6_RERCU2",118390,1,48.5,49,0.0103092783505155,0,1,0,1,0.989690721649485
"RVSIDE_6_RERCU2",698265,1,48.5,49,0.0103092783505155,0,75961,0,75961,0.989690721649485
"RVSIDE_6_SPRING",461606,4,36,30,0.166666666666667,0,601,0,601,3.33333333333333
"RVSIDE_6_SPRING",135881,4,36,18,0.5,0,601,0,601,2
"RVSIDE_6_SPRING",699408,2,36,40,0.111111111111111,0,6255.5,0,6255.5,1.77777777777778
"RVSIDE_6_SPRING",193527,4,36,9.5,0.736111111111111,0,541,0,541,1.05555555555556
"RVSIDE_6_SPRING",385155,4,36,9.5,0.736111111111111,0,541,0,541,1.05555555555556
"SALIRV_2_UNIT",411064,3,39,27,0.307692307692308,-0.333333333333333,1316.33333333333,0.333333333333333,1316.33333333333,2.07692307692308
"SALIRV_2_UNIT",151446,1,39,36,0.0769230769230769,0,64396,0,64396,0.923076923076923
"SALIRV_2_UNIT",133003,1,39,35,0.102564102564103,-1,39180,1,39180,0.897435897435897
"SALIRV_2_UNIT",171401,1,39,25,0.358974358974359,0,16620,0,16620,0.641025641025641
"SALIRV_2_UNIT",764077,1,39,25,0.358974358974359,0,3421,0,3421,0.641025641025641
"SALTSP_7_UNITS",374311,1,46,40,0.130434782608696,0,3601,0,3601,0.869565217391304
"SALTSP_7_UNITS",126265,1,46,38,0.173913043478261,4,982,4,982,0.826086956521739
"SALTSP_7_UNITS",152595,1,46,55.7,0.210869565217391,0,14556,0,14556,0.789130434782609
"SALTSP_7_UNITS",177935,1,46,25,0.456521739130435,0,995,0,995,0.543478260869565
"SALTSP_7_UNITS",368224,1,46,4,0.91304347826087,0,44675,0,44675,0.0869565217391305
"SAMPSN_6_KELCO1",134647,1,25,25,0,0,37290,0,37290,1
"SAMPSN_6_KELCO1",177935,1,25,25,0,0,1753,0,1753,1
"SAMPSN_6_KELCO1",610848,1,25,40,0.6,0,420,0,420,0.4
"SAMPSN_6_KELCO1",145433,1,25,75,2,0,32953,0,32953,-1
"SAMPSN_6_KELCO1",611852,1,25,150,5,0,60,0,60,-4
"SANBRN_2_EESSB2",196895,10,166,150,0.0963855421686747,0,36,0,36,9.03614457831325
"SANBRN_2_EESSB2",784426,9,166,200,0.204819277108434,0,100,0,100,7.1566265060241
"SANBRN_2_EESSB2",234172,11,166,74,0.55421686746988,0,65.4545454545455,0,65.4545454545455,4.90361445783132
"SANBRN_2_EESSB2",723063,9,166,250,0.506024096385542,0,100,0,100,4.44578313253012
"SANBRN_2_EESSB2",107681,6,166,223.6,0.346987951807229,0,0,0,0,3.91807228915663
"SANBRN_2_ES1BT3",121745,2,50.43,75,0.48720999405116,0,765,0,765,1.02558001189768
"SANBRN_2_ES1BT3",506140,1,50.43,50,0.00852667063255998,0,1335,0,1335,0.99147332936744
"SANBRN_2_ES1BT3",717058,1,50.43,50,0.00852667063255998,0,8520,0,8520,0.99147332936744
"SANBRN_2_ES1BT3",857430,1,50.43,50,0.00852667063255998,5,90,5,90,0.99147332936744
"SANBRN_2_ES1BT3",135013,1,50.43,46,0.0878445369819552,0,0,0,0,0.912155463018045
"SANBRN_2_ES2SB3",199482,2,42,25,0.404761904761905,1.5,301.5,1.5,301.5,1.19047619047619
"SANBRN_2_ES2SB3",644274,2,42,22.5,0.464285714285714,1.5,235,1.5,235,1.07142857142857
"SANBRN_2_ES2SB3",159511,1,42,43,0.0238095238095238,0,480,0,480,0.976190476190476
"SANBRN_2_ES2SB3",411444,1,42,45,0.0714285714285714,0,122025,0,122025,0.928571428571429
"SANBRN_2_ES2SB3",126265,1,42,38,0.0952380952380952,0,1247,0,1247,0.904761904761905
"SANBRN_2_ESABT1",161396,2,100,94,0.06,0,360,0,360,1.88
"SANBRN_2_ESABT1",165180,1,100,100,0,0,370,0,370,1
"SANBRN_2_ESABT1",173967,1,100,100,0,0,1164,0,1164,1
"SANBRN_2_ESABT1",199791,1,100,102,0.02,0,120,0,120,0.98
"SANBRN_2_ESABT1",589808,1,100,102,0.02,0,120,0,120,0.98
"SANBRN_2_ESBBT1",199791,3,100,102,0.02,-1.66666666666667,88.6666666666667,1.66666666666667,88.6666666666667,2.94
"SANBRN_2_ESBBT1",589808,3,100,102,0.02,-1.66666666666667,88.6666666666667,1.66666666666667,88.6666666666667,2.94
"SANBRN_2_ESBBT1",213716,3,100,96,0.04,-1.66666666666667,88.6666666666667,1.66666666666667,88.6666666666667,2.88
"SANBRN_2_ESBBT1",132195,2,100,77,0.23,0,79,0,79,1.54
"SANBRN_2_ESBBT1",599767,2,100,68,0.32,0,129.5,0,129.5,1.36
"SANBRN_2_SS2BT3",871298,3,169,158.4,0.0627218934911242,0,140,0,140,2.81183431952663
"SANBRN_2_SS2BT3",556956,4,169,104.5,0.381656804733728,0,477.5,0,477.5,2.47337278106509
"SANBRN_2_SS2BT3",108122,3,169,200,0.183431952662722,0,3115,0,3115,2.44970414201183
"SANBRN_2_SS2BT3",364853,4,169,242,0.431952662721893,0,465,0,465,2.27218934911243
"SANBRN_2_SS2BT3",147278,3,169,127.5,0.245562130177515,0,120,0,120,2.26331360946746
"SANBRN_2_SS2BT4",744292,5,47,50,0.0638297872340425,0,96,0,96,4.68085106382979
"SANBRN_2_SS2BT4",997249,5,47,50.5,0.074468085106383,0,96,0,96,4.62765957446809
"SANBRN_2_SS2BT4",180457,5,47,40,0.148936170212766,0,96,0,96,4.25531914893617
"SANBRN_2_SS2BT4",186146,5,47,40,0.148936170212766,0,96,0,96,4.25531914893617
"SANBRN_2_SS2BT4",922006,5,47,40,0.148936170212766,0,96,0,96,4.25531914893617
"SANBRN_2_SS2SB4",158082,39,36,33,0.0833333333333333,0,76.9230769230769,0,76.9230769230769,35.75
"SANBRN_2_SS2SB4",165788,39,36,33,0.0833333333333333,0,76.9230769230769,0,76.9230769230769,35.75
"SANBRN_2_SS2SB4",852416,39,36,33,0.0833333333333333,0,76.9230769230769,0,76.9230769230769,35.75
"SANBRN_2_SS2SB4",180457,35,36,40,0.111111111111111,0,78.8571428571428,0,78.8571428571428,31.1111111111111
"SANBRN_2_SS2SB4",685873,33,36,40,0.111111111111111,0,30.9090909090909,0,30.9090909090909,29.3333333333333
"SANDLT_2_SUNITS",292863,8,275,194,0.294545454545455,0.5,261.75,0.5,261.75,5.64363636363636
"SANDLT_2_SUNITS",681987,8,275,393,0.429090909090909,0.75,154.25,0.75,154.25,4.56727272727273
"SANDLT_2_SUNITS",482638,5,275,242,0.12,-0.8,207.6,1.6,207.6,4.4
"SANDLT_2_SUNITS",108122,4,275,200,0.272727272727273,-0.75,343.5,1.25,343.5,2.90909090909091
"SANDLT_2_SUNITS",101153,3,275,295,0.0727272727272727,2,1042,2,1042,2.78181818181818
"SANDRN_2_SS1SR1",234172,24,100,74,0.26,0,167.5,0,167.5,17.76
"SANDRN_2_SS1SR1",144713,29,100,52.5,0.475,0,221.379310344828,0,221.379310344828,15.225
"SANDRN_2_SS1SR1",118279,13,100,100,0,0,175.384615384615,0,175.384615384615,13
"SANDRN_2_SS1SR1",736984,21,100,54,0.46,0,134.285714285714,0,134.285714285714,11.34
"SANDRN_2_SS1SR1",196895,22,100,150,0.5,0,130.909090909091,0,130.909090909091,11
"SANDRN_2_SS2SR2",182418,1,200,155,0.225,1,0,1,0,0.775
"SANDRN_2_SS2SR2",105465,1,200,126.35,0.36825,1,0,1,0,0.63175
"SANDRN_2_SS2SR2",243483,1,200,104,0.48,1,780,1,780,0.52
"SANDRN_2_SS2SR2",928521,1,200,99.5,0.5025,5,185,5,185,0.4975
"SANDRN_2_SS2SR2",877294,1,200,75,0.625,1,960,1,960,0.375
"SANLOB_1_LNDFIL",214773,3,1.5,1.5,0,0,186.333333333333,0,186.333333333333,3
"SANLOB_1_LNDFIL",428806,3,1.5,1.5,0,0,186.333333333333,0,186.333333333333,3
"SANLOB_1_LNDFIL",534269,3,1.5,1.5,0,0,186.333333333333,0,186.333333333333,3
"SANLOB_1_LNDFIL",169572,3,1.5,1.52,0.0133333333333333,0,186.333333333333,0,186.333333333333,2.96
"SANLOB_1_LNDFIL",230269,3,1.5,1.58,0.0533333333333334,0,186.333333333333,0,186.333333333333,2.84
"SANTFG_7_UNITS",660372,1,72,350,3.86111111111111,-4,12,4,12,-2.86111111111111
"SANTGO_2_LNDFL1",331315,2,19.6,20,0.020408163265306,0,168.5,0,168.5,1.95918367346939
"SANTGO_2_LNDFL1",819306,1,19.6,20,0.020408163265306,0,17,0,17,0.979591836734694
"SANTGO_2_LNDFL1",135881,1,19.6,18,0.0816326530612246,0,971,0,971,0.918367346938775
"SANTGO_2_LNDFL1",124012,1,19.6,25,0.275510204081633,0,5711,0,5711,0.724489795918367
"SANTGO_2_LNDFL1",557145,1,19.6,25,0.275510204081633,0,1391,0,1391,0.724489795918367
"SANTGO_2_MABBT1",122443,1,2,2,0,-1,91,1,91,1
"SANTGO_2_MABBT1",128855,1,2,2,0,-1,91,1,91,1
"SANTGO_2_MABBT1",193916,1,2,2,0,-1,91,1,91,1
"SANTGO_2_MABBT1",291255,1,2,2,0,-1,91,1,91,1
"SANTGO_2_MABBT1",439330,1,2,2,0,-1,91,1,91,1
"SANWD_1_QF",806408,2,31,28,0.0967741935483871,0,1050,0,1050,1.80645161290323
"SANWD_1_QF",565664,2,31,20,0.354838709677419,0,390,0,390,1.29032258064516
"SANWD_1_QF",783204,2,31,20,0.354838709677419,0,330,0,330,1.29032258064516
"SANWD_1_QF",159511,2,31,43,0.387096774193548,0,1050,0,1050,1.2258064516129
"SANWD_1_QF",183275,1,31,29.1,0.0612903225806451,0,1050,0,1050,0.938709677419355
"SAUGUS_2_SPESBT1",124287,3,30,26,0.133333333333333,0,380.666666666667,0,380.666666666667,2.6
"SAUGUS_2_SPESBT1",142368,3,30,25,0.166666666666667,0,13609.6666666667,0,13609.6666666667,2.5
"SAUGUS_2_SPESBT1",959874,2,30,30,0,0,390.5,0,390.5,2
"SAUGUS_2_SPESBT1",949253,4,30,49,0.633333333333333,0,483,0,483,1.46666666666667
"SAUGUS_2_SPESBT1",135881,2,30,18,0.4,0,720.5,0,720.5,1.2
"SAUGUS_7_CHIQCN",124493,1,8,10,0.25,0,661,0,661,0.75
"SAUGUS_7_CHIQCN",589439,1,8,13,0.625,0,0,0,0,0.375
"SAUGUS_7_CHIQCN",506140,1,8,50,5.25,0,240,0,240,-4.25
"SAUGUS_7_CHIQCN",976499,1,8,53,5.625,0,17281,0,17281,-4.625
"SAUGUS_7_CHIQCN",225415,1,8,55,5.875,0,961,0,961,-4.875
"SBERDO_2_PSP3",129058,2,555,422,0.23963963963964,1,212.5,1,212.5,1.52072072072072
"SBERDO_2_PSP3",181838,1,555,541,0.0252252252252252,0,893,0,893,0.974774774774775
"SBERDO_2_PSP3",942022,1,555,598,0.0774774774774775,1,2525,1,2525,0.922522522522523
"SBERDO_2_PSP3",431312,1,555,500,0.0990990990990991,0,3300,0,3300,0.900900900900901
"SBERDO_2_PSP3",177834,1,555,486,0.124324324324324,1,6780,1,6780,0.875675675675676
"SBERDO_2_PSP4",769353,2,555,450,0.189189189189189,0,2010,0,2010,1.62162162162162
"SBERDO_2_PSP4",156597,2,555,330,0.405405405405405,1,8207,1,8207,1.18918918918919
"SBERDO_2_PSP4",203395,2,555,275,0.504504504504504,0,1135.5,0,1135.5,0.990990990990991
"SBERDO_2_PSP4",431312,1,555,500,0.0990990990990991,0,150961,0,150961,0.900900900900901
"SBERDO_2_PSP4",194971,1,555,630,0.135135135135135,-1,0,1,0,0.864864864864865
"SBERDO_2_RTS011",978009,1,3.5,2,0.428571428571429,1,301,1,301,0.571428571428571
"SBERDO_2_RTS011",211538,1,3.5,1,0.714285714285714,1,301,1,301,0.285714285714286
"SBERDO_2_RTS011",903445,1,3.5,16.76,3.78857142857143,1,301,1,301,-2.78857142857143
"SBERDO_2_RTS011",146636,1,3.5,19,4.42857142857143,1,781,1,781,-3.42857142857143
"SBERDO_2_RTS011",331315,1,3.5,20,4.71428571428571,1,181,1,181,-3.71428571428571
"SBERDO_2_SNTANA",292514,2,6.95,9,0.294964028776978,0.5,129601,0.5,129601,1.41007194244604
"SBERDO_2_SNTANA",204341,1,6.95,7.5,0.079136690647482,0,87841,0,87841,0.920863309352518
"SBERDO_2_SNTANA",368224,1,6.95,4,0.424460431654676,0,30241,0,30241,0.575539568345324
"SBERDO_2_SNTANA",800488,1,6.95,3.43,0.506474820143885,1,NA,1,NA,0.493525179856115
"SBERDO_2_SNTANA",434763,1,6.95,10.57,0.520863309352518,0,301,0,301,0.479136690647482
"SBERDO_6_MILLCK",368224,1,3.93,4,0.0178117048346056,0,73921,0,73921,0.982188295165394
"SBERDO_6_MILLCK",814548,1,3.93,10.5,1.67175572519084,0,1141,0,1141,-0.67175572519084
"SBERDO_6_MILLCK",699923,1,3.93,16,3.07124681933842,1,62895,1,62895,-2.07124681933842
"SBERDO_6_MILLCK",764077,1,3.93,25,5.36132315521628,0,77341,0,77341,-4.36132315521628
"SBERDO_6_MILLCK",151446,1,3.93,36,8.16030534351145,1,18255,1,18255,-7.16030534351145
"SCARLT_2_SS2BT1",679882,1,150,171,0.14,0,1260,0,1260,0.86
"SCARLT_2_SS2BT1",125211,1,150,125,0.166666666666667,0,NA,0,NA,0.833333333333333
"SCARLT_2_SS2BT1",387388,1,150,121,0.193333333333333,0,120,0,120,0.806666666666667
"SCARLT_2_SS2BT1",155592,1,150,189,0.26,0,960,0,960,0.74
"SCARLT_2_SS2BT1",977347,1,150,190,0.266666666666667,0,0,0,0,0.733333333333333
"SCARLT_2_SS2SR1",231017,1,200,200,0,0,660,0,660,1
"SCARLT_2_SS2SR1",784426,1,200,200,0,0,660,0,660,1
"SCARLT_2_SS2SR1",155592,1,200,189,0.055,0,960,0,960,0.945
"SCARLT_2_SS2SR1",259929,1,200,220,0.1,0,1200,0,1200,0.9
"SCARLT_2_SS2SR1",106183,1,200,179,0.105,0,660,0,660,0.895
"SCARLT_2_SSABT1",779880,8,10,11,0.1,0,293.25,0,293.25,7.2
"SCARLT_2_SSABT1",376549,7,10,10,0,0,266.428571428571,0,266.428571428571,7
"SCARLT_2_SSABT1",279660,7,10,9.5,0.05,0,266.428571428571,0,266.428571428571,6.65
"SCARLT_2_SSABT1",131964,10,10,13.53,0.353,0,228.6,0,228.6,6.47
"SCARLT_2_SSABT1",799732,8,10,12,0.2,0,293.25,0,293.25,6.4
"SCARLT_2_SSASR1",278131,17,100,100,0,0,1132,0,1132,17
"SCARLT_2_SSASR1",877294,22,100,75,0.25,0,226.363636363636,0,226.363636363636,16.5
"SCARLT_2_SSASR1",933049,13,100,100,0,0,913.923076923077,0,913.923076923077,13
"SCARLT_2_SSASR1",757917,16,100,80,0.2,0,843.8125,0,843.8125,12.8
"SCARLT_2_SSASR1",705633,13,100,110,0.1,0,2560.30769230769,0,2560.30769230769,11.7
"SCARLT_2_SSBBT1",206861,20,30,25,0.166666666666667,0,270.3,0,270.3,16.6666666666667
"SCARLT_2_SSBBT1",165788,9,30,33,0.1,-0.444444444444444,396.777777777778,0.444444444444444,396.777777777778,8.1
"SCARLT_2_SSBBT1",654478,8,30,29.18,0.0273333333333333,0,634.375,0,634.375,7.78133333333333
"SCARLT_2_SSBBT1",158082,8,30,33,0.1,-0.5,401.25,0.5,401.25,7.2
"SCARLT_2_SSBBT1",852416,8,30,33,0.1,-0.5,401.25,0.5,401.25,7.2
"SCARLT_2_SSBSR1",118279,31,100,100,0,0,9.51612903225807,0,9.51612903225807,31
"SCARLT_2_SSBSR1",199925,28,100,100,0,0,66.25,0,66.25,28
"SCARLT_2_SSBSR1",234172,36,100,74,0.26,0,58.3333333333333,0,58.3333333333333,26.64
"SCARLT_2_SSBSR1",152145,27,100,105,0.05,0,59.8148148148148,0,59.8148148148148,25.65
"SCARLT_2_SSBSR1",173313,21,100,100,0,0,57.1428571428571,0,57.1428571428571,21
"SCEC_1_PDRP124",124493,1,1.83,10,4.46448087431694,0,18541,0,18541,-3.46448087431694
"SCEC_1_PDRP124",135881,1,2.13,18,7.45070422535211,0,0,0,0,-6.45070422535211
"SCEC_1_PDRP124",150919,1,1.83,20,9.92896174863388,0,600,0,600,-8.92896174863388
"SCEC_1_PDRP124",177935,1,1.83,25,12.6612021857923,0,60,0,60,-11.6612021857923
"SCEC_1_PDRP124",103700,1,2.13,42,18.7183098591549,0,60,0,60,-17.7183098591549
"SCEC_1_PDRP16",368224,1,8.83,4,0.546998867497169,0,7201,0,7201,0.453001132502831
"SCEC_1_PDRP16",668559,1,8.83,18,1.03850509626274,0,15421,0,15421,-0.0385050962627407
"SCEC_1_PDRP16",197371,1,8.83,25,1.8312570781427,0,59941,0,59941,-0.831257078142696
"SCEC_1_PDRP16",646375,1,8.73,88,9.08018327605956,0,35521,0,35521,-8.08018327605956
"SCEC_1_PDRP16",652315,1,8.83,225,24.4813137032843,0,21181,0,21181,-23.4813137032843
"SCEC_1_PDRP17",175361,1,6.22,120,18.2926045016077,0,31741,0,31741,-17.2926045016077
"SCEC_1_PDRP173",270946,1,2.46,2,0.186991869918699,0,3601,0,3601,0.813008130081301
"SCEC_1_PDRP173",201736,1,2.23,1,0.551569506726457,0,26701,0,26701,0.448430493273543
"SCEC_1_PDRP173",368224,1,2.23,4,0.79372197309417,0,23401,0,23401,0.20627802690583
"SCEC_1_PDRP173",124493,1,2.23,10,3.48430493273543,0,18541,0,18541,-2.48430493273543
"SCEC_1_PDRP173",100733,1,2.23,15,5.72645739910314,0,1381,0,1381,-4.72645739910314
"SCEC_1_PDRP60",135881,1,3.8,18,3.73684210526316,0,0,0,0,-2.73684210526316
"SCEC_1_PDRP60",103700,1,3.8,42,10.0526315789474,0,60,0,60,-9.05263157894737
"SCEC_1_PDRP60",178982,1,3.8,83,20.8421052631579,0,480,0,480,-19.8421052631579
"SCEC_1_PDRP60",108122,1,3.8,200,51.6315789473684,0,300,0,300,-50.6315789473684
"SCEC_1_PDRP60",199332,1,3.8,200,51.6315789473684,0,240,0,240,-50.6315789473684
"SCEC_1_RDRR08",209289,1,148,150,0.0135135135135135,-1,721,1,721,0.986486486486487
"SCEC_1_RDRR08",924856,1,148,150,0.0135135135135135,-1,721,1,721,0.986486486486487
"SCEC_1_RDRR08",191282,1,148,144,0.027027027027027,0,360,0,360,0.972972972972973
"SCEC_1_RDRR08",162314,1,148,131,0.114864864864865,0,1440,0,1440,0.885135135135135
"SCEC_1_RDRR08",569078,1,148,170,0.148648648648649,0,360,0,360,0.851351351351351
"SCEC_1_RDRR35",108268,1,46.42,211,3.54545454545454,0,35580,0,35580,-2.54545454545454
"SCEC_1_RDRR36",108268,1,26.41,211,6.98939795531996,0,35580,0,35580,-5.98939795531996
"SCEC_1_RDRR37",108268,1,13.71,211,14.3902261123268,0,35580,0,35580,-13.3902261123268
"SCEC_1_RDRR38",108268,1,55.83,211,2.77933010926025,0,35580,0,35580,-1.77933010926025
"SCEHOV_2_HOOVER",144033,1,287.01,287,3.48419915682064e-05,0,NA,0,NA,0.999965158008432
"SCEHOV_2_HOOVER",901958,1,287.01,150,0.477370126476429,0,17760,0,17760,0.522629873523571
"SCEN_6_RDRR02",570814,1,75,75,0,0,1440,0,1440,1
"SCEN_6_RDRR02",162314,1,75,131,0.746666666666667,0,1440,0,1440,0.253333333333333
"SCEN_6_RDRR02",191282,1,75,144,0.92,0,360,0,360,0.08
"SCEN_6_RDRR02",800488,1,75,3.43,0.954266666666667,0,95,0,95,0.0457333333333334
"SCEN_6_RDRR02",938754,1,75,0.52,0.993066666666667,-1,961,1,961,0.00693333333333324
"SCEN_6_RDRR12",108268,1,40.41,211,4.22147983172482,0,35580,0,35580,-3.22147983172482
"SCEW_2_PDRP03",368224,1,5,4,0.2,0,23401,0,23401,0.8
"SCEW_2_PDRP03",201736,1,5,1,0.8,0,26701,0,26701,0.2
"SCEW_2_PDRP03",124493,1,5,10,1,0,18541,0,18541,0
"SCEW_2_PDRP03",100733,1,5,15,2,0,1381,0,1381,-1
"SCEW_2_PDRP03",135881,1,5.27,18,2.41555977229602,0,0,0,0,-1.41555977229602
"SCEW_2_PDRP09",201736,1,2.5,1,0.6,0,26701,0,26701,0.4
"SCEW_2_PDRP09",368224,1,2.5,4,0.6,0,23401,0,23401,0.4
"SCEW_2_PDRP09",842570,1,2.63,5,0.901140684410646,0,9361,0,9361,0.0988593155893536
"SCEW_2_PDRP09",766252,1,2.5,5,1,0,600,0,600,0
"SCEW_2_PDRP09",124493,1,2.5,10,3,0,18541,0,18541,-2
"SCEW_2_PDRP10",333327,1,2.5,2,0.2,0,2881,0,2881,0.8
"SCEW_2_PDRP10",904345,1,2.5,3,0.2,0,2881,0,2881,0.8
"SCEW_2_PDRP10",501373,1,2.63,1.75,0.334600760456274,0,60,0,60,0.665399239543726
"SCEW_2_PDRP10",151875,1,2.63,1.59,0.395437262357414,0,31681,0,31681,0.604562737642586
"SCEW_2_PDRP10",475999,1,2.63,0.8,0.695817490494297,0,1260,0,1260,0.304182509505703
"SCEW_2_PDRP114",368224,1,6.47,4,0.381761978361669,0,23401,0,23401,0.618238021638331
"SCEW_2_PDRP114",124493,1,6.47,10,0.545595054095827,0,18541,0,18541,0.454404945904173
"SCEW_2_PDRP114",201736,1,6.47,1,0.845440494590417,0,26701,0,26701,0.154559505409583
"SCEW_2_PDRP114",100733,1,6.47,15,1.31839258114374,0,1381,0,1381,-0.31839258114374
"SCEW_2_PDRP114",150919,1,6.47,20,2.09119010819165,0,600,0,600,-1.09119010819165
"SCEW_2_PDRP12",368224,1,2.94,4,0.360544217687075,0,7201,0,7201,0.639455782312925
"SCEW_2_PDRP12",668559,1,2.94,18,5.12244897959184,0,15421,0,15421,-4.12244897959184
"SCEW_2_PDRP12",197371,1,2.94,25,7.50340136054422,0,59941,0,59941,-6.50340136054422
"SCEW_2_PDRP12",646375,1,2.74,88,31.1167883211679,0,35521,0,35521,-30.1167883211679
"SCEW_2_PDRP12",652315,1,2.94,225,75.530612244898,0,21181,0,21181,-74.530612244898
"SCEW_2_PDRP159",212534,1,8.14,10.77,0.323095823095823,0,1441,0,1441,0.676904176904177
"SCEW_2_PDRP159",124493,1,7.28,10,0.373626373626374,0,18541,0,18541,0.626373626373626
"SCEW_2_PDRP159",905952,1,8.14,2,0.754299754299754,0,1,0,1,0.245700245700246
"SCEW_2_PDRP159",978009,1,8.14,2,0.754299754299754,0,1,0,1,0.245700245700246
"SCEW_2_PDRP159",151875,1,8.14,1.59,0.804668304668305,0,1441,0,1441,0.195331695331695
"SCEW_2_PDRP160",368224,1,4.58,4,0.126637554585153,0,23401,0,23401,0.873362445414847
"SCEW_2_PDRP160",270946,1,5.26,2,0.619771863117871,0,3601,0,3601,0.380228136882129
"SCEW_2_PDRP160",905952,1,5.26,2,0.619771863117871,0,1,0,1,0.380228136882129
"SCEW_2_PDRP160",978009,1,5.26,2,0.619771863117871,0,1,0,1,0.380228136882129
"SCEW_2_PDRP160",151875,1,5.26,1.59,0.697718631178707,0,1441,0,1441,0.302281368821293
"SCEW_2_PDRP163",124493,1,8.19,10,0.221001221001221,0,18541,0,18541,0.778998778998779
"SCEW_2_PDRP163",368224,1,8.19,4,0.511599511599512,0,23401,0,23401,0.488400488400488
"SCEW_2_PDRP163",270946,1,8.08,2,0.752475247524752,0,3601,0,3601,0.247524752475248
"SCEW_2_PDRP163",100733,1,8.19,15,0.831501831501832,0,1381,0,1381,0.168498168498168
"SCEW_2_PDRP163",201736,1,8.19,1,0.877899877899878,0,26701,0,26701,0.122100122100122
"SCEW_2_PDRP167",124493,1,9.42,10,0.0615711252653928,0,18541,0,18541,0.938428874734607
"SCEW_2_PDRP167",135881,1,10.36,18,0.737451737451738,0,0,0,0,0.262548262548262
"SCEW_2_PDRP167",150919,1,9.42,20,1.12314225053079,0,600,0,600,-0.123142250530786
"SCEW_2_PDRP167",177935,1,9.42,25,1.65392781316348,0,60,0,60,-0.653927813163482
"SCEW_2_PDRP167",103700,1,10.36,42,3.05405405405405,0,60,0,60,-2.05405405405405
"SCEW_2_PDRP35",175361,1,4.11,120,28.1970802919708,0,31741,0,31741,-27.1970802919708
"SCEW_2_PDRP85",135881,1,8.77,18,1.05245153933865,0,0,0,0,-0.0524515393386547
"SCEW_2_PDRP85",361629,1,7.96,36,3.52261306532663,0,900,0,900,-2.52261306532663
"SCEW_2_PDRP85",103700,1,8.77,42,3.78905359179019,0,60,0,60,-2.78905359179019
"SCEW_2_PDRP85",185626,1,7.96,49,5.15577889447236,0,900,0,900,-4.15577889447236
"SCEW_2_PDRP85",664900,1,7.96,49,5.15577889447236,0,900,0,900,-4.15577889447236
"SCEW_2_PDRP89",135881,1,8.72,18,1.06422018348624,0,0,0,0,-0.0642201834862384
"SCEW_2_PDRP89",103700,1,8.72,42,3.81651376146789,0,60,0,60,-2.81651376146789
"SCEW_2_PDRP89",178982,1,8.72,83,8.51834862385321,0,480,0,480,-7.51834862385321
"SCEW_2_PDRP89",108122,1,8.72,200,21.9357798165138,0,300,0,300,-20.9357798165138
"SCEW_2_PDRP89",199332,1,8.72,200,21.9357798165138,0,240,0,240,-20.9357798165138
"SCEW_2_RDRR08",108268,1,214,211,0.014018691588785,0,35735,0,35735,0.985981308411215
"SCEW_2_RDRR08",133364,1,214,205,0.0420560747663551,0,120,0,120,0.957943925233645
"SCEW_2_RDRR08",950113,1,214,200,0.0654205607476635,-1,361,1,361,0.934579439252336
"SCEW_2_RDRR08",569078,1,214,170,0.205607476635514,0,360,0,360,0.794392523364486
"SCEW_2_RDRR08",209289,1,214,150,0.299065420560748,-1,721,1,721,0.700934579439252
"SCEW_2_RDRR25",108268,1,32.19,211,5.55483069276173,0,35580,0,35580,-4.55483069276173
"SCEW_2_RDRR26",108268,1,19.54,211,9.79836233367451,0,35580,0,35580,-8.79836233367451
"SCHD_1_RDRR08",162314,1,120,131,0.0916666666666667,0,1440,0,1440,0.908333333333333
"SCHD_1_RDRR08",191282,1,120,144,0.2,0,360,0,360,0.8
"SCHD_1_RDRR08",209289,1,120,150,0.25,-1,721,1,721,0.75
"SCHD_1_RDRR08",924856,1,120,150,0.25,-1,721,1,721,0.75
"SCHD_1_RDRR08",570814,1,120,75,0.375,0,1440,0,1440,0.625
"SCHD_1_RDRR11",108268,1,24.08,211,7.7624584717608,0,35580,0,35580,-6.7624584717608
"SCHLTE_1_PL1X3",530568,2,336.04,400,0.190334483990001,0,711,0,711,1.61933103202
"SCHLTE_1_PL1X3",213655,2,336.04,230,0.315557671705749,-0.5,2923.5,0.5,2923.5,1.3688846565885
"SCHLTE_1_PL1X3",259929,2,336.04,220,0.345316033805499,0,21,0,21,1.309367932389
"SCHLTE_1_PL1X3",131888,2,336.04,193,0.425663611474824,0,40971,0,40971,1.14867277705035
"SCHLTE_1_PL1X3",190943,1,336.04,330,0.0179740507082491,0,6480,0,6480,0.982025949291751
"SCHNDR_1_FIVPTS",120392,1,15,7,0.533333333333333,0,7,0,7,0.466666666666667
"SCHNDR_1_FIVPTS",134471,1,15,27.2,0.813333333333333,0,576,0,576,0.186666666666667
"SCHNDR_1_FIVPTS",313257,1,15,1,0.933333333333333,0,696,0,696,0.0666666666666667
"SCHNDR_1_FIVPTS",176644,1,15,49.5,2.3,0,61416,0,61416,-1.3
"SCHNDR_1_FIVPTS",491191,1,15,49.5,2.3,0,18216,0,18216,-1.3
"SCHNDR_1_WSTSDE",261146,2,15,13.6,0.0933333333333334,-1,126,1,126,1.81333333333333
"SCHNDR_1_WSTSDE",603185,2,15,17,0.133333333333333,-1,126,1,126,1.73333333333333
"SCHNDR_1_WSTSDE",217748,2,15,19.12,0.274666666666667,-1,126,1,126,1.45066666666667
"SCHNDR_1_WSTSDE",159086,2,15,20,0.333333333333333,-1,126,1,126,1.33333333333333
"SCHNDR_1_WSTSDE",819306,2,15,20,0.333333333333333,-1,66,1,66,1.33333333333333
"SCNW_6_PDRP05",175361,1,1.1,120,108.090909090909,0,31741,0,31741,-107.090909090909
"SCNW_6_PDRP57",368224,1,1.58,4,1.53164556962025,0,7201,0,7201,-0.531645569620253
"SCNW_6_PDRP57",668559,1,1.58,18,10.3924050632911,0,15421,0,15421,-9.39240506329114
"SCNW_6_PDRP57",197371,1,1.58,25,14.8227848101266,0,59941,0,59941,-13.8227848101266
"SCNW_6_PDRP57",646375,1,1.12,88,77.5714285714286,0,35521,0,35521,-76.5714285714286
"SCNW_6_PDRP57",652315,1,1.58,225,141.405063291139,0,21181,0,21181,-140.405063291139
"SCNW_6_PDRP61",197004,1,3.02,1,0.66887417218543,0,1441,0,1441,0.33112582781457
"SCNW_6_PDRP61",108706,1,3.02,12.51,3.14238410596026,0,10081,0,10081,-2.14238410596026
"SCNW_6_PDRP61",839810,1,3.02,26.61,7.8112582781457,0,10081,0,10081,-6.8112582781457
"SCNW_6_PDRP61",851690,1,3.02,30,8.93377483443709,0,9541,0,9541,-7.93377483443709
"SCNW_6_PDRP61",956804,1,3.02,46.42,14.3708609271523,0,10081,0,10081,-13.3708609271523
"SCNW_6_RDRR08",800488,1,19,3.43,0.819473684210526,0,95,0,95,0.180526315789474
"SCNW_6_RDRR08",938754,1,19,0.52,0.972631578947368,-1,961,1,961,0.0273684210526316
"SCNW_6_RDRR08",570814,1,19,75,2.94736842105263,0,1440,0,1440,-1.94736842105263
"SCNW_6_RDRR08",162314,1,19,131,5.89473684210526,0,1440,0,1440,-4.89473684210526
"SCNW_6_RDRR08",191282,1,19,144,6.57894736842105,0,360,0,360,-5.57894736842105
"SCNW_6_RDRR10",108268,1,16.3,211,11.9447852760736,0,35580,0,35580,-10.9447852760736
"SEARLS_1_TS3SR1",714921,2,2,2,0,0,101.5,0,101.5,2
"SEARLS_1_TS3SR1",146475,1,2,6.2,2.1,0,2205,0,2205,-1.1
"SEARLS_1_TS3SR1",135881,1,2,18,8,0,105,0,105,-7
"SEARLS_1_TS3SR1",561157,1,2,40,19,0,2205,0,2205,-18
"SEARLS_1_TS3SR1",135013,1,2,46,22,0,38,0,38,-21
"SEARLS_7_ARGUS",581105,1,19,3,0.842105263157895,0,88,0,88,0.157894736842105
"SEARLS_7_ARGUS",102701,1,19,70,2.68421052631579,0,868,0,868,-1.68421052631579
"SEARLS_7_ARGUS",683398,1,19,200,9.52631578947368,0,60,0,60,-8.52631578947368
"SEARLS_7_ARGUS",196506,1,19,227,10.9473684210526,0,2700,0,2700,-9.94736842105263
"SEGS_1_SR2SL2",102291,3,20,20,0,0,230,0,230,3
"SEGS_1_SR2SL2",591854,3,20,26.65,0.3325,-0.333333333333333,394.666666666667,0.333333333333333,394.666666666667,2.0025
"SEGS_1_SR2SL2",181841,2,20,20,0,0,334.5,0,334.5,2
"SEGS_1_SR2SL2",916581,2,20,20,0,0,334.5,0,334.5,2
"SEGS_1_SR2SL2",217748,2,20,19.12,0.044,0,334.5,0,334.5,1.912
"SENTNL_2_CTG1",568837,2,107.68,104.16,0.0326894502228827,-2.5,217,2.5,217,1.93462109955423
"SENTNL_2_CTG1",131086,2,107.68,63,0.414933135215453,-2.5,997,2.5,997,1.17013372956909
"SENTNL_2_CTG1",362805,1,107.68,112,0.0401188707280831,1,61,1,61,0.959881129271917
"SENTNL_2_CTG1",911243,2,107.68,48,0.554234769687964,0,27358.5,0,27358.5,0.891530460624071
"SENTNL_2_CTG1",131041,1,107.68,93,0.136329866270431,-3,60,3,60,0.863670133729569
"SENTNL_2_CTG2",568837,1,104.19,104.16,0.000287935502447463,0,195,0,195,0.999712064497553
"SENTNL_2_CTG2",556956,1,104.19,104.5,0.00297533352529036,0,443,0,443,0.99702466647471
"SENTNL_2_CTG2",775503,1,104.19,111,0.0653613590555716,0,23,0,23,0.934638640944428
"SENTNL_2_CTG2",911243,2,104.19,48,0.539303196084077,0,25917,0,25917,0.921393607831846
"SENTNL_2_CTG2",131041,1,104.19,93,0.107399942412899,-3,60,3,60,0.8926000575871
"SENTNL_2_CTG3",175361,1,105.69,120,0.135395969344309,5,289,5,289,0.864604030655691
"SENTNL_2_CTG3",163497,1,105.69,90,0.148453022991768,1,43441,1,43441,0.851546977008232
"SENTNL_2_CTG3",351735,1,105.69,85,0.195761188381115,0,NA,0,NA,0.804238811618885
"SENTNL_2_CTG3",132102,1,105.69,79,0.25253098684833,5,349,5,349,0.74746901315167
"SENTNL_2_CTG3",121745,1,105.69,75,0.290377519159807,5,469,5,469,0.709622480840193
"SENTNL_2_CTG4",556956,1,106.55,104.5,0.019239793524167,0,443,0,443,0.980760206475833
"SENTNL_2_CTG4",568837,1,106.55,104.16,0.0224307836696387,0,195,0,195,0.977569216330361
"SENTNL_2_CTG4",775503,1,106.55,111,0.0417644298451432,0,23,0,23,0.958235570154857
"SENTNL_2_CTG4",131041,1,106.55,93,0.127170342562177,-3,60,3,60,0.872829657437823
"SENTNL_2_CTG4",106021,1,106.55,123,0.154387611450023,0,1403,0,1403,0.845612388549976
"SENTNL_2_CTG5",568837,1,107.52,104.16,0.03125,0,195,0,195,0.96875
"SENTNL_2_CTG5",131041,1,107.52,93,0.135044642857143,-3,60,3,60,0.864955357142857
"SENTNL_2_CTG5",422957,1,107.52,84,0.21875,-3,1080,3,1080,0.78125
"SENTNL_2_CTG5",877294,1,107.52,75,0.302455357142857,-3,300,3,300,0.697544642857143
"SENTNL_2_CTG5",288336,1,107.52,67.5,0.372209821428571,-3,60,3,60,0.627790178571429
"SENTNL_2_CTG6",568837,1,105,104.16,0.00800000000000003,0,195,0,195,0.992
"SENTNL_2_CTG6",131041,1,105,93,0.114285714285714,-3,60,3,60,0.885714285714286
"SENTNL_2_CTG6",422957,1,105,84,0.2,-3,1080,3,1080,0.8
"SENTNL_2_CTG6",877294,1,105,75,0.285714285714286,-3,300,3,300,0.714285714285714
"SENTNL_2_CTG6",288336,1,105,67.5,0.357142857142857,-3,60,3,60,0.642857142857143
"SENTNL_2_CTG7",627030,1,106.73,60,0.43783378618945,5,366,5,366,0.56216621381055
"SENTNL_2_CTG7",294276,1,106.73,50,0.531528155157875,5,1206,5,1206,0.468471844842125
"SENTNL_2_CTG7",717058,1,106.73,50,0.531528155157875,5,366,5,366,0.468471844842125
"SENTNL_2_CTG7",710387,1,106.73,46.66,0.562822074393329,0,9145,0,9145,0.437177925606671
"SENTNL_2_CTG7",921125,1,106.73,32.19,0.69839782629064,0,9145,0,9145,0.30160217370936
"SENTNL_2_CTG8",568837,1,106.85,104.16,0.0251754796443612,0,195,0,195,0.974824520355639
"SENTNL_2_CTG8",131041,1,106.85,93,0.12962096396818,-3,60,3,60,0.87037903603182
"SENTNL_2_CTG8",422957,1,106.85,84,0.213851193261582,-3,1080,3,1080,0.786148806738418
"SENTNL_2_CTG8",877294,1,106.85,75,0.298081422554984,-3,300,3,300,0.701918577445016
"SENTNL_2_CTG8",288336,1,106.85,67.5,0.368273280299485,-3,60,3,60,0.631726719700515
"SGREGY_6_SANGER",555191,1,48.3,48.35,0.00103519668737069,0,34561,0,34561,0.998964803312629
"SGREGY_6_SANGER",911243,1,48.3,48,0.00621118012422354,0,NA,0,NA,0.993788819875776
"SGREGY_6_SANGER",155479,1,48.3,49.8,0.031055900621118,0,2641,0,2641,0.968944099378882
"SGREGY_6_SANGER",506140,1,48.3,50,0.0351966873706005,0,325,0,325,0.9648033126294
"SGREGY_6_SANGER",429981,1,48.3,53,0.0973084886128365,0,240,0,240,0.902691511387164
"SHAFTR_1_HWYSR1",166958,1,2.25,10,3.44444444444444,0,1500,0,1500,-2.44444444444444
"SHAFTR_1_HWYSR1",699408,1,2.25,40,16.7777777777778,0,5760,0,5760,-15.7777777777778
"SHAFTR_1_HWYSR1",959475,1,2.25,169,74.1111111111111,0,17340,0,17340,-73.1111111111111
"SHAFTR_1_HWYSR1",357513,1,2.25,175.67,77.0755555555556,0,10560,0,10560,-76.0755555555556
"SHAFTR_1_HWYSR1",124785,1,2.25,275,121.222222222222,0,5820,0,5820,-120.222222222222
"SHANDN_2_SBBBM1",124493,1,2.6,10,2.84615384615385,0,480,0,480,-1.84615384615385
"SHANDN_2_SBBBM1",197335,1,2.6,11.07,3.25769230769231,0,4380,0,4380,-2.25769230769231
"SHANDN_2_SBBBM1",114767,1,2.6,24.75,8.51923076923077,0,6060,0,6060,-7.51923076923077
"SHANDN_2_SBBBM1",749591,1,2.6,25,8.61538461538461,0,10500,0,10500,-7.61538461538461
"SHANDN_2_SBBBM1",949253,1,2.6,49,17.8461538461538,0,2820,0,2820,-16.8461538461538
"SHUTLE_6_RUISR1",149369,1,1.5,175,115.666666666667,0,1740,0,1740,-114.666666666667
"SHUTLE_6_RUISR2",149369,1,1.5,175,115.666666666667,0,1740,0,1740,-114.666666666667
"SHUTLE_6_RUISR3",149369,1,1,175,174,0,1740,0,1740,-173
"SIERRA_1_UNITS",915712,1,52.43,50,0.0463475109670036,1,510,1,510,0.953652489032996
"SIERRA_1_UNITS",935836,1,52.43,50,0.0463475109670036,1,3240,1,3240,0.953652489032996
"SIERRA_1_UNITS",599767,1,52.43,68,0.296967385084875,1,1170,1,1170,0.703032614915125
"SIERRA_1_UNITS",124287,1,52.43,26,0.504100705702842,1,510,1,510,0.495899294297158
"SIERRA_1_UNITS",135881,1,52.43,18,0.656685103948121,1,1170,1,1170,0.343314896051879
"SIGHEB_6_HE2SCEDYN",461606,1,28,30,0.0714285714285714,0,660,0,660,0.928571428571429
"SIGHEB_6_HE2SCEDYN",742465,1,28,25,0.107142857142857,0,9300,0,9300,0.892857142857143
"SIGHEB_6_HE2SCEDYN",114767,1,28,24.75,0.116071428571429,0,420,0,420,0.883928571428571
"SIGHEB_6_HE2SCEDYN",987235,1,28,24.75,0.116071428571429,0,420,0,420,0.883928571428571
"SIGHEB_6_HE2SCEDYN",928357,1,28,24,0.142857142857143,0,9300,0,9300,0.857142857142857
"SIGHEB_6_MIRDYN",222735,1,17,10.4,0.388235294117647,0,360,0,360,0.611764705882353
"SIGHEB_6_MIRDYN",757517,1,17,0.96,0.943529411764706,0,9000,0,9000,0.0564705882352942
"SIGHEB_6_MIRDYN",440066,1,17,0.86,0.949411764705882,0,360,0,360,0.0505882352941176
"SIGHEB_6_MIRDYN",385341,1,17,0.84,0.950588235294118,0,360,0,360,0.0494117647058824
"SIGHEB_6_MIRDYN",125554,1,17,0.29,0.982941176470588,0,360,0,360,0.0170588235294117
"SISPRG_2_DS3BT1",185626,18,61.5,49,0.203252032520325,0.611111111111111,716.666666666667,0.611111111111111,716.666666666667,14.3414634146341
"SISPRG_2_DS3BT1",664900,18,61.5,49,0.203252032520325,0.611111111111111,716.666666666667,0.611111111111111,716.666666666667,14.3414634146341
"SISPRG_2_DS3BT1",512382,6,61.5,53.5,0.130081300813008,0,1000,0,1000,5.21951219512195
"SISPRG_2_DS3BT1",420763,8,61.5,40,0.349593495934959,0.875,1132.5,0.875,1132.5,5.20325203252033
"SISPRG_2_DS3BT1",949253,6,61.5,49,0.201775608338163,0,950.166666666667,0,950.166666666667,4.78934634997102
"SISPRG_2_DS3BT2",917893,3,60,60,0,0,0,0,0,3
"SISPRG_2_DS3BT2",949253,3,60,49,0.183333333333333,0,140,0,140,2.45
"SISPRG_2_DS3BT2",213716,5,60,96,0.602136894824708,0,111.4,0,111.4,1.98931552587646
"SISPRG_2_DS3BT2",513545,5,60,96,0.602136894824708,0,111.4,0,111.4,1.98931552587646
"SISPRG_2_DS3BT2",285753,2,60,65,0.0833333333333333,0,388,0,388,1.83333333333333
"SISPRG_2_DS3BT3",903445,27,12.5,16.76,0.3408,1,506.666666666667,1,506.666666666667,17.7984
"SISPRG_2_DS3BT3",686125,10,12.5,8,0.36,1,762,1,762,6.4
"SISPRG_2_DS3BT3",331315,12,12.5,20,0.6,1,1500,1,1500,4.8
"SISPRG_2_DS3BT3",699923,4,12.5,16,0.28,1,11760,1,11760,2.88
"SISPRG_2_DS3BT3",905952,15,12.5,2,0.84,1,1692,1,1692,2.4
"SISPRG_2_DS3BT4",903445,15,15,16.76,0.117333333333333,0.266666666666667,2712.06666666667,0.266666666666667,2712.06666666667,13.24
"SISPRG_2_DS3BT4",331315,12,15,20,0.333333333333333,0.0833333333333333,1275,0.0833333333333333,1275,8
"SISPRG_2_DS3BT4",686125,12,15,8,0.466666666666667,0.0833333333333333,2095,0.25,2095,6.4
"SISPRG_2_DS3BT4",699923,5,15,16,0.0666666666666667,0.2,9360,0.2,9360,4.66666666666667
"SISPRG_2_DS3BT4",214685,6,15,20,0.333333333333333,0.166666666666667,80,0.166666666666667,80,4
"SISPRG_2_DS3SR1",152145,77,123,105,0.146341463414634,0,0,0,0,65.7317073170732
"SISPRG_2_DS3SR1",173313,56,123,100,0.186991869918699,0,0,0,0,45.5284552845528
"SISPRG_2_DS3SR1",145233,33,123,125,0.016260162601626,0,15.5151515151515,0,15.5151515151515,32.4634146341463
"SISPRG_2_DS3SR1",115494,66,123,56,0.544715447154472,0,0,0,0,30.0487804878049
"SISPRG_2_DS3SR1",178559,61,123,60,0.51219512195122,0,32.4590163934426,0,32.4590163934426,29.7560975609756
"SISPRG_2_DS3SR2",234172,3,110,74,0.327272727272727,0,240,0,240,2.01818181818182
"SISPRG_2_DS3SR2",204700,2,110,110,0,0,60,0,60,2
"SISPRG_2_DS3SR2",152145,2,110,105,0.0454545454545455,0,120,0,120,1.90909090909091
"SISPRG_2_DS3SR2",556956,2,110,104.5,0.05,0,774.5,0,774.5,1.9
"SISPRG_2_DS3SR2",199791,2,110,102,0.0727272727272727,0,120,0,120,1.85454545454545
"SISPRG_2_DS3SR3",115494,114,50,56,0.12,0,11.0614035087719,0,11.0614035087719,100.32
"SISPRG_2_DS3SR3",133547,114,50,56,0.12,0,11.0614035087719,0,11.0614035087719,100.32
"SISPRG_2_DS3SR3",180457,114,50,40,0.2,0,11.0614035087719,0,11.0614035087719,91.2
"SISPRG_2_DS3SR3",975528,114,50,26,0.48,0,11.0614035087719,0,11.0614035087719,59.28
"SISPRG_2_DS3SR3",852416,88,50,33,0.34,0,1.36363636363636,0,1.36363636363636,58.08
"SISPRG_2_DS3SR4",261146,77,17,13.6,0.2,0,20.2987012987013,0,20.2987012987013,61.6
"SISPRG_2_DS3SR4",799732,81,17,12,0.294117647058824,0,19.2962962962963,0,19.2962962962963,57.1764705882353
"SISPRG_2_DS3SR4",376549,95,17,10,0.411764705882353,0,16.4526315789474,0,16.4526315789474,55.8823529411765
"SISPRG_2_DS3SR4",181841,66,17,20,0.176470588235294,0,18.2121212121212,0,18.2121212121212,54.3529411764706
"SISPRG_2_DS3SR4",779880,81,17,11,0.352941176470588,0,19.2962962962963,0,19.2962962962963,52.4117647058823
"SKERN_6_SOLAR1",102291,1,20,20,0,0,17,0,17,1
"SKERN_6_SOLAR1",181841,1,20,20,0,0,17,0,17,1
"SKERN_6_SOLAR1",916581,1,20,20,0,0,17,0,17,1
"SKERN_6_SOLAR1",217748,1,20,19.12,0.044,0,17,0,17,0.956
"SKERN_6_SOLAR1",482688,1,20,17,0.15,0,77,0,77,0.85
"SKERN_6_SOLAR2",124493,1,10,10,0,0,618,0,618,1
"SKERN_6_SOLAR2",376549,1,10,10,0,0,18,0,18,1
"SKERN_6_SOLAR2",279660,1,10,9.5,0.05,0,18,0,18,0.95
"SKERN_6_SOLAR2",779880,1,10,11,0.1,0,18,0,18,0.9
"SKERN_6_SOLAR2",799732,1,10,12,0.2,0,18,0,18,0.8
"SLATE_2_SLASR1",997249,9,50.5,50.5,0,0,178.555555555556,0,178.555555555556,9
"SLATE_2_SLASR1",208011,8,50.5,55.83,0.105544554455446,0,184.625,0,184.625,7.15564356435644
"SLATE_2_SLASR1",148758,7,50.5,50,0.0099009900990099,0,211,0,211,6.93069306930693
"SLATE_2_SLASR1",973878,7,50.5,50,0.0099009900990099,0,219.571428571429,0,219.571428571429,6.93069306930693
"SLATE_2_SLASR1",736984,6,50.5,54,0.0693069306930693,0,197,0,197,5.58415841584158
"SLATE_2_SLASR2",556956,9,93,104.5,0.123655913978495,0,906.666666666667,0,906.666666666667,7.88709677419355
"SLATE_2_SLASR2",204700,6,93,110,0.182795698924731,-1.5,372.5,1.5,372.5,4.90322580645161
"SLATE_2_SLASR2",705142,6,93,62.5,0.327956989247312,-1.5,372.5,1.5,372.5,4.03225806451613
"SLATE_2_SLASR2",123110,5,93,115,0.236559139784946,-0.8,720,0.8,720,3.81720430107527
"SLATE_2_SLASR2",331013,4,93,100,0.0752688172043011,0,504,0,504,3.6989247311828
"SLATE_2_SLASR3",124287,8,67.5,26,0.614814814814815,-0.25,416.625,1,416.625,3.08148148148148
"SLATE_2_SLASR3",705142,3,67.5,62.5,0.0740740740740741,-1.66666666666667,458.333333333333,1.66666666666667,458.333333333333,2.77777777777778
"SLATE_2_SLASR3",170732,3,67.5,74,0.0962962962962963,0,620,0,620,2.71111111111111
"SLATE_2_SLASR3",556956,5,67.5,104.5,0.548148148148148,0.6,1392.2,0.6,1392.2,2.25925925925926
"SLATE_2_SLASR3",997249,3,67.5,50.5,0.251851851851852,0,164.666666666667,0,164.666666666667,2.24444444444444
"SLATE_2_SLASR4",288336,7,63,67.5,0.0714285714285714,0,42.8571428571429,0,42.8571428571429,6.5
"SLATE_2_SLASR4",857430,7,63,50,0.206349206349206,0,797.142857142857,0,797.142857142857,5.55555555555556
"SLATE_2_SLASR4",556956,14,63,104.5,0.658730158730159,0,820.714285714286,0,820.714285714286,4.77777777777778
"SLATE_2_SLASR4",965468,6,63,80,0.26984126984127,0,490.833333333333,0,490.833333333333,4.38095238095238
"SLATE_2_SLASR4",611344,4,63,61,0.0317460317460317,0,0,0,0,3.87301587301587
"SLATE_2_SLASR5",159086,48,26,20,0.230769230769231,-0.145833333333333,516.458333333333,0.145833333333333,516.458333333333,36.9230769230769
"SLATE_2_SLASR5",565664,42,26,20,0.230769230769231,-0.19047619047619,397.071428571429,0.285714285714286,397.071428571429,32.3076923076923
"SLATE_2_SLASR5",124287,25,26,26,0,-0.36,389.8,0.52,389.8,25
"SLATE_2_SLASR5",819306,27,26,20,0.230769230769231,-0.481481481481481,464.518518518519,0.481481481481481,464.518518518519,20.7692307692308
"SLATE_2_SLASR5",591854,21,26,26.65,0.0249999999999999,-0.476190476190476,474.380952380952,0.476190476190476,474.380952380952,20.475
"SLRMS3_2_SRMSR1",107681,11,250,223.6,0.1056,0,13.8181818181818,0,13.8181818181818,9.8384
"SLRMS3_2_SRMSR1",723063,7,250,250,0,0,0.142857142857143,0,0.142857142857143,7
"SLRMS3_2_SRMSR1",576455,11,250,150,0.4,0,35.6363636363636,0,35.6363636363636,6.6
"SLRMS3_2_SRMSR1",784426,7,250,200,0.2,0,0.142857142857143,0,0.142857142857143,5.6
"SLRMS3_2_SRMSR1",277359,11,250,125,0.5,0,35.6363636363636,0,35.6363636363636,5.5
"SLST13_2_SOLAR1",529747,12,107.6,75,0.302973977695167,-0.916666666666667,131.833333333333,0.916666666666667,131.833333333333,8.36431226765799
"SLST13_2_SOLAR1",178559,11,107.6,60,0.442379182156134,-1,171.090909090909,1,171.090909090909,6.13382899628253
"SLST13_2_SOLAR1",118279,6,107.6,100,0.070631970260223,-1,80,1,80,5.57620817843866
"SLST13_2_SOLAR1",685873,12,107.6,40,0.628252788104089,-1,166.833333333333,1,166.833333333333,4.46096654275093
"SLST13_2_SOLAR1",152145,4,107.6,105,0.0241635687732342,-1,105,1,105,3.90334572490706
"SLSTR1_2_SOLAR1",126469,2,310,374,0.206451612903226,0,240,0,240,1.58709677419355
"SLSTR1_2_SOLAR1",650619,1,310,309,0.0032258064516129,0,780,0,780,0.996774193548387
"SLSTR1_2_SOLAR1",124785,1,310,275,0.112903225806452,0,46290,0,46290,0.887096774193548
"SLSTR1_2_SOLAR1",203395,1,310,275,0.112903225806452,0,0,0,0,0.887096774193548
"SLSTR1_2_SOLAR1",925285,1,310,350,0.129032258064516,0,930,0,930,0.870967741935484
"SLSTR2_2_SOLAR2",723063,4,276,250,0.0942028985507246,-1.25,96.5,1.25,96.5,3.6231884057971
"SLSTR2_2_SOLAR2",107681,4,276,223.6,0.189855072463768,-1.25,111.5,1.25,111.5,3.24057971014493
"SLSTR2_2_SOLAR2",231017,4,276,200,0.27536231884058,-1.25,96.5,1.25,96.5,2.89855072463768
"SLSTR2_2_SOLAR2",784426,4,276,200,0.27536231884058,-1.25,96.5,1.25,96.5,2.89855072463768
"SLSTR2_2_SOLAR2",334381,4,276,150,0.456521739130435,-1.25,96.5,1.25,96.5,2.17391304347826
"SLUISP_2_UNITS",286209,1,374.43,378,0.00953449242849129,0,900,0,900,0.990465507571509
"SLUISP_2_UNITS",151024,1,374.43,350,0.0652458403439895,0,1860,0,1860,0.93475415965601
"SLUISP_2_UNITS",157710,1,374.43,430,0.14841225329167,0,5220,0,5220,0.85158774670833
"SLUISP_2_UNITS",482638,1,374.43,242,0.35368426675213,0,196,0,196,0.64631573324787
"SLUISP_2_UNITS",530607,1,374.43,242,0.35368426675213,0,196,0,196,0.64631573324787
"SLYCRK_1_UNIT 1",434763,5,13,10.57,0.186923076923077,0,344.6,0,344.6,4.06538461538462
"SLYCRK_1_UNIT 1",348028,1,13,15,0.153846153846154,0,360,0,360,0.846153846153846
"SLYCRK_1_UNIT 1",204341,1,13,7.5,0.423076923076923,0,88448,0,88448,0.576923076923077
"SLYCRK_1_UNIT 1",256419,1,13,4,0.692307692307692,1,15,1,15,0.307692307692308
"SLYCRK_1_UNIT 1",906818,1,13,4,0.692307692307692,1,15,1,15,0.307692307692308
"SMPRIP_1_SMPSON",134647,2,46.05,25,0.457111834961998,0,888.5,0,888.5,1.085776330076
"SMPRIP_1_SMPSON",949253,1,46.05,49,0.0640608034744843,0,376,0,376,0.935939196525516
"SMPRIP_1_SMPSON",159511,1,46.05,43,0.0662323561346362,0,616,0,616,0.933767643865364
"SMPRIP_1_SMPSON",100966,1,46.05,51,0.107491856677524,0,2175,0,2175,0.892508143322476
"SMPRIP_1_SMPSON",374311,1,46.05,40,0.131378935939196,0,436,0,436,0.868621064060804
"SMRCOS_6_LNDFIL",101363,1,1.5,11,6.33333333333333,0,60,0,60,-5.33333333333333
"SMRCOS_6_LNDFIL",100966,1,1.5,51,33,0,420,0,420,-32
"SMRCOS_6_LNDFIL",791910,1,1.5,235,155.666666666667,0,60,0,60,-154.666666666667
"SMRCOS_6_LNDFIL",156654,1,1.5,280,185.666666666667,0,3240,0,3240,-184.666666666667
"SMRCOS_6_LNDFIL",664473,1,1.5,510,339,0,60,0,60,-338
"SMYRNA_1_DL1SR1",800488,1,1,3.43,2.43,4,660,4,660,-1.43
"SMYRNA_1_DL1SR1",222735,1,1,10.4,9.4,4,360,4,360,-8.4
"SMYRNA_1_DL1SR1",134471,1,1,27.2,26.2,4,420,4,420,-25.2
"SMYRNA_1_DL1SR1",189190,1,1,40,39,4,900,4,900,-38
"SMYRNA_1_DL1SR1",100966,1,1,51,50,4,900,4,900,-49
"SNCLRA_2_HOWLNG",164152,3,12.71,15,0.180173092053501,0,580,0,580,2.4594807238395
"SNCLRA_2_HOWLNG",131964,2,12.71,13.53,0.0645161290322579,0,60,0,60,1.87096774193548
"SNCLRA_2_HOWLNG",125901,2,12.71,14,0.101494885916601,0,600,0,600,1.7970102281668
"SNCLRA_2_HOWLNG",376549,2,12.71,10,0.213217938630999,0,30,0,30,1.573564122738
"SNCLRA_2_HOWLNG",108706,1,12.71,12.51,0.0157356412273801,0,1080,0,1080,0.98426435877262
"SNCLRA_2_SILBT1",589439,17,11,13,0.181818181818182,0,513.647058823529,0,513.647058823529,13.9090909090909
"SNCLRA_2_SILBT1",135881,16,11,18,0.636363636363636,0,465.875,0,465.875,5.81818181818182
"SNCLRA_2_SILBT1",125901,5,11,14,0.272727272727273,0,470.6,0,470.6,3.63636363636364
"SNCLRA_2_SILBT1",101363,3,11,11,0,0,3580,0,3580,3
"SNCLRA_2_SILBT1",218483,3,11,10,0.0909090909090909,0,220,0,220,2.72727272727273
"SNCLRA_2_UNIT1",194982,3,27.8,35,0.258992805755396,0,478,0,478,2.22302158273381
"SNCLRA_2_UNIT1",204429,1,27.8,22,0.20863309352518,3,420,3,420,0.79136690647482
"SNCLRA_2_UNIT1",933839,1,27.8,20,0.280575539568345,-5,6645,5,6645,0.719424460431655
"SNCLRA_2_UNIT1",126265,1,27.8,38,0.366906474820144,0,1200,0,1200,0.633093525179856
"SNCLRA_2_UNIT1",151431,1,27.8,16,0.424460431654676,-4,16,4,16,0.575539568345324
"SNCLRA_2_VESBT1",556956,2,100,104.5,0.045,0,364,0,364,1.91
"SNCLRA_2_VESBT1",710016,2,100,105.5,0.055,0,94,0,94,1.89
"SNCLRA_2_VESBT1",599767,2,100,68,0.32,0,700,0,700,1.36
"SNCLRA_2_VESBT1",208438,1,100,100,0,0,428,0,428,1
"SNCLRA_2_VESBT1",359968,1,100,103,0.03,0,4020,0,4020,0.97
"SNCLRA_6_OXGEN",426166,4,47.7,47.7,0,0,47.5,0,47.5,4
"SNCLRA_6_OXGEN",949253,1,47.7,49,0.0272536687631027,0,3360,0,3360,0.972746331236897
"SNCLRA_6_OXGEN",506140,1,47.7,50,0.0482180293501048,0,4380,0,4380,0.951781970649895
"SNCLRA_6_OXGEN",237883,1,47.7,25,0.475890985324948,0,6930,0,6930,0.524109014675052
"SNCLRA_6_OXGEN",214685,1,47.7,20,0.580712788259958,0,73,0,73,0.419287211740042
"SNCLRA_6_PROCGN",462999,1,47.9,47,0.0187891440501044,-5,1035,5,1035,0.981210855949896
"SNCLRA_6_PROCGN",170209,1,47.9,50,0.0438413361169103,-5,4035,5,4035,0.95615866388309
"SNCLRA_6_PROCGN",159511,1,47.9,43,0.102296450939457,0,12600,0,12600,0.897703549060543
"SNCLRA_6_PROCGN",285753,1,47.9,65,0.356993736951983,-5,795,5,795,0.643006263048017
"SNCLRA_6_PROCGN",411064,1,47.9,27,0.436325678496868,-1,26280,1,26280,0.563674321503131
"SNDBAR_7_UNIT 1",184635,3,16.2,11.5,0.290123456790123,0,158.333333333333,0,158.333333333333,2.12962962962963
"SNDBAR_7_UNIT 1",680975,1,16.2,16,0.0123456790123456,0,NA,0,NA,0.987654320987654
"SNDBAR_7_UNIT 1",603185,1,16.2,17,0.0493827160493828,0,695,0,695,0.950617283950617
"SNDBAR_7_UNIT 1",261146,1,16.2,13.6,0.160493827160494,0,695,0,695,0.839506172839506
"SNDBAR_7_UNIT 1",186631,1,16.2,13.5,0.166666666666667,0,695,0,695,0.833333333333333
"SNMALF_6_UNITS",905952,1,5,2,0.6,0,281,0,281,0.4
"SNMALF_6_UNITS",589439,1,5,13,1.6,0,281,0,281,-0.6
"SNMALF_6_UNITS",142368,1,5,25,4,0,240,0,240,-3
"SNMALF_6_UNITS",134471,1,5,27.2,4.44,0,161,0,161,-3.44
"SNMALF_6_UNITS",949253,1,5,49,8.8,0,1361,0,1361,-7.8
"SNORA_2_SNRSLR",148758,4,50,50,0,-1,190.25,1,190.25,4
"SNORA_2_SNRSLR",973878,4,50,50,0,-1,190.25,1,190.25,4
"SNORA_2_SNRSLR",154578,4,50,40,0.2,-1,190.25,1,190.25,3.2
"SNORA_2_SNRSLR",288336,4,50,67.5,0.35,-1,190.25,1,190.25,2.6
"SNORA_2_SNRSLR",461606,4,50,30,0.4,-1,850.25,1,850.25,2.4
"SOLBLU_2_WSBBX2",530607,3,225,242,0.0755555555555556,0,357.666666666667,0,357.666666666667,2.77333333333333
"SOLBLU_2_WSBBX2",473916,3,225,290,0.288888888888889,0,2188.33333333333,0,2188.33333333333,2.13333333333333
"SOLBLU_2_WSBBX2",213655,2,225,230,0.0222222222222222,-2.5,618,2.5,618,1.95555555555556
"SOLBLU_2_WSBBX2",183646,2,225,219.7,0.0235555555555556,0,259.5,0,259.5,1.95288888888889
"SOLBLU_2_WSBBX2",364853,2,225,242,0.0755555555555556,0,300.5,0,300.5,1.84888888888889
"SOLBLU_2_WSBSX2",723063,2,250,250,0,0,584.5,0,584.5,2
"SOLBLU_2_WSBSX2",530607,2,250,242,0.032,0,268.5,0,268.5,1.936
"SOLBLU_2_WSBSX2",334381,3,250,150,0.4,0,575,0,575,1.8
"SOLBLU_2_WSBSX2",576455,3,250,150,0.4,0,575,0,575,1.8
"SOLBLU_2_WSBSX2",183646,2,250,219.7,0.1212,0,259.5,0,259.5,1.7576
"SOUTH_2_UNIT",368224,2,7.1,4,0.436619718309859,0,515.5,0,515.5,1.12676056338028
"SOUTH_2_UNIT",818615,1,7.1,5,0.295774647887324,0,8106,0,8106,0.704225352112676
"SOUTH_2_UNIT",714921,1,7.1,2,0.71830985915493,5,133,5,133,0.28169014084507
"SOUTH_2_UNIT",211538,1,7.1,1,0.859154929577465,0,33,0,33,0.140845070422535
"SOUTH_2_UNIT",135881,2,7.1,18,1.53521126760563,2.5,37,2.5,37,-1.07042253521127
"SPAULD_6_UNIT 3",885000,2,6.5,11.7,0.8,0.5,20761,0.5,20761,0.4
"SPAULD_6_UNIT 3",714921,1,6.5,2,0.692307692307692,0,34,0,34,0.307692307692308
"SPAULD_6_UNIT 3",107470,1,6.5,11.7,0.8,0,6900,0,6900,0.2
"SPAULD_6_UNIT 3",286496,1,6.5,11.7,0.8,0,6900,0,6900,0.2
"SPAULD_6_UNIT 3",480097,1,6.5,11.7,0.8,0,6900,0,6900,0.2
"SPAULD_6_UNIT12",212534,1,11.4,10.77,0.0552631578947369,0,1,0,1,0.944736842105263
"SPAULD_6_UNIT12",260831,1,11.4,14.22,0.247368421052632,0,4321,0,4321,0.752631578947368
"SPAULD_6_UNIT12",331315,1,11.4,20,0.754385964912281,0,497,0,497,0.245614035087719
"SPAULD_6_UNIT12",424585,1,11.4,2.5,0.780701754385965,0,221761,0,221761,0.219298245614035
"SPAULD_6_UNIT12",978009,1,11.4,2,0.824561403508772,0,557,0,557,0.175438596491228
"SPBURN_2_UNIT 1",759770,1,22,24,0.0909090909090909,0,660,0,660,0.909090909090909
"SPBURN_2_UNIT 1",550763,1,22,27,0.227272727272727,0,3540,0,3540,0.772727272727273
"SPBURN_2_UNIT 1",352258,1,22,15,0.318181818181818,1,5895,1,5895,0.681818181818182
"SPBURN_2_UNIT 1",445587,1,22,10,0.545454545454545,0,NA,0,NA,0.454545454545455
"SPBURN_2_UNIT 1",284115,1,22,9.72,0.558181818181818,0,600,0,600,0.441818181818182
"SPBURN_7_SNOWMT",800488,1,3,3.43,0.143333333333333,0,420,0,420,0.856666666666667
"SPBURN_7_SNOWMT",551436,1,3,3.45,0.15,0,60,0,60,0.85
"SPBURN_7_SNOWMT",270946,1,3,2,0.333333333333333,0,NA,0,NA,0.666666666666667
"SPBURN_7_SNOWMT",636736,1,3,4.22,0.406666666666667,0,60,0,60,0.593333333333333
"SPBURN_7_SNOWMT",222735,1,3,10.4,2.46666666666667,0,60,0,60,-1.46666666666667
"SPI LI_2_UNIT 1",903445,1,17.2,16.76,0.0255813953488371,0,4860,0,4860,0.974418604651163
"SPI LI_2_UNIT 1",193972,1,17.2,19.85,0.154069767441861,2,72,2,72,0.845930232558139
"SPI LI_2_UNIT 1",517313,1,17.2,23.66,0.375581395348837,2,72,2,72,0.624418604651163
"SPI LI_2_UNIT 1",881550,1,17.2,1,0.941860465116279,2,3192,2,3192,0.0581395348837209
"SPI LI_2_UNIT 1",751583,1,17.2,-1,1.05813953488372,0,37920,0,37920,-0.058139534883721
"SPIAND_1_ANDSN2",591854,1,27.15,26.65,0.0184162062615101,-4,567,4,567,0.98158379373849
"SPIAND_1_ANDSN2",984603,1,27.15,29,0.0681399631675875,-4,567,4,567,0.931860036832412
"SPIAND_1_ANDSN2",654478,1,27.15,29.18,0.0747697974217312,-4,627,4,627,0.925230202578269
"SPIAND_1_ANDSN2",620521,1,27.15,30,0.104972375690608,-4,627,4,627,0.895027624309392
"SPIAND_1_ANDSN2",996702,1,27.15,24,0.116022099447514,5,652,5,652,0.883977900552486
"SPICER_1_UNITS",181860,10,6,6,0,0,470.5,0,470.5,10
"SPICER_1_UNITS",905952,2,6,2,0.666666666666667,0,121,0,121,0.666666666666667
"SPICER_1_UNITS",368055,1,6,3.43,0.428333333333333,0,333,0,333,0.571666666666667
"SPICER_1_UNITS",800488,1,6,3.43,0.428333333333333,0,50,0,50,0.571666666666667
"SPICER_1_UNITS",713609,1,6,3.36,0.44,0,333,0,333,0.56
"SPIFBD_1_PL1X2",103147,1,7.5,5.9,0.213333333333333,0,551,0,551,0.786666666666667
"SPIFBD_1_PL1X2",119848,1,7.5,5.9,0.213333333333333,0,551,0,551,0.786666666666667
"SPIFBD_1_PL1X2",189796,1,7.5,5.9,0.213333333333333,0,551,0,551,0.786666666666667
"SPIFBD_1_PL1X2",214587,1,7.5,5.9,0.213333333333333,0,551,0,551,0.786666666666667
"SPIFBD_1_PL1X2",354845,1,7.5,5.9,0.213333333333333,0,551,0,551,0.786666666666667
"SPOINT_2_MEADDYN",296394,1,325,12.39,0.961876923076923,0,NA,0,NA,0.0381230769230769
"SPOINT_2_PARKERDYN",296394,1,200,12.39,0.93805,0,NA,0,NA,0.06195
"SPQUIN_6_SRPCQU",851690,3,24,30,0.25,0,421.666666666667,0,421.666666666667,2.25
"SPQUIN_6_SRPCQU",206861,1,24,25,0.0416666666666667,-5,1989,5,1989,0.958333333333333
"SPQUIN_6_SRPCQU",254645,1,24,18,0.25,0,44,0,44,0.75
"SPQUIN_6_SRPCQU",110282,1,24,16,0.333333333333333,5,935,5,935,0.666666666666667
"SPQUIN_6_SRPCQU",194982,1,24,35,0.458333333333333,0,44,0,44,0.541666666666667
"SPRGAP_1_UNIT 1",184635,3,7,11.5,0.642857142857143,0,9135,0,9135,1.07142857142857
"SPRGAP_1_UNIT 1",203902,1,7,10,0.428571428571429,0,972,0,972,0.571428571428571
"SPRGAP_1_UNIT 1",222735,1,7,10.4,0.485714285714286,0,32899,0,32899,0.514285714285714
"SPRGAP_1_UNIT 1",589439,1,7,13,0.857142857142857,0,289,0,289,0.142857142857143
"SPRGAP_1_UNIT 1",937035,1,7,1,0.857142857142857,0,291,0,291,0.142857142857143
"SPRGVL_2_SUCCES",714921,1,1.4,2,0.428571428571429,0,360,0,360,0.571428571428571
"SPRGVL_2_SUCCES",978009,1,1.4,2,0.428571428571429,0,300,0,300,0.571428571428571
"SPRGVL_2_SUCCES",589439,1,1.4,13,8.28571428571429,0,300,0,300,-7.28571428571429
"SPRGVL_2_SUCCES",135881,1,1.4,18,11.8571428571429,0,360,0,360,-10.8571428571429
"SPRGVL_2_SUCCES",844001,1,1.4,18.8,12.4285714285714,0,300,0,300,-11.4285714285714
"SRINTL_6_UNIT",368224,1,6.9,4,0.420289855072464,0,99,0,99,0.579710144927536
"SRINTL_6_UNIT",865499,1,6.9,15,1.17391304347826,0,332,0,332,-0.173913043478261
"SRINTL_6_UNIT",212542,1,6.9,42.8,5.20289855072464,0,2252,0,2252,-4.20289855072464
"SRINTL_6_UNIT",915712,1,6.9,50,6.2463768115942,0,572,0,572,-5.2463768115942
"SRINTL_6_UNIT",430586,1,6.9,151,20.8840579710145,0,392,0,392,-19.8840579710145
"STANIS_7_UNIT 1",105576,2,91,91,0,0,118.5,0,118.5,2
"STANIS_7_UNIT 1",285753,1,91,65,0.285714285714286,3,402,3,402,0.714285714285714
"STANIS_7_UNIT 1",374311,1,91,40,0.56043956043956,0,1893,0,1893,0.43956043956044
"STANIS_7_UNIT 1",420763,1,91,40,0.56043956043956,0,15573,0,15573,0.43956043956044
"STANIS_7_UNIT 1",526937,1,91,10,0.89010989010989,-4,9630,4,9630,0.10989010989011
"STANTN_2_SBEBX2",877294,5,68.8,75,0.0901162790697675,0,1884,0,1884,4.54941860465116
"STANTN_2_SBEBX2",599767,4,68.8,68,0.0116279069767441,0,1125,0,1125,3.95348837209302
"STANTN_2_SBEBX2",663112,3,68.8,68.8,0,0,2320,0,2320,3
"STANTN_2_SBEBX2",420763,5,68.8,40,0.418604651162791,0,1290.4,0,1290.4,2.90697674418605
"STANTN_2_SBEBX2",121745,3,68.8,75,0.0901162790697675,0,2262.33333333333,0,2262.33333333333,2.7296511627907
"STANTN_2_STAGT1",185626,1,49.65,49,0.013091641490433,0,481,0,481,0.986908358509567
"STANTN_2_STAGT1",664900,1,49.65,49,0.013091641490433,0,481,0,481,0.986908358509567
"STANTN_2_STAGT1",949253,1,49.65,49,0.013091641490433,0,65,0,65,0.986908358509567
"STANTN_2_STAGT1",611344,1,49.65,61,0.228600201409869,0,18721,0,18721,0.771399798590131
"STANTN_2_STAGT1",194982,1,49.65,35,0.295065458207452,0,360,0,360,0.704934541792548
"STANTN_2_STAGT2",164708,1,49.65,41,0.174219536757301,0,301,0,301,0.825780463242699
"STANTN_2_STAGT2",194982,1,49.65,35,0.295065458207452,0,360,0,360,0.704934541792548
"STANTN_2_STAGT2",308877,1,49.65,75,0.510574018126888,0,121,0,121,0.489425981873112
"STANTN_2_STAGT2",570814,1,49.65,75,0.510574018126888,0,60,0,60,0.489425981873112
"STANTN_2_STAGT2",644274,1,49.65,22.5,0.546827794561934,0,361,0,361,0.453172205438066
"STIGCT_2_LODI",148758,11,49.9,50,0.00200400801603209,0,361,0,361,10.9779559118236
"STIGCT_2_LODI",973878,11,49.9,50,0.00200400801603209,0,361,0,361,10.9779559118236
"STIGCT_2_LODI",705142,13,49.9,62.5,0.25250501002004,0,301,0,301,9.71743486973948
"STIGCT_2_LODI",154578,11,49.9,40,0.198396793587174,0,361,0,361,8.81763527054108
"STIGCT_2_LODI",159511,9,49.9,43,0.138276553106212,0,360.222222222222,0,360.222222222222,7.75551102204409
"STNRES_1_UNIT",142368,1,19.9,25,0.256281407035176,0,6239,0,6239,0.743718592964824
"STNRES_1_UNIT",133003,1,19.9,35,0.758793969849246,0,359,0,359,0.241206030150754
"STNRES_1_UNIT",140162,1,19.9,94.5,3.74874371859296,0,38,0,38,-2.74874371859296
"STNRES_1_UNIT",624302,1,19.9,100,4.0251256281407,-2,19156,2,19156,-3.0251256281407
"STNRES_1_UNIT",455119,1,19.9,119,4.97989949748744,0,359,0,359,-3.97989949748744
"STOILS_1_UNITS",863132,1,56.2,128,1.27758007117438,1,198532,1,198532,-0.277580071174377
"STOILS_1_UNITS",183646,1,56.2,219.7,2.90925266903915,0,350,0,350,-1.90925266903915
"STOILS_1_UNITS",286121,1,56.2,302,4.37366548042705,0,9060,0,9060,-3.37366548042705
"STOILS_1_UNITS",264383,1,56.2,550,8.7864768683274,1,27592,1,27592,-7.7864768683274
"STRAUS_1_STRWD1",132195,1,91.2,77,0.155701754385965,0,120,0,120,0.844298245614035
"STRAUS_1_STRWD1",710016,1,91.2,105.5,0.156798245614035,0,60,0,60,0.843201754385965
"STRAUS_1_STRWD1",570814,1,91.2,75,0.177631578947368,0,23520,0,23520,0.822368421052632
"STRAUS_1_STRWD1",104026,1,91.2,50,0.451754385964912,0,1649,0,1649,0.548245614035088
"STRAUS_1_STRWD1",949253,1,91.2,49,0.462719298245614,0,180,0,180,0.537280701754386
"STROUD_6_WWHSR1",108072,1,1.5,16.8,10.2,0,61227,0,61227,-9.2
"STROUD_6_WWHSR1",183275,1,1.5,29.1,18.4,0,147,0,147,-17.4
"STROUD_6_WWHSR1",851690,1,1.5,30,19,0,17547,0,17547,-18
"STROUD_6_WWHSR1",928521,1,1.5,99.5,65.3333333333333,0,87,0,87,-64.3333333333333
"STROUD_6_WWHSR1",423784,1,1.5,100,65.6666666666667,-4,1312,4,1312,-64.6666666666667
"SUNCAT_2_A1ABT1",194982,2,47,35,0.25531914893617,-1,750,1,750,1.48936170212766
"SUNCAT_2_A1ABT1",177935,2,47,25,0.468085106382979,0,380,0,380,1.06382978723404
"SUNCAT_2_A1ABT1",241464,1,47,47,0,0,0,0,0,1
"SUNCAT_2_A1ABT1",710387,1,47,46.66,0.00723404255319156,0,220,0,220,0.992765957446808
"SUNCAT_2_A1ABT1",956804,1,47,46.42,0.0123404255319149,0,220,0,220,0.987659574468085
"SUNCAT_2_A1BBT1",208011,2,63,55.83,0.113809523809524,0,375,0,375,1.77238095238095
"SUNCAT_2_A1BBT1",127688,1,63,63,0,0,0,0,0,1
"SUNCAT_2_A1BBT1",285753,1,63,65,0.0317460317460317,0,0,0,0,0.968253968253968
"SUNCAT_2_A1BBT1",333220,1,63,65,0.0317460317460317,0,750,0,750,0.968253968253968
"SUNCAT_2_A1BBT1",418080,1,63,65,0.0317460317460317,0,750,0,750,0.968253968253968
"SUNCAT_2_A2ABT2",599767,2,132,68,0.484848484848485,-2.5,525.5,2.5,525.5,1.03030303030303
"SUNCAT_2_A2ABT2",143349,1,132,131,0.00757575757575758,0,420,0,420,0.992424242424242
"SUNCAT_2_A2ABT2",145233,1,132,125,0.053030303030303,0,420,0,420,0.946969696969697
"SUNCAT_2_A2ABT2",561276,1,132,140,0.0606060606060606,-5,6901,5,6901,0.93939393939394
"SUNCAT_2_A2ABT2",170383,1,132,118,0.106060606060606,0,60,0,60,0.893939393939394
"SUNCAT_2_A2BSR2",113238,1,40,40,0,0,1140,0,1140,1
"SUNCAT_2_A2BSR2",122409,1,40,41,0.025,0,0,0,0,0.975
"SUNCAT_2_A2BSR2",277359,1,133,125,0.0601503759398496,0,378,0,378,0.93984962406015
"SUNCAT_2_A2BSR2",676452,1,133,125,0.0601503759398496,0,378,0,378,0.93984962406015
"SUNCAT_2_A2BSR2",636428,1,40,45,0.125,0,1740,0,1740,0.875
"SUNRIS_2_PL1X3",172074,1,586.02,586,3.41285280365547e-05,0,120,0,120,0.999965871471963
"SUNRIS_2_PL1X3",539605,1,586.02,620,0.0579843691341593,0,60,0,60,0.942015630865841
"SUNRIS_2_PL1X3",567801,1,586.02,697,0.189379202075015,0,3360,0,3360,0.810620797924985
"SUNRIS_2_PL1X3",170770,1,586.02,700,0.194498481280502,0,180,0,180,0.805501518719498
"SUNRIS_2_PL1X3",622149,1,586.02,375,0.360090099314017,0,840,0,840,0.639909900685983
"SUNSHN_2_LNDFL",589439,3,20,13,0.35,-1.33333333333333,482,4,482,1.95
"SUNSHN_2_LNDFL",124287,2,20,26,0.3,-2.5,352.5,2.5,352.5,1.4
"SUNSHN_2_LNDFL",152702,2,20,10,0.5,-4,91.5,4,91.5,1
"SUNSHN_2_LNDFL",135881,1,20,18,0.1,4,723,4,723,0.9
"SUNSHN_2_LNDFL",108072,1,20,16.8,0.16,-5,303,5,303,0.84
"SUNSLR_1_SSVSR1",118279,7,100,100,0,-0.285714285714286,178.571428571429,0.285714285714286,178.571428571429,7
"SUNSLR_1_SSVSR1",112563,8,100,132,0.32,0,171,0,171,5.44
"SUNSLR_1_SSVSR1",208011,9,100,55.83,0.4417,0,240.222222222222,0,240.222222222222,5.0247
"SUNSLR_1_SSVSR1",173313,5,100,100,0,0,177.6,0,177.6,5
"SUNSLR_1_SSVSR1",186146,11,100,40,0.6,0,196.545454545455,0,196.545454545455,4.4
"SUNSPT_2_WNASR1",159086,3,20,20,0,-0.333333333333333,149.333333333333,0.333333333333333,149.333333333333,3
"SUNSPT_2_WNASR1",940797,6,20,10,0.5,-0.166666666666667,150,0.166666666666667,150,3
"SUNSPT_2_WNASR1",967390,6,20,10,0.5,-0.166666666666667,150,0.166666666666667,150,3
"SUNSPT_2_WNASR1",916581,2,20,20,0,-1,168.5,1,168.5,2
"SUNSPT_2_WNASR1",217748,2,20,19.12,0.044,-1,198.5,1,198.5,1.912
"SUNST2_5_SS2SR1",529747,13,150,75,0.5,-0.230769230769231,65.3076923076923,0.230769230769231,65.3076923076923,6.5
"SUNST2_5_SS2SR1",118279,8,150,100,0.333333333333333,-0.25,148.125,0.25,148.125,5.33333333333333
"SUNST2_5_SS2SR1",170587,6,150,133,0.113333333333333,0,60,0,60,5.32
"SUNST2_5_SS2SR1",143349,5,150,131,0.126666666666667,-1,0,1,0,4.36666666666667
"SUNST2_5_SS2SR1",152145,6,150,105,0.3,-0.333333333333333,242,0.333333333333333,242,4.2
"SUNSTR_5_SS1SCEDYN",144713,2,150,52.5,0.65,0,55.5,0,55.5,0.7
"SUNSTR_5_SS1SCEDYN",983166,1,150,200,0.333333333333333,0,60,0,60,0.666666666666667
"SUNSTR_5_SS1SCEDYN",529747,1,150,75,0.5,0,0,0,0,0.5
"SUNSTR_5_SS1SCEDYN",159086,1,150,20,0.866666666666667,0,0,0,0,0.133333333333333
"SUNSTR_5_SS1SCEDYN",940797,1,150,10,0.933333333333333,0,60,0,60,0.0666666666666667
"SUTTER_2_CISO",203395,3,275,275,0,-0.333333333333333,3060,0.333333333333333,3060,3
"SUTTER_2_CISO",589463,3,275,345,0.254545454545455,-0.333333333333333,700,2.33333333333333,700,2.23636363636364
"SUTTER_2_CISO",950113,3,275,200,0.272727272727273,0,9500.66666666667,0,9500.66666666667,2.18181818181818
"SUTTER_2_CISO",199332,3,275,200,0.272727272727273,-1.33333333333333,1941.66666666667,1.33333333333333,1941.66666666667,2.18181818181818
"SUTTER_2_CISO",925285,3,275,350,0.272727272727273,-0.333333333333333,15000.3333333333,2.33333333333333,15000.3333333333,2.18181818181818
"SYCAMR_2_UNIT 1",598138,1,74,74,0,-1,1,1,1,1
"SYCAMR_2_UNIT 1",664224,1,74,74,0,-1,1,1,1,1
"SYCAMR_2_UNIT 1",915498,1,74,74,0,-1,1,1,1,1
"SYCAMR_2_UNIT 1",599767,1,74,68,0.0810810810810811,2,398,2,398,0.918918918918919
"SYCAMR_2_UNIT 1",839105,1,74,60,0.189189189189189,2,398,2,398,0.810810810810811
"SYCAMR_2_UNIT 2",877294,2,76,75,0.0131578947368421,-0.5,831.5,0.5,831.5,1.97368421052632
"SYCAMR_2_UNIT 2",670696,2,76,78,0.0263157894736842,0,11295,0,11295,1.94736842105263
"SYCAMR_2_UNIT 2",556956,2,76,104.5,0.375,-0.5,763.5,0.5,763.5,1.25
"SYCAMR_2_UNIT 2",140315,1,76,76,0,0,21601,0,21601,1
"SYCAMR_2_UNIT 2",184942,1,76,75,0.0131578947368421,0,28801,0,28801,0.986842105263158
"SYCAMR_2_UNIT 3",761564,2,74,56,0.243243243243243,0,7621,0,7621,1.51351351351351
"SYCAMR_2_UNIT 3",142035,2,74,107,0.445945945945946,0,1261,0,1261,1.10810810810811
"SYCAMR_2_UNIT 3",129089,1,74,74,0,0,114181,0,114181,1
"SYCAMR_2_UNIT 3",121745,1,74,75,0.0135135135135135,0,493,0,493,0.986486486486487
"SYCAMR_2_UNIT 3",166473,1,74,75,0.0135135135135135,0,613,0,613,0.986486486486487
"SYCAMR_2_UNIT 4",556956,3,76,104.5,0.375,-0.333333333333333,168.666666666667,0.333333333333333,168.666666666667,1.875
"SYCAMR_2_UNIT 4",115494,2,76,56,0.263157894736842,-2.5,543,2.5,543,1.47368421052632
"SYCAMR_2_UNIT 4",133547,2,76,56,0.263157894736842,-2.5,543,2.5,543,1.47368421052632
"SYCAMR_2_UNIT 4",208011,2,76,55.83,0.265394736842105,-2.5,543,2.5,543,1.46921052631579
"SYCAMR_2_UNIT 4",736984,2,76,54,0.289473684210526,-2.5,513,2.5,513,1.42105263157895
"TAHOE_2_THOBT1",144713,6,60,52.5,0.125,0,180.333333333333,0,180.333333333333,5.25
"TAHOE_2_THOBT1",529747,3,60,75,0.25,0,301,0,301,2.25
"TAHOE_2_THOBT1",844001,7,60,18.8,0.686666666666667,0,8.57142857142857,0,8.57142857142857,2.19333333333333
"TAHOE_2_THOBT1",599767,2,60,68,0.133333333333333,0,3450,0,3450,1.73333333333333
"TAHOE_2_THOBT1",915712,2,60,50,0.166666666666667,0,60,0,60,1.66666666666667
"TAHOE_2_THOBT2",121702,2,109,100,0.0825688073394495,0,1980.5,0,1980.5,1.8348623853211
"TAHOE_2_THOBT2",646375,2,109,88,0.192660550458716,0,2220.5,0,2220.5,1.61467889908257
"TAHOE_2_THOBT2",569078,3,109,170,0.559633027522936,0,14540.6666666667,0,14540.6666666667,1.32110091743119
"TAHOE_2_THOBT2",782207,2,109,150,0.376146788990826,0,12241,0,12241,1.24770642201835
"TAHOE_2_THOBT2",430586,2,109,151,0.385321100917431,0,750.5,0,750.5,1.22935779816514
"TAHOE_2_THOBT3",121702,2,110,100,0.0909090909090909,0,7201,0,7201,1.81818181818182
"TAHOE_2_THOBT3",277710,2,110,61,0.445454545454545,0,4110,0,4110,1.10909090909091
"TAHOE_2_THOBT3",784354,1,110,112,0.0181818181818182,0,15181,0,15181,0.981818181818182
"TAHOE_2_THOBT3",354420,1,110,106,0.0363636363636364,0,300,0,300,0.963636363636364
"TAHOE_2_THOBT3",710016,1,110,105.5,0.0409090909090909,0,0,0,0,0.959090909090909
"TANHIL_6_SOLART",134471,1,17,27.2,0.6,0,135,0,135,0.4
"TANHIL_6_SOLART",170852,1,17,40,1.35294117647059,0,375,0,375,-0.352941176470588
"TANHIL_6_SOLART",166473,1,17,75,3.41176470588235,0,42540,0,42540,-2.41176470588235
"TANHIL_6_SOLART",132102,1,17,79,3.64705882352941,0,195,0,195,-2.64705882352941
"TANHIL_6_SOLART",105576,1,17,91,4.35294117647059,0,NA,0,NA,-3.35294117647059
"TBLMTN_6_QF",181331,1,1.7,1.76,0.0352941176470589,0,555,0,555,0.964705882352941
"TBLMTN_6_QF",378081,1,1.7,1.82,0.0705882352941177,0,555,0,555,0.929411764705882
"TBLMTN_6_QF",714921,1,1.7,2,0.176470588235294,0,615,0,615,0.823529411764706
"TBLMTN_6_QF",676286,1,1.7,2.1,0.235294117647059,0,555,0,555,0.764705882352941
"TBLMTN_6_QF",922315,1,1.7,2.24,0.31764705882353,0,555,0,555,0.68235294117647
"TECOLOTE_3_WBDYN",101153,1,271.68,295,0.0858362779740871,0,503,0,503,0.914163722025913
"TECOLOTE_3_WBDYN",797651,1,271.68,300,0.104240282685512,0,383,0,383,0.895759717314488
"TECOLOTE_3_WBDYN",228662,1,271.68,300,0.104240282685512,1,480,1,480,0.895759717314488
"TECOLOTE_3_WBDYN",173114,1,271.68,224,0.175500588928151,0,383,0,383,0.824499411071849
"TECOLOTE_3_WBDYN",950113,1,271.68,200,0.263839811542992,0,383,0,383,0.736160188457008
"TEHAPI_2_PW1WD1",176644,1,47.49,49.5,0.0423246999368288,0,22789,0,22789,0.957675300063171
"TEHAPI_2_PW1WD1",824322,1,47.49,49.5,0.0423246999368288,0,22789,0,22789,0.957675300063171
"TEHAPI_2_PW1WD1",599767,1,47.49,68,0.431880395872815,0,132,0,132,0.568119604127185
"TEHAPI_2_PW1WD1",177935,1,47.49,25,0.473573383870289,0,4692,0,4692,0.526426616129712
"TEHAPI_2_PW1WD1",195664,1,47.49,70,0.473994525163192,0,2531,0,2531,0.526005474836808
"TEHAPI_2_PW2WD2",193972,1,14.4,19.85,0.378472222222222,0,146,0,146,0.621527777777778
"TEHAPI_2_PW2WD2",517313,1,14.4,23.66,0.643055555555555,0,146,0,146,0.356944444444445
"TEHAPI_2_PW2WD2",294276,1,14.4,50,2.47222222222222,0,506,0,506,-1.47222222222222
"TEHAPI_2_PW2WD2",717058,1,14.4,50,2.47222222222222,0,1260,0,1260,-1.47222222222222
"TEHAPI_2_PW2WD2",225415,1,14.4,55,2.81944444444444,0,4380,0,4380,-1.81944444444444
"TEHAPI_2_WIND1",589439,1,19.85,13,0.345088161209068,0,160,0,160,0.654911838790932
"TEHAPI_2_WIND1",146475,1,19.85,6.2,0.687657430730479,0,2190,0,2190,0.312342569269521
"TEHAPI_2_WIND1",270946,1,19.85,2,0.899244332493703,0,30,0,30,0.100755667506297
"TEHAPI_2_WIND1",905952,1,19.85,2,0.899244332493703,0,100,0,100,0.100755667506297
"TEHAPI_2_WIND1",195664,1,19.85,70,2.5264483627204,0,2533,0,2533,-1.5264483627204
"TEHAPI_2_WIND2",589439,1,23.66,13,0.450549450549451,0,160,0,160,0.54945054945055
"TEHAPI_2_WIND2",251994,1,23.66,40,0.69061707523246,0,2147,0,2147,0.30938292476754
"TEHAPI_2_WIND2",146475,1,23.66,6.2,0.737954353338969,0,2190,0,2190,0.262045646661031
"TEHAPI_2_WIND2",842570,1,23.66,5,0.788672865595943,0,2087,0,2087,0.211327134404057
"TEHAPI_2_WIND2",270946,1,23.66,2,0.915469146238377,0,30,0,30,0.084530853761623
"TENGEN_2_PL1X2",512382,2,37.7,53.5,0.419098143236074,0,856,0,856,1.16180371352785
"TENGEN_2_PL1X2",699408,1,37.7,40,0.0610079575596816,1,2040,1,2040,0.938992042440318
"TENGEN_2_PL1X2",860091,1,37.7,44.8,0.188328912466843,1,480,1,480,0.811671087533157
"TENGEN_2_PL1X2",483575,1,37.7,30,0.204244031830239,1,1500,1,1500,0.795755968169761
"TENGEN_2_PL1X2",142017,1,37.7,50,0.326259946949602,0,2372,0,2372,0.673740053050398
"TERMEX_2_PL1X3",509317,4,625,625,0,0,1500.75,0,1500.75,4
"TERMEX_2_PL1X3",170770,1,625,700,0.12,0,60,0,60,0.88
"TERMEX_2_PL1X3",788507,1,625,700,0.12,0,58621,0,58621,0.88
"TERMEX_2_PL1X3",971578,1,625,700,0.12,0,1200,0,1200,0.88
"TERMEX_2_PL1X3",626610,1,625,530,0.152,0,72,0,72,0.848
"TIFFNY_1_DILLON",933839,1,45,20,0.555555555555556,0,3445,0,3445,0.444444444444444
"TIFFNY_1_DILLON",936392,1,45,355,6.88888888888889,5,1078,5,1078,-5.88888888888889
"TIFFNY_1_DILLON",101767,1,45,400,7.88888888888889,-1,784,1,784,-6.88888888888889
"TIGRCK_7_UNITS",506140,2,62,50,0.193548387096774,0,1721.5,0,1721.5,1.61290322580645
"TIGRCK_7_UNITS",777334,1,62,50,0.193548387096774,0,19283,0,19283,0.806451612903226
"TIGRCK_7_UNITS",883285,1,62,84.1,0.356451612903226,0,83,0,83,0.643548387096774
"TIGRCK_7_UNITS",196140,1,62,85,0.370967741935484,0,83,0,83,0.629032258064516
"TIGRCK_7_UNITS",194982,1,62,35,0.435483870967742,0,480,0,480,0.564516129032258
"TITANS_2_TTSSR1",208011,5,70,55.83,0.202428571428571,0,156.2,0,156.2,3.98785714285714
"TITANS_2_TTSSR1",418080,4,70,65,0.0714285714285714,0,120,0,120,3.71428571428571
"TITANS_2_TTSSR1",115494,4,70,56,0.2,0,120,0,120,3.2
"TITANS_2_TTSSR1",133547,4,70,56,0.2,0,120,0,120,3.2
"TITANS_2_TTSSR1",736984,4,70,54,0.228571428571429,0,120,0,120,3.08571428571429
"TKOPWR_6_HYDRO",110775,1,2.83,2.73,0.0353356890459364,0,41,0,41,0.964664310954064
"TKOPWR_6_HYDRO",873342,1,2.83,2.47,0.127208480565371,0,581,0,581,0.872791519434629
"TKOPWR_6_HYDRO",772810,1,2.83,2.36,0.166077738515901,0,581,0,581,0.833922261484099
"TKOPWR_6_HYDRO",265960,1,2.83,2.35,0.169611307420495,0,41,0,41,0.830388692579505
"TKOPWR_6_HYDRO",713609,1,2.83,3.36,0.187279151943463,0,41,0,41,0.812720848056537
"TOADTW_6_UNIT",982861,1,1.5,13,7.66666666666667,0,294960,0,294960,-6.66666666666667
"TOADTW_6_UNIT",411064,1,1.5,27,17,0,11940,0,11940,-16
"TOADTW_6_UNIT",126265,1,1.5,38,24.3333333333333,0,952,0,952,-23.3333333333333
"TOADTW_6_UNIT",205694,1,1.5,75,49,-3,1800,3,1800,-48
"TOADTW_6_UNIT",121745,1,1.5,75,49,-5,935,5,935,-48
"TOPAZ_2_SOLAR",192081,3,550,375,0.318181818181818,-1,660,1,660,2.04545454545455
"TOPAZ_2_SOLAR",681987,2,550,393,0.285454545454545,0,420,1,420,1.42909090909091
"TOPAZ_2_SOLAR",622149,2,550,375,0.318181818181818,-1,3120,1,3120,1.36363636363636
"TOPAZ_2_SOLAR",451866,2,550,322,0.414545454545455,-1,450,1,450,1.17090909090909
"TOPAZ_2_SOLAR",183286,1,550,550,0,-1,420,1,420,1
"TORTLA_1_SOLAR",177935,2,20,25,0.25,0,758,0,758,1.5
"TORTLA_1_SOLAR",819306,1,20,20,0,0,1,0,1,1
"TORTLA_1_SOLAR",114767,1,20,24.75,0.2375,0,721,0,721,0.7625
"TORTLA_1_SOLAR",987235,1,20,24.75,0.2375,0,721,0,721,0.7625
"TORTLA_1_SOLAR",110222,1,20,25,0.25,0,757,0,757,0.75
"TOWNSITE_2_MEADDYN",530129,4,180,176,0.0222222222222222,0,129,0,129,3.91111111111111
"TOWNSITE_2_MEADDYN",108122,3,180,200,0.111111111111111,0,4320.33333333333,0,4320.33333333333,2.66666666666667
"TOWNSITE_2_MEADDYN",164836,3,180,204,0.133333333333333,0,203,0,203,2.6
"TOWNSITE_2_MEADDYN",296736,2,180,165.9,0.0783333333333333,0,959.5,0,959.5,1.84333333333333
"TOWNSITE_2_MEADDYN",190770,2,180,160,0.111111111111111,0,12270,0,12270,1.77777777777778
"TRNQL8_2_AMASR1",181841,5,20,20,0,-0.2,48.8,0.2,48.8,5
"TRNQL8_2_AMASR1",159086,4,20,20,0,-0.25,58.5,0.25,58.5,4
"TRNQL8_2_AMASR1",603185,4,20,17,0.15,-0.25,58.5,0.25,58.5,3.4
"TRNQL8_2_AMASR1",916581,3,20,20,0,-0.333333333333333,41,0.333333333333333,41,3
"TRNQL8_2_AMASR1",217748,3,20,19.12,0.044,-0.333333333333333,57.6666666666667,0.333333333333333,57.6666666666667,2.868
"TRNQL8_2_AZUSR1",159086,3,20,20,0,0,139.666666666667,0,139.666666666667,3
"TRNQL8_2_AZUSR1",181841,3,20,20,0,0,139.666666666667,0,139.666666666667,3
"TRNQL8_2_AZUSR1",916581,3,20,20,0,0,99.6666666666667,0,99.6666666666667,3
"TRNQL8_2_AZUSR1",603185,3,20,17,0.15,0,139.666666666667,0,139.666666666667,2.55
"TRNQL8_2_AZUSR1",975528,3,20,26,0.3,0,139.666666666667,0,139.666666666667,2.1
"TRNQL8_2_ROJSR1",152145,7,100,105,0.05,0,77.4285714285714,0,77.4285714285714,6.65
"TRNQL8_2_ROJSR1",199925,5,100,100,0,0,108.4,0,108.4,5
"TRNQL8_2_ROJSR1",115494,7,100,56,0.44,0,77.4285714285714,0,77.4285714285714,3.92
"TRNQL8_2_ROJSR1",133547,7,100,56,0.44,0,77.4285714285714,0,77.4285714285714,3.92
"TRNQL8_2_ROJSR1",277359,5,100,125,0.25,0,108.4,0,108.4,3.75
"TRNQL8_2_VERSR1",529747,5,60,75,0.25,0,48.4,0,48.4,3.75
"TRNQL8_2_VERSR1",115494,4,60,56,0.0666666666666667,0,120.5,0,120.5,3.73333333333333
"TRNQL8_2_VERSR1",133547,4,60,56,0.0666666666666667,0,120.5,0,120.5,3.73333333333333
"TRNQL8_2_VERSR1",418080,4,60,65,0.0833333333333333,0,60.5,0,60.5,3.66666666666667
"TRNQL8_2_VERSR1",736984,4,60,54,0.1,0,120.5,0,120.5,3.6
"TRNQLT_2_RETBT1",670696,3,72,78,0.0833333333333333,0,4006,0,4006,2.75
"TRNQLT_2_RETBT1",208011,3,72,55.83,0.224583333333333,0,485.333333333333,0,485.333333333333,2.32625
"TRNQLT_2_RETBT1",112948,5,72,113,0.569444444444444,0,372.8,0,372.8,2.15277777777778
"TRNQLT_2_RETBT1",997249,3,72,50.5,0.298611111111111,0,485.333333333333,0,485.333333333333,2.10416666666667
"TRNQLT_2_RETBT1",917160,2,72,71,0.0138888888888889,0,2918.5,0,2918.5,1.97222222222222
"TRNQLT_2_SOLAR",123202,1,200,123,0.385,0,300,0,300,0.615
"TRNQLT_2_SOLAR",627078,1,200,120,0.4,0,840,0,840,0.6
"TRNQLT_2_SOLAR",129473,1,200,100,0.5,0,12443,0,12443,0.5
"TRNQLT_2_SOLAR",529747,1,200,75,0.625,0,120,0,120,0.375
"TRNQLT_2_SOLAR",915712,1,200,50,0.75,0,301,0,301,0.25
"TULARE_2_TFCBM1",257250,1,2.8,2,0.285714285714286,0,25980,0,25980,0.714285714285714
"TULARE_2_TFCBM1",235233,1,2.8,0.73,0.739285714285714,-1,226,1,226,0.260714285714286
"TULARE_2_TFCBM1",680975,1,2.8,16,4.71428571428571,0,30060,0,30060,-3.71428571428571
"TULARE_2_TFCBM1",134647,1,2.8,25,7.92857142857143,-1,646,1,646,-6.92857142857143
"TULARE_2_TFCBM1",189190,1,2.8,40,13.2857142857143,0,2820,0,2820,-12.2857142857143
"TULEWD_1_TULWD1",175361,1,130.5,120,0.0804597701149425,0,480,0,480,0.919540229885057
"TULEWD_1_TULWD1",191941,1,130.5,117,0.103448275862069,0,480,0,480,0.896551724137931
"TULEWD_1_TULWD1",164836,1,130.5,204,0.563218390804598,0,3722,0,3722,0.436781609195402
"TULEWD_1_TULWD1",792510,1,130.5,55,0.578544061302682,0,540,0,540,0.421455938697318
"TULEWD_1_TULWD1",142017,1,130.5,50,0.616858237547893,4,926,4,926,0.383141762452107
"TULLCK_7_UNITS",134646,15,25.9,25.9,0,-0.133333333333333,10.6666666666667,0.133333333333333,10.6666666666667,15
"TULLCK_7_UNITS",214685,7,25.9,20,0.227799227799228,0,491,0,491,5.4054054054054
"TULLCK_7_UNITS",142368,3,25.9,25,0.0347490347490347,-0.666666666666667,492.666666666667,0.666666666666667,492.666666666667,2.8957528957529
"TULLCK_7_UNITS",517313,2,25.9,23.66,0.0864864864864864,0,243,0,243,1.82702702702703
"TULLCK_7_UNITS",331315,2,25.9,20,0.227799227799228,0,183,0,183,1.54440154440154
"TUMBWD_2_WISBT3",206861,15,50,25,0.5,0,392.333333333333,0,392.333333333333,7.5
"TUMBWD_2_WISBT3",877294,14,50,75,0.5,0,562,0,562,7
"TUMBWD_2_WISBT3",193810,18,50,81,0.62,0.277777777777778,880.611111111111,0.277777777777778,880.611111111111,6.84
"TUMBWD_2_WISBT3",727166,6,50,55,0.1,0,860.833333333333,0,860.833333333333,5.4
"TUMBWD_2_WISBT3",949253,5,50,49,0.02,0,720,0,720,4.9
"TUMBWD_2_WISBT4",144713,17,75,52.5,0.299801877447049,0,261.588235294118,0,261.588235294118,11.9033680834002
"TUMBWD_2_WISBT4",170732,11,75,74,0.0133333333333333,0,993.090909090909,0,993.090909090909,10.8533333333333
"TUMBWD_2_WISBT4",148758,14,75,50,0.333333333333333,0,261.857142857143,0,261.857142857143,9.33333333333333
"TUMBWD_2_WISBT4",973878,14,75,50,0.333333333333333,0,261.857142857143,0,261.857142857143,9.33333333333333
"TUMBWD_2_WISBT4",118390,13,75,49,0.346424855550758,0,387.692307692308,0,387.692307692308,8.49647687784015
"TUPMAN_1_BIOGAS",185626,1,0.6,49,80.6666666666667,0,600,0,600,-79.6666666666667
"TUPMAN_1_BIOGAS",664900,1,0.6,49,80.6666666666667,0,600,0,600,-79.6666666666667
"TUPMAN_1_BIOGAS",527645,1,0.6,300,499,0,NA,0,NA,-498
"TUPMAN_1_BIOGAS",133426,1,0.6,320,532.333333333333,0,300,0,300,-531.333333333333
"TUPMAN_1_BIOGAS",530129,2,0.6,176,292.333333333333,0,570,0,570,-582.666666666667
"TVYVLY_6_KRSHY1",177834,1,1.3,486,372.846153846154,0,3285,0,3285,-371.846153846154
"TWISSL_6_SOLAR1",555216,1,20,219.7,9.985,0,780,0,780,-8.985
"TWISSL_6_SOLAR1",951615,1,20,275,12.75,0,462,0,462,-11.75
"TX-ELK_6_SOLAR1",978009,1,1.5,2,0.333333333333333,0,420,0,420,0.666666666666667
"TX-ELK_6_SOLAR1",177935,1,1.5,25,15.6666666666667,0,780,0,780,-14.6666666666667
"TX-ELK_6_SOLAR1",363348,1,1.5,26,16.3333333333333,0,24960,0,24960,-15.3333333333333
"TX-ELK_6_SOLAR1",134471,1,1.5,27.2,17.1333333333333,0,135,0,135,-16.1333333333333
"TX-ELK_6_SOLAR1",133003,1,1.5,35,22.3333333333333,0,360,0,360,-21.3333333333333
"TXMCKT_6_UNIT",101363,1,11.2,11,0.0178571428571428,-1,223,1,223,0.982142857142857
"TXMCKT_6_UNIT",415983,1,11.2,9.6,0.142857142857143,-1,283,1,283,0.857142857142857
"TXMCKT_6_UNIT",348028,1,11.2,15,0.339285714285714,-1,283,1,283,0.660714285714286
"TXMCKT_6_UNIT",905952,1,11.2,2,0.821428571428571,0,30,0,30,0.178571428571429
"TXMCKT_6_UNIT",126447,1,11.2,1,0.910714285714286,0,390,0,390,0.0892857142857143
"UKIAH_7_LAKEMN",163157,1,3.5,3.5,0,-1,1201,1,1201,1
"UKIAH_7_LAKEMN",905952,1,3.5,2,0.428571428571429,-2,289,2,289,0.571428571428571
"UKIAH_7_LAKEMN",103147,1,3.5,5.9,0.685714285714286,-1,1835,1,1835,0.314285714285714
"UKIAH_7_LAKEMN",200699,1,3.5,9.72,1.77714285714286,-1,3095,1,3095,-0.777142857142857
"UKIAH_7_LAKEMN",187332,1,3.5,9.72,1.77714285714286,-2,3169,2,3169,-0.777142857142857
"ULTPCH_1_UCSBT1",184635,1,10,11.5,0.15,0,2025,0,2025,0.85
"ULTPCH_1_UCSBT1",368224,1,10,4,0.6,0,900,0,900,0.4
"ULTPCH_1_UCSBT1",581105,1,10,3,0.7,0,60,0,60,0.3
"ULTPCH_1_UCSBT1",177935,2,10,25,1.5,0,622.5,0,622.5,-1
"ULTPCH_1_UCSBT1",133003,1,10,35,2.5,0,900,0,900,-1.5
"ULTPCH_1_UNIT 1",603185,2,18,17,0.0555555555555556,-1.5,413,1.5,413,1.88888888888889
"ULTPCH_1_UNIT 1",217748,2,18,19.12,0.0622222222222223,-1.5,413,1.5,413,1.87555555555556
"ULTPCH_1_UNIT 1",102291,2,18,20,0.111111111111111,-1.5,413,1.5,413,1.77777777777778
"ULTPCH_1_UNIT 1",916581,2,18,20,0.111111111111111,-1.5,383,1.5,383,1.77777777777778
"ULTPCH_1_UNIT 1",261146,2,18,13.6,0.244444444444444,-1.5,413,1.5,413,1.51111111111111
"ULTPFR_1_UNIT 1",364961,1,24.3,25,0.0288065843621399,0,3600,0,3600,0.97119341563786
"ULTPFR_1_UNIT 1",134647,1,24.3,25,0.0288065843621399,1,3841,1,3841,0.97119341563786
"ULTPFR_1_UNIT 1",331315,1,24.3,20,0.176954732510288,0,3060,0,3060,0.823045267489712
"ULTPFR_1_UNIT 1",135881,1,24.3,18,0.259259259259259,0,90,0,90,0.740740740740741
"ULTPFR_1_UNIT 1",194982,1,24.3,35,0.440329218106996,-1,2160,1,2160,0.559670781893004
"ULTRCK_2_UNIT",206861,1,24.4,25,0.0245901639344263,0,2535,0,2535,0.975409836065574
"ULTRCK_2_UNIT",126265,1,24.4,38,0.557377049180328,0,1155,0,1155,0.442622950819672
"ULTRCK_2_UNIT",212534,1,24.4,10.77,0.558606557377049,0,4321,0,4321,0.441393442622951
"ULTRCK_2_UNIT",218483,1,24.4,10,0.59016393442623,0,1141,0,1141,0.40983606557377
"ULTRCK_2_UNIT",152702,1,24.4,10,0.59016393442623,4,16977,4,16977,0.40983606557377
"UNVRSY_1_UNIT 1",723238,1,38,38,0,0,1,0,1,1
"UNVRSY_1_UNIT 1",170852,1,38,40,0.0526315789473684,0,375,0,375,0.947368421052632
"UNVRSY_1_UNIT 1",133003,1,38,35,0.0789473684210526,0,16620,0,16620,0.921052631578947
"UNVRSY_1_UNIT 1",184537,1,38,34,0.105263157894737,4,540,4,540,0.894736842105263
"UNVRSY_1_UNIT 1",110612,1,38,43,0.131578947368421,0,720,0,720,0.868421052631579
"USWND2_1_WIND1",126265,1,42.96,38,0.115456238361266,0,1140,0,1140,0.884543761638734
"USWND2_1_WIND1",949253,1,42.96,49,0.140595903165736,0,540,0,540,0.859404096834264
"USWND2_1_WIND1",167179,1,42.96,62,0.443202979515829,0,330,0,330,0.556797020484171
"USWND2_1_WIND1",132195,1,42.96,77,0.792364990689013,1,-4,1,4,0.207635009310987
"USWND2_1_WIND1",125243,1,42.96,1,0.976722532588454,0,NA,0,NA,0.0232774674115456
"USWND2_1_WIND2",132195,1,42.96,77,0.792364990689013,-1,60,1,60,0.207635009310987
"USWND2_1_WIND2",182418,1,42.96,155,2.60800744878957,-1,60,1,60,-1.60800744878957
"USWND2_1_WIND2",871298,1,42.96,158.4,2.68715083798883,-1,0,1,0,-1.68715083798883
"USWND2_1_WIND2",525717,1,42.96,288,5.70391061452514,-1,2160,1,2160,-4.70391061452514
"USWND2_1_WIND3",167179,1,46,62,0.347826086956522,0,330,0,330,0.652173913043478
"USWND2_1_WIND3",125243,1,46,1,0.978260869565217,0,NA,0,NA,0.0217391304347826
"USWND2_1_WIND3",705086,1,46,170,2.69565217391304,0,3870,0,3870,-1.69565217391304
"USWNDR_2_LABWD1",949253,1,9,49,4.44444444444444,0,29,0,29,-3.44444444444444
"USWNDR_2_LABWD1",354420,1,9,106,10.7777777777778,0,631,0,631,-9.77777777777778
"USWNDR_2_LABWD1",523386,1,9,106,10.7777777777778,0,631,0,631,-9.77777777777778
"USWNDR_2_LABWD1",156137,1,9,250,26.7777777777778,0,3329,0,3329,-25.7777777777778
"USWNDR_2_LABWD1",177834,1,9,486,53,0,17789,0,17789,-52
"USWNDR_2_SMUD2",970587,2,127.8,127.8,0,0,826.5,0,826.5,2
"USWNDR_2_SMUD2",946506,1,127.8,121,0.0532081377151799,0,2493,0,2493,0.94679186228482
"USWNDR_2_SMUD2",671897,1,127.8,102.18,0.200469483568075,0,273,0,273,0.799530516431925
"USWNDR_2_SMUD2",113005,1,127.8,155.1,0.213615023474178,0,21480,0,21480,0.786384976525822
"USWNDR_2_SMUD2",521292,1,127.8,55,0.569640062597809,0,72960,0,72960,0.430359937402191
"USWPFK_6_FRICK",166958,7,10,10,0,0,49.2857142857143,0,49.2857142857143,7
"USWPFK_6_FRICK",203902,1,10,10,0,0,480,0,480,1
"USWPFK_6_FRICK",292514,1,10,9,0.1,0,479,0,479,0.9
"USWPFK_6_FRICK",589439,1,10,13,0.3,0,-1,0,1,0.7
"USWPFK_6_FRICK",368224,1,10,4,0.6,0,240,0,240,0.4
"USWPJR_2_UNITS",145433,1,78.2,75,0.040920716112532,4,2400,4,2400,0.959079283887468
"USWPJR_2_UNITS",298329,1,78.2,84,0.0741687979539642,0,994,0,994,0.925831202046036
"USWPJR_2_UNITS",431896,1,78.2,84,0.0741687979539642,0,1234,0,1234,0.925831202046036
"USWPJR_2_UNITS",161396,1,78.2,94,0.202046035805627,0,240,0,240,0.797953964194373
"USWPJR_2_UNITS",213716,1,78.2,96,0.227621483375959,0,60,0,60,0.772378516624041
"VACADX_1_SOLAR",292514,1,2.5,9,2.6,0,442,0,442,-1.6
"VACADX_1_SOLAR",691663,1,2.5,12.19,3.876,0,1942,0,1942,-2.876
"VACADX_1_SOLAR",331315,1,2.5,20,7,0,160,0,160,-6
"VACADX_1_SOLAR",126265,1,2.5,38,14.2,0,1117,0,1117,-13.2
"VACADX_1_SOLAR",627078,1,2.5,120,47,0,2260,0,2260,-46
"VACADX_1_UNITA1",935836,1,51.91,50,0.0367944519360431,0,10800,0,10800,0.963205548063957
"VACADX_1_UNITA1",127463,1,51.91,54.6,0.051820458485841,0,3540,0,3540,0.948179541514159
"VACADX_1_UNITA1",188007,1,51.91,44,0.152379117703718,0,16512,0,16512,0.847620882296282
"VACADX_1_UNITA1",917893,1,51.91,60,0.155846657676748,0,25150,0,25150,0.844153342323252
"VACADX_1_UNITA1",131086,1,51.91,63,0.213638990560586,-1,NA,1,NA,0.786361009439414
"VALLEY_5_PERRIS",978009,1,7.94,2,0.748110831234257,0,600,0,600,0.251889168765743
"VALLEY_5_PERRIS",331315,1,7.94,20,1.51889168765743,0,600,0,600,-0.518891687657431
"VALLEY_5_PERRIS",707923,1,7.94,30,2.77833753148615,0,24120,0,24120,-1.77833753148615
"VALLEY_5_PERRIS",370707,1,7.94,40,4.03778337531486,0,5400,0,5400,-3.03778337531486
"VALLEY_5_PERRIS",699408,1,7.94,40,4.03778337531486,0,540,0,540,-3.03778337531486
"VALLEY_5_REDMTN",206861,1,5.9,25,3.23728813559322,2,947,2,947,-2.23728813559322
"VALLEY_5_REDMTN",129473,1,5.9,100,15.9491525423729,0,11160,0,11160,-14.9491525423729
"VALLEY_5_REDMTN",292863,1,5.9,194,31.8813559322034,0,0,0,0,-30.8813559322034
"VALLEY_5_REDMTN",525717,1,5.9,288,47.8135593220339,2,887,2,887,-46.8135593220339
"VALLEY_5_SOLAR2",102291,3,20,20,0,-0.666666666666667,139,0.666666666666667,139,3
"VALLEY_5_SOLAR2",181841,3,20,20,0,-0.666666666666667,79,0.666666666666667,79,3
"VALLEY_5_SOLAR2",916581,3,20,20,0,-0.666666666666667,79,0.666666666666667,79,3
"VALLEY_5_SOLAR2",217748,3,20,19.12,0.044,-0.666666666666667,119,0.666666666666667,119,2.868
"VALLEY_5_SOLAR2",603185,3,20,17,0.15,-0.666666666666667,79,0.666666666666667,79,2.55
"VALTNE_2_AVASR1",118279,2,100,100,0,0,552,0,552,2
"VALTNE_2_AVASR1",234172,2,100,74,0.26,0,582,0,582,1.48
"VALTNE_2_AVASR1",199925,1,100,100,0,0,594,0,594,1
"VALTNE_2_AVASR1",196895,2,100,150,0.5,0,552,0,552,1
"VALTNE_2_AVASR1",152145,1,100,105,0.05,0,594,0,594,0.95
"VALTNE_2_TBBBT1",178559,1,58,60,0.0344827586206897,0,180,0,180,0.96551724137931
"VALTNE_2_TBBBT1",267185,1,58,60,0.0344827586206897,0,5610,0,5610,0.96551724137931
"VALTNE_2_TBBBT1",135881,3,58,18,0.689655172413793,0,450,0,450,0.93103448275862
"VALTNE_2_TBBBT1",705142,1,58,62.5,0.0775862068965517,0,508,0,508,0.922413793103448
"VALTNE_2_TBBBT1",131086,1,58,63,0.0862068965517241,0,360,0,360,0.913793103448276
"VALTNE_2_TRSBT1",243483,2,70,104,0.485714285714286,0,59,0,59,1.02857142857143
"VALTNE_2_TRSBT1",288336,1,70,67.5,0.0357142857142857,0,568,0,568,0.964285714285714
"VALTNE_2_TRSBT1",705142,1,70,62.5,0.107142857142857,0,508,0,508,0.892857142857143
"VALTNE_2_TRSBT1",267185,1,70,60,0.142857142857143,0,5610,0,5610,0.857142857142857
"VALTNE_2_TRSBT1",196140,1,70,85,0.214285714285714,0,180,0,180,0.785714285714286
"VALTNE_2_TSASR1",510425,1,58,2,0.96551724137931,0,NA,0,NA,0.0344827586206896
"VALTNE_2_TSASR2",510425,1,70,2,0.971428571428571,0,NA,0,NA,0.0285714285714286
"VALTNE_2_TSBBT1",510425,1,18,2,0.888888888888889,0,NA,0,NA,0.111111111111111
"VALTNE_2_TSBBT2",510425,1,22,2,0.909090909090909,0,NA,0,NA,0.0909090909090909
"VEGA_6_SOLAR1",181841,4,20,20,0,0,294.75,0,294.75,4
"VEGA_6_SOLAR1",131964,3,20,13.53,0.3235,0,312.666666666667,0,312.666666666667,2.0295
"VEGA_6_SOLAR1",102291,2,20,20,0,0,454,0,454,2
"VEGA_6_SOLAR1",159086,2,20,20,0,0,0,0,0,2
"VEGA_6_SOLAR1",916581,2,20,20,0,0,394,0,394,2
"VENWD_1_WIND3",171401,1,44.53,25,0.438580732090725,1,14171,1,14171,0.561419267909275
"VERNON_6_GONZL1",256419,1,5.75,4,0.304347826086957,0,300,0,300,0.695652173913043
"VERNON_6_GONZL1",906818,1,5.75,4,0.304347826086957,0,300,0,300,0.695652173913043
"VERNON_6_GONZL1",292514,1,5.75,9,0.565217391304348,0,480,0,480,0.434782608695652
"VERNON_6_GONZL1",348028,1,5.75,15,1.60869565217391,0,21765,0,21765,-0.608695652173913
"VERNON_6_GONZL1",177935,1,5.75,25,3.34782608695652,-1,300,1,300,-2.34782608695652
"VERNON_6_GONZL2",587533,1,5.75,5.75,0,0,119,0,119,1
"VERNON_6_GONZL2",842570,1,5.75,5,0.130434782608696,0,720,0,720,0.869565217391304
"VERNON_6_GONZL2",124493,1,5.75,10,0.739130434782609,5,75,5,75,0.260869565217391
"VERNON_6_GONZL2",348028,1,5.75,15,1.60869565217391,0,21765,0,21765,-0.608695652173913
"VERNON_6_GONZL2",106829,1,5.75,25,3.34782608695652,0,2640,0,2640,-2.34782608695652
"VERNON_6_MALBRG",117281,2,139,139,0,0,10801,0,10801,2
"VERNON_6_MALBRG",162314,1,139,131,0.0575539568345324,0,2280,0,2280,0.942446043165468
"VERNON_6_MALBRG",131943,1,139,150,0.079136690647482,0,1,0,1,0.920863309352518
"VERNON_6_MALBRG",479608,1,139,150,0.079136690647482,0,1,0,1,0.920863309352518
"VERNON_6_MALBRG",494732,1,139,106,0.237410071942446,0,NA,0,NA,0.762589928057554
"VESTAL_2_BTNBT1",255706,1,80,80,0,0,390,0,390,1
"VESTAL_2_BTNBT1",198713,1,80,75,0.0625,0,9240,0,9240,0.9375
"VESTAL_2_BTNBT1",598138,1,80,74,0.075,0,9240,0,9240,0.925
"VESTAL_2_BTNBT1",664224,1,80,74,0.075,0,9240,0,9240,0.925
"VESTAL_2_BTNBT1",915498,1,80,74,0.075,0,9240,0,9240,0.925
"VESTAL_2_KERN",764077,1,36.8,25,0.320652173913043,0,261480,0,261480,0.679347826086957
"VESTAL_2_KERN",491191,1,36.8,49.5,0.345108695652174,0,31140,0,31140,0.654891304347826
"VESTAL_2_KERN",619413,1,36.8,49.5,0.345108695652174,0,31140,0,31140,0.654891304347826
"VESTAL_2_KERN",170209,1,36.8,50,0.358695652173913,0,30060,0,30060,0.641304347826087
"VESTAL_2_KERN",101363,1,36.8,11,0.701086956521739,0,16200,0,16200,0.298913043478261
"VESTAL_2_RTS042",256415,1,5,4.39,0.122,0,180,0,180,0.878
"VESTAL_2_RTS042",368055,1,5,3.43,0.314,0,180,0,180,0.686
"VESTAL_2_RTS042",739401,1,5,2.3,0.54,0,180,0,180,0.46
"VESTAL_2_RTS042",200713,1,5,2.2,0.56,0,180,0,180,0.44
"VESTAL_2_RTS042",474429,1,5,2.12,0.576,0,180,0,180,0.424
"VESTAL_2_SOLAR1",214685,1,20,20,0,0,60,0,60,1
"VESTAL_2_SOLAR1",317195,1,20,33,0.65,0,1020,0,1020,0.35
"VESTAL_2_SOLAR1",194982,1,20,35,0.75,0,1020,0,1020,0.25
"VESTAL_2_SOLAR1",256415,1,20,4.39,0.7805,0,180,0,180,0.2195
"VESTAL_2_SOLAR1",368055,1,20,3.43,0.8285,0,180,0,180,0.1715
"VESTAL_2_SOLAR2",933839,1,14,20,0.428571428571429,-5,39240,5,39240,0.571428571428571
"VESTAL_2_SOLAR2",256415,1,14,4.39,0.686428571428571,0,180,0,180,0.313571428571429
"VESTAL_2_SOLAR2",368055,1,14,3.43,0.755,0,180,0,180,0.245
"VESTAL_2_SOLAR2",739401,1,14,2.3,0.835714285714286,0,180,0,180,0.164285714285714
"VESTAL_2_SOLAR2",200713,1,14,2.2,0.842857142857143,0,180,0,180,0.157142857142857
"VESTAL_2_TS5SR1",208011,7,55.83,55.83,0,-1,101.571428571429,1,101.571428571429,7
"VESTAL_2_TS5SR1",297766,7,55.83,52,0.0686011105140605,-1,101.571428571429,1,101.571428571429,6.51979222640158
"VESTAL_2_TS5SR1",997249,7,55.83,50.5,0.0954683861723088,-1,101.571428571429,1,101.571428571429,6.33172129679384
"VESTAL_2_TS5SR1",148758,7,55.83,50,0.104424144725058,-0.857142857142857,88.5714285714286,0.857142857142857,88.5714285714286,6.26903098692459
"VESTAL_2_TS5SR1",973878,7,55.83,50,0.104424144725058,-0.857142857142857,88.5714285714286,0.857142857142857,88.5714285714286,6.26903098692459
"VESTAL_2_UNIT1",256415,1,5,4.39,0.122,0,180,0,180,0.878
"VESTAL_2_UNIT1",368055,1,5,3.43,0.314,0,180,0,180,0.686
"VESTAL_2_UNIT1",739401,1,5,2.3,0.54,0,180,0,180,0.46
"VESTAL_2_UNIT1",200713,1,5,2.2,0.56,0,180,0,180,0.44
"VESTAL_2_UNIT1",474429,1,5,2.12,0.576,0,180,0,180,0.424
"VESTAL_2_WELLHD",144713,2,49,52.5,0.0714285714285714,0,671,0,671,1.85714285714286
"VESTAL_2_WELLHD",208011,2,49,55.83,0.139387755102041,0,273.5,0,273.5,1.72122448979592
"VESTAL_2_WELLHD",126265,2,49,38,0.224489795918367,0,660,0,660,1.55102040816327
"VESTAL_2_WELLHD",177935,2,49,25,0.489795918367347,0,3000,0,3000,1.02040816326531
"VESTAL_2_WELLHD",291137,1,49,49.5,0.0102040816326531,0,547,0,547,0.989795918367347
"VESTAL_6_QF",292514,1,11.95,9,0.246861924686192,0,930,0,930,0.753138075313808
"VESTAL_6_QF",164152,1,11.95,15,0.255230125523013,0,570,0,570,0.744769874476987
"VESTAL_6_QF",108072,1,11.95,16.8,0.405857740585774,0,418,0,418,0.594142259414226
"VESTAL_6_QF",134131,1,11.95,1,0.916317991631799,0,0,0,0,0.0836820083682008
"VESTAL_6_QF",179949,1,11.95,26,1.17573221757322,0,478,0,478,-0.175732217573222
"VICPAS_2_SLOBT1",131964,15,15,13.53,0.098,0,276.6,0,276.6,13.53
"VICPAS_2_SLOBT1",261146,11,15,13.6,0.0933333333333334,0,253.454545454545,0,253.454545454545,9.97333333333333
"VICPAS_2_SLOBT1",779880,13,15,11,0.266666666666667,0,246.846153846154,0,246.846153846154,9.53333333333333
"VICPAS_2_SLOBT1",376549,14,15,10,0.333333333333333,0,259.285714285714,0,259.285714285714,9.33333333333333
"VICPAS_2_SLOBT1",799732,11,15,12,0.2,0,253.454545454545,0,253.454545454545,8.8
"VICPAS_2_SLOSR1",158082,29,49.5,33,0.333333333333333,0,26.9310344827586,0,26.9310344827586,19.3333333333333
"VICPAS_2_SLOSR1",165788,29,49.5,33,0.333333333333333,0,26.9310344827586,0,26.9310344827586,19.3333333333333
"VICPAS_2_SLOSR1",852416,29,49.5,33,0.333333333333333,0,45.551724137931,0,45.551724137931,19.3333333333333
"VICPAS_2_SLOSR1",115494,20,49.5,56,0.131313131313131,0,34.15,0,34.15,17.3737373737374
"VICPAS_2_SLOSR1",736984,17,49.5,54,0.0909090909090909,0,22.5294117647059,0,22.5294117647059,15.4545454545455
"VICPAS_2_SOCBT1",158082,11,50,33,0.34,0,202.272727272727,0,202.272727272727,7.26
"VICPAS_2_SOCBT1",165788,11,50,33,0.34,0,202.272727272727,0,202.272727272727,7.26
"VICPAS_2_SOCBT1",852416,11,50,33,0.34,0,202.272727272727,0,202.272727272727,7.26
"VICPAS_2_SOCBT1",997249,7,50,50.5,0.01,0,180.428571428571,0,180.428571428571,6.93
"VICPAS_2_SOCBT1",710387,7,50,46.66,0.0668000000000001,0,6943.28571428571,0,6943.28571428571,6.5324
"VICPAS_2_SOCBT2",213716,7,71,96,0.352112676056338,0,120,0,120,4.53521126760563
"VICPAS_2_SOCBT2",513545,7,71,96,0.352112676056338,0,120,0,120,4.53521126760563
"VICPAS_2_SOCBT2",199791,7,71,102,0.436619718309859,0,120,0,120,3.94366197183099
"VICPAS_2_SOCBT2",589808,7,71,102,0.436619718309859,0,120,0,120,3.94366197183099
"VICPAS_2_SOCBT2",234172,3,71,74,0.0422535211267606,0,80,0,80,2.87323943661972
"VICPAS_2_SOCSR1",199925,31,100,100,0,0,17.4193548387097,0,17.4193548387097,31
"VICPAS_2_SOCSR1",277359,31,100,125,0.25,0,17.4193548387097,0,17.4193548387097,23.25
"VICPAS_2_SOCSR1",676452,31,100,125,0.25,0,17.4193548387097,0,17.4193548387097,23.25
"VICPAS_2_SOCSR1",234172,25,100,74,0.26,0,4.8,0,4.8,18.5
"VICPAS_2_SOCSR1",152145,18,100,105,0.05,0,6.66666666666667,0,6.66666666666667,17.1
"VICPAS_2_SOCSR2",199925,38,93.5,100,0.0695187165775401,0,61.6052631578947,0,61.6052631578947,35.3582887700535
"VICPAS_2_SOCSR2",277359,38,93.5,125,0.336898395721925,0,61.6052631578947,0,61.6052631578947,25.1978609625668
"VICPAS_2_SOCSR2",676452,38,93.5,125,0.336898395721925,0,61.6052631578947,0,61.6052631578947,25.1978609625668
"VICPAS_2_SOCSR2",234172,22,93.5,74,0.20855614973262,0,81.8636363636364,0,81.8636363636364,17.4117647058824
"VICPAS_2_SOCSR2",152145,18,93.5,105,0.122994652406417,0,100.055555555556,0,100.055555555556,15.7860962566845
"VICPAS_2_SOCSR3",181841,25,20,20,0,0,15.28,0,15.28,25
"VICPAS_2_SOCSR3",131964,32,20,13.53,0.3235,0,28.15625,0,28.15625,21.648
"VICPAS_2_SOCSR3",217748,21,20,19.12,0.044,0,9.61904761904762,0,9.61904761904762,20.076
"VICPAS_2_SOCSR3",102291,19,20,20,0,0,10.6315789473684,0,10.6315789473684,19
"VICPAS_2_SOCSR3",975528,25,20,26,0.3,0,12.88,0,12.88,17.5
"VICPAS_2_VPSBT1",118390,2,50,49,0.02,-4,330,4,330,1.96
"VICPAS_2_VPSBT1",698265,2,50,49,0.02,-4,330,4,330,1.96
"VICPAS_2_VPSBT1",121961,2,50,48.5,0.03,-4,330,4,330,1.94
"VICPAS_2_VPSBT1",555191,2,50,48.35,0.033,-4,330,4,330,1.934
"VICPAS_2_VPSBT1",189190,2,50,40,0.2,0,130.5,0,130.5,1.6
"VICPAS_2_VPSSR1",199791,6,200,102,0.49,0,120.333333333333,0,120.333333333333,3.06
"VICPAS_2_VPSSR1",589808,6,200,102,0.49,0,120.333333333333,0,120.333333333333,3.06
"VICPAS_2_VPSSR1",213716,6,200,96,0.52,0,120.333333333333,0,120.333333333333,2.88
"VICPAS_2_VPSSR1",513545,6,200,96,0.52,0,120.333333333333,0,120.333333333333,2.88
"VICPAS_2_VPSSR1",108122,1,200,200,0,0,0,0,0,1
"VICTOR_1_EXSLRA",267721,1,2,40,19,2,314,2,314,-18
"VICTOR_1_EXSLRA",610848,1,2,40,19,2,314,2,314,-18
"VICTOR_1_EXSLRA",149369,1,2,175,86.5,2,434,2,434,-85.5
"VICTOR_1_EXSLRA",432033,1,2,190,94,5,687,5,687,-93
"VICTOR_1_EXSLRA",196186,1,2,270,134,2,374,2,374,-133
"VICTOR_1_EXSLRB",978009,1,2,2,0,5,480,5,480,1
"VICTOR_1_EXSLRB",175717,1,2,1.63,0.185,5,540,5,540,0.815
"VICTOR_1_EXSLRB",445378,1,2,5,1.5,5,540,5,540,-0.5
"VICTOR_1_EXSLRB",766252,1,2,5,1.5,5,480,5,480,-0.5
"VICTOR_1_EXSLRB",279660,1,2,9.5,3.75,5,540,5,540,-2.75
"VICTOR_1_LMISR2",652315,1,1.5,225,149,0,34380,0,34380,-148
"VICTOR_1_LVSLR1",376549,2,10,10,0,0,426,0,426,2
"VICTOR_1_LVSLR1",279660,2,10,9.5,0.05,0,426,0,426,1.9
"VICTOR_1_LVSLR1",779880,2,10,11,0.1,0,426,0,426,1.8
"VICTOR_1_LVSLR1",799732,2,10,12,0.2,0,426,0,426,1.6
"VICTOR_1_LVSLR1",131964,2,10,13.53,0.353,0,426,0,426,1.294
"VICTOR_1_LVSLR2",102291,2,20,20,0,0,187,0,187,2
"VICTOR_1_LVSLR2",181841,2,20,20,0,0,187,0,187,2
"VICTOR_1_LVSLR2",819306,2,20,20,0,0,187,0,187,2
"VICTOR_1_LVSLR2",916581,2,20,20,0,0,187,0,187,2
"VICTOR_1_LVSLR2",217748,2,20,19.12,0.044,0,187,0,187,1.912
"VICTOR_1_SOLAR1",482688,2,17.5,17,0.0285714285714286,0,0,0,0,1.94285714285714
"VICTOR_1_SOLAR1",181841,2,17.5,20,0.142857142857143,0,60,0,60,1.71428571428571
"VICTOR_1_SOLAR1",789421,2,17.5,20,0.142857142857143,0,0,0,0,1.71428571428571
"VICTOR_1_SOLAR1",131964,2,17.5,13.53,0.226857142857143,0,60,0,60,1.54628571428571
"VICTOR_1_SOLAR1",799732,2,17.5,12,0.314285714285714,0,60,0,60,1.37142857142857
"VICTOR_1_SOLAR2",159086,3,20,20,0,0,260,0,260,3
"VICTOR_1_SOLAR2",217748,1,20,19.12,0.044,0,195,0,195,0.956
"VICTOR_1_SOLAR2",114767,1,20,24.75,0.2375,0,240,0,240,0.7625
"VICTOR_1_SOLAR2",987235,1,20,24.75,0.2375,0,240,0,240,0.7625
"VICTOR_1_SOLAR2",164152,1,20,15,0.25,-2,389,2,389,0.75
"VICTOR_1_SOLAR3",777449,1,7,408,57.2857142857143,3,96,3,96,-56.2857142857143
"VICTOR_1_SOLAR4",193972,1,20,19.85,0.00749999999999993,-3,100,3,100,0.9925
"VICTOR_1_SOLAR4",517313,1,20,23.66,0.183,-3,100,3,100,0.817
"VICTOR_1_SOLAR4",126265,1,20,38,0.9,-3,580,3,580,0.1
"VICTOR_1_SOLAR4",928521,1,20,99.5,3.975,-3,520,3,520,-2.975
"VICTOR_1_SOLAR4",153790,1,20,200,9,-3,5320,3,5320,-8
"VICTOR_1_VDRYFB",445378,1,5,5,0,-5,540,5,540,1
"VICTOR_1_VDRYFB",766252,1,5,5,0,-5,540,5,540,1
"VICTOR_1_VDRYFB",175717,1,5,1.63,0.674,-5,600,5,600,0.326
"VICTOR_1_VDRYFB",610706,1,5,1,0.8,0,900,0,900,0.2
"VICTOR_1_VDRYFB",661056,1,5,1,0.8,0,900,0,900,0.2
"VIKING_2_VCBBT1",145233,1,150,125,0.166666666666667,0,480,0,480,0.833333333333333
"VIKING_2_VCBBT1",124287,1,150,26,0.826666666666667,0,600,0,600,0.173333333333333
"VIKING_2_VCBBT1",348028,1,150,15,0.9,0,18180,0,18180,0.1
"VIKING_2_VCBBT1",430455,1,150,1.91,0.987266666666667,0,540,0,540,0.0127333333333333
"VIKING_2_VCBBT1",136331,1,150,1.15,0.992333333333333,0,1260,0,1260,0.00766666666666671
"VIKING_2_VCSSR1",145233,3,130,125,0.0384615384615385,0,205.666666666667,0,205.666666666667,2.88461538461538
"VIKING_2_VCSSR1",161396,1,130,94,0.276923076923077,0,211,0,211,0.723076923076923
"VIKING_2_VCSSR1",525611,1,130,90,0.307692307692308,0,706,0,706,0.692307692307692
"VIKING_2_VCSSR1",308877,1,130,75,0.423076923076923,0,46,0,46,0.576923076923077
"VIKING_2_VCSSR1",570814,1,130,75,0.423076923076923,0,106,0,106,0.576923076923077
"VIKING_2_VSHSB1",530129,14,150,176,0.173333333333333,0,411.428571428571,0,411.428571428571,11.5733333333333
"VIKING_2_VSHSB1",430586,8,150,151,0.00666666666666667,0,510,0,510,7.94666666666667
"VIKING_2_VSHSB1",296736,7,150,165.9,0.106,0,334.285714285714,0,334.285714285714,6.258
"VIKING_2_VSHSB1",199228,7,150,175,0.166666666666667,0,540,0,540,5.83333333333333
"VIKING_2_VSHSB1",914230,9,150,75,0.5,0,7037.66666666667,0,7037.66666666667,4.5
"VISTRA_5_DALBT1",495559,1,100,100,0,-1,60,1,60,1
"VISTRA_5_DALBT1",354420,1,100,106,0.06,0,1200,0,1200,0.94
"VISTRA_5_DALBT1",455119,1,100,119,0.19,0,180,0,180,0.81
"VISTRA_5_DALBT1",965468,1,100,80,0.2,0,1080,0,1080,0.8
"VISTRA_5_DALBT1",126265,2,100,38,0.62,0,940.5,0,940.5,0.76
"VISTRA_5_DALBT2",495559,1,100,100,0,-1,60,1,60,1
"VISTRA_5_DALBT2",455119,1,100,119,0.19,0,0,0,0,0.81
"VISTRA_5_DALBT2",965468,1,100,80,0.2,0,1080,0,1080,0.8
"VISTRA_5_DALBT2",126265,2,100,38,0.62,0,940.5,0,940.5,0.76
"VISTRA_5_DALBT2",121745,1,100,75,0.25,0,10123,0,10123,0.75
"VISTRA_5_DALBT3",278131,1,100,100,0,0,804,0,804,1
"VISTRA_5_DALBT3",495559,1,100,100,0,-1,60,1,60,1
"VISTRA_5_DALBT3",705633,1,100,110,0.1,0,924,0,924,0.9
"VISTRA_5_DALBT3",170383,1,100,118,0.18,0,120,0,120,0.82
"VISTRA_5_DALBT3",455119,1,100,119,0.19,0,180,0,180,0.81
"VISTRA_5_DALBT4",147278,2,100,127.5,0.275,-0.5,81,0.5,81,1.45
"VISTRA_5_DALBT4",126265,3,100,38,0.62,0,1020.66666666667,0,1020.66666666667,1.14
"VISTRA_5_DALBT4",495559,1,100,100,0,-1,60,1,60,1
"VISTRA_5_DALBT4",170383,1,100,118,0.18,0,120,0,120,0.82
"VISTRA_5_DALBT4",542239,1,100,118.5,0.185,-1,162,1,162,0.815
"VISTRA_5_PLABT1",173967,9,100.4,100,0.00398406374501998,0,1206.66666666667,0,1206.66666666667,8.96414342629482
"VISTRA_5_PLABT1",423784,8,100.4,100,0.00398406374501998,0,757.5,0,757.5,7.96812749003984
"VISTRA_5_PLABT1",178982,9,100.4,83,0.173306772908367,0,186.666666666667,0,186.666666666667,7.4402390438247
"VISTRA_5_PLABT1",185626,10,100.4,49,0.51195219123506,0,1476,0,1476,4.8804780876494
"VISTRA_5_PLABT1",664900,10,100.4,49,0.51195219123506,0,1476,0,1476,4.8804780876494
"VISTRA_5_PLABT2",178982,2,100.4,83,0.173306772908367,0,180,0,180,1.65338645418327
"VISTRA_5_PLABT2",627078,2,100.4,120,0.195219123505976,0,723.5,0,723.5,1.60956175298805
"VISTRA_5_PLABT2",506140,2,100.4,50,0.50199203187251,-0.5,4030.5,0.5,4030.5,0.99601593625498
"VISTRA_5_PLABT2",129473,1,100.4,100,0.00398406374501998,0,2660,0,2660,0.99601593625498
"VISTRA_5_PLABT2",262817,1,100.4,100,0.00398406374501998,-1,46620,1,46620,0.99601593625498
"VISTRA_5_PLABT3",506140,3,74.6,50,0.329758713136729,-0.333333333333333,4526.66666666667,0.333333333333333,4526.66666666667,2.01072386058981
"VISTRA_5_PLABT3",308877,2,74.6,75,0.00536193029490624,0,300,0,300,1.98927613941019
"VISTRA_5_PLABT3",178982,2,74.6,83,0.11260053619303,0,180,0,180,1.77479892761394
"VISTRA_5_PLABT3",185626,2,74.6,49,0.343163538873995,-0.5,1320,0.5,1320,1.31367292225201
"VISTRA_5_PLABT3",664900,2,74.6,49,0.343163538873995,-0.5,1320,0.5,1320,1.31367292225201
"VISTRA_5_PLABT4",178982,3,74.6,83,0.11260053619303,0,280,0,280,2.66219839142091
"VISTRA_5_PLABT4",126265,4,74.6,38,0.490616621983914,0,1125,0,1125,2.03753351206434
"VISTRA_5_PLABT4",419525,2,74.6,80,0.0723860589812333,0,0,0,0,1.85522788203753
"VISTRA_5_PLABT4",190343,2,74.6,55,0.262734584450402,0,1140,0,1140,1.4745308310992
"VISTRA_5_PLABT4",512382,2,74.6,53.5,0.2828418230563,0,900,0,900,1.4343163538874
"VLCNTR_6_VCEBT1",178982,4,54,83,0.537037037037037,0,600,0,600,1.85185185185185
"VLCNTR_6_VCEBT1",599767,2,54,68,0.259259259259259,0,820,0,820,1.48148148148148
"VLCNTR_6_VCEBT1",736984,1,54,54,0,0,660,0,660,1
"VLCNTR_6_VCEBT1",144713,1,54,52.5,0.0277777777777778,0,720,0,720,0.972222222222222
"VLCNTR_6_VCEBT1",497303,1,54,57.25,0.0601851851851852,0,400,0,400,0.939814814814815
"VLCNTR_6_VCEBT2",178982,4,85,83,0.0235294117647059,0,555,0,555,3.90588235294118
"VLCNTR_6_VCEBT2",599767,4,85,68,0.2,0,519.75,0,519.75,3.2
"VLCNTR_6_VCEBT2",556956,3,85,104.5,0.229411764705882,1,336,1,336,2.31176470588235
"VLCNTR_6_VCEBT2",121745,2,85,75,0.117647058823529,1.5,459,1.5,459,1.76470588235294
"VLCNTR_6_VCEBT2",165180,2,85,100,0.176470588235294,0,292.5,0,292.5,1.64705882352941
"VLCNTR_6_VCSLR",136437,1,2.33,2.09,0.103004291845494,0,120,0,120,0.896995708154506
"VLCNTR_6_VCSLR",197004,1,2.33,1,0.570815450643777,0,180,0,180,0.429184549356223
"VLCNTR_6_VCSLR",543434,1,2.33,12,4.15021459227468,0,30840,0,30840,-3.15021459227468
"VLCNTR_6_VCSLR",125901,1,2.33,14,5.00858369098712,0,180,0,180,-4.00858369098712
"VLCNTR_6_VCSLR",183275,1,2.33,29.1,11.4892703862661,0,60,0,60,-10.4892703862661
"VLCNTR_6_VCSLR1",175717,1,2.5,1.63,0.348,0,60,0,60,0.652
"VLCNTR_6_VCSLR1",197004,1,2.5,1,0.6,0,180,0,180,0.4
"VLCNTR_6_VCSLR1",445378,1,2.5,5,1,0,60,0,60,0
"VLCNTR_6_VCSLR1",766252,1,2.5,5,1,0,150,0,150,0
"VLCNTR_6_VCSLR1",279660,1,2.5,9.5,2.8,0,60,0,60,-1.8
"VLCNTR_6_VCSLR2",445378,1,5,5,0,0,60,0,60,1
"VLCNTR_6_VCSLR2",766252,1,5,5,0,0,150,0,150,1
"VLCNTR_6_VCSLR2",175717,1,5,1.63,0.674,0,60,0,60,0.326
"VLCNTR_6_VCSLR2",197004,1,5,1,0.8,0,180,0,180,0.2
"VLCNTR_6_VCSLR2",279660,1,5,9.5,0.9,0,60,0,60,0.1
"VLYHOM_7_SSJID",860525,1,3,60,19,0,221220,0,221220,-18
"VLYHOM_7_SSJID",164522,1,3,280,92.3333333333333,0,660,0,660,-91.3333333333333
"VOLTA_2_UNIT 1",711583,1,9.1,29,2.18681318681319,0,43331,0,43331,-1.18681318681319
"VOLTA_2_UNIT 1",184537,1,9.1,34,2.73626373626374,0,731,0,731,-1.73626373626374
"VOLTA_2_UNIT 1",133364,1,9.1,205,21.5274725274725,0,21960,0,21960,-20.5274725274725
"VOLTA_2_UNIT 2",197004,1,1,1,0,0,253,0,253,1
"VOLTA_2_UNIT 2",905952,1,1,2,1,0,300,0,300,0
"VOLTA_2_UNIT 2",187332,1,1,9.72,8.72,0,3180,0,3180,-7.72
"VOLTA_2_UNIT 2",101363,1,1,11,10,0,253,0,253,-9
"VOLTA_2_UNIT 2",134471,1,1,27.2,26.2,0,313,0,313,-25.2
"VOLTA_6_BAILCK",338295,1,0.63,0.49,0.222222222222222,0,5040,0,5040,0.777777777777778
"VOLTA_6_BAILCK",206568,1,0.63,0.44,0.301587301587302,0,5040,0,5040,0.698412698412698
"VOLTA_6_BAILCK",835860,1,0.63,0.33,0.476190476190476,0,5040,0,5040,0.523809523809524
"VOLTA_6_BAILCK",898749,1,0.63,0.28,0.555555555555555,0,5040,0,5040,0.444444444444445
"VOLTA_6_BAILCK",709937,1,0.63,0.2,0.682539682539683,0,5040,0,5040,0.317460317460317
"VOLTA_6_DIGHYD",146475,1,0.6,6.2,9.33333333333333,0,54693,0,54693,-8.33333333333333
"VOLTA_6_DIGHYD",461606,1,0.6,30,49,0,440,0,440,-48
"VOLTA_6_DIGHYD",554521,1,0.6,70,115.666666666667,5,5070,5,5070,-114.666666666667
"VOLTA_6_DIGHYD",925285,1,0.6,350,582.333333333333,5,3510,5,3510,-581.333333333333
"VOLTA_7_PONHY1",270946,1,1.25,2,0.6,-1,176858,1,176858,0.4
"VOLTA_7_PONHY1",915712,1,1.25,50,39,-1,158,1,158,-38
"VOLTA_7_PONHY1",839105,1,1.25,60,47,-5,514,5,514,-46
"VOLTA_7_PONHY1",147278,1,1.25,127.5,101,-5,154,5,154,-100
"VOLTA_7_PONHY1",104627,1,1.25,130,103,-5,934,5,934,-102
"VOLTA_7_QFUNTS",270946,1,0.15,2,12.3333333333333,-1,176859,1,176859,-11.3333333333333
"VOLTA_7_QFUNTS",120392,1,0.15,7,45.6666666666667,0,240,0,240,-44.6666666666667
"VOLTA_7_QFUNTS",193972,1,0.15,19.85,131.333333333333,0,60,0,60,-130.333333333333
"VOLTA_7_QFUNTS",517313,1,0.15,23.66,156.733333333333,0,60,0,60,-155.733333333333
"VOLTA_7_QFUNTS",177935,1,0.15,25,165.666666666667,0,2220,0,2220,-164.666666666667
"VOYAGR_2_VOAWD5",999824,1,13.98,84,5.00858369098712,0,274,0,274,-4.00858369098712
"VOYAGR_2_VOAWD5",165180,1,13.98,100,6.15307582260372,0,274,0,274,-5.15307582260372
"VOYAGR_2_VOAWD5",180145,1,13.98,225,15.0944206008584,0,31534,0,31534,-14.0944206008584
"VOYAGR_2_VOAWD5",286121,1,13.98,302,20.6022889842632,0,394,0,394,-19.6022889842632
"VOYAGR_2_VOAWD5",650619,1,13.98,309,21.1030042918455,0,334,0,334,-20.1030042918455
"VOYAGR_2_VOYWD1",178982,1,128.91,83,0.356139942595609,0,240,0,240,0.643860057404391
"VOYAGR_2_VOYWD1",701449,1,128.91,318,1.46683732836863,0,120,0,120,-0.466837328368629
"VOYAGR_2_VOYWD2",117001,1,126.35,112.5,0.109616145627226,0,420,0,420,0.890383854372774
"VOYAGR_2_VOYWD2",234079,1,126.35,112.5,0.109616145627226,0,420,0,420,0.890383854372774
"VOYAGR_2_VOYWD2",243483,1,126.35,104,0.176889592402058,0,480,0,480,0.823110407597942
"VOYAGR_2_VOYWD2",165180,1,126.35,100,0.208547685001979,0,274,0,274,0.791452314998021
"VOYAGR_2_VOYWD2",298329,1,126.35,84,0.335180055401662,0,120,0,120,0.664819944598338
"VOYAGR_2_VOYWD3",999824,1,42.45,84,0.978798586572438,0,273,0,273,0.021201413427562
"VOYAGR_2_VOYWD3",165180,1,42.45,100,1.35571260306243,0,273,0,273,-0.355712603062426
"VOYAGR_2_VOYWD3",180145,1,42.45,225,4.30035335689046,0,31533,0,31533,-3.30035335689046
"VOYAGR_2_VOYWD3",286121,1,42.45,302,6.11425206124853,0,393,0,393,-5.11425206124853
"VOYAGR_2_VOYWD3",650619,1,42.45,309,6.2791519434629,0,333,0,333,-5.2791519434629
"VOYAGR_2_VOYWD4",178982,1,21.01,83,2.95049976201809,3,455,3,455,-1.95049976201809
"VOYAGR_2_VOYWD4",999824,1,21.01,84,2.998096144693,0,273,0,273,-1.998096144693
"VOYAGR_2_VOYWD4",165180,1,21.01,100,3.75963826749167,0,273,0,273,-2.75963826749167
"VOYAGR_2_VOYWD4",180145,1,21.01,225,9.70918610185626,0,31533,0,31533,-8.70918610185626
"VOYAGR_2_VOYWD4",650619,1,21.01,309,13.7072822465493,0,333,0,333,-12.7072822465493
"VSTAES_6_VESBT1",212542,1,40,42.8,0.0699999999999999,0,120,0,120,0.93
"VSTAES_6_VESBT1",159511,1,40,43,0.075,0,300,0,300,0.925
"VSTAES_6_VESBT1",194982,1,40,35,0.125,0,360,0,360,0.875
"VSTAES_6_VESBT1",662836,1,40,48,0.2,0,120,0,120,0.8
"VSTAES_6_VESBT1",204429,1,40,22,0.45,0,273,0,273,0.55
"WADHAM_6_UNIT",839810,1,29.07,26.61,0.0846233230134159,-1,3900,1,3900,0.915376676986584
"WADHAM_6_UNIT",142368,1,29.07,25,0.14000687994496,-1,34980,1,34980,0.85999312005504
"WADHAM_6_UNIT",151446,1,29.07,36,0.238390092879257,-1,3420,1,3420,0.761609907120743
"WADHAM_6_UNIT",133829,1,29.07,37.5,0.289989680082559,0,1980,0,1980,0.710010319917441
"WADHAM_6_UNIT",185773,1,29.07,20,0.312005503955968,-1,26460,1,26460,0.687994496044032
"WALCRK_2_CTG1",542415,31,100.1,42,0.568820662651457,0,224.516129032258,0,224.516129032258,13.3665594578048
"WALCRK_2_CTG1",354420,11,97.32,106,0.0891903000411016,-0.454545454545455,441.909090909091,0.454545454545455,441.909090909091,10.0189066995479
"WALCRK_2_CTG1",611344,14,97.32,61,0.373201808466913,-0.142857142857143,1649.07142857143,0.142857142857143,1649.07142857143,8.77517468146321
"WALCRK_2_CTG1",523386,9,97.32,106,0.0891903000411016,-0.555555555555556,660.111111111111,0.555555555555556,660.111111111111,8.19728729963009
"WALCRK_2_CTG1",775503,9,97.32,111,0.140567200986437,0,93.3333333333333,0,93.3333333333333,7.73489519112207
"WALCRK_2_CTG2",542415,30,100.1,42,0.567068572743942,0,228,0,228,12.9879428176818
"WALCRK_2_CTG2",775503,9,96.91,111,0.145392632339284,0,93.3333333333333,0,93.3333333333333,7.69146630894644
"WALCRK_2_CTG2",611344,12,96.91,61,0.370549994840574,0,120,0,120,7.55340006191312
"WALCRK_2_CTG2",523386,8,96.91,106,0.0937983696212981,0,690,0,690,7.24961304302961
"WALCRK_2_CTG2",871298,18,96.91,158.4,0.634506242905789,0,46.6666666666667,0,46.6666666666667,6.5788876276958
"WALCRK_2_CTG3",542415,32,100.1,42,0.565910357102804,0,221.25,0,221.25,13.8908685727103
"WALCRK_2_CTG3",354420,12,96.65,106,0.0967408173823072,-0.0833333333333333,415.083333333333,0.0833333333333333,415.083333333333,10.8391101914123
"WALCRK_2_CTG3",611344,15,96.65,61,0.368856699430936,-0.0666666666666667,840.066666666667,0.0666666666666667,840.066666666667,9.46714950853595
"WALCRK_2_CTG3",775503,9,96.65,111,0.148473874806001,0,93.3333333333333,0,93.3333333333333,7.66373512674599
"WALCRK_2_CTG3",523386,8,96.65,106,0.0967408173823072,0,690,0,690,7.22607346094154
"WALCRK_2_CTG4",542415,28,96.6,42,0.565217391304348,0,120,0,120,12.1739130434783
"WALCRK_2_CTG4",611344,15,96.6,61,0.368530020703934,0,120,0,120,9.472049689441
"WALCRK_2_CTG4",354420,8,96.6,106,0.0973084886128365,0,405,0,405,7.22153209109731
"WALCRK_2_CTG4",523386,8,96.6,106,0.0973084886128365,0,690,0,690,7.22153209109731
"WALCRK_2_CTG4",871298,20,96.6,158.4,0.639751552795031,0,48,0,48,7.20496894409937
"WALCRK_2_CTG5",542415,33,100.1,42,0.565896174088809,0,218.181818181818,0,218.181818181818,14.3254262550693
"WALCRK_2_CTG5",611344,15,96.65,61,0.368856699430936,0,120,0,120,9.46714950853595
"WALCRK_2_CTG5",354420,10,96.65,106,0.0967408173823072,0,342,0,342,9.03259182617693
"WALCRK_2_CTG5",775503,9,96.65,111,0.148473874806001,0,93.3333333333333,0,93.3333333333333,7.66373512674599
"WALCRK_2_CTG5",523386,8,96.65,106,0.0967408173823072,0,690,0,690,7.22607346094154
"WALNUT_6_HILLGEN",134471,1,47,27.2,0.421276595744681,0,255,0,255,0.578723404255319
"WALNUT_6_HILLGEN",364961,1,47,25,0.468085106382979,0,255,0,255,0.531914893617021
"WALNUT_6_HILLGEN",308877,1,47,75,0.595744680851064,0,435,0,435,0.404255319148936
"WALNUT_6_HILLGEN",570814,1,47,75,0.595744680851064,0,255,0,255,0.404255319148936
"WALNUT_6_HILLGEN",589439,1,47,13,0.723404255319149,0,315,0,315,0.276595744680851
"WALNUT_7_WCOVST",146475,1,6.5,6.2,0.0461538461538461,-1,2687,1,2687,0.953846153846154
"WALNUT_7_WCOVST",686125,1,6.5,8,0.230769230769231,1,17281,1,17281,0.769230769230769
"WALNUT_7_WCOVST",197335,1,6.5,11.07,0.703076923076923,0,9000,0,9000,0.296923076923077
"WALNUT_7_WCOVST",368991,1,6.5,0.99,0.847692307692308,4,180,4,180,0.152307692307692
"WALNUT_7_WCOVST",133470,1,6.5,0.82,0.873846153846154,4,240,4,240,0.126153846153846
"WARNE_2_UNIT",938239,1,76,88,0.157894736842105,1,55770,1,55770,0.842105263157895
"WARNE_2_UNIT",173967,1,76,100,0.31578947368421,1,990,1,990,0.68421052631579
"WARNE_2_UNIT",423784,1,76,100,0.31578947368421,1,990,1,990,0.68421052631579
"WARNE_2_UNIT",122409,1,76,41,0.460526315789474,1,870,1,870,0.539473684210526
"WARNE_2_UNIT",194982,1,76,35,0.539473684210526,0,810,0,810,0.460526315789474
"WAUKNA_1_SOLAR",102291,1,20,20,0,0,765,0,765,1
"WAUKNA_1_SOLAR",181841,1,20,20,0,0,765,0,765,1
"WAUKNA_1_SOLAR",789421,1,20,20,0,0,765,0,765,1
"WAUKNA_1_SOLAR",819306,1,20,20,0,0,765,0,765,1
"WAUKNA_1_SOLAR",916581,1,20,20,0,0,765,0,765,1
"WDFRDF_2_WFFBT1",134471,2,25,27.2,0.088,0,60,0,60,1.824
"WDFRDF_2_WFFBT1",134647,1,25,25,0,0,150,0,150,1
"WDFRDF_2_WFFBT1",142368,1,25,25,0,0,705,0,705,1
"WDFRDF_2_WFFBT1",179949,1,25,26,0.04,0,225,0,225,0.96
"WDFRDF_2_WFFBT1",975528,1,25,26,0.04,0,750,0,750,0.96
"WDLEAF_7_UNIT 1",236353,6,60,60,0,0,209.666666666667,0,209.666666666667,6
"WDLEAF_7_UNIT 1",133829,3,60,37.5,0.375,0,239.666666666667,0,239.666666666667,1.875
"WDLEAF_7_UNIT 1",698265,1,60,49,0.183333333333333,0,9011,0,9011,0.816666666666667
"WDLEAF_7_UNIT 1",911243,1,60,48,0.2,0,141491,0,141491,0.8
"WDLEAF_7_UNIT 1",570814,1,60,75,0.25,0,570,0,570,0.75
"WEBER_6_FORWRD",170852,1,4.2,40,8.52380952380952,0,2461,0,2461,-7.52380952380952
"WEBER_6_FORWRD",922006,1,4.2,40,8.52380952380952,0,6952,0,6952,-7.52380952380952
"WEBER_6_FORWRD",950113,1,4.2,200,46.6190476190476,0,244,0,244,-45.6190476190476
"WEBER_6_FORWRD",797651,1,4.2,300,70.4285714285714,0,244,0,244,-69.4285714285714
"WEBER_6_FORWRD",622149,1,4.2,375,88.2857142857143,0,64,0,64,-87.2857142857143
"WEEDPC_6_KNSSR1",166958,1,2.37,10,3.21940928270042,0,1500,0,1500,-2.21940928270042
"WEEDPC_6_KNSSR1",959475,1,2.37,169,70.3080168776371,0,17340,0,17340,-69.3080168776371
"WEEDPC_6_KNSSR1",357513,1,2.37,175.67,73.1223628691983,0,10560,0,10560,-72.1223628691983
"WEEDPC_6_KNSSR1",133067,1,2.37,250,104.485232067511,0,45120,0,45120,-103.485232067511
"WEEDPC_6_KNSSR1",688362,1,2.37,250,104.485232067511,0,62940,0,62940,-103.485232067511
"WESCAN_2_BDSBT1",695464,9,131,131,0,0,620.777777777778,0,620.777777777778,9
"WESCAN_2_BDSBT1",123110,4,131,115,0.122137404580153,0,572.5,0,572.5,3.51145038167939
"WESCAN_2_BDSBT1",152145,3,131,105,0.198473282442748,0,3.33333333333333,0,3.33333333333333,2.40458015267176
"WESCAN_2_BDSBT1",162314,2,131,131,0,0,351,0,351,2
"WESCAN_2_BDSBT1",455119,2,131,119,0.0916030534351145,-1,5147.5,1,5147.5,1.81679389312977
"WESCN2_2_BDSBT1",655049,2,119,73,0.38655462184874,0,870,0,870,1.22689075630252
"WESCN2_2_BDSBT1",522019,1,119,116,0.0252100840336134,0,0,0,0,0.974789915966387
"WESCN2_2_BDSBT1",632366,2,119,55,0.53781512605042,0,1170,0,1170,0.92436974789916
"WESCN2_2_BDSBT1",335868,1,119,108,0.092436974789916,0,120,0,120,0.907563025210084
"WESCN2_2_BDSBT1",556956,1,119,104.5,0.121848739495798,0,300,0,300,0.878151260504202
"WESTPT_2_UNIT",160896,1,14,3,0.785714285714286,0,540,0,540,0.214285714285714
"WESTPT_2_UNIT",124287,1,14,26,0.857142857142857,0,0,0,0,0.142857142857143
"WESTPT_2_UNIT",141813,1,14,0.5,0.964285714285714,0,660,0,660,0.0357142857142857
"WESTPT_2_UNIT",181103,1,14,0.37,0.973571428571429,0,660,0,660,0.0264285714285714
"WESTPT_2_UNIT",129783,1,14,0.22,0.984285714285714,0,660,0,660,0.0157142857142858
"WFRESN_1_SOLAR",371350,1,1.5,1,0.333333333333333,0,NA,0,NA,0.666666666666667
"WFRESN_1_SOLAR",381830,1,1.5,1,0.333333333333333,0,NA,0,NA,0.666666666666667
"WFRESN_1_SOLAR",871298,1,1.5,158.4,104.6,0,9106,0,9106,-103.6
"WHITEW_5_WWAUXL1",298329,1,5,84,15.8,0,3330,0,3330,-14.8
"WHITEW_5_WWRSR1",145233,122,179,125,0.301675977653631,0,14.2704918032787,0,14.2704918032787,85.195530726257
"WHITEW_5_WWRSR1",576455,78,179,150,0.162011173184358,0,93.0769230769231,0,93.0769230769231,65.3631284916201
"WHITEW_5_WWRSR1",784426,70,179,200,0.11731843575419,0,49.7142857142857,0,49.7142857142857,61.7877094972067
"WHITEW_5_WWRSR1",586821,87,179,120,0.329608938547486,0,76.551724137931,0,76.551724137931,58.3240223463687
"WHITEW_5_WWRSR1",107681,77,179,223.6,0.249162011173184,0,90.3896103896104,0,90.3896103896104,57.8145251396648
"WHITNY_6_SOLAR",159086,1,20,20,0,-3,283,3,283,1
"WHITNY_6_SOLAR",565664,1,20,20,0,-3,163,3,163,1
"WHITNY_6_SOLAR",783204,1,20,20,0,-3,103,3,103,1
"WHITNY_6_SOLAR",114767,1,20,24.75,0.2375,-3,37663,3,37663,0.7625
"WHITNY_6_SOLAR",987235,1,20,24.75,0.2375,-3,36283,3,36283,0.7625
"WILLMS_6_ARBBM1",368055,6,3,3.43,0.143333333333333,1.66666666666667,151.666666666667,1.66666666666667,151.666666666667,5.14
"WILLMS_6_ARBBM1",200713,6,3,2.2,0.266666666666667,1.66666666666667,151.666666666667,1.66666666666667,151.666666666667,4.4
"WILLMS_6_ARBBM1",122443,6,3,2,0.333333333333333,1.66666666666667,151.666666666667,1.66666666666667,151.666666666667,4
"WILLMS_6_ARBBM1",193916,6,3,2,0.333333333333333,1.66666666666667,151.666666666667,1.66666666666667,151.666666666667,4
"WILLMS_6_ARBBM1",291255,6,3,2,0.333333333333333,1.66666666666667,151.666666666667,1.66666666666667,151.666666666667,4
"WISE_1_UNIT 1",124493,2,14.5,10,0.310344827586207,0,710.5,0,710.5,1.37931034482759
"WISE_1_UNIT 1",589439,1,14.5,13,0.103448275862069,0,821,0,821,0.896551724137931
"WISE_1_UNIT 1",108706,1,14.5,12.51,0.137241379310345,0,4001,0,4001,0.862758620689655
"WISE_1_UNIT 1",903445,1,14.5,16.76,0.155862068965517,0,-4,0,4,0.844137931034483
"WISE_1_UNIT 1",543434,1,14.5,12,0.172413793103448,0,390,0,390,0.827586206896552
"WISE_1_UNIT 2",543434,1,3.2,12,2.75,-5,474,5,474,-1.75
"WISE_1_UNIT 2",134647,1,3.2,25,6.8125,-5,234,5,234,-5.8125
"WISE_1_UNIT 2",506140,1,3.2,50,14.625,-5,894,5,894,-13.625
"WISE_1_UNIT 2",530129,1,3.2,176,54,-5,10554,5,10554,-53
"WISE_1_UNIT 2",622149,1,3.2,375,116.1875,-5,16194,5,16194,-115.1875
"WISHON_6_UNITS",933839,1,18.4,20,0.0869565217391305,0,3204,0,3204,0.91304347826087
"WISHON_6_UNITS",176051,1,18.4,20,0.0869565217391305,1,14175,1,14175,0.91304347826087
"WISHON_6_UNITS",142368,1,18.4,25,0.358695652173913,0,70,0,70,0.641304347826087
"WISHON_6_UNITS",206861,1,18.4,25,0.358695652173913,0,57120,0,57120,0.641304347826087
"WISHON_6_UNITS",809558,1,18.4,25.08,0.36304347826087,1,4995,1,4995,0.63695652173913
"WISTER_2_WISSR1",370707,1,20,40,1,0,7718,0,7718,0
"WISTER_2_WISSR1",717058,1,20,50,1.5,0,398,0,398,-0.5
"WISTER_2_WISSR1",203613,1,20,100,4,0,14678,0,14678,-3
"WISTER_2_WISSR1",530129,1,20,176,7.8,0,458,0,458,-6.8
"WISTER_2_WISSR1",156654,1,20,280,13,0,4598,0,4598,-12
"WISTRA_2_WRSSR1",118279,5,100,100,0,0,399.6,0,399.6,5
"WISTRA_2_WRSSR1",199925,5,100,100,0,0,447.6,0,447.6,5
"WISTRA_2_WRSSR1",152145,5,100,105,0.05,0,435.6,0,435.6,4.75
"WISTRA_2_WRSSR1",277359,5,100,125,0.25,0,447.6,0,447.6,3.75
"WISTRA_2_WRSSR1",676452,5,100,125,0.25,0,447.6,0,447.6,3.75
"WLDWD_1_SOLAR1",102291,2,20,20,0,0,15,0,15,2
"WLDWD_1_SOLAR1",916581,2,20,20,0,0,15,0,15,2
"WLDWD_1_SOLAR1",217748,2,20,19.12,0.044,0,15,0,15,1.912
"WLDWD_1_SOLAR1",482688,2,20,17,0.15,0,15,0,15,1.7
"WLDWD_1_SOLAR1",603185,2,20,17,0.15,0,15,0,15,1.7
"WLDWD_1_SOLAR2",261146,3,15,13.6,0.0933333333333334,0,30,0,30,2.72
"WLDWD_1_SOLAR2",131964,3,15,13.53,0.098,0,30,0,30,2.706
"WLDWD_1_SOLAR2",482688,3,15,17,0.133333333333333,0,30,0,30,2.6
"WLDWD_1_SOLAR2",603185,3,15,17,0.133333333333333,0,30,0,30,2.6
"WLDWD_1_SOLAR2",799732,3,15,12,0.2,0,30,0,30,2.4
"WNDMAS_2_UNIT 1",142368,2,38,25,0.342105263157895,0,247.5,0,247.5,1.31578947368421
"WNDMAS_2_UNIT 1",113238,1,38,40,0.0526315789473684,5,3964,5,3964,0.947368421052632
"WNDMAS_2_UNIT 1",114602,1,38,40,0.0526315789473684,5,3964,5,3964,0.947368421052632
"WNDMAS_2_UNIT 1",133003,1,38,35,0.0789473684210526,0,15,0,15,0.921052631578947
"WNDMAS_2_UNIT 1",164708,1,38,41,0.0789473684210526,0,195,0,195,0.921052631578947
"WNDSTR_2_WIND",175361,2,120,120,0,0,632,0,632,2
"WNDSTR_2_WIND",161396,1,120,94,0.216666666666667,0,140,0,140,0.783333333333333
"WNDSTR_2_WIND",178896,1,120,149,0.241666666666667,0,6374,0,6374,0.758333333333333
"WNDSTR_2_WIND",604284,1,120,83,0.308333333333333,0,50504,0,50504,0.691666666666667
"WNDSTR_2_WIND",195664,1,120,70,0.416666666666667,0,2534,0,2534,0.583333333333333
"WOLFSK_1_UNITA1",118390,2,48.68,49,0.0065735414954807,0,13290.5,0,13290.5,1.98685291700904
"WOLFSK_1_UNITA1",698265,2,48.68,49,0.0065735414954807,0,51480.5,0,51480.5,1.98685291700904
"WOLFSK_1_UNITA1",489217,2,48.68,25.59,0.474322103533279,0,10410.5,0,10410.5,1.05135579293344
"WOLFSK_1_UNITA1",370880,1,48.68,40,0.178307313064914,0,299,0,299,0.821692686935086
"WOLFSK_1_UNITA1",284331,1,48.68,39.61,0.186318816762531,0,660,0,660,0.813681183237469
"WRGTSR_2_WSFSR1",784426,3,200,200,0,0,0,0,0,3
"WRGTSR_2_WSFSR1",107681,3,200,223.6,0.118,0,0,0,0,2.646
"WRGTSR_2_WSFSR1",334381,3,200,150,0.25,0,0,0,0,2.25
"WRGTSR_2_WSFSR1",576455,3,200,150,0.25,0,0,0,0,2.25
"WRGTSR_2_WSFSR1",723063,3,200,250,0.25,0,0,0,0,2.25
"WSENGY_1_UNIT 1",294276,1,50,50,0,0,480,0,480,1
"WSENGY_1_UNIT 1",729047,1,50,50,0,0,195,0,195,1
"WSENGY_1_UNIT 1",949253,1,50,49,0.02,0,60,0,60,0.98
"WSENGY_1_UNIT 1",113238,1,50,40,0.2,0,3360,0,3360,0.8
"WSENGY_1_UNIT 1",114602,1,50,40,0.2,0,3360,0,3360,0.8
"WSNR_2_CVPDYN",581105,1,10,3,0.7,0,233,0,233,0.3
"WSNR_2_CVPDYN",595999,1,10,201,19.1,0,953,0,953,-18.1
"WSNR_2_CVPDYN",152208,1,10,306,29.6,0,2333,0,2333,-28.6
"WSTWND_2_M89BT2",195664,1,70.6,70,0.00849858356940502,0,2528,0,2528,0.991501416430595
"WSTWND_2_M89BT2",599767,1,70.6,68,0.036827195467422,3,261,3,261,0.963172804532578
"WSTWND_2_M89BT2",234172,1,70.6,74,0.048158640226629,0,49,0,49,0.951841359773371
"WSTWND_2_M89BT2",193810,1,70.6,81,0.147308781869688,0,100849,0,100849,0.852691218130311
"WSTWND_2_M89BT2",156758,1,70.6,60,0.15014164305949,0,240,0,240,0.84985835694051
"WSTWND_2_M89WD1",203060,1,82.65,100,0.209921355111918,0,480,0,480,0.790078644888082
"WSTWND_2_M89WD1",285753,1,82.65,65,0.213551119177254,0,60,0,60,0.786448880822746
"WSTWND_2_M89WD1",354420,1,82.65,106,0.282516636418633,0,540,0,540,0.717483363581367
"WSTWND_2_M89WD1",523386,1,82.65,106,0.282516636418633,0,540,0,540,0.717483363581367
"WSTWND_2_M89WD1",362805,1,82.65,112,0.355111917725348,0,0,0,0,0.644888082274652
"WSTWND_2_M89WD2",175361,2,82.65,120,0.451905626134301,0,624.5,0,624.5,1.0961887477314
"WSTWND_2_M89WD2",604284,1,82.65,83,0.00423472474289164,0,50494,0,50494,0.995765275257108
"WSTWND_2_M89WD2",195664,1,75.8,70,0.0765171503957783,0,2527,0,2527,0.923482849604222
"WSTWND_2_M89WD2",308877,1,82.65,75,0.0925589836660618,0,1560,0,1560,0.907441016333938
"WSTWND_2_M89WD2",161396,1,82.65,94,0.137326073805203,0,135,0,135,0.862673926194797
"WSTWND_2_M90WD2",195664,1,64.82,70,0.0799136069114472,0,2531,0,2531,0.920086393088553
"WSTWND_2_M90WD2",308877,1,64.82,75,0.157050293119408,0,1560,0,1560,0.842949706880592
"WSTWND_2_M90WD2",142368,2,64.82,25,0.614316568960197,0,900,0,900,0.771366862079605
"WSTWND_2_M90WD2",949253,1,64.82,49,0.244060475161987,0,0,0,0,0.755939524838013
"WSTWND_2_M90WD2",374311,1,64.82,40,0.382906510336316,0,1560,0,1560,0.617093489663684
"WSTWND_2_SBSBT1",165180,3,80,100,0.25,0,503.333333333333,0,503.333333333333,2.25
"WSTWND_2_SBSBT1",267185,2,80,60,0.25,0,2094.5,0,2094.5,1.5
"WSTWND_2_SBSBT1",965468,1,80,80,0,0,2820,0,2820,1
"WSTWND_2_SBSBT1",132195,1,80,77,0.0375,0,95,0,95,0.9625
"WSTWND_2_SBSBT1",178982,1,80,83,0.0375,0,930,0,930,0.9625
"WSTWND_2_SBSBT2",142368,2,40,25,0.375,0,543.5,0,543.5,1.25
"WSTWND_2_SBSBT2",164708,1,40,41,0.025,0,68610,0,68610,0.975
"WSTWND_2_SBSBT2",126265,1,40,38,0.05,0,1080,0,1080,0.95
"WSTWND_2_SBSBT2",133003,1,40,35,0.125,0,795,0,795,0.875
"WSTWND_2_SBSBT2",294276,1,40,50,0.25,0,3960,0,3960,0.75
"WSTWND_2_SBSBT3",655049,3,59,73,0.23728813559322,0,338,0,338,2.28813559322034
"WSTWND_2_SBSBT3",267185,1,59,60,0.0169491525423729,0,4115,0,4115,0.983050847457627
"WSTWND_2_SBSBT3",611344,1,59,61,0.0338983050847458,0,9000,0,9000,0.966101694915254
"WSTWND_2_SBSBT3",294276,1,59,50,0.152542372881356,0,3960,0,3960,0.847457627118644
"WSTWND_2_SBSBT3",599767,1,59,68,0.152542372881356,0,6120,0,6120,0.847457627118644
"YELPIN_2_YP2BT1",234172,3,65,74,0.138461538461538,-0.333333333333333,783.333333333333,0.333333333333333,783.333333333333,2.58461538461538
"YELPIN_2_YP2BT1",308877,3,65,75,0.153846153846154,-0.333333333333333,1629,0.333333333333333,1629,2.53846153846154
"YELPIN_2_YP2BT1",213716,3,65,96,0.476923076923077,0,110.666666666667,0,110.666666666667,1.56923076923077
"YELPIN_2_YP2BT1",199791,3,65,102,0.569230769230769,0,110.666666666667,0,110.666666666667,1.29230769230769
"YELPIN_2_YP2BT1",589808,3,65,102,0.569230769230769,0,110.666666666667,0,110.666666666667,1.29230769230769
"YELPIN_2_YP2BT2",174744,1,53,55,0.0377358490566038,1,7357,1,7357,0.962264150943396
"YELPIN_2_YP2BT2",236353,1,53,60,0.132075471698113,0,120,0,120,0.867924528301887
"YELPIN_2_YP2BT2",267185,1,53,60,0.132075471698113,1,19657,1,19657,0.867924528301887
"YELPIN_2_YP2BT2",167179,1,53,62,0.169811320754717,0,780,0,780,0.830188679245283
"YELPIN_2_YP2BT2",288617,1,53,42,0.207547169811321,0,600,0,600,0.792452830188679
"YELPIN_2_YP2BT3",583036,1,32,32,0,0,50,0,50,1
"YELPIN_2_YP2BT3",158082,1,32,33,0.03125,-5,150,5,150,0.96875
"YELPIN_2_YP2BT3",165788,1,32,33,0.03125,-5,150,5,150,0.96875
"YELPIN_2_YP2BT3",852416,1,32,33,0.03125,-5,150,5,150,0.96875
"YELPIN_2_YP2BT3",483575,1,32,30,0.0625,0,2043,0,2043,0.9375
"YELPIN_2_YP2SR1",354420,1,125,106,0.152,0,3240,0,3240,0.848
"YELPIN_2_YP2SR1",523386,1,125,106,0.152,0,3300,0,3300,0.848
"YELPIN_2_YP2SR1",640035,1,125,150,0.2,0,15060,0,15060,0.8
"YELPIN_2_YP2SR1",431896,1,125,84,0.328,0,0,0,0,0.672
"YELPIN_2_YP2SR1",965468,1,125,80,0.36,0,480,0,480,0.64
"YELPIN_2_YP2SR2",115494,1,60,56,0.0666666666666667,0,406,0,406,0.933333333333333
"YELPIN_2_YP2SR2",133547,1,60,56,0.0666666666666667,0,406,0,406,0.933333333333333
"YELPIN_2_YP2SR2",208011,1,60,55.83,0.0695,0,406,0,406,0.9305
"YELPIN_2_YP2SR2",303003,1,60,65,0.0833333333333333,0,406,0,406,0.916666666666667
"YELPIN_2_YP2SR2",418080,1,60,65,0.0833333333333333,0,406,0,406,0.916666666666667
"YELPIN_2_YP2SR3",462729,1,65,54.6,0.16,0,6003,0,6003,0.84
"YELPIN_2_YP2SR3",340775,1,65,105,0.615384615384615,1,39405,1,39405,0.384615384615385
"YUBACT_1_SUNSWT",177935,4,49.97,25,0.499699819891935,1.25,2294.5,1.25,2294.5,2.00120072043226
"YUBACT_1_SUNSWT",420763,2,49.97,40,0.199519711827096,0,3151,0,3151,1.60096057634581
"YUBACT_1_SUNSWT",143784,1,49.97,50,0.000600360216129701,0,141661,0,141661,0.99939963978387
"YUBACT_1_SUNSWT",185626,1,49.97,49,0.0194116469881929,0,2160,0,2160,0.980588353011807
"YUBACT_1_SUNSWT",664900,1,49.97,49,0.0194116469881929,0,2160,0,2160,0.980588353011807
"YUBACT_6_UNITA1",956804,1,47.16,46.42,0.0156912637828667,1,1440,1,1440,0.984308736217133
"YUBACT_6_UNITA1",135013,1,47.16,46,0.0245971162001696,1,420,1,420,0.97540288379983
"YUBACT_6_UNITA1",276632,1,47.16,52.25,0.107930449533503,1,1440,1,1440,0.892069550466497
"YUBACT_6_UNITA1",462729,1,47.16,54.6,0.157760814249364,0,379,0,379,0.842239185750636
"YUBACT_6_UNITA1",133829,1,47.16,37.5,0.204834605597964,1,180,1,180,0.795165394402036
