"generator","outage_start","outage_stop","pmax_mw","RESOURCEBID_SEQ","last_bid_stop","next_bid_start","stop_offset","restart_offset","max_mw"
"ADLIN_1_UNITS",2024-04-27 17:00:00,2024-04-30 15:00:00,22,374980,2024-04-28,2024-05-07,0,8760,23
"AGRICO_6_PL3N5",2024-02-28 16:00:00,2024-03-04 15:59:00,22.69,201934,2024-02-29,2024-03-09,0,5761,21.59
"AKINGS_6_AMESR1",2024-06-06 15:00:00,2024-06-06 22:00:00,123,203679,2024-06-06 22:00:00,2024-06-07 06:00:00,0,60,130
"AKINGS_6_AMESR1",2024-06-07 15:00:00,2024-06-07 22:00:00,123,203679,2024-06-07 22:00:00,2024-06-08 06:00:00,0,60,130
"AKINGS_6_AMESR1",2024-09-10 15:00:00,2024-09-10 15:29:00,123,203679,2024-09-10 22:00:00,2024-10-01 06:00:00,0,29251,130
"ALAMIT_7_UNIT 5",2023-12-31 15:59:00,2024-01-06 15:01:00,480,242617,2024-01-01,2024-02-15,1,56219,480
"ALAMIT_7_UNIT 5",2024-09-06 16:59:00,2024-12-31 15:59:00,480,242617,2024-09-07,NA,1,NA,480
"ALAMO_6_UNIT",2024-09-24 06:00:00,2024-09-24 07:35:00,17,164152,2024-09-24 13:00:00,2024-09-24 16:00:00,0,85,15
"ALAMO_6_UNIT",2024-12-08 23:00:00,2024-12-19 04:29:00,17,164152,2024-12-09 07:00:00,2024-12-19 15:00:00,0,151,15
"ALMASL_2_AL6BT6",2023-01-11 05:55:00,2023-01-11 23:00:00,50,126265,2023-01-11 14:00:00,2023-01-12 08:00:00,5,60,38
"ALMASL_2_GS7SR7",2024-08-07 21:00:00,2024-08-07 22:25:00,132,634503,2024-08-08 04:00:00,2024-08-08 08:00:00,0,155,108
"ALPSLR_1_NTHSLR",2023-02-06 04:04:00,2023-02-06 05:08:00,20,133003,2023-02-06 12:00:00,2023-02-07,-4,652,35
"ALTA3A_2_CPCE8",2024-12-16,2024-12-16 10:41:00,150,711517,2024-12-16 08:00:00,NA,0,NA,120
"ALTA4A_2_CPCW1",2024-07-30 03:00:00,2024-07-30 04:54:00,150,209289,2024-07-30 10:00:00,2024-07-30 12:00:00,0,6,150
"ALTA4B_2_CPCW2",2023-11-01 01:01:00,2023-11-01 04:24:00,150,561276,2023-11-01 08:00:00,2023-11-02 07:00:00,-1,1176,140
"ALTWD_2_COAWD1",2024-03-14 04:00:00,2024-03-14 09:20:00,50.4,419525,2024-03-14 11:00:00,2024-03-21 15:00:00,0,10000,80
"ANAHM_2_CANYN1",2023-01-03 16:00:00,2023-01-06 12:00:00,49.21,529201,2023-01-04,2023-01-06 20:00:00,0,0,49.21
"ANAHM_2_CANYN1",2024-05-21 11:00:00,2024-05-23 01:00:00,49.21,529201,2024-05-21 18:00:00,2024-05-23 08:00:00,0,0,49.21
"ANAHM_2_CANYN1",2024-05-23 11:00:00,2024-05-23 11:02:00,49.21,529201,2024-05-23 18:00:00,2024-05-23 20:00:00,0,118,49.21
"ANAHM_2_CANYN2",2023-01-06 16:00:00,2023-01-09 12:00:00,48.04,990961,2023-01-07,2023-01-09 20:00:00,0,0,48.04
"ANAHM_2_CANYN2",2023-03-21 04:00:00,2023-03-21 08:36:00,48.04,990961,2023-03-21 11:00:00,2023-03-21 17:00:00,0,84,48.04
"ANAHM_2_CANYN2",2023-12-11 16:00:00,2023-12-14 09:43:00,48.04,990961,2023-12-12,2023-12-14 20:00:00,0,137,48.04
"ANAHM_2_CANYN2",2024-05-07 17:00:00,2024-05-08 09:37:00,48.04,990961,2024-05-08,2024-05-08 18:00:00,0,83,48.04
"ANAHM_2_CANYN2",2024-06-11 01:00:00,2024-06-11 08:00:00,48.04,990961,2024-06-11 08:00:00,2024-06-11 15:00:00,0,0,48.04
"ANAHM_2_CANYN2",2024-06-12 01:00:00,2024-06-12 06:00:00,48.04,990961,2024-06-12 08:00:00,2024-06-12 15:00:00,0,120,48.04
"ANAHM_2_CANYN2",2024-12-03 16:00:00,2024-12-07 12:00:00,48.04,990961,2024-12-04,2024-12-07 20:00:00,0,0,48.04
"ANAHM_2_CANYN3",2023-01-09 16:00:00,2023-01-12 12:00:00,46.49,698118,2023-01-10,2023-01-12 20:00:00,0,0,46.49
"ANAHM_2_CANYN3",2023-05-08 17:00:00,2023-05-09 11:03:00,46.49,698118,2023-05-09,2023-05-09 20:00:00,0,117,46.49
"ANAHM_2_CANYN3",2023-12-14 16:00:00,2023-12-17 05:24:00,46.49,698118,2023-12-15,2023-12-17 20:00:00,0,396,46.49
"ANAHM_2_CANYN3",2024-05-08 17:00:00,2024-05-09 12:20:00,46.49,698118,2024-05-09,2024-05-09 20:00:00,0,40,46.49
"ANAHM_2_CANYN3",2024-12-10 16:00:00,2024-12-13 12:00:00,46.49,698118,2024-12-11,NA,0,NA,46.49
"ANAHM_2_CANYN4",2023-01-12 16:00:00,2023-01-14 07:20:00,49.8,155479,2023-01-13,2023-01-15,0,520,49.8
"ANAHM_2_CANYN4",2023-05-09 17:00:00,2023-05-10 12:34:00,49.8,155479,2023-05-10,2023-05-10 20:00:00,0,26,49.8
"ANAHM_2_CANYN4",2023-12-17 16:00:00,2023-12-19 10:00:00,49.8,155479,2023-12-18,2023-12-19 18:00:00,0,0,49.8
"ANAHM_2_CANYN4",2024-05-09 17:00:00,2024-05-10 13:00:00,49.8,155479,2024-05-10,2024-05-10 20:00:00,0,0,49.8
"ANAHM_2_CANYN4",2024-12-07 16:00:00,2024-12-10 12:00:00,49.8,155479,2024-12-08,2024-12-10 20:00:00,0,0,49.8
"ANZA_6_SOLAR1",2023-03-07 11:00:00,2023-03-07 22:30:00,20,134647,2023-03-07 19:00:00,2023-03-11 17:00:00,0,4950,25
"ARCOGN_2_UNITS",2024-06-18 05:00:00,2024-06-18 06:00:00,305,443551,2024-06-18 12:00:00,2024-06-18 13:00:00,0,0,300
"ARVINN_6_ORION1",2023-12-05 09:00:00,2023-12-05 21:00:00,12,799732,2023-12-05 17:00:00,2023-12-06 07:00:00,0,120,12
"ARVINN_6_ORION1",2023-12-06 09:00:00,2023-12-06 13:00:00,12,799732,2023-12-06 17:00:00,2023-12-07 06:00:00,0,540,12
"ARVINN_6_ORION2",2023-12-05 09:00:00,2023-12-05 13:05:00,8,376549,2023-12-05 17:00:00,2023-12-06 07:00:00,0,595,10
"ARVINN_6_ORION2",2023-12-06 09:00:00,2023-12-06 16:00:00,8,376549,2023-12-06 17:00:00,2023-12-07 07:00:00,0,420,10
"ATWEL2_1_SOLAR1",2023-07-27 01:00:00,2023-07-27 01:25:00,20,415983,2023-07-27 08:00:00,2023-07-27 16:00:00,0,455,9.6
"BALCHS_7_UNIT 1",2023-05-24,2023-05-24 02:35:00,31,159511,2023-05-24 07:00:00,2023-05-24 16:00:00,0,385,43
"BALCHS_7_UNIT 1",2023-10-23,2023-10-23 01:29:00,31,159511,2023-10-23 07:00:00,2023-10-23 15:00:00,0,391,43
"BALCHS_7_UNIT 1",2023-10-24,2023-10-24 01:30:00,31,159511,2023-10-24 07:00:00,2023-10-24 16:00:00,0,450,43
"BALCHS_7_UNIT 1",2023-10-30,2023-10-30 00:44:00,31,159511,2023-10-30 07:00:00,2023-10-30 16:00:00,0,496,43
"BALCHS_7_UNIT 1",2024-03-20 01:00:00,2024-03-20 08:43:00,31,159511,2024-03-20 08:00:00,2024-03-20 16:00:00,0,17,43
"BALCHS_7_UNIT 1",2024-04-29,2024-04-29 01:00:00,31,159511,2024-04-29 07:00:00,2024-04-29 18:00:00,0,600,43
"BANKPP_2_NSPIN",2024-10-13 18:00:00,2024-10-18 09:00:00,270,107219,2024-10-14 01:00:00,2024-12-04,0,66720,85
"BARRE_6_PEAKER",2023-04-06 16:59:00,2023-04-07 01:00:00,49,134075,2023-04-07,2023-04-09 01:00:00,1,2460,56
"BARRE_6_PEAKER",2024-03-14 16:59:00,2024-03-14 18:00:00,49,134075,2024-03-15,2024-03-16,1,1380,56
"BASICE_2_UNITS",2023-02-18 03:00:00,2023-02-18 04:00:00,120,455119,2023-02-18 11:00:00,2023-02-18 15:00:00,0,180,119
"BASICE_2_UNITS",2023-12-14 22:00:00,2023-12-14 23:00:00,120,455119,2023-12-15 06:00:00,2023-12-15 09:00:00,0,120,119
"BDGRCK_1_UNITS",2024-01-21 15:59:00,2024-01-21 16:00:00,48.08,288617,2024-01-22,2024-01-22 04:00:00,1,240,42
"BDGRCK_1_UNITS",2024-01-22 15:59:00,2024-01-22 16:00:00,48.08,288617,2024-01-23,2024-01-23 04:00:00,1,240,42
"BDGRCK_1_UNITS",2024-01-23 15:59:00,2024-01-23 16:00:00,48.08,288617,2024-01-24,2024-01-24 04:00:00,1,240,42
"BEARDS_7_UNIT 1",2023-05-01,2023-05-01 08:09:00,11.5,184635,2023-05-01 07:00:00,2023-05-01 18:00:00,0,171,11.5
"BEARDS_7_UNIT 1",2023-10-08 23:00:00,2023-10-13 11:00:00,11.5,184635,2023-10-09 06:00:00,2023-10-13 18:00:00,0,0,11.5
"BEARDS_7_UNIT 1",2023-10-15 23:00:00,2023-10-20 10:40:00,11.5,184635,2023-10-16 06:00:00,2023-10-20 21:00:00,0,200,11.5
"BEARDS_7_UNIT 1",2023-10-22 23:00:00,2023-11-15 03:48:00,11.5,184635,2023-10-23 06:00:00,2023-11-15 14:00:00,0,132,11.5
"BEARDS_7_UNIT 1",2024-05-13 23:00:00,2024-05-14 10:11:00,11.5,184635,2024-05-14 06:00:00,2024-05-14 19:00:00,0,109,11.5
"BEARDS_7_UNIT 1",2024-11-03 23:00:00,2024-11-21 06:00:00,11.5,184635,2024-11-04 07:00:00,2024-11-21 14:00:00,0,0,11.5
"BEARMT_1_UNIT",2024-02-04 15:59:00,2024-02-04 16:00:00,49.21,118390,2024-02-05,2024-02-07,1,2880,49
"BEJNLS_5_BV2SCEDYN",2024-01-05 01:01:00,2024-01-05 01:06:00,167,255016,2024-01-05 09:00:00,2024-01-05 16:00:00,-1,414,220
"BEKWJS_5_BV1SCEDYN",2024-06-09 09:58:00,2024-06-09 12:26:00,130,190770,2024-06-09 17:00:00,2024-06-10 13:00:00,2,1054,160
"BELDEN_7_UNIT 1",2024-07-22 23:00:00,2024-07-23,119,479608,2024-07-23 06:00:00,2024-07-23 22:00:00,0,900,150
"BELDEN_7_UNIT 1",2024-07-31 01:00:00,2024-07-31 02:20:00,119,479608,2024-07-31 08:00:00,2024-07-31 22:00:00,0,760,150
"BELDEN_7_UNIT 1",2024-10-28 23:00:00,2024-10-29,119,479608,2024-10-29 06:00:00,2024-10-29 22:00:00,0,900,150
"BGSKYN_2_ASSR1B",2023-04-20 13:01:00,2023-04-20 21:37:00,17,603185,2023-04-20 20:00:00,2023-04-21 06:00:00,-1,83,17
"BGSKYN_2_ASSR1B",2023-04-21 13:01:00,2023-04-21 21:35:00,17,603185,2023-04-21 20:00:00,2023-04-22 06:00:00,-1,85,17
"BGSKYN_2_ASSR1B",2023-06-07 13:00:00,2023-06-07 18:31:00,17,603185,2023-06-07 20:00:00,2023-06-08 05:00:00,0,209,17
"BGSKYN_2_ASSR1B",2023-06-20 13:01:00,2023-06-20 22:59:00,17,603185,2023-06-20 20:00:00,2023-06-21 06:00:00,-1,1,17
"BGSKYN_2_ASSR1B",2023-09-05 13:00:00,2023-09-05 14:31:00,17,603185,2023-09-05 20:00:00,2023-09-06 06:00:00,0,509,17
"BGSKYN_2_ASSR1B",2024-03-22 13:01:00,2024-03-22 22:59:00,17,603185,2024-03-22 20:00:00,2024-03-23 07:00:00,-1,61,17
"BGSKYN_2_ASSR1B",2024-03-23 13:01:00,2024-03-23 20:14:00,17,603185,2024-03-23 20:00:00,2024-03-24 07:00:00,-1,226,17
"BGSKYN_2_ASSR1B",2024-03-24 13:01:00,2024-03-24 20:04:00,17,603185,2024-03-24 20:00:00,2024-03-25 06:00:00,-1,176,17
"BGSKYN_2_ASSR1B",2024-03-25 13:01:00,2024-03-25 20:29:00,17,603185,2024-03-25 20:00:00,2024-03-26 06:00:00,-1,151,17
"BGSKYN_2_ASSR1B",2024-03-27 13:01:00,2024-03-27 15:04:00,17,603185,2024-03-27 20:00:00,2024-03-28 06:00:00,-1,476,17
"BGSKYN_2_ASSR3B",2023-09-05 13:00:00,2023-09-05 14:35:00,5,766252,2023-09-05 20:00:00,2023-09-06 06:00:00,0,505,5
"BGSKYN_2_ASSR3B",2024-03-24 13:01:00,2024-03-24 22:59:00,5,766252,2024-03-24 20:00:00,2024-03-25 07:00:00,-1,61,5
"BGSKYN_2_ASSR3B",2024-03-27 13:01:00,2024-03-27 15:12:00,5,766252,2024-03-27 20:00:00,2024-03-28 07:00:00,-1,528,5
"BIGCRK_2_EXESWD",2023-02-27 09:04:00,2023-02-27 23:55:00,820,246186,2023-02-27 17:00:00,2023-02-28 20:00:00,-4,725,175
"BIGSKY_2_BSKSR8",2023-04-20 13:01:00,2023-04-21 00:27:00,20,102291,2023-04-20 20:00:00,2023-04-21 17:00:00,-1,573,20
"BIGSKY_2_BSKSR8",2024-03-22 13:01:00,2024-03-22 22:59:00,20,102291,2024-03-22 20:00:00,2024-03-23 07:00:00,-1,61,20
"BIGSKY_2_SOLAR1",2023-04-20 13:01:00,2023-04-20 22:59:00,20,217748,2023-04-20 20:00:00,2023-04-21 06:00:00,-1,1,19.12
"BIGSKY_2_SOLAR1",2024-03-22 12:00:00,2024-03-22 22:59:00,20,217748,2024-03-22 19:00:00,2024-03-23 07:00:00,0,61,19.12
"BIGSKY_2_SOLAR5",2023-04-20 13:01:00,2023-04-20 22:24:00,5,445378,2023-04-20 20:00:00,2023-04-21 06:00:00,-1,36,5
"BIOMAS_1_UNIT 1",2023-01-19 11:01:00,2023-01-19 15:00:00,25.5,109052,2023-01-19 19:00:00,2023-01-21 06:00:00,-1,1860,25
"BISHOP_1_ALAMO",2024-10-25 09:57:00,2024-10-25 11:00:00,13.4,865499,2024-10-25 17:00:00,2024-10-28 16:00:00,3,4200,15
"BLACK_7_UNIT 1",2023-01-19 16:00:00,2023-01-20 16:00:00,85,196140,2023-01-20,2023-01-21,0,0,85
"BLACK_7_UNIT 1",2023-02-06 16:00:00,2023-02-07 00:51:00,85,196140,2023-02-07,2023-02-07 11:00:00,0,129,85
"BLACK_7_UNIT 1",2023-04-03,2023-04-03 01:00:00,85,196140,2023-04-03 07:00:00,2023-04-03 08:00:00,0,0,85
"BLACK_7_UNIT 1",2023-04-04 17:00:00,2023-04-06 11:00:00,85,196140,2023-04-05,2023-04-06 18:00:00,0,0,85
"BLACK_7_UNIT 1",2023-04-07 10:00:00,2023-04-07 11:00:00,85,196140,2023-04-07 17:00:00,2023-04-07 18:00:00,0,0,85
"BLACK_7_UNIT 1",2023-04-12 10:00:00,2023-04-12 11:00:00,85,196140,2023-04-12 17:00:00,2023-04-12 18:00:00,0,0,85
"BLACK_7_UNIT 1",2023-10-02,2023-10-02 01:00:00,85,196140,2023-10-02 07:00:00,2023-10-02 08:00:00,0,0,85
"BLACK_7_UNIT 1",2023-11-19 22:00:00,2023-11-20 14:47:00,85,196140,2023-11-20 06:00:00,2023-11-20 23:00:00,0,13,85
"BLACK_7_UNIT 1",2024-03-04 23:02:00,2024-03-05 04:39:00,85,196140,2024-03-05 07:00:00,2024-03-05 13:00:00,-2,21,85
"BLACK_7_UNIT 1",2024-05-05 23:00:00,2024-05-07 01:45:00,85,196140,2024-05-06 06:00:00,2024-05-07 11:00:00,0,135,85
"BLACK_7_UNIT 1",2024-06-24,2024-06-24 01:00:00,85,196140,2024-06-24 07:00:00,2024-06-24 08:00:00,0,0,85
"BLACK_7_UNIT 1",2024-06-24 23:00:00,2024-06-25 01:00:00,85,196140,2024-06-25 06:00:00,2024-06-25 08:00:00,0,0,85
"BLACK_7_UNIT 1",2024-06-25 10:00:00,2024-06-25 10:44:00,85,196140,2024-06-25 17:00:00,2024-06-25 19:00:00,0,76,85
"BLACK_7_UNIT 1",2024-08-01,2024-11-23 15:59:00,85,196140,2024-08-01 07:00:00,2024-11-27 16:00:00,0,5281,85
"BLACK_7_UNIT 2",2023-01-19 16:00:00,2023-01-20 16:00:00,84.1,883285,2023-01-20,2023-01-21,0,0,84.1
"BLACK_7_UNIT 2",2023-04-03,2023-04-03 01:00:00,84.1,883285,2023-04-03 07:00:00,2023-04-03 08:00:00,0,0,84.1
"BLACK_7_UNIT 2",2023-04-07 10:00:00,2023-04-07 11:00:00,84.1,883285,2023-04-07 17:00:00,2023-04-07 18:00:00,0,0,84.1
"BLACK_7_UNIT 2",2023-04-12 10:00:00,2023-04-12 11:00:00,84.1,883285,2023-04-12 17:00:00,2023-04-12 18:00:00,0,0,84.1
"BLACK_7_UNIT 2",2023-07-15 01:00:00,2023-07-15 07:00:00,84.1,883285,2023-07-15 08:00:00,2023-07-15 14:00:00,0,0,84.1
"BLACK_7_UNIT 2",2023-10-02,2023-10-02 01:00:00,84.1,883285,2023-10-02 07:00:00,2023-10-02 08:00:00,0,0,84.1
"BLACK_7_UNIT 2",2023-11-20 22:00:00,2023-11-21 07:34:00,84.1,883285,2023-11-21 06:00:00,2023-11-21 23:00:00,0,446,84.1
"BLACK_7_UNIT 2",2024-06-24,2024-06-24 01:00:00,84.1,883285,2024-06-24 07:00:00,2024-06-24 08:00:00,0,0,84.1
"BLACK_7_UNIT 2",2024-06-24 23:00:00,2024-06-25 01:00:00,84.1,883285,2024-06-25 06:00:00,2024-06-25 08:00:00,0,0,84.1
"BLACK_7_UNIT 2",2024-06-25 10:00:00,2024-06-25 10:45:00,84.1,883285,2024-06-25 17:00:00,2024-06-25 19:00:00,0,75,84.1
"BLACK_7_UNIT 2",2024-07-26 17:00:00,2024-07-28 11:00:00,84.1,883285,2024-07-27,2024-07-28 19:00:00,0,60,84.1
"BLACK_7_UNIT 2",2024-10-27 23:00:00,2024-11-10 09:30:00,84.1,883285,2024-10-28 06:00:00,2024-11-11,0,390,84.1
"BLCKBT_2_STONEY",2023-01-12,2023-01-12 08:00:00,6.2,233734,2023-01-12 08:00:00,2023-01-12 16:00:00,0,0,6.2
"BLCKBT_2_STONEY",2023-02-17,2023-02-21 05:15:00,6.2,233734,2023-02-17 08:00:00,2023-02-21 16:00:00,0,165,6.2
"BLCKBT_2_STONEY",2024-02-03,2024-02-03 08:24:00,6.2,233734,2024-02-03 08:00:00,2024-02-04 09:00:00,0,996,6.2
"BLCKBT_2_STONEY",2024-05-05,2024-05-10 00:34:00,6.2,233734,2024-05-05 07:00:00,2024-05-10 10:00:00,0,146,6.2
"BLCKBT_2_STONEY",2024-06-24 23:00:00,2024-06-25 10:16:00,6.2,233734,2024-06-25 06:00:00,2024-06-26 09:00:00,0,944,6.2
"BLKDIA_2_BDEBT1",2024-10-23 07:00:00,2024-10-23 09:00:00,200,199228,2024-10-23 14:00:00,2024-10-23 16:00:00,0,0,175
"BLKDIA_2_BDEBT1",2024-11-07,2024-11-07 01:00:00,200,199228,2024-11-07 08:00:00,2024-11-07 11:00:00,0,120,175
"BLM W_2_COSBT1",2024-09-11 22:00:00,2024-09-12 01:00:00,60,267185,2024-09-12 05:00:00,2024-09-12 22:00:00,0,840,60
"BLVRDE_6_BLVBT1",2024-12-12 11:00:00,2024-12-13 04:00:00,10,223711,2024-12-12 19:00:00,2024-12-17 18:00:00,0,6120,0.39
"BLYTHE_1_SOLAR1",2024-07-24 12:00:00,2024-07-24 12:25:00,21,177935,2024-07-24 19:00:00,2024-07-27 21:00:00,0,4415,25
"BRDSLD_2_SHILO2",2024-11-04 23:00:00,2024-11-05 07:52:00,150,113005,2024-11-05 07:00:00,2024-11-21 07:00:00,0,22508,155.1
"BRDSLD_2_SHLO3A",2024-11-05 23:00:00,2024-11-05 23:46:00,102.5,142035,2024-11-06 07:00:00,2024-11-06 16:00:00,0,494,107
"BRDSLD_2_SHLO3B",2024-11-06 23:00:00,2024-11-07 05:55:00,100,165180,2024-11-07 07:00:00,2024-11-07 16:00:00,0,125,100
"BREGGO_6_DEGRSL",2023-11-05 22:00:00,2023-11-06 11:00:00,6.3,203902,2023-11-06 06:00:00,2023-11-07 18:00:00,0,1380,10
"BUCKWD_1_QF",2024-02-21 01:00:00,2024-02-21 03:00:00,16.5,301986,2024-02-21 09:00:00,2024-02-21 11:00:00,0,0,16.5
"BUCKWD_7_WINTCV",2023-04-03 02:01:00,2023-04-04 01:59:00,1.32,129473,2023-04-03 09:00:00,2023-04-04 09:00:00,-1,1,100
"BUTTVL_7_UNIT 1",2023-10-24 17:00:00,2023-10-26 08:40:00,39.5,153037,2023-10-25,2023-10-27 19:00:00,0,1640,39.5
"BUTTVL_7_UNIT 1",2024-01-10,2024-01-10 02:45:00,39.5,153037,2024-01-10 08:00:00,2024-01-11,0,795,39.5
"BUTTVL_7_UNIT 1",2024-04-01 01:00:00,2024-04-18 06:40:00,39.5,153037,2024-04-01 08:00:00,2024-04-19,0,620,39.5
"BUTTVL_7_UNIT 1",2024-08-19 23:00:00,2024-08-20 07:39:00,39.5,153037,2024-08-20 06:00:00,2024-08-20 18:00:00,0,201,39.5
"BUTTVL_7_UNIT 1",2024-11-01 01:00:00,2024-11-01 06:16:00,39.5,153037,2024-11-01 08:00:00,2024-11-01 18:00:00,0,284,39.5
"BUTTVL_7_UNIT 1",2024-12-19 21:00:00,2024-12-20 09:01:00,39.5,153037,2024-12-20 05:00:00,2024-12-20 20:00:00,0,179,39.5
"CABALO_2_M2BSR1",2023-05-16 13:00:00,2023-05-16 23:00:00,50,178559,2023-05-16 20:00:00,2023-05-17 06:00:00,0,0,60
"CABALO_2_M2BSR1",2023-10-10 13:00:00,2023-10-10 23:00:00,50,178559,2023-10-10 20:00:00,2023-10-11 07:00:00,0,60,60
"CABALO_2_M2BSR1",2024-05-16 13:00:00,2024-05-16 23:00:00,50,178559,2024-05-16 20:00:00,2024-05-17 06:00:00,0,0,60
"CABALO_2_M2WSR2",2023-03-16 13:00:00,2023-03-16 20:32:00,100,131041,2023-03-16 20:00:00,2023-03-17 06:00:00,0,148,93
"CABALO_2_M2WSR2",2023-06-08 14:01:00,2023-06-08 16:28:00,100,131041,2023-06-08 21:00:00,2023-06-09 06:00:00,-1,392,93
"CABALO_2_M2WSR2",2024-01-10 11:00:00,2024-01-10 19:17:00,100,131041,2024-01-10 19:00:00,2024-01-11 06:00:00,0,163,93
"CABZON_1_WINDA1",2023-12-27 07:00:00,2023-12-27 23:00:00,41,104627,2023-12-27 15:00:00,2024-01-02 14:00:00,0,7620,130
"CALFTS_2_CFSSR1",2023-11-06 10:01:00,2023-11-06 21:00:00,150,529747,2023-11-06 18:00:00,2023-11-07 05:00:00,-1,0,75
"CALFTS_2_CFSSR1",2023-11-07 10:01:00,2023-11-07 21:00:00,150,529747,2023-11-07 18:00:00,2023-11-08 05:00:00,-1,0,75
"CALFTS_2_CFSSR1",2024-07-15 15:00:00,2024-07-15 20:19:00,150,529747,2024-07-15 22:00:00,2024-07-16 05:00:00,0,101,75
"CALFTS_2_CFSSR1",2024-10-19 13:00:00,2024-10-19 22:59:00,150,529747,2024-10-19 20:00:00,2024-10-20 06:00:00,0,1,75
"CAMCHE_1_PL1X3",2023-09-11,2023-09-16 16:59:00,9.99,197582,2023-09-11 07:00:00,2023-09-23,0,8641,4.18
"CAMCHE_1_PL1X3",2023-11-01,2023-11-22 06:00:00,9.99,197582,2023-11-01 07:00:00,2023-12-01 07:00:00,0,12540,4.18
"CAMCHE_1_PL1X3",2024-11-05,2024-11-09 15:59:00,9.99,197582,2024-11-05 08:00:00,2024-11-21,0,15841,4.18
"CAMDEN_6_RDDBM1",2024-02-26,2024-02-27 08:20:00,0.55,102701,2024-02-26 08:00:00,2024-03-03 11:00:00,0,6880,70
"CAMERN_6_BSPSR1",2024-12-09 07:56:00,2024-12-11 07:00:00,0.84,138597,2024-12-09 16:00:00,NA,4,NA,100
"CARLS1_2_CARCT1",2023-01-01 16:00:00,2023-01-01 22:00:00,422,129058,2023-01-02,2023-01-02 06:00:00,0,0,422
"CARLS1_2_CARCT1",2023-01-02 16:00:00,2023-01-02 22:00:00,422,129058,2023-01-03,2023-01-03 06:00:00,0,0,422
"CARLS1_2_CARCT1",2023-01-03 16:00:00,2023-01-03 22:00:00,422,129058,2023-01-04,2023-01-04 06:00:00,0,0,422
"CARLS1_2_CARCT1",2023-01-04 16:00:00,2023-01-04 22:00:00,422,129058,2023-01-05,2023-01-05 06:00:00,0,0,422
"CARLS1_2_CARCT1",2023-01-05 16:00:00,2023-01-05 22:00:00,422,129058,2023-01-06,2023-01-06 06:00:00,0,0,422
"CARLS1_2_CARCT1",2023-01-06 16:00:00,2023-01-06 22:00:00,422,129058,2023-01-07,2023-01-07 06:00:00,0,0,422
"CARLS1_2_CARCT1",2023-01-07 16:00:00,2023-01-07 22:00:00,422,129058,2023-01-08,2023-01-08 06:00:00,0,0,422
"CARLS1_2_CARCT1",2023-01-08 16:00:00,2023-01-08 22:00:00,422,129058,2023-01-09,2023-01-09 06:00:00,0,0,422
"CARLS1_2_CARCT1",2023-01-09 16:00:00,2023-01-09 22:00:00,422,129058,2023-01-10,2023-01-10 06:00:00,0,0,422
"CARLS1_2_CARCT1",2023-01-10 16:00:00,2023-01-10 22:00:00,422,129058,2023-01-11,2023-01-11 06:00:00,0,0,422
"CARLS1_2_CARCT1",2023-01-11 16:00:00,2023-01-11 22:00:00,422,129058,2023-01-12,2023-01-12 06:00:00,0,0,422
"CARLS1_2_CARCT1",2023-01-12 16:00:00,2023-01-12 22:00:00,422,129058,2023-01-13,2023-01-13 06:00:00,0,0,422
"CARLS1_2_CARCT1",2023-01-13 16:00:00,2023-01-13 22:00:00,422,129058,2023-01-14,2023-01-14 06:00:00,0,0,422
"CARLS1_2_CARCT1",2023-01-14 16:00:00,2023-01-14 22:00:00,422,129058,2023-01-15,2023-01-15 06:00:00,0,0,422
"CARLS1_2_CARCT1",2023-01-15 16:00:00,2023-01-15 22:00:00,422,129058,2023-01-16,2023-01-16 06:00:00,0,0,422
"CARLS1_2_CARCT1",2023-01-16 16:00:00,2023-01-16 22:00:00,422,129058,2023-01-17,2023-01-17 06:00:00,0,0,422
"CARLS1_2_CARCT1",2023-01-17 16:00:00,2023-01-17 22:00:00,422,129058,2023-01-18,2023-01-18 06:00:00,0,0,422
"CARLS1_2_CARCT1",2023-01-18 16:00:00,2023-01-18 22:00:00,422,129058,2023-01-19,2023-01-19 06:00:00,0,0,422
"CARLS1_2_CARCT1",2023-01-19 16:00:00,2023-01-19 22:00:00,422,129058,2023-01-20,2023-01-20 06:00:00,0,0,422
"CARLS1_2_CARCT1",2023-01-20 16:00:00,2023-01-20 22:00:00,422,129058,2023-01-21,2023-01-21 06:00:00,0,0,422
"CARLS1_2_CARCT1",2023-01-22 16:00:00,2023-01-22 22:00:00,422,129058,2023-01-23,2023-01-23 06:00:00,0,0,422
"CARLS1_2_CARCT1",2023-01-23 16:00:00,2023-01-23 22:00:00,422,129058,2023-01-24,2023-01-24 06:00:00,0,0,422
"CARLS1_2_CARCT1",2023-01-24 16:00:00,2023-01-24 22:00:00,422,129058,2023-01-25,2023-01-25 06:00:00,0,0,422
"CARLS1_2_CARCT1",2023-01-25 16:00:00,2023-01-25 22:00:00,422,129058,2023-01-26,2023-01-26 06:00:00,0,0,422
"CARLS1_2_CARCT1",2023-01-26 16:00:00,2023-01-26 22:00:00,422,129058,2023-01-27,2023-01-27 06:00:00,0,0,422
"CARLS1_2_CARCT1",2023-01-27 16:00:00,2023-01-27 22:00:00,422,129058,2023-01-28,2023-01-28 06:00:00,0,0,422
"CARLS1_2_CARCT1",2023-01-28 16:00:00,2023-01-28 22:00:00,422,129058,2023-01-29,2023-01-29 06:00:00,0,0,422
"CARLS1_2_CARCT1",2023-01-29 16:00:00,2023-01-29 22:00:00,422,129058,2023-01-30,2023-01-30 06:00:00,0,0,422
"CARLS1_2_CARCT1",2023-01-30 16:00:00,2023-01-30 22:00:00,422,129058,2023-01-31,2023-01-31 06:00:00,0,0,422
"CARLS1_2_CARCT1",2023-01-31 16:00:00,2023-01-31 22:00:00,422,129058,2023-02-01,2023-02-01 06:00:00,0,0,422
"CARLS1_2_CARCT1",2023-02-01 16:00:00,2023-02-01 22:00:00,422,129058,2023-02-02,2023-02-02 06:00:00,0,0,422
"CARLS1_2_CARCT1",2023-02-02 16:00:00,2023-02-02 22:00:00,422,129058,2023-02-03,2023-02-03 06:00:00,0,0,422
"CARLS1_2_CARCT1",2023-02-03 16:00:00,2023-02-03 22:00:00,422,129058,2023-02-04,2023-02-04 06:00:00,0,0,422
"CARLS1_2_CARCT1",2023-02-04 16:00:00,2023-02-04 22:00:00,422,129058,2023-02-05,2023-02-05 06:00:00,0,0,422
"CARLS1_2_CARCT1",2023-02-05 16:00:00,2023-02-05 22:00:00,422,129058,2023-02-06,2023-02-06 06:00:00,0,0,422
"CARLS1_2_CARCT1",2023-02-06 16:00:00,2023-02-06 22:00:00,422,129058,2023-02-07,2023-02-07 06:00:00,0,0,422
"CARLS1_2_CARCT1",2023-02-07 16:00:00,2023-02-07 22:00:00,422,129058,2023-02-08,2023-02-08 06:00:00,0,0,422
"CARLS1_2_CARCT1",2023-02-08 16:00:00,2023-02-08 22:00:00,422,129058,2023-02-09,2023-02-09 06:00:00,0,0,422
"CARLS1_2_CARCT1",2023-02-09 16:00:00,2023-02-09 22:00:00,422,129058,2023-02-10,2023-02-10 06:00:00,0,0,422
"CARLS1_2_CARCT1",2023-02-10 16:00:00,2023-02-10 22:00:00,422,129058,2023-02-11,2023-02-11 06:00:00,0,0,422
"CARLS1_2_CARCT1",2023-02-11 16:00:00,2023-02-11 22:00:00,422,129058,2023-02-12,2023-02-12 06:00:00,0,0,422
"CARLS1_2_CARCT1",2023-02-12 16:00:00,2023-02-12 22:00:00,422,129058,2023-02-13,2023-02-13 06:00:00,0,0,422
"CARLS1_2_CARCT1",2023-02-13 16:00:00,2023-02-13 22:00:00,422,129058,2023-02-14,2023-02-14 06:00:00,0,0,422
"CARLS1_2_CARCT1",2023-02-14 16:00:00,2023-02-14 22:00:00,422,129058,2023-02-15,2023-02-15 06:00:00,0,0,422
"CARLS1_2_CARCT1",2023-02-15 16:00:00,2023-02-15 22:00:00,422,129058,2023-02-16,2023-02-16 06:00:00,0,0,422
"CARLS1_2_CARCT1",2023-02-16 16:00:00,2023-02-16 22:00:00,422,129058,2023-02-17,2023-02-17 06:00:00,0,0,422
"CARLS1_2_CARCT1",2023-02-17 16:00:00,2023-02-17 22:00:00,422,129058,2023-02-18,2023-02-18 06:00:00,0,0,422
"CARLS1_2_CARCT1",2023-02-18 16:00:00,2023-02-18 22:00:00,422,129058,2023-02-19,2023-02-19 06:00:00,0,0,422
"CARLS1_2_CARCT1",2023-02-19 16:00:00,2023-02-19 22:00:00,422,129058,2023-02-20,2023-02-20 06:00:00,0,0,422
"CARLS1_2_CARCT1",2023-02-20 16:00:00,2023-02-20 22:00:00,422,129058,2023-02-21,2023-02-21 06:00:00,0,0,422
"CARLS1_2_CARCT1",2023-02-21 16:00:00,2023-02-21 22:00:00,422,129058,2023-02-22,2023-02-22 06:00:00,0,0,422
"CARLS1_2_CARCT1",2023-02-22 16:00:00,2023-02-22 22:00:00,422,129058,2023-02-23,2023-02-23 06:00:00,0,0,422
"CARLS1_2_CARCT1",2023-02-23 16:00:00,2023-02-23 22:00:00,422,129058,2023-02-24,2023-02-24 06:00:00,0,0,422
"CARLS1_2_CARCT1",2023-02-24 16:00:00,2023-02-24 22:00:00,422,129058,2023-02-25,2023-02-25 06:00:00,0,0,422
"CARLS1_2_CARCT1",2023-02-25 16:00:00,2023-02-25 22:00:00,422,129058,2023-02-26,2023-02-26 06:00:00,0,0,422
"CARLS1_2_CARCT1",2023-03-05 16:00:00,2023-03-05 22:00:00,422,129058,2023-03-06,2023-03-06 06:00:00,0,0,422
"CARLS1_2_CARCT1",2023-03-06 16:00:00,2023-03-06 22:00:00,422,129058,2023-03-07,2023-03-07 06:00:00,0,0,422
"CARLS1_2_CARCT1",2023-03-07 16:00:00,2023-03-07 22:00:00,422,129058,2023-03-08,2023-03-08 06:00:00,0,0,422
"CARLS1_2_CARCT1",2023-03-08 16:00:00,2023-03-08 22:00:00,422,129058,2023-03-09,2023-03-09 06:00:00,0,0,422
"CARLS1_2_CARCT1",2023-03-09 16:00:00,2023-03-09 22:00:00,422,129058,2023-03-10,2023-03-10 06:00:00,0,0,422
"CARLS1_2_CARCT1",2023-03-10 16:00:00,2023-03-10 22:00:00,422,129058,2023-03-11,2023-03-11 06:00:00,0,0,422
"CARLS1_2_CARCT1",2023-03-11 16:00:00,2023-03-11 22:00:00,422,129058,2023-03-12,2023-03-12 06:00:00,0,0,422
"CARLS1_2_CARCT1",2023-03-12 17:00:00,2023-03-12 23:00:00,422,129058,2023-03-13,2023-03-13 06:00:00,0,0,422
"CARLS1_2_CARCT1",2023-03-13 17:00:00,2023-03-13 23:00:00,422,129058,2023-03-14,2023-03-14 06:00:00,0,0,422
"CARLS1_2_CARCT1",2023-03-14 17:00:00,2023-03-14 23:00:00,422,129058,2023-03-15,2023-03-15 06:00:00,0,0,422
"CARLS1_2_CARCT1",2023-03-15 17:00:00,2023-03-15 23:00:00,422,129058,2023-03-16,2023-03-16 06:00:00,0,0,422
"CARLS1_2_CARCT1",2023-03-16 17:00:00,2023-03-16 23:00:00,422,129058,2023-03-17,2023-03-17 06:00:00,0,0,422
"CARLS1_2_CARCT1",2023-03-17 17:00:00,2023-03-17 23:00:00,422,129058,2023-03-18,2023-03-18 06:00:00,0,0,422
"CARLS1_2_CARCT1",2023-03-18 17:00:00,2023-03-18 23:00:00,422,129058,2023-03-19,2023-03-19 06:00:00,0,0,422
"CARLS1_2_CARCT1",2023-03-19 17:00:00,2023-03-19 23:00:00,422,129058,2023-03-20,2023-03-20 06:00:00,0,0,422
"CARLS1_2_CARCT1",2023-03-20 17:00:00,2023-03-20 23:00:00,422,129058,2023-03-21,2023-03-21 06:00:00,0,0,422
"CARLS1_2_CARCT1",2023-03-21 17:00:00,2023-03-21 23:00:00,422,129058,2023-03-22,2023-03-22 06:00:00,0,0,422
"CARLS1_2_CARCT1",2023-03-22 17:00:00,2023-03-22 23:00:00,422,129058,2023-03-23,2023-03-23 06:00:00,0,0,422
"CARLS1_2_CARCT1",2023-03-23 17:00:00,2023-03-23 23:00:00,422,129058,2023-03-24,2023-03-24 06:00:00,0,0,422
"CARLS1_2_CARCT1",2023-03-24 17:00:00,2023-03-24 23:00:00,422,129058,2023-03-25,2023-03-25 06:00:00,0,0,422
"CARLS1_2_CARCT1",2023-03-25 17:00:00,2023-03-25 23:00:00,422,129058,2023-03-26,2023-03-26 06:00:00,0,0,422
"CARLS1_2_CARCT1",2023-03-26 17:00:00,2023-03-26 23:00:00,422,129058,2023-03-27,2023-03-27 06:00:00,0,0,422
"CARLS1_2_CARCT1",2023-03-27 17:00:00,2023-03-27 23:00:00,422,129058,2023-03-28,2023-03-28 06:00:00,0,0,422
"CARLS1_2_CARCT1",2023-03-28 17:00:00,2023-03-28 23:00:00,422,129058,2023-03-29,2023-03-29 06:00:00,0,0,422
"CARLS1_2_CARCT1",2023-03-29 17:00:00,2023-03-29 23:00:00,422,129058,2023-03-30,2023-03-30 06:00:00,0,0,422
"CARLS1_2_CARCT1",2023-03-30 17:00:00,2023-03-30 23:00:00,422,129058,2023-03-31,2023-03-31 06:00:00,0,0,422
"CARLS1_2_CARCT1",2023-03-31 17:00:00,2023-03-31 23:00:00,422,129058,2023-04-01,2023-04-01 06:00:00,0,0,422
"CARLS1_2_CARCT1",2023-04-01 17:00:00,2023-04-01 23:00:00,422,129058,2023-04-02,2023-04-02 06:00:00,0,0,422
"CARLS1_2_CARCT1",2023-04-02 17:00:00,2023-04-02 23:00:00,422,129058,2023-04-03,2023-04-03 06:00:00,0,0,422
"CARLS1_2_CARCT1",2023-04-03 17:00:00,2023-04-03 23:00:00,422,129058,2023-04-04,2023-04-04 06:00:00,0,0,422
"CARLS1_2_CARCT1",2023-04-04 17:00:00,2023-04-04 23:00:00,422,129058,2023-04-05,2023-04-05 06:00:00,0,0,422
"CARLS1_2_CARCT1",2023-04-05 17:00:00,2023-04-05 23:00:00,422,129058,2023-04-06,2023-04-06 06:00:00,0,0,422
"CARLS1_2_CARCT1",2023-04-06 17:00:00,2023-04-06 23:00:00,422,129058,2023-04-07,2023-04-07 06:00:00,0,0,422
"CARLS1_2_CARCT1",2023-04-07 17:00:00,2023-04-07 23:00:00,422,129058,2023-04-08,2023-04-08 06:00:00,0,0,422
"CARLS1_2_CARCT1",2023-04-08 17:00:00,2023-04-08 23:00:00,422,129058,2023-04-09,2023-04-09 06:00:00,0,0,422
"CARLS1_2_CARCT1",2023-04-09 17:00:00,2023-04-09 23:00:00,422,129058,2023-04-10,2023-04-10 06:00:00,0,0,422
"CARLS1_2_CARCT1",2023-04-10 17:00:00,2023-04-10 23:00:00,422,129058,2023-04-11,2023-04-11 06:00:00,0,0,422
"CARLS1_2_CARCT1",2023-04-11 17:00:00,2023-04-11 23:00:00,422,129058,2023-04-12,2023-04-12 06:00:00,0,0,422
"CARLS1_2_CARCT1",2023-04-12 17:00:00,2023-04-12 23:00:00,422,129058,2023-04-13,2023-04-13 06:00:00,0,0,422
"CARLS1_2_CARCT1",2023-04-13 17:00:00,2023-04-13 23:00:00,422,129058,2023-04-14,2023-04-14 06:00:00,0,0,422
"CARLS1_2_CARCT1",2023-04-14 17:00:00,2023-04-14 23:00:00,422,129058,2023-04-15,2023-04-15 06:00:00,0,0,422
"CARLS1_2_CARCT1",2023-04-15 17:00:00,2023-04-15 23:00:00,422,129058,2023-04-16,2023-04-16 06:00:00,0,0,422
"CARLS1_2_CARCT1",2023-04-16 17:00:00,2023-04-16 23:00:00,422,129058,2023-04-17,2023-04-17 06:00:00,0,0,422
"CARLS1_2_CARCT1",2023-04-17 17:00:00,2023-04-17 23:00:00,422,129058,2023-04-18,2023-04-18 06:00:00,0,0,422
"CARLS1_2_CARCT1",2023-04-18 17:00:00,2023-04-18 23:00:00,422,129058,2023-04-19,2023-04-19 06:00:00,0,0,422
"CARLS1_2_CARCT1",2023-04-19 17:00:00,2023-04-19 23:00:00,422,129058,2023-04-20,2023-04-20 06:00:00,0,0,422
"CARLS1_2_CARCT1",2023-04-20 17:00:00,2023-04-20 23:00:00,422,129058,2023-04-21,2023-04-21 06:00:00,0,0,422
"CARLS1_2_CARCT1",2023-04-21 17:00:00,2023-04-21 23:00:00,422,129058,2023-04-22,2023-04-22 06:00:00,0,0,422
"CARLS1_2_CARCT1",2023-04-22 17:00:00,2023-04-22 23:00:00,422,129058,2023-04-23,2023-04-23 06:00:00,0,0,422
"CARLS1_2_CARCT1",2023-04-24 17:00:00,2023-04-24 23:00:00,422,129058,2023-04-25,2023-04-25 06:00:00,0,0,422
"CARLS1_2_CARCT1",2023-04-25 17:00:00,2023-04-25 23:00:00,422,129058,2023-04-26,2023-04-26 06:00:00,0,0,422
"CARLS1_2_CARCT1",2023-04-26 17:00:00,2023-04-26 23:00:00,422,129058,2023-04-27,2023-04-27 06:00:00,0,0,422
"CARLS1_2_CARCT1",2023-04-27 17:00:00,2023-04-27 23:00:00,422,129058,2023-04-28,2023-04-28 06:00:00,0,0,422
"CARLS1_2_CARCT1",2023-04-28 17:00:00,2023-04-28 23:00:00,422,129058,2023-04-29,2023-04-29 06:00:00,0,0,422
"CARLS1_2_CARCT1",2023-04-29 17:00:00,2023-04-29 23:00:00,422,129058,2023-04-30,2023-04-30 06:00:00,0,0,422
"CARLS1_2_CARCT1",2023-04-30 17:00:00,2023-04-30 17:01:00,422,129058,2023-05-01,2023-05-01 06:00:00,0,359,422
"CARLS1_2_CARCT1",2023-05-04 17:00:00,2023-05-04 23:00:00,422,129058,2023-05-05,2023-05-05 06:00:00,0,0,422
"CARLS1_2_CARCT1",2023-05-05 17:00:00,2023-05-05 23:00:00,422,129058,2023-05-06,2023-05-06 06:00:00,0,0,422
"CARLS1_2_CARCT1",2023-05-06 17:00:00,2023-05-06 23:00:00,422,129058,2023-05-07,2023-05-07 06:00:00,0,0,422
"CARLS1_2_CARCT1",2023-05-07 17:00:00,2023-05-07 23:00:00,422,129058,2023-05-08,2023-05-08 06:00:00,0,0,422
"CARLS1_2_CARCT1",2023-05-08 17:00:00,2023-05-08 23:00:00,422,129058,2023-05-09,2023-05-09 06:00:00,0,0,422
"CARLS1_2_CARCT1",2023-05-09 17:00:00,2023-05-09 23:00:00,422,129058,2023-05-10,2023-05-10 06:00:00,0,0,422
"CARLS1_2_CARCT1",2023-05-10 17:00:00,2023-05-10 23:00:00,422,129058,2023-05-11,2023-05-11 06:00:00,0,0,422
"CARLS1_2_CARCT1",2023-05-11 17:00:00,2023-05-11 23:00:00,422,129058,2023-05-12,2023-05-12 06:00:00,0,0,422
"CARLS1_2_CARCT1",2023-05-12 17:00:00,2023-05-12 23:00:00,422,129058,2023-05-13,2023-05-13 06:00:00,0,0,422
"CARLS1_2_CARCT1",2023-05-13 17:00:00,2023-05-13 23:00:00,422,129058,2023-05-14,2023-05-14 06:00:00,0,0,422
"CARLS1_2_CARCT1",2023-05-14 17:00:00,2023-05-14 17:01:00,422,129058,2023-05-15,2023-05-15 06:00:00,0,359,422
"CARLS1_2_CARCT1",2023-05-19 17:00:00,2023-05-19 23:00:00,422,129058,2023-05-20,2023-05-20 06:00:00,0,0,422
"CARLS1_2_CARCT1",2023-05-20 17:00:00,2023-05-20 23:00:00,422,129058,2023-05-21,2023-05-21 06:00:00,0,0,422
"CARLS1_2_CARCT1",2023-05-21 17:00:00,2023-05-21 17:01:00,422,129058,2023-05-22,2023-05-22 06:00:00,0,359,422
"CARLS1_2_CARCT1",2023-05-26 17:00:00,2023-05-26 23:00:00,422,129058,2023-05-27,2023-05-27 06:00:00,0,0,422
"CARLS1_2_CARCT1",2023-05-27 17:00:00,2023-05-27 23:00:00,422,129058,2023-05-28,2023-05-28 06:00:00,0,0,422
"CARLS1_2_CARCT1",2023-05-28 17:00:00,2023-05-28 23:00:00,422,129058,2023-05-29,2023-05-29 06:00:00,0,0,422
"CARLS1_2_CARCT1",2023-05-29 17:00:00,2023-05-29 23:00:00,422,129058,2023-05-30,2023-05-30 06:00:00,0,0,422
"CARLS1_2_CARCT1",2023-05-30 17:00:00,2023-05-30 23:00:00,422,129058,2023-05-31,2023-05-31 06:00:00,0,0,422
"CARLS1_2_CARCT1",2023-05-31 17:00:00,2023-05-31 23:00:00,422,129058,2023-06-01,2023-06-01 06:00:00,0,0,422
"CARLS1_2_CARCT1",2023-06-01 17:00:00,2023-06-01 23:00:00,422,129058,2023-06-02,2023-06-02 06:00:00,0,0,422
"CARLS1_2_CARCT1",2023-06-02 17:00:00,2023-06-02 23:00:00,422,129058,2023-06-03,2023-06-03 06:00:00,0,0,422
"CARLS1_2_CARCT1",2023-06-03 17:00:00,2023-06-03 23:00:00,422,129058,2023-06-04,2023-06-04 06:00:00,0,0,422
"CARLS1_2_CARCT1",2023-06-04 17:00:00,2023-06-04 17:01:00,422,129058,2023-06-05,2023-06-05 06:00:00,0,359,422
"CARLS1_2_CARCT1",2023-06-09 17:00:00,2023-06-09 23:00:00,422,129058,2023-06-10,2023-06-10 06:00:00,0,0,422
"CARLS1_2_CARCT1",2023-06-10 17:00:00,2023-06-10 23:00:00,422,129058,2023-06-11,2023-06-11 06:00:00,0,0,422
"CARLS1_2_CARCT1",2023-06-11 17:00:00,2023-06-11 23:00:00,422,129058,2023-06-12,2023-06-12 06:00:00,0,0,422
"CARLS1_2_CARCT1",2023-06-12 17:00:00,2023-06-12 23:00:00,422,129058,2023-06-13,2023-06-13 06:00:00,0,0,422
"CARLS1_2_CARCT1",2023-06-13 17:00:00,2023-06-13 23:00:00,422,129058,2023-06-14,2023-06-14 06:00:00,0,0,422
"CARLS1_2_CARCT1",2023-06-14 17:00:00,2023-06-14 23:00:00,422,129058,2023-06-15,2023-06-15 06:00:00,0,0,422
"CARLS1_2_CARCT1",2023-06-15 17:00:00,2023-06-15 23:00:00,422,129058,2023-06-16,2023-06-16 06:00:00,0,0,422
"CARLS1_2_CARCT1",2023-06-16 17:00:00,2023-06-16 23:00:00,422,129058,2023-06-17,2023-06-17 06:00:00,0,0,422
"CARLS1_2_CARCT1",2023-06-17 17:00:00,2023-06-17 23:00:00,422,129058,2023-06-18,2023-06-18 06:00:00,0,0,422
"CARLS1_2_CARCT1",2023-06-18 17:00:00,2023-06-18 23:00:00,422,129058,2023-06-19,2023-06-19 06:00:00,0,0,422
"CARLS1_2_CARCT1",2023-06-19 17:00:00,2023-06-19 23:00:00,422,129058,2023-06-20,2023-06-20 06:00:00,0,0,422
"CARLS1_2_CARCT1",2023-06-20 17:00:00,2023-06-20 23:00:00,422,129058,2023-06-21,2023-06-21 06:00:00,0,0,422
"CARLS1_2_CARCT1",2023-06-21 17:00:00,2023-06-21 23:00:00,422,129058,2023-06-22,2023-06-22 06:00:00,0,0,422
"CARLS1_2_CARCT1",2023-06-22 17:00:00,2023-06-22 23:00:00,422,129058,2023-06-23,2023-06-23 06:00:00,0,0,422
"CARLS1_2_CARCT1",2023-06-23 17:00:00,2023-06-23 23:00:00,422,129058,2023-06-24,2023-06-24 06:00:00,0,0,422
"CARLS1_2_CARCT1",2023-06-24 17:00:00,2023-06-24 23:00:00,422,129058,2023-06-25,2023-06-25 06:00:00,0,0,422
"CARLS1_2_CARCT1",2023-06-25 17:00:00,2023-06-25 23:00:00,422,129058,2023-06-26,2023-06-26 06:00:00,0,0,422
"CARLS1_2_CARCT1",2023-06-26 17:00:00,2023-06-26 23:00:00,422,129058,2023-06-27,2023-06-27 06:00:00,0,0,422
"CARLS1_2_CARCT1",2023-06-27 17:00:00,2023-06-27 23:00:00,422,129058,2023-06-28,2023-06-28 06:00:00,0,0,422
"CARLS1_2_CARCT1",2023-06-28 17:00:00,2023-06-28 23:00:00,422,129058,2023-06-29,2023-06-29 06:00:00,0,0,422
"CARLS1_2_CARCT1",2023-06-29 17:00:00,2023-06-29 23:00:00,422,129058,2023-06-30,2023-06-30 06:00:00,0,0,422
"CARLS1_2_CARCT1",2023-06-30 17:00:00,2023-06-30 23:00:00,422,129058,2023-07-01,2023-07-01 06:00:00,0,0,422
"CARLS1_2_CARCT1",2023-07-01 17:00:00,2023-07-01 23:00:00,422,129058,2023-07-02,2023-07-02 06:00:00,0,0,422
"CARLS1_2_CARCT1",2023-07-02 17:00:00,2023-07-02 23:00:00,422,129058,2023-07-03,2023-07-03 06:00:00,0,0,422
"CARLS1_2_CARCT1",2023-07-03 17:00:00,2023-07-03 23:00:00,422,129058,2023-07-04,2023-07-04 06:00:00,0,0,422
"CARLS1_2_CARCT1",2023-07-04 17:00:00,2023-07-04 23:00:00,422,129058,2023-07-05,2023-07-05 06:00:00,0,0,422
"CARLS1_2_CARCT1",2023-07-05 17:00:00,2023-07-05 23:00:00,422,129058,2023-07-06,2023-07-06 06:00:00,0,0,422
"CARLS1_2_CARCT1",2023-07-06 17:00:00,2023-07-06 23:00:00,422,129058,2023-07-07,2023-07-07 06:00:00,0,0,422
"CARLS1_2_CARCT1",2023-07-07 17:00:00,2023-07-07 23:00:00,422,129058,2023-07-08,2023-07-08 06:00:00,0,0,422
"CARLS1_2_CARCT1",2023-07-08 17:00:00,2023-07-08 23:00:00,422,129058,2023-07-09,2023-07-09 06:00:00,0,0,422
"CARLS1_2_CARCT1",2023-07-09 17:00:00,2023-07-09 23:00:00,422,129058,2023-07-10,2023-07-10 06:00:00,0,0,422
"CARLS1_2_CARCT1",2023-07-10 17:00:00,2023-07-10 23:00:00,422,129058,2023-07-11,2023-07-11 06:00:00,0,0,422
"CARLS1_2_CARCT1",2023-07-11 17:00:00,2023-07-11 23:00:00,422,129058,2023-07-12,2023-07-12 06:00:00,0,0,422
"CARLS1_2_CARCT1",2023-07-12 17:00:00,2023-07-12 23:00:00,422,129058,2023-07-13,2023-07-13 06:00:00,0,0,422
"CARLS1_2_CARCT1",2023-07-13 17:00:00,2023-07-13 23:00:00,422,129058,2023-07-14,2023-07-14 06:00:00,0,0,422
"CARLS1_2_CARCT1",2023-07-14 17:00:00,2023-07-14 23:00:00,422,129058,2023-07-15,2023-07-15 06:00:00,0,0,422
"CARLS1_2_CARCT1",2023-07-15 17:00:00,2023-07-15 23:00:00,422,129058,2023-07-16,2023-07-16 06:00:00,0,0,422
"CARLS1_2_CARCT1",2023-07-16 17:00:00,2023-07-16 23:00:00,422,129058,2023-07-17,2023-07-17 06:00:00,0,0,422
"CARLS1_2_CARCT1",2023-07-17 17:00:00,2023-07-17 23:00:00,422,129058,2023-07-18,2023-07-18 06:00:00,0,0,422
"CARLS1_2_CARCT1",2023-07-18 17:00:00,2023-07-18 23:00:00,422,129058,2023-07-19,2023-07-19 06:00:00,0,0,422
"CARLS1_2_CARCT1",2023-07-19 17:00:00,2023-07-19 23:00:00,422,129058,2023-07-20,2023-07-20 06:00:00,0,0,422
"CARLS1_2_CARCT1",2023-07-20 17:00:00,2023-07-20 23:00:00,422,129058,2023-07-21,2023-07-21 06:00:00,0,0,422
"CARLS1_2_CARCT1",2023-07-21 17:00:00,2023-07-21 23:00:00,422,129058,2023-07-22,2023-07-22 06:00:00,0,0,422
"CARLS1_2_CARCT1",2023-07-22 17:00:00,2023-07-22 23:00:00,422,129058,2023-07-23,2023-07-23 06:00:00,0,0,422
"CARLS1_2_CARCT1",2023-07-23 17:00:00,2023-07-23 23:00:00,422,129058,2023-07-24,2023-07-24 06:00:00,0,0,422
"CARLS1_2_CARCT1",2023-07-24 17:00:00,2023-07-24 23:00:00,422,129058,2023-07-25,2023-07-25 06:00:00,0,0,422
"CARLS1_2_CARCT1",2023-07-25 17:00:00,2023-07-25 23:00:00,422,129058,2023-07-26,2023-07-26 06:00:00,0,0,422
"CARLS1_2_CARCT1",2023-07-26 17:00:00,2023-07-26 23:00:00,422,129058,2023-07-27,2023-07-27 06:00:00,0,0,422
"CARLS1_2_CARCT1",2023-07-27 17:00:00,2023-07-27 23:00:00,422,129058,2023-07-28,2023-07-28 06:00:00,0,0,422
"CARLS1_2_CARCT1",2023-07-28 17:00:00,2023-07-28 23:00:00,422,129058,2023-07-29,2023-07-29 06:00:00,0,0,422
"CARLS1_2_CARCT1",2023-07-29 17:00:00,2023-07-29 23:00:00,422,129058,2023-07-30,2023-07-30 06:00:00,0,0,422
"CARLS1_2_CARCT1",2023-07-30 17:00:00,2023-07-30 23:00:00,422,129058,2023-07-31,2023-07-31 06:00:00,0,0,422
"CARLS1_2_CARCT1",2023-07-31 17:00:00,2023-07-31 23:00:00,422,129058,2023-08-01,2023-08-01 06:00:00,0,0,422
"CARLS1_2_CARCT1",2023-08-01 17:00:00,2023-08-01 23:00:00,422,129058,2023-08-02,2023-08-02 06:00:00,0,0,422
"CARLS1_2_CARCT1",2023-08-02 17:00:00,2023-08-02 23:00:00,422,129058,2023-08-03,2023-08-03 06:00:00,0,0,422
"CARLS1_2_CARCT1",2023-08-03 17:00:00,2023-08-03 23:00:00,422,129058,2023-08-04,2023-08-04 06:00:00,0,0,422
"CARLS1_2_CARCT1",2023-08-04 17:00:00,2023-08-04 23:00:00,422,129058,2023-08-05,2023-08-05 06:00:00,0,0,422
"CARLS1_2_CARCT1",2023-08-05 17:00:00,2023-08-05 23:00:00,422,129058,2023-08-06,2023-08-06 06:00:00,0,0,422
"CARLS1_2_CARCT1",2023-08-06 17:00:00,2023-08-06 23:00:00,422,129058,2023-08-07,2023-08-07 06:00:00,0,0,422
"CARLS1_2_CARCT1",2023-08-07 17:00:00,2023-08-07 23:00:00,422,129058,2023-08-08,2023-08-08 06:00:00,0,0,422
"CARLS1_2_CARCT1",2023-08-08 17:00:00,2023-08-08 23:00:00,422,129058,2023-08-09,2023-08-09 06:00:00,0,0,422
"CARLS1_2_CARCT1",2023-08-09 17:00:00,2023-08-09 23:00:00,422,129058,2023-08-10,2023-08-10 06:00:00,0,0,422
"CARLS1_2_CARCT1",2023-08-10 17:00:00,2023-08-10 23:00:00,422,129058,2023-08-11,2023-08-11 06:00:00,0,0,422
"CARLS1_2_CARCT1",2023-08-11 17:00:00,2023-08-11 23:00:00,422,129058,2023-08-12,2023-08-12 06:00:00,0,0,422
"CARLS1_2_CARCT1",2023-08-12 17:00:00,2023-08-12 23:00:00,422,129058,2023-08-13,2023-08-13 06:00:00,0,0,422
"CARLS1_2_CARCT1",2023-08-13 17:00:00,2023-08-13 23:00:00,422,129058,2023-08-14,2023-08-14 06:00:00,0,0,422
"CARLS1_2_CARCT1",2023-08-14 17:00:00,2023-08-14 23:00:00,422,129058,2023-08-15,2023-08-15 06:00:00,0,0,422
"CARLS1_2_CARCT1",2023-08-15 17:00:00,2023-08-15 23:00:00,422,129058,2023-08-16,2023-08-16 06:00:00,0,0,422
"CARLS1_2_CARCT1",2023-08-16 17:00:00,2023-08-16 23:00:00,422,129058,2023-08-17,2023-08-17 06:00:00,0,0,422
"CARLS1_2_CARCT1",2023-08-17 17:00:00,2023-08-17 23:00:00,422,129058,2023-08-18,2023-08-18 06:00:00,0,0,422
"CARLS1_2_CARCT1",2023-08-18 17:00:00,2023-08-18 23:00:00,422,129058,2023-08-19,2023-08-19 06:00:00,0,0,422
"CARLS1_2_CARCT1",2023-08-19 17:00:00,2023-08-19 23:00:00,422,129058,2023-08-20,2023-08-20 06:00:00,0,0,422
"CARLS1_2_CARCT1",2023-08-20 17:00:00,2023-08-20 23:00:00,422,129058,2023-08-21,2023-08-21 06:00:00,0,0,422
"CARLS1_2_CARCT1",2023-08-21 17:00:00,2023-08-21 23:00:00,422,129058,2023-08-22,2023-08-22 06:00:00,0,0,422
"CARLS1_2_CARCT1",2023-08-22 17:00:00,2023-08-22 23:00:00,422,129058,2023-08-23,2023-08-23 06:00:00,0,0,422
"CARLS1_2_CARCT1",2023-08-23 17:00:00,2023-08-23 23:00:00,422,129058,2023-08-24,2023-08-24 06:00:00,0,0,422
"CARLS1_2_CARCT1",2023-08-24 17:00:00,2023-08-24 23:00:00,422,129058,2023-08-25,2023-08-25 06:00:00,0,0,422
"CARLS1_2_CARCT1",2023-08-25 17:00:00,2023-08-25 23:00:00,422,129058,2023-08-26,2023-08-26 06:00:00,0,0,422
"CARLS1_2_CARCT1",2023-08-26 17:00:00,2023-08-26 23:00:00,422,129058,2023-08-27,2023-08-27 06:00:00,0,0,422
"CARLS1_2_CARCT1",2023-08-27 17:00:00,2023-08-27 23:00:00,422,129058,2023-08-28,2023-08-28 06:00:00,0,0,422
"CARLS1_2_CARCT1",2023-08-28 17:00:00,2023-08-28 23:00:00,422,129058,2023-08-29,2023-08-29 06:00:00,0,0,422
"CARLS1_2_CARCT1",2023-08-29 17:00:00,2023-08-29 23:00:00,422,129058,2023-08-30,2023-08-30 06:00:00,0,0,422
"CARLS1_2_CARCT1",2023-08-30 17:00:00,2023-08-30 23:00:00,422,129058,2023-08-31,2023-08-31 06:00:00,0,0,422
"CARLS1_2_CARCT1",2023-08-31 17:00:00,2023-08-31 23:00:00,422,129058,2023-09-01,2023-09-01 06:00:00,0,0,422
"CARLS1_2_CARCT1",2023-09-01 17:00:00,2023-09-01 23:00:00,422,129058,2023-09-02,2023-09-02 06:00:00,0,0,422
"CARLS1_2_CARCT1",2023-09-03 17:00:00,2023-09-03 23:00:00,422,129058,2023-09-04,2023-09-04 06:00:00,0,0,422
"CARLS1_2_CARCT1",2023-09-04 17:00:00,2023-09-04 23:00:00,422,129058,2023-09-05,2023-09-05 06:00:00,0,0,422
"CARLS1_2_CARCT1",2023-09-05 17:00:00,2023-09-05 23:00:00,422,129058,2023-09-06,2023-09-06 06:00:00,0,0,422
"CARLS1_2_CARCT1",2023-09-06 17:00:00,2023-09-06 23:00:00,422,129058,2023-09-07,2023-09-07 06:00:00,0,0,422
"CARLS1_2_CARCT1",2023-09-07 17:00:00,2023-09-07 23:00:00,422,129058,2023-09-08,2023-09-08 06:00:00,0,0,422
"CARLS1_2_CARCT1",2023-09-08 17:00:00,2023-09-08 23:00:00,422,129058,2023-09-09,2023-09-09 06:00:00,0,0,422
"CARLS1_2_CARCT1",2023-09-09 17:00:00,2023-09-09 23:00:00,422,129058,2023-09-10,2023-09-10 06:00:00,0,0,422
"CARLS1_2_CARCT1",2023-09-10 17:00:00,2023-09-10 23:00:00,422,129058,2023-09-11,2023-09-11 06:00:00,0,0,422
"CARLS1_2_CARCT1",2023-09-11 17:00:00,2023-09-11 23:00:00,422,129058,2023-09-12,2023-09-12 06:00:00,0,0,422
"CARLS1_2_CARCT1",2023-09-12 17:00:00,2023-09-12 23:00:00,422,129058,2023-09-13,2023-09-13 06:00:00,0,0,422
"CARLS1_2_CARCT1",2023-09-13 17:00:00,2023-09-13 23:00:00,422,129058,2023-09-14,2023-09-14 06:00:00,0,0,422
"CARLS1_2_CARCT1",2023-09-14 17:00:00,2023-09-14 23:00:00,422,129058,2023-09-15,2023-09-15 06:00:00,0,0,422
"CARLS1_2_CARCT1",2023-09-15 17:00:00,2023-09-15 23:00:00,422,129058,2023-09-16,2023-09-16 06:00:00,0,0,422
"CARLS1_2_CARCT1",2023-09-16 17:00:00,2023-09-16 23:00:00,422,129058,2023-09-17,2023-09-17 06:00:00,0,0,422
"CARLS1_2_CARCT1",2023-09-17 17:00:00,2023-09-17 23:00:00,422,129058,2023-09-18,2023-09-18 06:00:00,0,0,422
"CARLS1_2_CARCT1",2023-09-18 17:00:00,2023-09-18 23:00:00,422,129058,2023-09-19,2023-09-19 06:00:00,0,0,422
"CARLS1_2_CARCT1",2023-09-19 17:00:00,2023-09-19 23:00:00,422,129058,2023-09-20,2023-09-20 06:00:00,0,0,422
"CARLS1_2_CARCT1",2023-09-20 17:00:00,2023-09-20 23:00:00,422,129058,2023-09-21,2023-09-21 06:00:00,0,0,422
"CARLS1_2_CARCT1",2023-09-21 17:00:00,2023-09-21 23:00:00,422,129058,2023-09-22,2023-09-22 06:00:00,0,0,422
"CARLS1_2_CARCT1",2023-09-22 17:00:00,2023-09-22 23:00:00,422,129058,2023-09-23,2023-09-23 06:00:00,0,0,422
"CARLS1_2_CARCT1",2023-09-23 17:00:00,2023-09-23 23:00:00,422,129058,2023-09-24,2023-09-24 06:00:00,0,0,422
"CARLS1_2_CARCT1",2023-09-24 17:00:00,2023-09-24 23:00:00,422,129058,2023-09-25,2023-09-25 06:00:00,0,0,422
"CARLS1_2_CARCT1",2023-09-25 17:00:00,2023-09-25 23:00:00,422,129058,2023-09-26,2023-09-26 06:00:00,0,0,422
"CARLS1_2_CARCT1",2023-09-26 17:00:00,2023-09-26 23:00:00,422,129058,2023-09-27,2023-09-27 06:00:00,0,0,422
"CARLS1_2_CARCT1",2023-09-27 17:00:00,2023-09-27 23:00:00,422,129058,2023-09-28,2023-09-28 06:00:00,0,0,422
"CARLS1_2_CARCT1",2023-09-28 17:00:00,2023-09-28 23:00:00,422,129058,2023-09-29,2023-09-29 06:00:00,0,0,422
"CARLS1_2_CARCT1",2023-09-29 17:00:00,2023-09-29 23:00:00,422,129058,2023-09-30,2023-09-30 06:00:00,0,0,422
"CARLS1_2_CARCT1",2023-09-30 17:00:00,2023-09-30 23:00:00,422,129058,2023-10-01,2023-10-01 06:00:00,0,0,422
"CARLS1_2_CARCT1",2023-10-01 17:00:00,2023-10-01 23:00:00,422,129058,2023-10-02,2023-10-02 06:00:00,0,0,422
"CARLS1_2_CARCT1",2023-10-02 17:00:00,2023-10-02 23:00:00,422,129058,2023-10-03,2023-10-03 06:00:00,0,0,422
"CARLS1_2_CARCT1",2023-10-03 17:00:00,2023-10-03 23:00:00,422,129058,2023-10-04,2023-10-04 06:00:00,0,0,422
"CARLS1_2_CARCT1",2023-10-04 17:00:00,2023-10-04 23:00:00,422,129058,2023-10-05,2023-10-05 06:00:00,0,0,422
"CARLS1_2_CARCT1",2023-10-05 17:00:00,2023-10-05 23:00:00,422,129058,2023-10-06,2023-10-06 06:00:00,0,0,422
"CARLS1_2_CARCT1",2023-10-06 17:00:00,2023-10-06 23:00:00,422,129058,2023-10-07,2023-10-07 06:00:00,0,0,422
"CARLS1_2_CARCT1",2023-10-07 17:00:00,2023-10-07 23:00:00,422,129058,2023-10-08,2023-10-08 06:00:00,0,0,422
"CARLS1_2_CARCT1",2023-10-08 17:00:00,2023-10-08 23:00:00,422,129058,2023-10-09,2023-10-09 06:00:00,0,0,422
"CARLS1_2_CARCT1",2023-10-09 17:00:00,2023-10-09 23:00:00,422,129058,2023-10-10,2023-10-10 06:00:00,0,0,422
"CARLS1_2_CARCT1",2023-10-10 17:00:00,2023-10-10 23:00:00,422,129058,2023-10-11,2023-10-11 06:00:00,0,0,422
"CARLS1_2_CARCT1",2023-10-11 17:00:00,2023-10-11 23:00:00,422,129058,2023-10-12,2023-10-12 06:00:00,0,0,422
"CARLS1_2_CARCT1",2023-10-12 17:00:00,2023-10-12 23:00:00,422,129058,2023-10-13,2023-10-13 06:00:00,0,0,422
"CARLS1_2_CARCT1",2023-10-13 17:00:00,2023-10-13 23:00:00,422,129058,2023-10-14,2023-10-14 06:00:00,0,0,422
"CARLS1_2_CARCT1",2023-10-14 17:00:00,2023-10-14 23:00:00,422,129058,2023-10-15,2023-10-15 06:00:00,0,0,422
"CARLS1_2_CARCT1",2023-10-15 17:00:00,2023-10-15 23:00:00,422,129058,2023-10-16,2023-10-16 06:00:00,0,0,422
"CARLS1_2_CARCT1",2023-10-16 17:00:00,2023-10-16 23:00:00,422,129058,2023-10-17,2023-10-17 06:00:00,0,0,422
"CARLS1_2_CARCT1",2023-10-17 17:00:00,2023-10-17 23:00:00,422,129058,2023-10-18,2023-10-18 06:00:00,0,0,422
"CARLS1_2_CARCT1",2023-10-18 17:00:00,2023-10-18 23:00:00,422,129058,2023-10-19,2023-10-19 06:00:00,0,0,422
"CARLS1_2_CARCT1",2023-10-19 17:00:00,2023-10-19 23:00:00,422,129058,2023-10-20,2023-10-20 06:00:00,0,0,422
"CARLS1_2_CARCT1",2023-10-20 17:00:00,2023-10-20 23:00:00,422,129058,2023-10-21,2023-10-21 06:00:00,0,0,422
"CARLS1_2_CARCT1",2023-10-21 17:00:00,2023-10-21 23:00:00,422,129058,2023-10-22,2023-10-22 06:00:00,0,0,422
"CARLS1_2_CARCT1",2023-10-22 17:00:00,2023-10-22 23:00:00,422,129058,2023-10-23,2023-10-23 06:00:00,0,0,422
"CARLS1_2_CARCT1",2023-10-23 17:00:00,2023-10-23 23:00:00,422,129058,2023-10-24,2023-10-24 06:00:00,0,0,422
"CARLS1_2_CARCT1",2023-10-24 17:00:00,2023-10-24 23:00:00,422,129058,2023-10-25,2023-10-25 06:00:00,0,0,422
"CARLS1_2_CARCT1",2023-10-25 17:00:00,2023-10-25 23:00:00,422,129058,2023-10-26,2023-10-26 06:00:00,0,0,422
"CARLS1_2_CARCT1",2023-10-26 17:00:00,2023-10-26 23:00:00,422,129058,2023-10-27,2023-10-27 06:00:00,0,0,422
"CARLS1_2_CARCT1",2023-10-27 17:00:00,2023-10-27 23:00:00,422,129058,2023-10-28,2023-10-28 06:00:00,0,0,422
"CARLS1_2_CARCT1",2023-10-28 17:00:00,2023-10-28 23:00:00,422,129058,2023-10-29,2023-10-29 06:00:00,0,0,422
"CARLS1_2_CARCT1",2023-10-29 17:00:00,2023-10-29 22:00:00,422,129058,2023-10-30,2023-10-30 06:00:00,0,60,422
"CARLS1_2_CARCT1",2023-10-30 17:00:00,2023-10-30 22:00:00,422,129058,2023-10-31,2023-10-31 06:00:00,0,60,422
"CARLS1_2_CARCT1",2023-10-31 17:00:00,2023-10-31 22:00:00,422,129058,2023-11-01,2023-11-01 06:00:00,0,60,422
"CARLS1_2_CARCT1",2023-11-01 17:00:00,2023-11-01 23:00:00,422,129058,2023-11-02,2023-11-02 06:00:00,0,0,422
"CARLS1_2_CARCT1",2023-11-02 17:00:00,2023-11-02 23:00:00,422,129058,2023-11-03,2023-11-03 06:00:00,0,0,422
"CARLS1_2_CARCT1",2023-11-03 17:00:00,2023-11-03 23:00:00,422,129058,2023-11-04,2023-11-04 06:00:00,0,0,422
"CARLS1_2_CARCT1",2023-11-04 17:00:00,2023-11-04 23:00:00,422,129058,2023-11-05,2023-11-06 06:00:00,0,1440,422
"CARLS1_2_CARCT1",2023-11-06 16:00:00,2023-11-06 22:00:00,422,129058,2023-11-07,2023-11-07 06:00:00,0,0,422
"CARLS1_2_CARCT1",2023-11-07 16:00:00,2023-11-07 22:00:00,422,129058,2023-11-08,2023-11-08 06:00:00,0,0,422
"CARLS1_2_CARCT1",2023-11-08 16:00:00,2023-11-08 22:00:00,422,129058,2023-11-09,2023-11-09 06:00:00,0,0,422
"CARLS1_2_CARCT1",2023-11-09 16:00:00,2023-11-09 22:00:00,422,129058,2023-11-10,2023-11-10 06:00:00,0,0,422
"CARLS1_2_CARCT1",2023-11-10 16:00:00,2023-11-10 22:00:00,422,129058,2023-11-11,2023-11-11 06:00:00,0,0,422
"CARLS1_2_CARCT1",2023-11-11 16:00:00,2023-11-11 22:00:00,422,129058,2023-11-12,2023-11-12 06:00:00,0,0,422
"CARLS1_2_CARCT1",2023-11-12 16:00:00,2023-11-12 21:00:00,422,129058,2023-11-13,2023-11-13 06:00:00,0,60,422
"CARLS1_2_CARCT1",2023-11-13 16:00:00,2023-11-13 22:00:00,422,129058,2023-11-14,2023-11-14 06:00:00,0,0,422
"CARLS1_2_CARCT1",2023-11-14 16:00:00,2023-11-14 22:00:00,422,129058,2023-11-15,2023-11-15 06:00:00,0,0,422
"CARLS1_2_CARCT1",2023-11-15 16:00:00,2023-11-15 22:00:00,422,129058,2023-11-16,2023-11-16 06:00:00,0,0,422
"CARLS1_2_CARCT1",2023-11-16 16:00:00,2023-11-16 22:00:00,422,129058,2023-11-17,2023-11-17 06:00:00,0,0,422
"CARLS1_2_CARCT1",2023-11-17 16:00:00,2023-11-17 22:00:00,422,129058,2023-11-18,2023-11-18 06:00:00,0,0,422
"CARLS1_2_CARCT1",2023-11-18 16:00:00,2023-11-18 22:00:00,422,129058,2023-11-19,2023-11-19 06:00:00,0,0,422
"CARLS1_2_CARCT1",2023-11-19 16:00:00,2023-11-19 22:00:00,422,129058,2023-11-20,2023-11-20 06:00:00,0,0,422
"CARLS1_2_CARCT1",2023-11-20 16:00:00,2023-11-20 22:00:00,422,129058,2023-11-21,2023-11-21 06:00:00,0,0,422
"CARLS1_2_CARCT1",2023-11-21 16:00:00,2023-11-21 22:00:00,422,129058,2023-11-22,2023-11-22 06:00:00,0,0,422
"CARLS1_2_CARCT1",2023-11-22 16:00:00,2023-11-22 22:00:00,422,129058,2023-11-23,2023-11-23 06:00:00,0,0,422
"CARLS1_2_CARCT1",2023-11-23 16:00:00,2023-11-23 22:00:00,422,129058,2023-11-24,2023-11-24 06:00:00,0,0,422
"CARLS1_2_CARCT1",2023-11-24 16:00:00,2023-11-24 22:00:00,422,129058,2023-11-25,2023-11-25 06:00:00,0,0,422
"CARLS1_2_CARCT1",2023-11-25 16:00:00,2023-11-25 22:00:00,422,129058,2023-11-26,2023-11-26 06:00:00,0,0,422
"CARLS1_2_CARCT1",2023-11-26 16:00:00,2023-11-26 22:00:00,422,129058,2023-11-27,2023-11-27 06:00:00,0,0,422
"CARLS1_2_CARCT1",2023-11-27 16:00:00,2023-11-27 22:00:00,422,129058,2023-11-28,2023-11-28 06:00:00,0,0,422
"CARLS1_2_CARCT1",2023-11-28 16:00:00,2023-11-28 22:00:00,422,129058,2023-11-29,2023-11-29 06:00:00,0,0,422
"CARLS1_2_CARCT1",2023-11-29 16:00:00,2023-11-29 22:00:00,422,129058,2023-11-30,2023-11-30 06:00:00,0,0,422
"CARLS1_2_CARCT1",2023-11-30 16:00:00,2023-11-30 22:00:00,422,129058,2023-12-01,2023-12-01 06:00:00,0,0,422
"CARLS1_2_CARCT1",2023-12-01 16:00:00,2023-12-01 22:00:00,422,129058,2023-12-02,2023-12-02 06:00:00,0,0,422
"CARLS1_2_CARCT1",2023-12-02 16:00:00,2023-12-02 22:00:00,422,129058,2023-12-03,2023-12-03 06:00:00,0,0,422
"CARLS1_2_CARCT1",2023-12-03 16:00:00,2023-12-03 22:00:00,422,129058,2023-12-04,2023-12-04 06:00:00,0,0,422
"CARLS1_2_CARCT1",2023-12-04 16:00:00,2023-12-04 22:00:00,422,129058,2023-12-05,2023-12-05 06:00:00,0,0,422
"CARLS1_2_CARCT1",2023-12-05 16:00:00,2023-12-05 22:00:00,422,129058,2023-12-06,2023-12-06 06:00:00,0,0,422
"CARLS1_2_CARCT1",2023-12-06 16:00:00,2023-12-06 22:00:00,422,129058,2023-12-07,2023-12-07 06:00:00,0,0,422
"CARLS1_2_CARCT1",2023-12-07 16:00:00,2023-12-07 22:00:00,422,129058,2023-12-08,2023-12-08 06:00:00,0,0,422
"CARLS1_2_CARCT1",2023-12-08 16:00:00,2023-12-08 22:00:00,422,129058,2023-12-09,2023-12-09 06:00:00,0,0,422
"CARLS1_2_CARCT1",2023-12-09 16:00:00,2023-12-09 22:00:00,422,129058,2023-12-10,2023-12-10 06:00:00,0,0,422
"CARLS1_2_CARCT1",2023-12-10 16:00:00,2023-12-10 22:00:00,422,129058,2023-12-11,2023-12-11 06:00:00,0,0,422
"CARLS1_2_CARCT1",2023-12-11 16:00:00,2023-12-11 22:00:00,422,129058,2023-12-12,2023-12-12 06:00:00,0,0,422
"CARLS1_2_CARCT1",2023-12-12 16:00:00,2023-12-12 22:00:00,422,129058,2023-12-13,2023-12-13 06:00:00,0,0,422
"CARLS1_2_CARCT1",2023-12-13 16:00:00,2023-12-13 22:00:00,422,129058,2023-12-14,2023-12-14 06:00:00,0,0,422
"CARLS1_2_CARCT1",2023-12-14 16:00:00,2023-12-14 22:00:00,422,129058,2023-12-15,2023-12-15 06:00:00,0,0,422
"CARLS1_2_CARCT1",2023-12-15 16:00:00,2023-12-15 22:00:00,422,129058,2023-12-16,2023-12-16 06:00:00,0,0,422
"CARLS1_2_CARCT1",2023-12-16 16:00:00,2023-12-16 22:00:00,422,129058,2023-12-17,2023-12-17 06:00:00,0,0,422
"CARLS1_2_CARCT1",2023-12-17 16:00:00,2023-12-17 22:00:00,422,129058,2023-12-18,2023-12-18 06:00:00,0,0,422
"CARLS1_2_CARCT1",2023-12-18 16:00:00,2023-12-18 22:00:00,422,129058,2023-12-19,2023-12-19 06:00:00,0,0,422
"CARLS1_2_CARCT1",2023-12-19 16:00:00,2023-12-19 22:00:00,422,129058,2023-12-20,2023-12-20 06:00:00,0,0,422
"CARLS1_2_CARCT1",2023-12-20 16:00:00,2023-12-20 22:00:00,422,129058,2023-12-21,2023-12-21 06:00:00,0,0,422
"CARLS1_2_CARCT1",2023-12-21 16:00:00,2023-12-21 22:00:00,422,129058,2023-12-22,2023-12-22 06:00:00,0,0,422
"CARLS1_2_CARCT1",2023-12-22 16:00:00,2023-12-22 22:00:00,422,129058,2023-12-23,2023-12-23 06:00:00,0,0,422
"CARLS1_2_CARCT1",2023-12-23 16:00:00,2023-12-23 22:00:00,422,129058,2023-12-24,2023-12-24 06:00:00,0,0,422
"CARLS1_2_CARCT1",2023-12-24 16:00:00,2023-12-24 22:00:00,422,129058,2023-12-25,2023-12-25 06:00:00,0,0,422
"CARLS1_2_CARCT1",2023-12-25 16:00:00,2023-12-25 22:00:00,422,129058,2023-12-26,2023-12-26 06:00:00,0,0,422
"CARLS1_2_CARCT1",2023-12-26 16:00:00,2023-12-26 22:00:00,422,129058,2023-12-27,2023-12-27 06:00:00,0,0,422
"CARLS1_2_CARCT1",2023-12-27 16:00:00,2023-12-27 22:00:00,422,129058,2023-12-28,2023-12-28 06:00:00,0,0,422
"CARLS1_2_CARCT1",2023-12-28 16:00:00,2023-12-28 22:00:00,422,129058,2023-12-29,2023-12-29 06:00:00,0,0,422
"CARLS1_2_CARCT1",2023-12-29 16:00:00,2023-12-29 22:00:00,422,129058,2023-12-30,2023-12-30 06:00:00,0,0,422
"CARLS1_2_CARCT1",2023-12-30 16:00:00,2023-12-30 22:00:00,422,129058,2023-12-31,2023-12-31 06:00:00,0,0,422
"CARLS1_2_CARCT1",2023-12-31 16:00:00,2023-12-31 22:00:00,422,129058,2024-01-01,2024-01-01 06:00:00,0,0,422
"CARLS1_2_CARCT1",2024-01-01 16:00:00,2024-01-01 22:00:00,422,129058,2024-01-02,2024-01-02 06:00:00,0,0,422
"CARLS1_2_CARCT1",2024-01-02 16:00:00,2024-01-02 22:00:00,422,129058,2024-01-03,2024-01-03 06:00:00,0,0,422
"CARLS1_2_CARCT1",2024-01-03 16:00:00,2024-01-03 22:00:00,422,129058,2024-01-04,2024-01-04 06:00:00,0,0,422
"CARLS1_2_CARCT1",2024-01-04 16:00:00,2024-01-04 22:00:00,422,129058,2024-01-05,2024-01-05 06:00:00,0,0,422
"CARLS1_2_CARCT1",2024-01-05 16:00:00,2024-01-05 22:00:00,422,129058,2024-01-06,2024-01-06 06:00:00,0,0,422
"CARLS1_2_CARCT1",2024-01-06 16:00:00,2024-01-06 22:00:00,422,129058,2024-01-07,2024-01-07 06:00:00,0,0,422
"CARLS1_2_CARCT1",2024-01-07 16:00:00,2024-01-07 22:00:00,422,129058,2024-01-08,2024-01-08 06:00:00,0,0,422
"CARLS1_2_CARCT1",2024-01-09 16:00:00,2024-01-09 22:00:00,422,129058,2024-01-10,2024-01-10 06:00:00,0,0,422
"CARLS1_2_CARCT1",2024-01-10 16:00:00,2024-01-10 22:00:00,422,129058,2024-01-11,2024-01-11 06:00:00,0,0,422
"CARLS1_2_CARCT1",2024-01-11 16:00:00,2024-01-11 22:00:00,422,129058,2024-01-12,2024-01-12 06:00:00,0,0,422
"CARLS1_2_CARCT1",2024-01-12 16:00:00,2024-01-12 22:00:00,422,129058,2024-01-13,2024-01-13 06:00:00,0,0,422
"CARLS1_2_CARCT1",2024-01-13 16:00:00,2024-01-13 22:00:00,422,129058,2024-01-14,2024-01-14 06:00:00,0,0,422
"CARLS1_2_CARCT1",2024-01-14 16:00:00,2024-01-14 22:00:00,422,129058,2024-01-15,2024-01-15 06:00:00,0,0,422
"CARLS1_2_CARCT1",2024-01-15 16:00:00,2024-01-15 22:00:00,422,129058,2024-01-16,2024-01-16 06:00:00,0,0,422
"CARLS1_2_CARCT1",2024-01-16 16:00:00,2024-01-16 22:00:00,422,129058,2024-01-17,2024-01-17 06:00:00,0,0,422
"CARLS1_2_CARCT1",2024-01-17 16:00:00,2024-01-17 22:00:00,422,129058,2024-01-18,2024-01-18 06:00:00,0,0,422
"CARLS1_2_CARCT1",2024-01-18 16:00:00,2024-01-18 22:00:00,422,129058,2024-01-19,2024-01-19 06:00:00,0,0,422
"CARLS1_2_CARCT1",2024-01-19 16:00:00,2024-01-19 22:00:00,422,129058,2024-01-20,2024-01-20 06:00:00,0,0,422
"CARLS1_2_CARCT1",2024-01-20 16:00:00,2024-01-20 22:00:00,422,129058,2024-01-21,2024-01-21 06:00:00,0,0,422
"CARLS1_2_CARCT1",2024-01-21 16:00:00,2024-01-21 22:00:00,422,129058,2024-01-22,2024-01-22 06:00:00,0,0,422
"CARLS1_2_CARCT1",2024-01-22 16:00:00,2024-01-22 22:00:00,422,129058,2024-01-23,2024-01-23 06:00:00,0,0,422
"CARLS1_2_CARCT1",2024-01-23 16:00:00,2024-01-23 22:00:00,422,129058,2024-01-24,2024-01-24 06:00:00,0,0,422
"CARLS1_2_CARCT1",2024-01-24 16:00:00,2024-01-24 22:00:00,422,129058,2024-01-25,2024-01-25 06:00:00,0,0,422
"CARLS1_2_CARCT1",2024-01-25 16:00:00,2024-01-25 22:00:00,422,129058,2024-01-26,2024-01-26 06:00:00,0,0,422
"CARLS1_2_CARCT1",2024-01-26 16:00:00,2024-01-26 22:00:00,422,129058,2024-01-27,2024-01-27 06:00:00,0,0,422
"CARLS1_2_CARCT1",2024-01-27 16:00:00,2024-01-27 22:00:00,422,129058,2024-01-28,2024-01-28 06:00:00,0,0,422
"CARLS1_2_CARCT1",2024-01-28 16:00:00,2024-01-28 22:00:00,422,129058,2024-01-29,2024-01-29 06:00:00,0,0,422
"CARLS1_2_CARCT1",2024-01-29 16:00:00,2024-01-29 22:00:00,422,129058,2024-01-30,2024-01-30 06:00:00,0,0,422
"CARLS1_2_CARCT1",2024-01-30 16:00:00,2024-01-30 22:00:00,422,129058,2024-01-31,2024-01-31 06:00:00,0,0,422
"CARLS1_2_CARCT1",2024-01-31 16:00:00,2024-01-31 22:00:00,422,129058,2024-02-01,2024-02-01 06:00:00,0,0,422
"CARLS1_2_CARCT1",2024-02-01 16:00:00,2024-02-01 22:00:00,422,129058,2024-02-02,2024-02-02 06:00:00,0,0,422
"CARLS1_2_CARCT1",2024-02-02 16:00:00,2024-02-02 22:00:00,422,129058,2024-02-03,2024-02-03 06:00:00,0,0,422
"CARLS1_2_CARCT1",2024-02-03 16:00:00,2024-02-03 22:00:00,422,129058,2024-02-04,2024-02-04 06:00:00,0,0,422
"CARLS1_2_CARCT1",2024-02-04 16:00:00,2024-02-04 22:00:00,422,129058,2024-02-05,2024-02-05 06:00:00,0,0,422
"CARLS1_2_CARCT1",2024-02-05 16:00:00,2024-02-05 22:00:00,422,129058,2024-02-06,2024-02-06 06:00:00,0,0,422
"CARLS1_2_CARCT1",2024-02-06 16:00:00,2024-02-06 22:00:00,422,129058,2024-02-07,2024-02-07 06:00:00,0,0,422
"CARLS1_2_CARCT1",2024-02-07 16:00:00,2024-02-07 22:00:00,422,129058,2024-02-08,2024-02-08 06:00:00,0,0,422
"CARLS1_2_CARCT1",2024-02-08 16:00:00,2024-02-08 22:00:00,422,129058,2024-02-09,2024-02-09 06:00:00,0,0,422
"CARLS1_2_CARCT1",2024-02-09 16:00:00,2024-02-09 22:00:00,422,129058,2024-02-10,2024-02-10 06:00:00,0,0,422
"CARLS1_2_CARCT1",2024-02-10 16:00:00,2024-02-10 22:00:00,422,129058,2024-02-11,2024-02-11 06:00:00,0,0,422
"CARLS1_2_CARCT1",2024-02-11 16:00:00,2024-02-11 22:00:00,422,129058,2024-02-12,2024-02-12 06:00:00,0,0,422
"CARLS1_2_CARCT1",2024-02-12 16:00:00,2024-02-12 22:00:00,422,129058,2024-02-13,2024-02-13 06:00:00,0,0,422
"CARLS1_2_CARCT1",2024-02-13 16:00:00,2024-02-13 22:00:00,422,129058,2024-02-14,2024-02-14 06:00:00,0,0,422
"CARLS1_2_CARCT1",2024-02-14 16:00:00,2024-02-14 22:00:00,422,129058,2024-02-15,2024-02-15 06:00:00,0,0,422
"CARLS1_2_CARCT1",2024-02-15 16:00:00,2024-02-15 22:00:00,422,129058,2024-02-16,2024-02-16 06:00:00,0,0,422
"CARLS1_2_CARCT1",2024-02-16 16:00:00,2024-02-16 22:00:00,422,129058,2024-02-17,2024-02-17 06:00:00,0,0,422
"CARLS1_2_CARCT1",2024-02-17 16:00:00,2024-02-17 22:00:00,422,129058,2024-02-18,2024-02-18 06:00:00,0,0,422
"CARLS1_2_CARCT1",2024-02-18 16:00:00,2024-02-18 22:00:00,422,129058,2024-02-19,2024-02-19 06:00:00,0,0,422
"CARLS1_2_CARCT1",2024-02-19 16:00:00,2024-02-19 22:00:00,422,129058,2024-02-20,2024-02-20 06:00:00,0,0,422
"CARLS1_2_CARCT1",2024-02-20 16:00:00,2024-02-20 22:00:00,422,129058,2024-02-21,2024-02-21 06:00:00,0,0,422
"CARLS1_2_CARCT1",2024-02-21 16:00:00,2024-02-21 22:00:00,422,129058,2024-02-22,2024-02-22 06:00:00,0,0,422
"CARLS1_2_CARCT1",2024-02-22 16:00:00,2024-02-22 22:00:00,422,129058,2024-02-23,2024-02-23 06:00:00,0,0,422
"CARLS1_2_CARCT1",2024-02-23 16:00:00,2024-02-23 22:00:00,422,129058,2024-02-24,2024-02-24 06:00:00,0,0,422
"CARLS1_2_CARCT1",2024-02-24 16:00:00,2024-02-24 22:00:00,422,129058,2024-02-25,2024-02-25 06:00:00,0,0,422
"CARLS1_2_CARCT1",2024-02-25 16:00:00,2024-02-25 22:00:00,422,129058,2024-02-26,2024-02-26 06:00:00,0,0,422
"CARLS1_2_CARCT1",2024-02-26 16:00:00,2024-02-26 22:00:00,422,129058,2024-02-27,2024-02-27 06:00:00,0,0,422
"CARLS1_2_CARCT1",2024-02-27 16:00:00,2024-02-27 22:00:00,422,129058,2024-02-28,2024-02-28 06:00:00,0,0,422
"CARLS1_2_CARCT1",2024-02-28 16:00:00,2024-02-28 22:00:00,422,129058,2024-02-29,2024-02-29 06:00:00,0,0,422
"CARLS1_2_CARCT1",2024-02-29 16:00:00,2024-02-29 22:00:00,422,129058,2024-03-01,2024-03-01 06:00:00,0,0,422
"CARLS1_2_CARCT1",2024-03-01 16:00:00,2024-03-01 22:00:00,422,129058,2024-03-02,2024-03-02 06:00:00,0,0,422
"CARLS1_2_CARCT1",2024-03-02 16:00:00,2024-03-02 22:00:00,422,129058,2024-03-03,2024-03-03 06:00:00,0,0,422
"CARLS1_2_CARCT1",2024-03-03 16:00:00,2024-03-03 22:00:00,422,129058,2024-03-04,2024-03-04 06:00:00,0,0,422
"CARLS1_2_CARCT1",2024-03-04 16:00:00,2024-03-04 22:00:00,422,129058,2024-03-05,2024-03-05 06:00:00,0,0,422
"CARLS1_2_CARCT1",2024-03-05 16:00:00,2024-03-05 22:00:00,422,129058,2024-03-06,2024-03-06 06:00:00,0,0,422
"CARLS1_2_CARCT1",2024-03-06 16:00:00,2024-03-06 22:00:00,422,129058,2024-03-07,2024-03-07 06:00:00,0,0,422
"CARLS1_2_CARCT1",2024-03-07 16:00:00,2024-03-07 22:00:00,422,129058,2024-03-08,2024-03-08 06:00:00,0,0,422
"CARLS1_2_CARCT1",2024-03-08 16:00:00,2024-03-08 22:00:00,422,129058,2024-03-09,2024-03-09 06:00:00,0,0,422
"CARLS1_2_CARCT1",2024-03-09 16:00:00,2024-03-09 22:00:00,422,129058,2024-03-10,2024-03-10 06:00:00,0,0,422
"CARLS1_2_CARCT1",2024-03-10 17:00:00,2024-03-10 23:00:00,422,129058,2024-03-11,2024-03-11 06:00:00,0,0,422
"CARLS1_2_CARCT1",2024-03-11 17:00:00,2024-03-11 23:00:00,422,129058,2024-03-12,2024-03-12 06:00:00,0,0,422
"CARLS1_2_CARCT1",2024-03-12 17:00:00,2024-03-12 23:00:00,422,129058,2024-03-13,2024-03-13 06:00:00,0,0,422
"CARLS1_2_CARCT1",2024-03-13 17:00:00,2024-03-13 23:00:00,422,129058,2024-03-14,2024-03-14 06:00:00,0,0,422
"CARLS1_2_CARCT1",2024-03-14 17:00:00,2024-03-14 23:00:00,422,129058,2024-03-15,2024-03-15 06:00:00,0,0,422
"CARLS1_2_CARCT1",2024-03-15 17:00:00,2024-03-15 23:00:00,422,129058,2024-03-16,2024-03-16 06:00:00,0,0,422
"CARLS1_2_CARCT1",2024-03-16 17:00:00,2024-03-16 23:00:00,422,129058,2024-03-17,2024-03-17 06:00:00,0,0,422
"CARLS1_2_CARCT1",2024-03-17 17:00:00,2024-03-17 23:00:00,422,129058,2024-03-18,2024-03-18 06:00:00,0,0,422
"CARLS1_2_CARCT1",2024-03-18 17:00:00,2024-03-18 23:00:00,422,129058,2024-03-19,2024-03-19 06:00:00,0,0,422
"CARLS1_2_CARCT1",2024-03-19 17:00:00,2024-03-19 23:00:00,422,129058,2024-03-20,2024-03-20 06:00:00,0,0,422
"CARLS1_2_CARCT1",2024-03-20 17:00:00,2024-03-20 23:00:00,422,129058,2024-03-21,2024-03-21 06:00:00,0,0,422
"CARLS1_2_CARCT1",2024-03-21 17:00:00,2024-03-21 23:00:00,422,129058,2024-03-22,2024-03-22 06:00:00,0,0,422
"CARLS1_2_CARCT1",2024-03-22 17:00:00,2024-03-22 23:00:00,422,129058,2024-03-23,2024-03-23 06:00:00,0,0,422
"CARLS1_2_CARCT1",2024-03-23 17:00:00,2024-03-23 23:00:00,422,129058,2024-03-24,2024-03-24 06:00:00,0,0,422
"CARLS1_2_CARCT1",2024-03-24 17:00:00,2024-03-24 23:00:00,422,129058,2024-03-25,2024-03-25 06:00:00,0,0,422
"CARLS1_2_CARCT1",2024-03-25 17:00:00,2024-03-25 23:00:00,422,129058,2024-03-26,2024-03-26 06:00:00,0,0,422
"CARLS1_2_CARCT1",2024-03-26 17:00:00,2024-03-26 23:00:00,422,129058,2024-03-27,2024-03-27 06:00:00,0,0,422
"CARLS1_2_CARCT1",2024-03-27 17:00:00,2024-03-27 23:00:00,422,129058,2024-03-28,2024-03-28 06:00:00,0,0,422
"CARLS1_2_CARCT1",2024-03-28 17:00:00,2024-03-28 23:00:00,422,129058,2024-03-29,2024-03-29 06:00:00,0,0,422
"CARLS1_2_CARCT1",2024-03-29 17:00:00,2024-03-29 23:00:00,422,129058,2024-03-30,2024-03-30 06:00:00,0,0,422
"CARLS1_2_CARCT1",2024-03-30 17:00:00,2024-03-30 23:00:00,422,129058,2024-03-31,2024-03-31 06:00:00,0,0,422
"CARLS1_2_CARCT1",2024-03-31 17:00:00,2024-03-31 23:00:00,422,129058,2024-04-01,2024-04-01 06:00:00,0,0,422
"CARLS1_2_CARCT1",2024-04-01 17:00:00,2024-04-01 23:00:00,422,129058,2024-04-02,2024-04-02 06:00:00,0,0,422
"CARLS1_2_CARCT1",2024-04-02 17:00:00,2024-04-02 23:00:00,422,129058,2024-04-03,2024-04-03 06:00:00,0,0,422
"CARLS1_2_CARCT1",2024-04-03 17:00:00,2024-04-03 23:00:00,422,129058,2024-04-04,2024-04-04 06:00:00,0,0,422
"CARLS1_2_CARCT1",2024-04-04 17:00:00,2024-04-04 23:00:00,422,129058,2024-04-05,2024-04-05 06:00:00,0,0,422
"CARLS1_2_CARCT1",2024-04-05 17:00:00,2024-04-05 23:00:00,422,129058,2024-04-06,2024-04-06 06:00:00,0,0,422
"CARLS1_2_CARCT1",2024-04-06 17:00:00,2024-04-06 23:00:00,422,129058,2024-04-07,2024-04-07 06:00:00,0,0,422
"CARLS1_2_CARCT1",2024-04-07 17:00:00,2024-04-07 17:01:00,422,129058,2024-04-08,2024-04-08 06:00:00,0,359,422
"CARLS1_2_CARCT1",2024-04-12 17:00:00,2024-04-12 23:00:00,422,129058,2024-04-13,2024-04-13 06:00:00,0,0,422
"CARLS1_2_CARCT1",2024-04-13 17:00:00,2024-04-13 23:00:00,422,129058,2024-04-14,2024-04-14 06:00:00,0,0,422
"CARLS1_2_CARCT1",2024-04-14 17:00:00,2024-04-14 17:01:00,422,129058,2024-04-15,2024-04-15 06:00:00,0,359,422
"CARLS1_2_CARCT1",2024-04-19 17:00:00,2024-04-19 23:00:00,422,129058,2024-04-20,2024-04-20 06:00:00,0,0,422
"CARLS1_2_CARCT1",2024-04-20 17:00:00,2024-04-20 23:00:00,422,129058,2024-04-21,2024-04-21 06:00:00,0,0,422
"CARLS1_2_CARCT1",2024-04-21 17:00:00,2024-04-21 17:01:00,422,129058,2024-04-22,2024-04-22 06:00:00,0,359,422
"CARLS1_2_CARCT1",2024-04-26 17:00:00,2024-04-26 23:00:00,422,129058,2024-04-27,2024-04-27 06:00:00,0,0,422
"CARLS1_2_CARCT1",2024-04-27 17:00:00,2024-04-27 23:00:00,422,129058,2024-04-28,2024-04-28 06:00:00,0,0,422
"CARLS1_2_CARCT1",2024-04-28 17:00:00,2024-04-28 17:01:00,422,129058,2024-04-29,2024-04-29 06:00:00,0,359,422
"CARLS1_2_CARCT1",2024-05-03 17:00:00,2024-05-03 23:00:00,422,129058,2024-05-04,2024-05-04 06:00:00,0,0,422
"CARLS1_2_CARCT1",2024-05-04 17:00:00,2024-05-04 23:00:00,422,129058,2024-05-05,2024-05-05 06:00:00,0,0,422
"CARLS1_2_CARCT1",2024-05-05 17:00:00,2024-05-05 23:00:00,422,129058,2024-05-06,2024-05-06 06:00:00,0,0,422
"CARLS1_2_CARCT1",2024-05-06 17:00:00,2024-05-06 23:00:00,422,129058,2024-05-07,2024-05-07 06:00:00,0,0,422
"CARLS1_2_CARCT1",2024-05-07 17:00:00,2024-05-07 23:00:00,422,129058,2024-05-08,2024-05-08 06:00:00,0,0,422
"CARLS1_2_CARCT1",2024-05-08 17:00:00,2024-05-08 23:00:00,422,129058,2024-05-09,2024-05-09 06:00:00,0,0,422
"CARLS1_2_CARCT1",2024-05-09 17:00:00,2024-05-09 23:00:00,422,129058,2024-05-10,2024-05-10 06:00:00,0,0,422
"CARLS1_2_CARCT1",2024-05-10 17:00:00,2024-05-10 23:00:00,422,129058,2024-05-11,2024-05-11 06:00:00,0,0,422
"CARLS1_2_CARCT1",2024-05-11 17:00:00,2024-05-11 23:00:00,422,129058,2024-05-12,2024-05-12 06:00:00,0,0,422
"CARLS1_2_CARCT1",2024-05-12 17:00:00,2024-05-12 23:00:00,422,129058,2024-05-13,2024-05-13 06:00:00,0,0,422
"CARLS1_2_CARCT1",2024-05-13 17:00:00,2024-05-13 23:00:00,422,129058,2024-05-14,2024-05-14 06:00:00,0,0,422
"CARLS1_2_CARCT1",2024-05-14 17:00:00,2024-05-14 23:00:00,422,129058,2024-05-15,2024-05-15 06:00:00,0,0,422
"CARLS1_2_CARCT1",2024-05-15 17:00:00,2024-05-15 23:00:00,422,129058,2024-05-16,2024-05-16 06:00:00,0,0,422
"CARLS1_2_CARCT1",2024-05-18 17:00:00,2024-05-18 23:00:00,422,129058,2024-05-19,2024-05-19 06:00:00,0,0,422
"CARLS1_2_CARCT1",2024-05-19 17:00:00,2024-05-19 23:00:00,422,129058,2024-05-20,2024-05-20 06:00:00,0,0,422
"CARLS1_2_CARCT1",2024-05-20 17:00:00,2024-05-20 23:00:00,422,129058,2024-05-21,2024-05-21 06:00:00,0,0,422
"CARLS1_2_CARCT1",2024-05-21 17:00:00,2024-05-21 23:00:00,422,129058,2024-05-22,2024-05-22 06:00:00,0,0,422
"CARLS1_2_CARCT1",2024-05-22 17:00:00,2024-05-22 23:00:00,422,129058,2024-05-23,2024-05-23 06:00:00,0,0,422
"CARLS1_2_CARCT1",2024-05-23 17:00:00,2024-05-23 23:00:00,422,129058,2024-05-24,2024-05-24 06:00:00,0,0,422
"CARLS1_2_CARCT1",2024-05-24 17:00:00,2024-05-24 23:00:00,422,129058,2024-05-25,2024-05-25 06:00:00,0,0,422
"CARLS1_2_CARCT1",2024-05-25 17:00:00,2024-05-25 23:00:00,422,129058,2024-05-26,2024-05-26 06:00:00,0,0,422
"CARLS1_2_CARCT1",2024-05-26 17:00:00,2024-05-26 23:00:00,422,129058,2024-05-27,2024-05-27 06:00:00,0,0,422
"CARLS1_2_CARCT1",2024-05-27 17:00:00,2024-05-27 23:00:00,422,129058,2024-05-28,2024-05-28 06:00:00,0,0,422
"CARLS1_2_CARCT1",2024-05-28 17:00:00,2024-05-28 23:00:00,422,129058,2024-05-29,2024-05-29 06:00:00,0,0,422
"CARLS1_2_CARCT1",2024-05-29 17:00:00,2024-05-29 23:00:00,422,129058,2024-05-30,2024-05-30 06:00:00,0,0,422
"CARLS1_2_CARCT1",2024-05-30 17:00:00,2024-05-30 23:00:00,422,129058,2024-05-31,2024-05-31 06:00:00,0,0,422
"CARLS1_2_CARCT1",2024-06-01 17:00:00,2024-06-01 23:00:00,422,129058,2024-06-02,2024-06-02 06:00:00,0,0,422
"CARLS1_2_CARCT1",2024-06-02 17:00:00,2024-06-02 23:00:00,422,129058,2024-06-03,2024-06-03 06:00:00,0,0,422
"CARLS1_2_CARCT1",2024-06-03 17:00:00,2024-06-03 23:00:00,422,129058,2024-06-04,2024-06-04 06:00:00,0,0,422
"CARLS1_2_CARCT1",2024-06-04 17:00:00,2024-06-04 23:00:00,422,129058,2024-06-05,2024-06-05 06:00:00,0,0,422
"CARLS1_2_CARCT1",2024-06-05 17:00:00,2024-06-05 23:00:00,422,129058,2024-06-06,2024-06-06 06:00:00,0,0,422
"CARLS1_2_CARCT1",2024-06-06 17:00:00,2024-06-06 23:00:00,422,129058,2024-06-07,2024-06-07 06:00:00,0,0,422
"CARLS1_2_CARCT1",2024-06-07 17:00:00,2024-06-07 23:00:00,422,129058,2024-06-08,2024-06-08 06:00:00,0,0,422
"CARLS1_2_CARCT1",2024-06-08 17:00:00,2024-06-08 23:00:00,422,129058,2024-06-09,2024-06-09 06:00:00,0,0,422
"CARLS1_2_CARCT1",2024-06-09 17:00:00,2024-06-09 23:00:00,422,129058,2024-06-10,2024-06-10 06:00:00,0,0,422
"CARLS1_2_CARCT1",2024-06-10 17:00:00,2024-06-10 23:00:00,422,129058,2024-06-11,2024-06-11 06:00:00,0,0,422
"CARLS1_2_CARCT1",2024-06-11 17:00:00,2024-06-11 23:00:00,422,129058,2024-06-12,2024-06-12 06:00:00,0,0,422
"CARLS1_2_CARCT1",2024-06-12 17:00:00,2024-06-12 23:00:00,422,129058,2024-06-13,2024-06-13 06:00:00,0,0,422
"CARLS1_2_CARCT1",2024-06-13 17:00:00,2024-06-13 23:00:00,422,129058,2024-06-14,2024-06-14 06:00:00,0,0,422
"CARLS1_2_CARCT1",2024-06-14 17:00:00,2024-06-14 23:00:00,422,129058,2024-06-15,2024-06-15 06:00:00,0,0,422
"CARLS1_2_CARCT1",2024-06-15 17:00:00,2024-06-15 23:00:00,422,129058,2024-06-16,2024-06-16 06:00:00,0,0,422
"CARLS1_2_CARCT1",2024-06-16 17:00:00,2024-06-16 23:00:00,422,129058,2024-06-17,2024-06-17 06:00:00,0,0,422
"CARLS1_2_CARCT1",2024-06-17 17:00:00,2024-06-17 23:00:00,422,129058,2024-06-18,2024-06-18 06:00:00,0,0,422
"CARLS1_2_CARCT1",2024-06-18 17:00:00,2024-06-18 23:00:00,422,129058,2024-06-19,2024-06-19 06:00:00,0,0,422
"CARLS1_2_CARCT1",2024-06-19 17:00:00,2024-06-19 23:00:00,422,129058,2024-06-20,2024-06-20 06:00:00,0,0,422
"CARLS1_2_CARCT1",2024-06-20 17:00:00,2024-06-20 23:00:00,422,129058,2024-06-21,2024-06-21 06:00:00,0,0,422
"CARLS1_2_CARCT1",2024-06-21 17:00:00,2024-06-21 23:00:00,422,129058,2024-06-22,2024-06-22 06:00:00,0,0,422
"CARLS1_2_CARCT1",2024-06-22 17:00:00,2024-06-22 23:00:00,422,129058,2024-06-23,2024-06-23 06:00:00,0,0,422
"CARLS1_2_CARCT1",2024-06-23 17:00:00,2024-06-23 23:00:00,422,129058,2024-06-24,2024-06-24 06:00:00,0,0,422
"CARLS1_2_CARCT1",2024-06-24 17:00:00,2024-06-24 23:00:00,422,129058,2024-06-25,2024-06-25 06:00:00,0,0,422
"CARLS1_2_CARCT1",2024-06-25 17:00:00,2024-06-25 23:00:00,422,129058,2024-06-26,2024-06-26 06:00:00,0,0,422
"CARLS1_2_CARCT1",2024-06-26 17:00:00,2024-06-26 23:00:00,422,129058,2024-06-27,2024-06-27 06:00:00,0,0,422
"CARLS1_2_CARCT1",2024-06-27 17:00:00,2024-06-27 23:00:00,422,129058,2024-06-28,2024-06-28 06:00:00,0,0,422
"CARLS1_2_CARCT1",2024-06-28 17:00:00,2024-06-28 23:00:00,422,129058,2024-06-29,2024-06-29 06:00:00,0,0,422
"CARLS1_2_CARCT1",2024-06-29 17:00:00,2024-06-29 23:00:00,422,129058,2024-06-30,2024-06-30 06:00:00,0,0,422
"CARLS1_2_CARCT1",2024-06-30 17:00:00,2024-06-30 23:00:00,422,129058,2024-07-01,2024-07-01 06:00:00,0,0,422
"CARLS1_2_CARCT1",2024-07-01 17:00:00,2024-07-01 23:00:00,422,129058,2024-07-02,2024-07-02 06:00:00,0,0,422
"CARLS1_2_CARCT1",2024-07-02 17:00:00,2024-07-02 23:00:00,422,129058,2024-07-03,2024-07-04 06:00:00,0,1440,422
"CARLS1_2_CARCT1",2024-07-04 17:00:00,2024-07-04 23:00:00,422,129058,2024-07-05,2024-07-05 06:00:00,0,0,422
"CARLS1_2_CARCT1",2024-07-05 17:00:00,2024-07-05 23:00:00,422,129058,2024-07-06,2024-07-06 06:00:00,0,0,422
"CARLS1_2_CARCT1",2024-07-06 17:00:00,2024-07-06 23:00:00,422,129058,2024-07-07,2024-07-07 06:00:00,0,0,422
"CARLS1_2_CARCT1",2024-07-07 17:00:00,2024-07-07 23:00:00,422,129058,2024-07-08,2024-07-08 06:00:00,0,0,422
"CARLS1_2_CARCT1",2024-07-08 17:00:00,2024-07-08 23:00:00,422,129058,2024-07-09,2024-07-09 06:00:00,0,0,422
"CARLS1_2_CARCT1",2024-07-09 17:00:00,2024-07-09 23:00:00,422,129058,2024-07-10,2024-07-10 06:00:00,0,0,422
"CARLS1_2_CARCT1",2024-07-10 17:00:00,2024-07-10 23:00:00,422,129058,2024-07-11,2024-07-11 06:00:00,0,0,422
"CARLS1_2_CARCT1",2024-07-11 17:00:00,2024-07-11 23:00:00,422,129058,2024-07-12,2024-07-12 06:00:00,0,0,422
"CARLS1_2_CARCT1",2024-07-12 17:00:00,2024-07-12 23:00:00,422,129058,2024-07-13,2024-07-13 06:00:00,0,0,422
"CARLS1_2_CARCT1",2024-07-13 17:00:00,2024-07-13 23:00:00,422,129058,2024-07-14,2024-07-14 06:00:00,0,0,422
"CARLS1_2_CARCT1",2024-07-14 17:00:00,2024-07-14 23:00:00,422,129058,2024-07-15,2024-07-15 06:00:00,0,0,422
"CARLS1_2_CARCT1",2024-07-15 17:00:00,2024-07-15 23:00:00,422,129058,2024-07-16,2024-07-16 06:00:00,0,0,422
"CARLS1_2_CARCT1",2024-07-16 17:00:00,2024-07-16 23:00:00,422,129058,2024-07-17,2024-07-17 06:00:00,0,0,422
"CARLS1_2_CARCT1",2024-07-17 17:00:00,2024-07-17 23:00:00,422,129058,2024-07-18,2024-07-18 06:00:00,0,0,422
"CARLS1_2_CARCT1",2024-07-18 17:00:00,2024-07-18 23:00:00,422,129058,2024-07-19,2024-07-19 06:00:00,0,0,422
"CARLS1_2_CARCT1",2024-07-19 17:00:00,2024-07-19 23:00:00,422,129058,2024-07-20,2024-07-20 06:00:00,0,0,422
"CARLS1_2_CARCT1",2024-07-20 17:00:00,2024-07-20 23:00:00,422,129058,2024-07-21,2024-07-21 06:00:00,0,0,422
"CARLS1_2_CARCT1",2024-07-21 17:00:00,2024-07-21 23:00:00,422,129058,2024-07-22,2024-07-22 06:00:00,0,0,422
"CARLS1_2_CARCT1",2024-07-22 17:00:00,2024-07-22 23:00:00,422,129058,2024-07-23,2024-07-23 06:00:00,0,0,422
"CARLS1_2_CARCT1",2024-07-23 17:00:00,2024-07-23 23:00:00,422,129058,2024-07-24,2024-07-24 06:00:00,0,0,422
"CARLS1_2_CARCT1",2024-07-24 17:00:00,2024-07-24 23:00:00,422,129058,2024-07-25,2024-07-25 06:00:00,0,0,422
"CARLS1_2_CARCT1",2024-07-25 17:00:00,2024-07-25 23:00:00,422,129058,2024-07-26,2024-07-26 06:00:00,0,0,422
"CARLS1_2_CARCT1",2024-07-26 17:00:00,2024-07-26 23:00:00,422,129058,2024-07-27,2024-07-27 06:00:00,0,0,422
"CARLS1_2_CARCT1",2024-07-27 17:00:00,2024-07-27 23:00:00,422,129058,2024-07-28,2024-07-28 06:00:00,0,0,422
"CARLS1_2_CARCT1",2024-07-28 17:00:00,2024-07-28 23:00:00,422,129058,2024-07-29,2024-07-29 06:00:00,0,0,422
"CARLS1_2_CARCT1",2024-07-29 17:00:00,2024-07-29 23:00:00,422,129058,2024-07-30,2024-07-30 06:00:00,0,0,422
"CARLS1_2_CARCT1",2024-07-30 17:00:00,2024-07-30 23:00:00,422,129058,2024-07-31,2024-07-31 06:00:00,0,0,422
"CARLS1_2_CARCT1",2024-07-31 17:00:00,2024-07-31 23:00:00,422,129058,2024-08-01,2024-08-01 06:00:00,0,0,422
"CARLS1_2_CARCT1",2024-08-01 17:00:00,2024-08-01 23:00:00,422,129058,2024-08-02,2024-08-02 06:00:00,0,0,422
"CARLS1_2_CARCT1",2024-08-02 17:00:00,2024-08-02 23:00:00,422,129058,2024-08-03,2024-08-03 06:00:00,0,0,422
"CARLS1_2_CARCT1",2024-08-03 17:00:00,2024-08-03 23:00:00,422,129058,2024-08-04,2024-08-04 06:00:00,0,0,422
"CARLS1_2_CARCT1",2024-08-04 17:00:00,2024-08-04 23:00:00,422,129058,2024-08-05,2024-08-05 06:00:00,0,0,422
"CARLS1_2_CARCT1",2024-08-05 17:00:00,2024-08-05 23:00:00,422,129058,2024-08-06,2024-08-06 06:00:00,0,0,422
"CARLS1_2_CARCT1",2024-08-06 17:00:00,2024-08-06 23:00:00,422,129058,2024-08-07,2024-08-07 06:00:00,0,0,422
"CARLS1_2_CARCT1",2024-08-07 17:00:00,2024-08-07 23:00:00,422,129058,2024-08-08,2024-08-08 06:00:00,0,0,422
"CARLS1_2_CARCT1",2024-08-08 17:00:00,2024-08-08 23:00:00,422,129058,2024-08-09,2024-08-09 06:00:00,0,0,422
"CARLS1_2_CARCT1",2024-08-09 17:00:00,2024-08-09 23:00:00,422,129058,2024-08-10,2024-08-10 06:00:00,0,0,422
"CARLS1_2_CARCT1",2024-08-10 17:00:00,2024-08-10 23:00:00,422,129058,2024-08-11,2024-08-11 06:00:00,0,0,422
"CARLS1_2_CARCT1",2024-08-11 17:00:00,2024-08-11 23:00:00,422,129058,2024-08-12,2024-08-12 06:00:00,0,0,422
"CARLS1_2_CARCT1",2024-08-12 17:00:00,2024-08-12 23:00:00,422,129058,2024-08-13,2024-08-13 06:00:00,0,0,422
"CARLS1_2_CARCT1",2024-08-13 17:00:00,2024-08-13 23:00:00,422,129058,2024-08-14,2024-08-14 06:00:00,0,0,422
"CARLS1_2_CARCT1",2024-08-14 17:00:00,2024-08-14 23:00:00,422,129058,2024-08-15,2024-08-15 06:00:00,0,0,422
"CARLS1_2_CARCT1",2024-08-15 17:00:00,2024-08-15 23:00:00,422,129058,2024-08-16,2024-08-16 06:00:00,0,0,422
"CARLS1_2_CARCT1",2024-08-16 17:00:00,2024-08-16 23:00:00,422,129058,2024-08-17,2024-08-17 06:00:00,0,0,422
"CARLS1_2_CARCT1",2024-08-17 17:00:00,2024-08-17 23:00:00,422,129058,2024-08-18,2024-08-18 06:00:00,0,0,422
"CARLS1_2_CARCT1",2024-08-18 17:00:00,2024-08-18 23:00:00,422,129058,2024-08-19,2024-08-19 06:00:00,0,0,422
"CARLS1_2_CARCT1",2024-08-19 17:00:00,2024-08-19 23:00:00,422,129058,2024-08-20,2024-08-20 06:00:00,0,0,422
"CARLS1_2_CARCT1",2024-08-20 17:00:00,2024-08-20 23:00:00,422,129058,2024-08-21,2024-08-21 06:00:00,0,0,422
"CARLS1_2_CARCT1",2024-08-21 17:00:00,2024-08-21 23:00:00,422,129058,2024-08-22,2024-08-22 06:00:00,0,0,422
"CARLS1_2_CARCT1",2024-08-22 17:00:00,2024-08-22 23:00:00,422,129058,2024-08-23,2024-08-23 06:00:00,0,0,422
"CARLS1_2_CARCT1",2024-08-23 17:00:00,2024-08-23 23:00:00,422,129058,2024-08-24,2024-08-24 06:00:00,0,0,422
"CARLS1_2_CARCT1",2024-08-24 17:00:00,2024-08-24 23:00:00,422,129058,2024-08-25,2024-08-25 06:00:00,0,0,422
"CARLS1_2_CARCT1",2024-08-25 17:00:00,2024-08-25 23:00:00,422,129058,2024-08-26,2024-08-26 06:00:00,0,0,422
"CARLS1_2_CARCT1",2024-08-26 17:00:00,2024-08-26 23:00:00,422,129058,2024-08-27,2024-08-27 06:00:00,0,0,422
"CARLS1_2_CARCT1",2024-08-27 17:00:00,2024-08-27 23:00:00,422,129058,2024-08-28,2024-08-28 06:00:00,0,0,422
"CARLS1_2_CARCT1",2024-08-28 17:00:00,2024-08-28 23:00:00,422,129058,2024-08-29,2024-08-29 06:00:00,0,0,422
"CARLS1_2_CARCT1",2024-08-29 17:00:00,2024-08-29 23:00:00,422,129058,2024-08-30,2024-08-30 06:00:00,0,0,422
"CARLS1_2_CARCT1",2024-08-30 17:00:00,2024-08-30 23:00:00,422,129058,2024-08-31,2024-08-31 06:00:00,0,0,422
"CARLS1_2_CARCT1",2024-08-31 17:00:00,2024-08-31 23:00:00,422,129058,2024-09-01,2024-09-01 06:00:00,0,0,422
"CARLS1_2_CARCT1",2024-09-01 17:00:00,2024-09-01 23:00:00,422,129058,2024-09-02,2024-09-02 06:00:00,0,0,422
"CARLS1_2_CARCT1",2024-09-02 17:00:00,2024-09-02 23:00:00,422,129058,2024-09-03,2024-09-03 06:00:00,0,0,422
"CARLS1_2_CARCT1",2024-09-03 17:00:00,2024-09-03 23:00:00,422,129058,2024-09-04,2024-09-04 06:00:00,0,0,422
"CARLS1_2_CARCT1",2024-09-04 17:00:00,2024-09-04 23:00:00,422,129058,2024-09-05,2024-09-05 06:00:00,0,0,422
"CARLS1_2_CARCT1",2024-09-05 17:00:00,2024-09-05 23:00:00,422,129058,2024-09-06,2024-09-06 06:00:00,0,0,422
"CARLS1_2_CARCT1",2024-09-06 17:00:00,2024-09-06 23:00:00,422,129058,2024-09-07,2024-09-07 06:00:00,0,0,422
"CARLS1_2_CARCT1",2024-09-07 17:00:00,2024-09-07 23:00:00,422,129058,2024-09-08,2024-09-08 06:00:00,0,0,422
"CARLS1_2_CARCT1",2024-09-08 17:00:00,2024-09-08 23:00:00,422,129058,2024-09-09,2024-09-09 06:00:00,0,0,422
"CARLS1_2_CARCT1",2024-09-09 17:00:00,2024-09-09 23:00:00,422,129058,2024-09-10,2024-09-10 06:00:00,0,0,422
"CARLS1_2_CARCT1",2024-09-10 17:00:00,2024-09-10 23:00:00,422,129058,2024-09-11,2024-09-11 06:00:00,0,0,422
"CARLS1_2_CARCT1",2024-09-11 17:00:00,2024-09-11 23:00:00,422,129058,2024-09-12,2024-09-12 06:00:00,0,0,422
"CARLS1_2_CARCT1",2024-09-12 17:00:00,2024-09-12 23:00:00,422,129058,2024-09-13,2024-09-13 06:00:00,0,0,422
"CARLS1_2_CARCT1",2024-09-13 17:00:00,2024-09-13 23:00:00,422,129058,2024-09-14,2024-09-14 06:00:00,0,0,422
"CARLS1_2_CARCT1",2024-09-14 17:00:00,2024-09-14 23:00:00,422,129058,2024-09-15,2024-09-15 06:00:00,0,0,422
"CARLS1_2_CARCT1",2024-09-15 17:00:00,2024-09-15 23:00:00,422,129058,2024-09-16,2024-09-16 06:00:00,0,0,422
"CARLS1_2_CARCT1",2024-09-16 17:00:00,2024-09-16 23:00:00,422,129058,2024-09-17,2024-09-17 06:00:00,0,0,422
"CARLS1_2_CARCT1",2024-09-17 17:00:00,2024-09-17 23:00:00,422,129058,2024-09-18,2024-09-18 06:00:00,0,0,422
"CARLS1_2_CARCT1",2024-09-18 17:00:00,2024-09-18 23:00:00,422,129058,2024-09-19,2024-09-19 06:00:00,0,0,422
"CARLS1_2_CARCT1",2024-09-19 17:00:00,2024-09-19 23:00:00,422,129058,2024-09-20,2024-09-20 06:00:00,0,0,422
"CARLS1_2_CARCT1",2024-09-20 17:00:00,2024-09-20 23:00:00,422,129058,2024-09-21,2024-09-21 06:00:00,0,0,422
"CARLS1_2_CARCT1",2024-09-21 17:00:00,2024-09-21 23:00:00,422,129058,2024-09-22,2024-09-22 06:00:00,0,0,422
"CARLS1_2_CARCT1",2024-09-22 17:00:00,2024-09-22 23:00:00,422,129058,2024-09-23,2024-09-23 06:00:00,0,0,422
"CARLS1_2_CARCT1",2024-09-23 17:00:00,2024-09-23 23:00:00,422,129058,2024-09-24,2024-09-24 06:00:00,0,0,422
"CARLS1_2_CARCT1",2024-09-24 17:00:00,2024-09-24 23:00:00,422,129058,2024-09-25,2024-09-25 06:00:00,0,0,422
"CARLS1_2_CARCT1",2024-09-25 17:00:00,2024-09-25 23:00:00,422,129058,2024-09-26,2024-09-26 06:00:00,0,0,422
"CARLS1_2_CARCT1",2024-09-26 17:00:00,2024-09-26 23:00:00,422,129058,2024-09-27,2024-09-27 06:00:00,0,0,422
"CARLS1_2_CARCT1",2024-09-27 17:00:00,2024-09-27 23:00:00,422,129058,2024-09-28,2024-09-28 06:00:00,0,0,422
"CARLS1_2_CARCT1",2024-09-28 17:00:00,2024-09-28 23:00:00,422,129058,2024-09-29,2024-09-29 06:00:00,0,0,422
"CARLS1_2_CARCT1",2024-09-29 17:00:00,2024-09-29 23:00:00,422,129058,2024-09-30,2024-09-30 06:00:00,0,0,422
"CARLS1_2_CARCT1",2024-09-30 17:00:00,2024-09-30 23:00:00,422,129058,2024-10-01,2024-10-01 06:00:00,0,0,422
"CARLS1_2_CARCT1",2024-10-01 17:00:00,2024-10-01 23:00:00,422,129058,2024-10-02,2024-10-02 06:00:00,0,0,422
"CARLS1_2_CARCT1",2024-10-02 17:00:00,2024-10-02 23:00:00,422,129058,2024-10-03,2024-10-03 06:00:00,0,0,422
"CARLS1_2_CARCT1",2024-10-03 17:00:00,2024-10-03 23:00:00,422,129058,2024-10-04,2024-10-04 06:00:00,0,0,422
"CARLS1_2_CARCT1",2024-10-04 17:00:00,2024-10-04 23:00:00,422,129058,2024-10-05,2024-10-05 06:00:00,0,0,422
"CARLS1_2_CARCT1",2024-10-05 17:00:00,2024-10-05 23:00:00,422,129058,2024-10-06,2024-10-06 06:00:00,0,0,422
"CARLS1_2_CARCT1",2024-10-06 17:00:00,2024-10-06 23:00:00,422,129058,2024-10-07,2024-10-07 06:00:00,0,0,422
"CARLS1_2_CARCT1",2024-10-07 17:00:00,2024-10-07 23:00:00,422,129058,2024-10-08,2024-10-08 06:00:00,0,0,422
"CARLS1_2_CARCT1",2024-10-08 17:00:00,2024-10-08 23:00:00,422,129058,2024-10-09,2024-10-09 06:00:00,0,0,422
"CARLS1_2_CARCT1",2024-10-09 17:00:00,2024-10-09 23:00:00,422,129058,2024-10-10,2024-10-10 06:00:00,0,0,422
"CARLS1_2_CARCT1",2024-10-10 17:00:00,2024-10-10 23:00:00,422,129058,2024-10-11,2024-10-11 06:00:00,0,0,422
"CARLS1_2_CARCT1",2024-10-11 17:00:00,2024-10-11 23:00:00,422,129058,2024-10-12,2024-10-12 06:00:00,0,0,422
"CARLS1_2_CARCT1",2024-10-12 17:00:00,2024-10-12 23:00:00,422,129058,2024-10-13,2024-10-13 06:00:00,0,0,422
"CARLS1_2_CARCT1",2024-10-13 17:00:00,2024-10-13 23:00:00,422,129058,2024-10-14,2024-10-14 06:00:00,0,0,422
"CARLS1_2_CARCT1",2024-10-14 17:00:00,2024-10-14 23:00:00,422,129058,2024-10-15,2024-10-15 06:00:00,0,0,422
"CARLS1_2_CARCT1",2024-10-15 17:00:00,2024-10-15 23:00:00,422,129058,2024-10-16,2024-10-16 06:00:00,0,0,422
"CARLS1_2_CARCT1",2024-10-16 17:00:00,2024-10-16 23:00:00,422,129058,2024-10-17,2024-10-17 06:00:00,0,0,422
"CARLS1_2_CARCT1",2024-10-17 17:00:00,2024-10-17 23:00:00,422,129058,2024-10-18,2024-10-18 06:00:00,0,0,422
"CARLS1_2_CARCT1",2024-10-18 17:00:00,2024-10-18 23:00:00,422,129058,2024-10-19,2024-10-19 06:00:00,0,0,422
"CARLS1_2_CARCT1",2024-10-19 17:00:00,2024-10-19 23:00:00,422,129058,2024-10-20,2024-10-20 06:00:00,0,0,422
"CARLS1_2_CARCT1",2024-10-20 17:00:00,2024-10-20 23:00:00,422,129058,2024-10-21,2024-10-21 06:00:00,0,0,422
"CARLS1_2_CARCT1",2024-10-21 17:00:00,2024-10-21 23:00:00,422,129058,2024-10-22,2024-10-22 06:00:00,0,0,422
"CARLS1_2_CARCT1",2024-10-22 17:00:00,2024-10-22 23:00:00,422,129058,2024-10-23,2024-10-23 06:00:00,0,0,422
"CARLS1_2_CARCT1",2024-10-23 17:00:00,2024-10-23 23:00:00,422,129058,2024-10-24,2024-10-24 06:00:00,0,0,422
"CARLS1_2_CARCT1",2024-10-24 17:00:00,2024-10-24 23:00:00,422,129058,2024-10-25,2024-10-25 06:00:00,0,0,422
"CARLS1_2_CARCT1",2024-10-25 17:00:00,2024-10-25 23:00:00,422,129058,2024-10-26,2024-10-26 06:00:00,0,0,422
"CARLS1_2_CARCT1",2024-10-26 17:00:00,2024-10-26 23:00:00,422,129058,2024-10-27,2024-10-27 06:00:00,0,0,422
"CARLS1_2_CARCT1",2024-10-27 17:00:00,2024-10-27 23:00:00,422,129058,2024-10-28,2024-10-28 06:00:00,0,0,422
"CARLS1_2_CARCT1",2024-10-28 17:00:00,2024-10-28 23:00:00,422,129058,2024-10-29,2024-10-29 06:00:00,0,0,422
"CARLS1_2_CARCT1",2024-10-29 17:00:00,2024-10-29 23:00:00,422,129058,2024-10-30,2024-10-30 06:00:00,0,0,422
"CARLS1_2_CARCT1",2024-10-30 17:00:00,2024-10-30 23:00:00,422,129058,2024-10-31,2024-10-31 06:00:00,0,0,422
"CARLS1_2_CARCT1",2024-10-31 17:00:00,2024-10-31 23:00:00,422,129058,2024-11-01,2024-11-01 06:00:00,0,0,422
"CARLS1_2_CARCT1",2024-11-01 17:00:00,2024-11-01 23:00:00,422,129058,2024-11-02,2024-11-02 06:00:00,0,0,422
"CARLS1_2_CARCT1",2024-11-02 17:00:00,2024-11-02 23:00:00,422,129058,2024-11-03,2024-11-04 06:00:00,0,1440,422
"CARLS1_2_CARCT1",2024-11-04 16:00:00,2024-11-04 22:00:00,422,129058,2024-11-05,2024-11-05 06:00:00,0,0,422
"CARLS1_2_CARCT1",2024-11-05 16:00:00,2024-11-05 22:00:00,422,129058,2024-11-06,2024-11-06 06:00:00,0,0,422
"CARLS1_2_CARCT1",2024-11-06 16:00:00,2024-11-06 22:00:00,422,129058,2024-11-07,2024-11-07 06:00:00,0,0,422
"CARLS1_2_CARCT1",2024-11-07 16:00:00,2024-11-07 22:00:00,422,129058,2024-11-08,2024-11-08 06:00:00,0,0,422
"CARLS1_2_CARCT1",2024-11-08 16:00:00,2024-11-08 22:00:00,422,129058,2024-11-09,2024-11-09 06:00:00,0,0,422
"CARLS1_2_CARCT1",2024-11-09 16:00:00,2024-11-09 22:00:00,422,129058,2024-11-10,2024-11-10 06:00:00,0,0,422
"CARLS1_2_CARCT1",2024-11-10 16:00:00,2024-11-10 21:00:00,422,129058,2024-11-11,2024-11-11 06:00:00,0,60,422
"CARLS1_2_CARCT1",2024-11-11 16:00:00,2024-11-11 21:00:00,422,129058,2024-11-12,2024-11-12 06:00:00,0,60,422
"CARLS1_2_CARCT1",2024-11-12 16:00:00,2024-11-12 21:00:00,422,129058,2024-11-13,2024-11-13 06:00:00,0,60,422
"CARLS1_2_CARCT1",2024-11-13 16:00:00,2024-11-13 21:00:00,422,129058,2024-11-14,2024-11-14 06:00:00,0,60,422
"CARLS1_2_CARCT1",2024-11-14 16:00:00,2024-11-14 22:00:00,422,129058,2024-11-15,2024-11-15 06:00:00,0,0,422
"CARLS1_2_CARCT1",2024-11-15 16:00:00,2024-11-15 22:00:00,422,129058,2024-11-16,2024-11-16 06:00:00,0,0,422
"CARLS1_2_CARCT1",2024-11-16 16:00:00,2024-11-16 22:00:00,422,129058,2024-11-17,2024-11-17 06:00:00,0,0,422
"CARLS1_2_CARCT1",2024-11-17 16:00:00,2024-11-17 22:00:00,422,129058,2024-11-18,2024-11-18 06:00:00,0,0,422
"CARLS1_2_CARCT1",2024-11-19 16:00:00,2024-11-19 22:00:00,422,129058,2024-11-20,2024-11-20 06:00:00,0,0,422
"CARLS1_2_CARCT1",2024-11-20 16:00:00,2024-11-20 22:00:00,422,129058,2024-11-21,2024-11-21 06:00:00,0,0,422
"CARLS1_2_CARCT1",2024-11-21 16:00:00,2024-11-21 22:00:00,422,129058,2024-11-22,2024-11-22 06:00:00,0,0,422
"CARLS1_2_CARCT1",2024-11-22 16:00:00,2024-11-22 22:00:00,422,129058,2024-11-23,2024-11-23 06:00:00,0,0,422
"CARLS1_2_CARCT1",2024-11-23 16:00:00,2024-11-23 22:00:00,422,129058,2024-11-24,2024-11-24 06:00:00,0,0,422
"CARLS1_2_CARCT1",2024-11-24 16:00:00,2024-11-24 22:00:00,422,129058,2024-11-25,2024-11-25 06:00:00,0,0,422
"CARLS1_2_CARCT1",2024-11-25 16:00:00,2024-11-25 22:00:00,422,129058,2024-11-26,2024-11-26 06:00:00,0,0,422
"CARLS1_2_CARCT1",2024-11-26 16:00:00,2024-11-26 22:00:00,422,129058,2024-11-27,2024-11-27 06:00:00,0,0,422
"CARLS1_2_CARCT1",2024-11-27 16:00:00,2024-11-27 22:00:00,422,129058,2024-11-28,2024-11-28 06:00:00,0,0,422
"CARLS1_2_CARCT1",2024-11-28 16:00:00,2024-11-28 22:00:00,422,129058,2024-11-29,2024-11-29 06:00:00,0,0,422
"CARLS1_2_CARCT1",2024-11-29 16:00:00,2024-11-29 22:00:00,422,129058,2024-11-30,2024-11-30 06:00:00,0,0,422
"CARLS1_2_CARCT1",2024-11-30 16:00:00,2024-11-30 22:00:00,422,129058,2024-12-01,2024-12-01 06:00:00,0,0,422
"CARLS1_2_CARCT1",2024-12-01 16:00:00,2024-12-01 22:00:00,422,129058,2024-12-02,2024-12-02 06:00:00,0,0,422
"CARLS1_2_CARCT1",2024-12-02 16:00:00,2024-12-02 22:00:00,422,129058,2024-12-03,2024-12-03 06:00:00,0,0,422
"CARLS1_2_CARCT1",2024-12-03 16:00:00,2024-12-03 22:00:00,422,129058,2024-12-04,2024-12-04 06:00:00,0,0,422
"CARLS1_2_CARCT1",2024-12-04 16:00:00,2024-12-04 22:00:00,422,129058,2024-12-05,2024-12-05 06:00:00,0,0,422
"CARLS1_2_CARCT1",2024-12-05 16:00:00,2024-12-05 22:00:00,422,129058,2024-12-06,2024-12-06 06:00:00,0,0,422
"CARLS1_2_CARCT1",2024-12-06 16:00:00,2024-12-06 22:00:00,422,129058,2024-12-07,2024-12-07 06:00:00,0,0,422
"CARLS1_2_CARCT1",2024-12-07 16:00:00,2024-12-07 22:00:00,422,129058,2024-12-08,2024-12-08 06:00:00,0,0,422
"CARLS1_2_CARCT1",2024-12-08 16:00:00,2024-12-08 22:00:00,422,129058,2024-12-09,2024-12-09 06:00:00,0,0,422
"CARLS1_2_CARCT1",2024-12-09 16:00:00,2024-12-09 22:00:00,422,129058,2024-12-10,2024-12-10 06:00:00,0,0,422
"CARLS1_2_CARCT1",2024-12-10 16:00:00,2024-12-10 22:00:00,422,129058,2024-12-11,2024-12-11 06:00:00,0,0,422
"CARLS1_2_CARCT1",2024-12-11 16:00:00,2024-12-11 22:00:00,422,129058,2024-12-12,2024-12-12 06:00:00,0,0,422
"CARLS1_2_CARCT1",2024-12-12 16:00:00,2024-12-12 22:00:00,422,129058,2024-12-13,2024-12-13 06:00:00,0,0,422
"CARLS1_2_CARCT1",2024-12-13 16:00:00,2024-12-13 22:00:00,422,129058,2024-12-14,2024-12-14 06:00:00,0,0,422
"CARLS1_2_CARCT1",2024-12-14 16:00:00,2024-12-14 22:00:00,422,129058,2024-12-15,2024-12-15 06:00:00,0,0,422
"CARLS1_2_CARCT1",2024-12-15 16:00:00,2024-12-15 22:00:00,422,129058,2024-12-16,2024-12-16 06:00:00,0,0,422
"CARLS1_2_CARCT1",2024-12-16 16:00:00,2024-12-16 22:00:00,422,129058,2024-12-17,2024-12-17 06:00:00,0,0,422
"CARLS1_2_CARCT1",2024-12-17 16:00:00,2024-12-17 22:00:00,422,129058,2024-12-18,2024-12-18 06:00:00,0,0,422
"CARLS1_2_CARCT1",2024-12-18 16:00:00,2024-12-18 22:00:00,422,129058,2024-12-19,2024-12-19 06:00:00,0,0,422
"CARLS1_2_CARCT1",2024-12-19 16:00:00,2024-12-19 22:00:00,422,129058,2024-12-20,2024-12-20 06:00:00,0,0,422
"CARLS1_2_CARCT1",2024-12-20 16:00:00,2024-12-20 22:00:00,422,129058,2024-12-21,2024-12-21 06:00:00,0,0,422
"CARLS1_2_CARCT1",2024-12-21 16:00:00,2024-12-21 22:00:00,422,129058,2024-12-22,2024-12-22 06:00:00,0,0,422
"CARLS1_2_CARCT1",2024-12-22 16:00:00,2024-12-22 22:00:00,422,129058,2024-12-23,2024-12-23 06:00:00,0,0,422
"CARLS1_2_CARCT1",2024-12-23 16:00:00,2024-12-23 22:00:00,422,129058,2024-12-24,2024-12-24 06:00:00,0,0,422
"CARLS1_2_CARCT1",2024-12-24 16:00:00,2024-12-24 22:00:00,422,129058,2024-12-25,2024-12-25 06:00:00,0,0,422
"CARLS1_2_CARCT1",2024-12-25 16:00:00,2024-12-25 22:00:00,422,129058,2024-12-26,2024-12-26 06:00:00,0,0,422
"CARLS1_2_CARCT1",2024-12-26 16:00:00,2024-12-26 22:00:00,422,129058,2024-12-27,2024-12-27 06:00:00,0,0,422
"CARLS1_2_CARCT1",2024-12-27 16:00:00,2024-12-27 22:00:00,422,129058,2024-12-28,2024-12-28 06:00:00,0,0,422
"CARLS1_2_CARCT1",2024-12-28 16:00:00,2024-12-28 22:00:00,422,129058,2024-12-29,2024-12-29 06:00:00,0,0,422
"CARLS1_2_CARCT1",2024-12-29 16:00:00,2024-12-29 22:00:00,422,129058,2024-12-30,2024-12-30 06:00:00,0,0,422
"CARLS1_2_CARCT1",2024-12-30 16:00:00,2024-12-30 22:00:00,422,129058,2024-12-31,2024-12-31 06:00:00,0,0,422
"CARLS2_1_CARCT1",2023-01-02 16:00:00,2023-01-02 22:00:00,105.5,710016,2023-01-03,2023-01-03 06:00:00,0,0,105.5
"CARLS2_1_CARCT1",2023-01-03 16:00:00,2023-01-03 22:00:00,105.5,710016,2023-01-04,2023-01-04 06:00:00,0,0,105.5
"CARLS2_1_CARCT1",2023-01-04 16:00:00,2023-01-04 22:00:00,105.5,710016,2023-01-05,2023-01-05 06:00:00,0,0,105.5
"CARLS2_1_CARCT1",2023-01-05 16:00:00,2023-01-05 22:00:00,105.5,710016,2023-01-06,2023-01-06 06:00:00,0,0,105.5
"CARLS2_1_CARCT1",2023-01-06 16:00:00,2023-01-06 22:00:00,105.5,710016,2023-01-07,2023-01-07 06:00:00,0,0,105.5
"CARLS2_1_CARCT1",2023-01-07 16:00:00,2023-01-07 22:00:00,105.5,710016,2023-01-08,2023-01-08 06:00:00,0,0,105.5
"CARLS2_1_CARCT1",2023-01-08 16:00:00,2023-01-08 22:00:00,105.5,710016,2023-01-09,2023-01-09 06:00:00,0,0,105.5
"CARLS2_1_CARCT1",2023-01-09 16:00:00,2023-01-09 22:00:00,105.5,710016,2023-01-10,2023-01-10 06:00:00,0,0,105.5
"CARLS2_1_CARCT1",2023-01-10 16:00:00,2023-01-10 22:00:00,105.5,710016,2023-01-11,2023-01-11 06:00:00,0,0,105.5
"CARLS2_1_CARCT1",2023-01-11 16:00:00,2023-01-11 22:00:00,105.5,710016,2023-01-12,2023-01-12 06:00:00,0,0,105.5
"CARLS2_1_CARCT1",2023-01-12 16:00:00,2023-01-12 22:00:00,105.5,710016,2023-01-13,2023-01-13 06:00:00,0,0,105.5
"CARLS2_1_CARCT1",2023-01-13 16:00:00,2023-01-13 22:00:00,105.5,710016,2023-01-14,2023-01-14 06:00:00,0,0,105.5
"CARLS2_1_CARCT1",2023-01-14 16:00:00,2023-01-14 22:00:00,105.5,710016,2023-01-15,2023-01-15 06:00:00,0,0,105.5
"CARLS2_1_CARCT1",2023-01-15 16:00:00,2023-01-15 22:00:00,105.5,710016,2023-01-16,2023-01-16 06:00:00,0,0,105.5
"CARLS2_1_CARCT1",2023-01-16 16:00:00,2023-01-16 22:00:00,105.5,710016,2023-01-17,2023-01-17 06:00:00,0,0,105.5
"CARLS2_1_CARCT1",2023-01-17 16:00:00,2023-01-17 22:00:00,105.5,710016,2023-01-18,2023-01-18 06:00:00,0,0,105.5
"CARLS2_1_CARCT1",2023-01-18 16:00:00,2023-01-18 22:00:00,105.5,710016,2023-01-19,2023-01-19 06:00:00,0,0,105.5
"CARLS2_1_CARCT1",2023-01-19 16:00:00,2023-01-19 22:00:00,105.5,710016,2023-01-20,2023-01-20 06:00:00,0,0,105.5
"CARLS2_1_CARCT1",2023-01-20 16:00:00,2023-01-20 22:00:00,105.5,710016,2023-01-21,2023-01-21 06:00:00,0,0,105.5
"CARLS2_1_CARCT1",2023-01-22 16:00:00,2023-01-22 22:00:00,105.5,710016,2023-01-23,2023-01-23 06:00:00,0,0,105.5
"CARLS2_1_CARCT1",2023-01-23 16:00:00,2023-01-23 22:00:00,105.5,710016,2023-01-24,2023-01-24 06:00:00,0,0,105.5
"CARLS2_1_CARCT1",2023-01-24 16:00:00,2023-01-24 22:00:00,105.5,710016,2023-01-25,2023-01-25 06:00:00,0,0,105.5
"CARLS2_1_CARCT1",2023-01-25 16:00:00,2023-01-25 22:00:00,105.5,710016,2023-01-26,2023-01-26 06:00:00,0,0,105.5
"CARLS2_1_CARCT1",2023-01-26 16:00:00,2023-01-26 22:00:00,105.5,710016,2023-01-27,2023-01-27 06:00:00,0,0,105.5
"CARLS2_1_CARCT1",2023-01-27 16:00:00,2023-01-27 22:00:00,105.5,710016,2023-01-28,2023-01-28 06:00:00,0,0,105.5
"CARLS2_1_CARCT1",2023-01-28 16:00:00,2023-01-28 22:00:00,105.5,710016,2023-01-29,2023-01-29 06:00:00,0,0,105.5
"CARLS2_1_CARCT1",2023-01-29 16:00:00,2023-01-29 22:00:00,105.5,710016,2023-01-30,2023-01-30 06:00:00,0,0,105.5
"CARLS2_1_CARCT1",2023-01-30 16:00:00,2023-01-30 22:00:00,105.5,710016,2023-01-31,2023-01-31 06:00:00,0,0,105.5
"CARLS2_1_CARCT1",2023-01-31 16:00:00,2023-01-31 22:00:00,105.5,710016,2023-02-01,2023-02-01 06:00:00,0,0,105.5
"CARLS2_1_CARCT1",2023-02-01 16:00:00,2023-02-01 22:00:00,105.5,710016,2023-02-02,2023-02-02 06:00:00,0,0,105.5
"CARLS2_1_CARCT1",2023-02-02 16:00:00,2023-02-02 22:00:00,105.5,710016,2023-02-03,2023-02-03 06:00:00,0,0,105.5
"CARLS2_1_CARCT1",2023-02-03 16:00:00,2023-02-03 22:00:00,105.5,710016,2023-02-04,2023-02-04 06:00:00,0,0,105.5
"CARLS2_1_CARCT1",2023-02-04 16:00:00,2023-02-04 22:00:00,105.5,710016,2023-02-05,2023-02-05 06:00:00,0,0,105.5
"CARLS2_1_CARCT1",2023-02-05 16:00:00,2023-02-05 22:00:00,105.5,710016,2023-02-06,2023-02-06 06:00:00,0,0,105.5
"CARLS2_1_CARCT1",2023-02-06 16:00:00,2023-02-06 22:00:00,105.5,710016,2023-02-07,2023-02-07 06:00:00,0,0,105.5
"CARLS2_1_CARCT1",2023-02-07 16:00:00,2023-02-07 22:00:00,105.5,710016,2023-02-08,2023-02-08 06:00:00,0,0,105.5
"CARLS2_1_CARCT1",2023-02-08 16:00:00,2023-02-08 22:00:00,105.5,710016,2023-02-09,2023-02-09 06:00:00,0,0,105.5
"CARLS2_1_CARCT1",2023-02-09 16:00:00,2023-02-09 22:00:00,105.5,710016,2023-02-10,2023-02-10 06:00:00,0,0,105.5
"CARLS2_1_CARCT1",2023-02-10 16:00:00,2023-02-10 22:00:00,105.5,710016,2023-02-11,2023-02-11 06:00:00,0,0,105.5
"CARLS2_1_CARCT1",2023-02-11 16:00:00,2023-02-11 22:00:00,105.5,710016,2023-02-12,2023-02-12 06:00:00,0,0,105.5
"CARLS2_1_CARCT1",2023-02-12 16:00:00,2023-02-12 22:00:00,105.5,710016,2023-02-13,2023-02-13 06:00:00,0,0,105.5
"CARLS2_1_CARCT1",2023-02-13 16:00:00,2023-02-13 22:00:00,105.5,710016,2023-02-14,2023-02-14 06:00:00,0,0,105.5
"CARLS2_1_CARCT1",2023-02-14 16:00:00,2023-02-14 22:00:00,105.5,710016,2023-02-15,2023-02-15 06:00:00,0,0,105.5
"CARLS2_1_CARCT1",2023-02-15 16:00:00,2023-02-15 22:00:00,105.5,710016,2023-02-16,2023-02-16 06:00:00,0,0,105.5
"CARLS2_1_CARCT1",2023-02-16 16:00:00,2023-02-16 22:00:00,105.5,710016,2023-02-17,2023-02-17 06:00:00,0,0,105.5
"CARLS2_1_CARCT1",2023-02-17 16:00:00,2023-02-17 22:00:00,105.5,710016,2023-02-18,2023-02-18 06:00:00,0,0,105.5
"CARLS2_1_CARCT1",2023-02-18 16:00:00,2023-02-18 22:00:00,105.5,710016,2023-02-19,2023-02-19 06:00:00,0,0,105.5
"CARLS2_1_CARCT1",2023-02-19 16:00:00,2023-02-19 22:00:00,105.5,710016,2023-02-20,2023-02-20 06:00:00,0,0,105.5
"CARLS2_1_CARCT1",2023-02-20 16:00:00,2023-02-20 22:00:00,105.5,710016,2023-02-21,2023-02-21 06:00:00,0,0,105.5
"CARLS2_1_CARCT1",2023-02-21 16:00:00,2023-02-21 22:00:00,105.5,710016,2023-02-22,2023-02-22 06:00:00,0,0,105.5
"CARLS2_1_CARCT1",2023-02-22 16:00:00,2023-02-22 22:00:00,105.5,710016,2023-02-23,2023-02-23 06:00:00,0,0,105.5
"CARLS2_1_CARCT1",2023-02-23 16:00:00,2023-02-23 22:00:00,105.5,710016,2023-02-24,2023-02-24 06:00:00,0,0,105.5
"CARLS2_1_CARCT1",2023-02-24 16:00:00,2023-02-24 22:00:00,105.5,710016,2023-02-25,2023-02-25 06:00:00,0,0,105.5
"CARLS2_1_CARCT1",2023-02-25 16:00:00,2023-02-25 22:00:00,105.5,710016,2023-02-26,2023-02-26 06:00:00,0,0,105.5
"CARLS2_1_CARCT1",2023-03-05 16:00:00,2023-03-05 22:00:00,105.5,710016,2023-03-06,2023-03-06 06:00:00,0,0,105.5
"CARLS2_1_CARCT1",2023-03-06 16:00:00,2023-03-06 22:00:00,105.5,710016,2023-03-07,2023-03-07 06:00:00,0,0,105.5
"CARLS2_1_CARCT1",2023-03-07 16:00:00,2023-03-07 22:00:00,105.5,710016,2023-03-08,2023-03-08 06:00:00,0,0,105.5
"CARLS2_1_CARCT1",2023-03-08 16:00:00,2023-03-08 22:00:00,105.5,710016,2023-03-09,2023-03-09 06:00:00,0,0,105.5
"CARLS2_1_CARCT1",2023-03-09 16:00:00,2023-03-09 22:00:00,105.5,710016,2023-03-10,2023-03-10 06:00:00,0,0,105.5
"CARLS2_1_CARCT1",2023-03-10 16:00:00,2023-03-10 22:00:00,105.5,710016,2023-03-11,2023-03-11 06:00:00,0,0,105.5
"CARLS2_1_CARCT1",2023-03-11 16:00:00,2023-03-11 22:00:00,105.5,710016,2023-03-12,2023-03-12 06:00:00,0,0,105.5
"CARLS2_1_CARCT1",2023-03-12 17:00:00,2023-03-12 23:00:00,105.5,710016,2023-03-13,2023-03-13 06:00:00,0,0,105.5
"CARLS2_1_CARCT1",2023-03-13 17:00:00,2023-03-13 23:00:00,105.5,710016,2023-03-14,2023-03-14 06:00:00,0,0,105.5
"CARLS2_1_CARCT1",2023-03-14 17:00:00,2023-03-14 23:00:00,105.5,710016,2023-03-15,2023-03-15 06:00:00,0,0,105.5
"CARLS2_1_CARCT1",2023-03-15 17:00:00,2023-03-15 23:00:00,105.5,710016,2023-03-16,2023-03-16 06:00:00,0,0,105.5
"CARLS2_1_CARCT1",2023-03-16 17:00:00,2023-03-16 23:00:00,105.5,710016,2023-03-17,2023-03-17 06:00:00,0,0,105.5
"CARLS2_1_CARCT1",2023-03-17 17:00:00,2023-03-17 23:00:00,105.5,710016,2023-03-18,2023-03-18 06:00:00,0,0,105.5
"CARLS2_1_CARCT1",2023-03-18 17:00:00,2023-03-18 23:00:00,105.5,710016,2023-03-19,2023-03-19 06:00:00,0,0,105.5
"CARLS2_1_CARCT1",2023-03-19 17:00:00,2023-03-19 23:00:00,105.5,710016,2023-03-20,2023-03-20 06:00:00,0,0,105.5
"CARLS2_1_CARCT1",2023-03-20 17:00:00,2023-03-20 23:00:00,105.5,710016,2023-03-21,2023-03-21 06:00:00,0,0,105.5
"CARLS2_1_CARCT1",2023-03-21 17:00:00,2023-03-21 23:00:00,105.5,710016,2023-03-22,2023-03-22 06:00:00,0,0,105.5
"CARLS2_1_CARCT1",2023-03-22 17:00:00,2023-03-22 23:00:00,105.5,710016,2023-03-23,2023-03-23 06:00:00,0,0,105.5
"CARLS2_1_CARCT1",2023-03-23 17:00:00,2023-03-23 23:00:00,105.5,710016,2023-03-24,2023-03-24 06:00:00,0,0,105.5
"CARLS2_1_CARCT1",2023-03-24 17:00:00,2023-03-24 23:00:00,105.5,710016,2023-03-25,2023-03-25 06:00:00,0,0,105.5
"CARLS2_1_CARCT1",2023-03-25 17:00:00,2023-03-25 23:00:00,105.5,710016,2023-03-26,2023-03-26 06:00:00,0,0,105.5
"CARLS2_1_CARCT1",2023-03-26 17:00:00,2023-03-26 23:00:00,105.5,710016,2023-03-27,2023-03-27 06:00:00,0,0,105.5
"CARLS2_1_CARCT1",2023-03-27 17:00:00,2023-03-27 23:00:00,105.5,710016,2023-03-28,2023-03-28 06:00:00,0,0,105.5
"CARLS2_1_CARCT1",2023-03-28 17:00:00,2023-03-28 23:00:00,105.5,710016,2023-03-29,2023-03-29 06:00:00,0,0,105.5
"CARLS2_1_CARCT1",2023-03-29 17:00:00,2023-03-29 23:00:00,105.5,710016,2023-03-30,2023-03-30 06:00:00,0,0,105.5
"CARLS2_1_CARCT1",2023-03-30 17:00:00,2023-03-30 23:00:00,105.5,710016,2023-03-31,2023-03-31 06:00:00,0,0,105.5
"CARLS2_1_CARCT1",2023-03-31 17:00:00,2023-03-31 23:00:00,105.5,710016,2023-04-01,2023-04-01 06:00:00,0,0,105.5
"CARLS2_1_CARCT1",2023-04-01 17:00:00,2023-04-01 23:00:00,105.5,710016,2023-04-02,2023-04-02 06:00:00,0,0,105.5
"CARLS2_1_CARCT1",2023-04-02 17:00:00,2023-04-02 23:00:00,105.5,710016,2023-04-03,2023-04-03 06:00:00,0,0,105.5
"CARLS2_1_CARCT1",2023-04-03 17:00:00,2023-04-03 23:00:00,105.5,710016,2023-04-04,2023-04-04 06:00:00,0,0,105.5
"CARLS2_1_CARCT1",2023-04-04 17:00:00,2023-04-04 23:00:00,105.5,710016,2023-04-05,2023-04-05 06:00:00,0,0,105.5
"CARLS2_1_CARCT1",2023-04-05 17:00:00,2023-04-05 23:00:00,105.5,710016,2023-04-06,2023-04-06 06:00:00,0,0,105.5
"CARLS2_1_CARCT1",2023-04-06 17:00:00,2023-04-06 23:00:00,105.5,710016,2023-04-07,2023-04-07 06:00:00,0,0,105.5
"CARLS2_1_CARCT1",2023-04-07 17:00:00,2023-04-07 23:00:00,105.5,710016,2023-04-08,2023-04-08 06:00:00,0,0,105.5
"CARLS2_1_CARCT1",2023-04-08 17:00:00,2023-04-08 23:00:00,105.5,710016,2023-04-09,2023-04-09 06:00:00,0,0,105.5
"CARLS2_1_CARCT1",2023-04-09 17:00:00,2023-04-09 23:00:00,105.5,710016,2023-04-10,2023-04-10 06:00:00,0,0,105.5
"CARLS2_1_CARCT1",2023-04-10 17:00:00,2023-04-10 23:00:00,105.5,710016,2023-04-11,2023-04-11 06:00:00,0,0,105.5
"CARLS2_1_CARCT1",2023-04-11 17:00:00,2023-04-11 23:00:00,105.5,710016,2023-04-12,2023-04-12 06:00:00,0,0,105.5
"CARLS2_1_CARCT1",2023-04-12 17:00:00,2023-04-12 23:00:00,105.5,710016,2023-04-13,2023-04-13 06:00:00,0,0,105.5
"CARLS2_1_CARCT1",2023-04-13 17:00:00,2023-04-13 23:00:00,105.5,710016,2023-04-14,2023-04-14 06:00:00,0,0,105.5
"CARLS2_1_CARCT1",2023-04-14 17:00:00,2023-04-14 23:00:00,105.5,710016,2023-04-15,2023-04-15 06:00:00,0,0,105.5
"CARLS2_1_CARCT1",2023-04-15 17:00:00,2023-04-15 23:00:00,105.5,710016,2023-04-16,2023-04-16 06:00:00,0,0,105.5
"CARLS2_1_CARCT1",2023-04-16 17:00:00,2023-04-16 23:00:00,105.5,710016,2023-04-17,2023-04-17 06:00:00,0,0,105.5
"CARLS2_1_CARCT1",2023-04-17 17:00:00,2023-04-17 23:00:00,105.5,710016,2023-04-18,2023-04-18 06:00:00,0,0,105.5
"CARLS2_1_CARCT1",2023-04-18 17:00:00,2023-04-18 23:00:00,105.5,710016,2023-04-19,2023-04-19 06:00:00,0,0,105.5
"CARLS2_1_CARCT1",2023-04-19 17:00:00,2023-04-19 23:00:00,105.5,710016,2023-04-20,2023-04-20 06:00:00,0,0,105.5
"CARLS2_1_CARCT1",2023-04-20 17:00:00,2023-04-20 23:00:00,105.5,710016,2023-04-21,2023-04-21 06:00:00,0,0,105.5
"CARLS2_1_CARCT1",2023-04-21 17:00:00,2023-04-21 23:00:00,105.5,710016,2023-04-22,2023-04-22 06:00:00,0,0,105.5
"CARLS2_1_CARCT1",2023-04-22 17:00:00,2023-04-22 23:00:00,105.5,710016,2023-04-23,2023-04-23 06:00:00,0,0,105.5
"CARLS2_1_CARCT1",2023-04-23 17:00:00,2023-04-23 23:00:00,105.5,710016,2023-04-24,2023-04-24 06:00:00,0,0,105.5
"CARLS2_1_CARCT1",2023-04-24 17:00:00,2023-04-24 23:00:00,105.5,710016,2023-04-25,2023-04-25 06:00:00,0,0,105.5
"CARLS2_1_CARCT1",2023-04-25 17:00:00,2023-04-25 23:00:00,105.5,710016,2023-04-26,2023-04-26 06:00:00,0,0,105.5
"CARLS2_1_CARCT1",2023-04-26 17:00:00,2023-04-26 23:00:00,105.5,710016,2023-04-27,2023-04-27 06:00:00,0,0,105.5
"CARLS2_1_CARCT1",2023-04-27 17:00:00,2023-04-27 23:00:00,105.5,710016,2023-04-28,2023-04-28 06:00:00,0,0,105.5
"CARLS2_1_CARCT1",2023-04-28 17:00:00,2023-04-28 23:00:00,105.5,710016,2023-04-29,2023-04-29 06:00:00,0,0,105.5
"CARLS2_1_CARCT1",2023-04-29 17:00:00,2023-04-29 23:00:00,105.5,710016,2023-04-30,2023-04-30 06:00:00,0,0,105.5
"CARLS2_1_CARCT1",2023-04-30 17:00:00,2023-04-30 23:00:00,105.5,710016,2023-05-01,2023-05-01 06:00:00,0,0,105.5
"CARLS2_1_CARCT1",2023-05-01 17:00:00,2023-05-01 23:00:00,105.5,710016,2023-05-02,2023-05-02 06:00:00,0,0,105.5
"CARLS2_1_CARCT1",2023-05-02 17:00:00,2023-05-02 23:00:00,105.5,710016,2023-05-03,2023-05-03 06:00:00,0,0,105.5
"CARLS2_1_CARCT1",2023-05-03 17:00:00,2023-05-03 23:00:00,105.5,710016,2023-05-04,2023-05-04 06:00:00,0,0,105.5
"CARLS2_1_CARCT1",2023-05-04 17:00:00,2023-05-04 23:00:00,105.5,710016,2023-05-05,2023-05-05 06:00:00,0,0,105.5
"CARLS2_1_CARCT1",2023-05-05 17:00:00,2023-05-05 23:00:00,105.5,710016,2023-05-06,2023-05-06 06:00:00,0,0,105.5
"CARLS2_1_CARCT1",2023-05-12 17:00:00,2023-05-12 23:00:00,105.5,710016,2023-05-13,2023-05-13 06:00:00,0,0,105.5
"CARLS2_1_CARCT1",2023-05-13 17:00:00,2023-05-13 23:00:00,105.5,710016,2023-05-14,2023-05-14 06:00:00,0,0,105.5
"CARLS2_1_CARCT1",2023-05-14 17:00:00,2023-05-14 23:00:00,105.5,710016,2023-05-15,2023-05-15 06:00:00,0,0,105.5
"CARLS2_1_CARCT1",2023-05-15 17:00:00,2023-05-15 23:00:00,105.5,710016,2023-05-16,2023-05-16 06:00:00,0,0,105.5
"CARLS2_1_CARCT1",2023-05-16 17:00:00,2023-05-16 23:00:00,105.5,710016,2023-05-17,2023-05-17 06:00:00,0,0,105.5
"CARLS2_1_CARCT1",2023-05-17 17:00:00,2023-05-17 23:00:00,105.5,710016,2023-05-18,2023-05-18 06:00:00,0,0,105.5
"CARLS2_1_CARCT1",2023-05-18 17:00:00,2023-05-18 23:00:00,105.5,710016,2023-05-19,2023-05-19 06:00:00,0,0,105.5
"CARLS2_1_CARCT1",2023-05-19 17:00:00,2023-05-19 23:00:00,105.5,710016,2023-05-20,2023-05-20 06:00:00,0,0,105.5
"CARLS2_1_CARCT1",2023-05-20 17:00:00,2023-05-20 23:00:00,105.5,710016,2023-05-21,2023-05-21 06:00:00,0,0,105.5
"CARLS2_1_CARCT1",2023-05-21 17:00:00,2023-05-21 23:00:00,105.5,710016,2023-05-22,2023-05-22 06:00:00,0,0,105.5
"CARLS2_1_CARCT1",2023-05-22 17:00:00,2023-05-22 23:00:00,105.5,710016,2023-05-23,2023-05-23 06:00:00,0,0,105.5
"CARLS2_1_CARCT1",2023-05-23 17:00:00,2023-05-23 23:00:00,105.5,710016,2023-05-24,2023-05-24 06:00:00,0,0,105.5
"CARLS2_1_CARCT1",2023-05-24 17:00:00,2023-05-24 23:00:00,105.5,710016,2023-05-25,2023-05-25 06:00:00,0,0,105.5
"CARLS2_1_CARCT1",2023-05-25 17:00:00,2023-05-25 23:00:00,105.5,710016,2023-05-26,2023-05-26 06:00:00,0,0,105.5
"CARLS2_1_CARCT1",2023-05-26 17:00:00,2023-05-26 23:00:00,105.5,710016,2023-05-27,2023-05-27 06:00:00,0,0,105.5
"CARLS2_1_CARCT1",2023-05-27 17:00:00,2023-05-27 23:00:00,105.5,710016,2023-05-28,2023-05-28 06:00:00,0,0,105.5
"CARLS2_1_CARCT1",2023-05-28 17:00:00,2023-05-28 23:00:00,105.5,710016,2023-05-29,2023-05-29 06:00:00,0,0,105.5
"CARLS2_1_CARCT1",2023-05-29 17:00:00,2023-05-29 23:00:00,105.5,710016,2023-05-30,2023-05-30 06:00:00,0,0,105.5
"CARLS2_1_CARCT1",2023-05-30 17:00:00,2023-05-30 23:00:00,105.5,710016,2023-05-31,2023-05-31 06:00:00,0,0,105.5
"CARLS2_1_CARCT1",2023-05-31 17:00:00,2023-05-31 23:00:00,105.5,710016,2023-06-01,2023-06-01 06:00:00,0,0,105.5
"CARLS2_1_CARCT1",2023-06-01 17:00:00,2023-06-01 23:00:00,105.5,710016,2023-06-02,2023-06-02 06:00:00,0,0,105.5
"CARLS2_1_CARCT1",2023-06-02 17:00:00,2023-06-02 23:00:00,105.5,710016,2023-06-03,2023-06-03 06:00:00,0,0,105.5
"CARLS2_1_CARCT1",2023-06-03 17:00:00,2023-06-03 23:00:00,105.5,710016,2023-06-04,2023-06-04 06:00:00,0,0,105.5
"CARLS2_1_CARCT1",2023-06-04 17:00:00,2023-06-04 23:00:00,105.5,710016,2023-06-05,2023-06-05 06:00:00,0,0,105.5
"CARLS2_1_CARCT1",2023-06-05 17:00:00,2023-06-05 23:00:00,105.5,710016,2023-06-06,2023-06-06 06:00:00,0,0,105.5
"CARLS2_1_CARCT1",2023-06-06 17:00:00,2023-06-06 23:00:00,105.5,710016,2023-06-07,2023-06-07 06:00:00,0,0,105.5
"CARLS2_1_CARCT1",2023-06-07 17:00:00,2023-06-07 23:00:00,105.5,710016,2023-06-08,2023-06-08 06:00:00,0,0,105.5
"CARLS2_1_CARCT1",2023-06-08 17:00:00,2023-06-08 23:00:00,105.5,710016,2023-06-09,2023-06-09 06:00:00,0,0,105.5
"CARLS2_1_CARCT1",2023-06-09 17:00:00,2023-06-09 23:00:00,105.5,710016,2023-06-10,2023-06-10 06:00:00,0,0,105.5
"CARLS2_1_CARCT1",2023-06-10 17:00:00,2023-06-10 23:00:00,105.5,710016,2023-06-11,2023-06-11 06:00:00,0,0,105.5
"CARLS2_1_CARCT1",2023-06-11 17:00:00,2023-06-11 23:00:00,105.5,710016,2023-06-12,2023-06-12 06:00:00,0,0,105.5
"CARLS2_1_CARCT1",2023-06-12 17:00:00,2023-06-12 23:00:00,105.5,710016,2023-06-13,2023-06-13 06:00:00,0,0,105.5
"CARLS2_1_CARCT1",2023-06-13 17:00:00,2023-06-13 23:00:00,105.5,710016,2023-06-14,2023-06-14 06:00:00,0,0,105.5
"CARLS2_1_CARCT1",2023-06-14 17:00:00,2023-06-14 23:00:00,105.5,710016,2023-06-15,2023-06-15 06:00:00,0,0,105.5
"CARLS2_1_CARCT1",2023-06-15 17:00:00,2023-06-15 23:00:00,105.5,710016,2023-06-16,2023-06-16 06:00:00,0,0,105.5
"CARLS2_1_CARCT1",2023-06-16 17:00:00,2023-06-16 23:00:00,105.5,710016,2023-06-17,2023-06-17 06:00:00,0,0,105.5
"CARLS2_1_CARCT1",2023-06-17 17:00:00,2023-06-17 23:00:00,105.5,710016,2023-06-18,2023-06-18 06:00:00,0,0,105.5
"CARLS2_1_CARCT1",2023-06-18 17:00:00,2023-06-18 23:00:00,105.5,710016,2023-06-19,2023-06-19 06:00:00,0,0,105.5
"CARLS2_1_CARCT1",2023-06-19 17:00:00,2023-06-19 23:00:00,105.5,710016,2023-06-20,2023-06-20 06:00:00,0,0,105.5
"CARLS2_1_CARCT1",2023-06-20 17:00:00,2023-06-20 23:00:00,105.5,710016,2023-06-21,2023-06-21 06:00:00,0,0,105.5
"CARLS2_1_CARCT1",2023-06-21 17:00:00,2023-06-21 23:00:00,105.5,710016,2023-06-22,2023-06-22 06:00:00,0,0,105.5
"CARLS2_1_CARCT1",2023-06-22 17:00:00,2023-06-22 23:00:00,105.5,710016,2023-06-23,2023-06-23 06:00:00,0,0,105.5
"CARLS2_1_CARCT1",2023-06-23 17:00:00,2023-06-23 23:00:00,105.5,710016,2023-06-24,2023-06-24 06:00:00,0,0,105.5
"CARLS2_1_CARCT1",2023-06-24 17:00:00,2023-06-24 23:00:00,105.5,710016,2023-06-25,2023-06-25 06:00:00,0,0,105.5
"CARLS2_1_CARCT1",2023-06-25 17:00:00,2023-06-25 23:00:00,105.5,710016,2023-06-26,2023-06-26 06:00:00,0,0,105.5
"CARLS2_1_CARCT1",2023-06-26 17:00:00,2023-06-26 23:00:00,105.5,710016,2023-06-27,2023-06-27 06:00:00,0,0,105.5
"CARLS2_1_CARCT1",2023-06-27 17:00:00,2023-06-27 23:00:00,105.5,710016,2023-06-28,2023-06-28 06:00:00,0,0,105.5
"CARLS2_1_CARCT1",2023-06-28 17:00:00,2023-06-28 23:00:00,105.5,710016,2023-06-29,2023-06-29 06:00:00,0,0,105.5
"CARLS2_1_CARCT1",2023-06-29 17:00:00,2023-06-29 23:00:00,105.5,710016,2023-06-30,2023-06-30 06:00:00,0,0,105.5
"CARLS2_1_CARCT1",2023-06-30 17:00:00,2023-06-30 23:00:00,105.5,710016,2023-07-01,2023-07-01 06:00:00,0,0,105.5
"CARLS2_1_CARCT1",2023-07-01 17:00:00,2023-07-01 23:00:00,105.5,710016,2023-07-02,2023-07-02 06:00:00,0,0,105.5
"CARLS2_1_CARCT1",2023-07-02 17:00:00,2023-07-02 23:00:00,105.5,710016,2023-07-03,2023-07-03 06:00:00,0,0,105.5
"CARLS2_1_CARCT1",2023-07-03 17:00:00,2023-07-03 23:00:00,105.5,710016,2023-07-04,2023-07-04 06:00:00,0,0,105.5
"CARLS2_1_CARCT1",2023-07-04 17:00:00,2023-07-04 23:00:00,105.5,710016,2023-07-05,2023-07-05 06:00:00,0,0,105.5
"CARLS2_1_CARCT1",2023-07-05 17:00:00,2023-07-05 23:00:00,105.5,710016,2023-07-06,2023-07-06 06:00:00,0,0,105.5
"CARLS2_1_CARCT1",2023-07-06 17:00:00,2023-07-06 23:00:00,105.5,710016,2023-07-07,2023-07-07 06:00:00,0,0,105.5
"CARLS2_1_CARCT1",2023-07-07 17:00:00,2023-07-07 23:00:00,105.5,710016,2023-07-08,2023-07-08 06:00:00,0,0,105.5
"CARLS2_1_CARCT1",2023-07-08 17:00:00,2023-07-08 23:00:00,105.5,710016,2023-07-09,2023-07-09 06:00:00,0,0,105.5
"CARLS2_1_CARCT1",2023-07-09 17:00:00,2023-07-09 23:00:00,105.5,710016,2023-07-10,2023-07-10 06:00:00,0,0,105.5
"CARLS2_1_CARCT1",2023-07-10 17:00:00,2023-07-10 23:00:00,105.5,710016,2023-07-11,2023-07-11 06:00:00,0,0,105.5
"CARLS2_1_CARCT1",2023-07-11 17:00:00,2023-07-11 23:00:00,105.5,710016,2023-07-12,2023-07-12 06:00:00,0,0,105.5
"CARLS2_1_CARCT1",2023-07-12 17:00:00,2023-07-12 23:00:00,105.5,710016,2023-07-13,2023-07-13 06:00:00,0,0,105.5
"CARLS2_1_CARCT1",2023-07-13 17:00:00,2023-07-13 23:00:00,105.5,710016,2023-07-14,2023-07-14 06:00:00,0,0,105.5
"CARLS2_1_CARCT1",2023-07-14 17:00:00,2023-07-14 23:00:00,105.5,710016,2023-07-15,2023-07-15 06:00:00,0,0,105.5
"CARLS2_1_CARCT1",2023-07-15 17:00:00,2023-07-15 23:00:00,105.5,710016,2023-07-16,2023-07-16 06:00:00,0,0,105.5
"CARLS2_1_CARCT1",2023-07-16 17:00:00,2023-07-16 23:00:00,105.5,710016,2023-07-17,2023-07-17 06:00:00,0,0,105.5
"CARLS2_1_CARCT1",2023-07-17 17:00:00,2023-07-17 23:00:00,105.5,710016,2023-07-18,2023-07-18 06:00:00,0,0,105.5
"CARLS2_1_CARCT1",2023-07-18 17:00:00,2023-07-18 23:00:00,105.5,710016,2023-07-19,2023-07-19 06:00:00,0,0,105.5
"CARLS2_1_CARCT1",2023-07-19 17:00:00,2023-07-19 23:00:00,105.5,710016,2023-07-20,2023-07-20 06:00:00,0,0,105.5
"CARLS2_1_CARCT1",2023-07-20 17:00:00,2023-07-20 23:00:00,105.5,710016,2023-07-21,2023-07-21 06:00:00,0,0,105.5
"CARLS2_1_CARCT1",2023-07-21 17:00:00,2023-07-21 23:00:00,105.5,710016,2023-07-22,2023-07-22 06:00:00,0,0,105.5
"CARLS2_1_CARCT1",2023-07-22 17:00:00,2023-07-22 23:00:00,105.5,710016,2023-07-23,2023-07-23 06:00:00,0,0,105.5
"CARLS2_1_CARCT1",2023-07-23 17:00:00,2023-07-23 23:00:00,105.5,710016,2023-07-24,2023-07-24 06:00:00,0,0,105.5
"CARLS2_1_CARCT1",2023-07-24 17:00:00,2023-07-24 23:00:00,105.5,710016,2023-07-25,2023-07-25 06:00:00,0,0,105.5
"CARLS2_1_CARCT1",2023-07-25 17:00:00,2023-07-25 23:00:00,105.5,710016,2023-07-26,2023-07-26 06:00:00,0,0,105.5
"CARLS2_1_CARCT1",2023-07-26 17:00:00,2023-07-26 23:00:00,105.5,710016,2023-07-27,2023-07-27 06:00:00,0,0,105.5
"CARLS2_1_CARCT1",2023-07-27 17:00:00,2023-07-27 23:00:00,105.5,710016,2023-07-28,2023-07-28 06:00:00,0,0,105.5
"CARLS2_1_CARCT1",2023-07-28 17:00:00,2023-07-28 23:00:00,105.5,710016,2023-07-29,2023-07-29 06:00:00,0,0,105.5
"CARLS2_1_CARCT1",2023-07-29 17:00:00,2023-07-29 23:00:00,105.5,710016,2023-07-30,2023-07-30 06:00:00,0,0,105.5
"CARLS2_1_CARCT1",2023-07-30 17:00:00,2023-07-30 23:00:00,105.5,710016,2023-07-31,2023-07-31 06:00:00,0,0,105.5
"CARLS2_1_CARCT1",2023-07-31 17:00:00,2023-07-31 23:00:00,105.5,710016,2023-08-01,2023-08-01 06:00:00,0,0,105.5
"CARLS2_1_CARCT1",2023-08-01 17:00:00,2023-08-01 23:00:00,105.5,710016,2023-08-02,2023-08-02 06:00:00,0,0,105.5
"CARLS2_1_CARCT1",2023-08-02 17:00:00,2023-08-02 23:00:00,105.5,710016,2023-08-03,2023-08-03 06:00:00,0,0,105.5
"CARLS2_1_CARCT1",2023-08-03 17:00:00,2023-08-03 23:00:00,105.5,710016,2023-08-04,2023-08-04 06:00:00,0,0,105.5
"CARLS2_1_CARCT1",2023-08-04 17:00:00,2023-08-04 23:00:00,105.5,710016,2023-08-05,2023-08-05 06:00:00,0,0,105.5
"CARLS2_1_CARCT1",2023-08-05 17:00:00,2023-08-05 23:00:00,105.5,710016,2023-08-06,2023-08-06 06:00:00,0,0,105.5
"CARLS2_1_CARCT1",2023-08-06 17:00:00,2023-08-06 23:00:00,105.5,710016,2023-08-07,2023-08-07 06:00:00,0,0,105.5
"CARLS2_1_CARCT1",2023-08-07 17:00:00,2023-08-07 23:00:00,105.5,710016,2023-08-08,2023-08-08 06:00:00,0,0,105.5
"CARLS2_1_CARCT1",2023-08-08 17:00:00,2023-08-08 23:00:00,105.5,710016,2023-08-09,2023-08-09 06:00:00,0,0,105.5
"CARLS2_1_CARCT1",2023-08-09 17:00:00,2023-08-09 23:00:00,105.5,710016,2023-08-10,2023-08-10 06:00:00,0,0,105.5
"CARLS2_1_CARCT1",2023-08-10 17:00:00,2023-08-10 23:00:00,105.5,710016,2023-08-11,2023-08-11 06:00:00,0,0,105.5
"CARLS2_1_CARCT1",2023-08-11 17:00:00,2023-08-11 23:00:00,105.5,710016,2023-08-12,2023-08-12 06:00:00,0,0,105.5
"CARLS2_1_CARCT1",2023-08-12 17:00:00,2023-08-12 23:00:00,105.5,710016,2023-08-13,2023-08-13 06:00:00,0,0,105.5
"CARLS2_1_CARCT1",2023-08-13 17:00:00,2023-08-13 23:00:00,105.5,710016,2023-08-14,2023-08-14 06:00:00,0,0,105.5
"CARLS2_1_CARCT1",2023-08-14 17:00:00,2023-08-14 23:00:00,105.5,710016,2023-08-15,2023-08-15 06:00:00,0,0,105.5
"CARLS2_1_CARCT1",2023-08-15 17:00:00,2023-08-15 23:00:00,105.5,710016,2023-08-16,2023-08-16 06:00:00,0,0,105.5
"CARLS2_1_CARCT1",2023-08-16 17:00:00,2023-08-16 23:00:00,105.5,710016,2023-08-17,2023-08-17 06:00:00,0,0,105.5
"CARLS2_1_CARCT1",2023-08-17 17:00:00,2023-08-17 23:00:00,105.5,710016,2023-08-18,2023-08-18 06:00:00,0,0,105.5
"CARLS2_1_CARCT1",2023-08-18 17:00:00,2023-08-18 23:00:00,105.5,710016,2023-08-19,2023-08-19 06:00:00,0,0,105.5
"CARLS2_1_CARCT1",2023-08-19 17:00:00,2023-08-19 23:00:00,105.5,710016,2023-08-20,2023-08-20 06:00:00,0,0,105.5
"CARLS2_1_CARCT1",2023-08-20 17:00:00,2023-08-20 23:00:00,105.5,710016,2023-08-21,2023-08-21 06:00:00,0,0,105.5
"CARLS2_1_CARCT1",2023-08-21 17:00:00,2023-08-21 23:00:00,105.5,710016,2023-08-22,2023-08-22 06:00:00,0,0,105.5
"CARLS2_1_CARCT1",2023-08-22 17:00:00,2023-08-22 23:00:00,105.5,710016,2023-08-23,2023-08-23 06:00:00,0,0,105.5
"CARLS2_1_CARCT1",2023-08-23 17:00:00,2023-08-23 23:00:00,105.5,710016,2023-08-24,2023-08-24 06:00:00,0,0,105.5
"CARLS2_1_CARCT1",2023-08-24 17:00:00,2023-08-24 23:00:00,105.5,710016,2023-08-25,2023-08-25 06:00:00,0,0,105.5
"CARLS2_1_CARCT1",2023-08-25 17:00:00,2023-08-25 23:00:00,105.5,710016,2023-08-26,2023-08-26 06:00:00,0,0,105.5
"CARLS2_1_CARCT1",2023-08-26 17:00:00,2023-08-26 23:00:00,105.5,710016,2023-08-27,2023-08-27 06:00:00,0,0,105.5
"CARLS2_1_CARCT1",2023-08-27 17:00:00,2023-08-27 23:00:00,105.5,710016,2023-08-28,2023-08-28 06:00:00,0,0,105.5
"CARLS2_1_CARCT1",2023-08-28 17:00:00,2023-08-28 23:00:00,105.5,710016,2023-08-29,2023-08-29 06:00:00,0,0,105.5
"CARLS2_1_CARCT1",2023-08-29 17:00:00,2023-08-29 23:00:00,105.5,710016,2023-08-30,2023-08-30 06:00:00,0,0,105.5
"CARLS2_1_CARCT1",2023-08-30 17:00:00,2023-08-30 23:00:00,105.5,710016,2023-08-31,2023-08-31 06:00:00,0,0,105.5
"CARLS2_1_CARCT1",2023-08-31 17:00:00,2023-08-31 23:00:00,105.5,710016,2023-09-01,2023-09-01 06:00:00,0,0,105.5
"CARLS2_1_CARCT1",2023-09-01 17:00:00,2023-09-01 23:00:00,105.5,710016,2023-09-02,2023-09-02 06:00:00,0,0,105.5
"CARLS2_1_CARCT1",2023-09-03 17:00:00,2023-09-03 23:00:00,105.5,710016,2023-09-04,2023-09-04 06:00:00,0,0,105.5
"CARLS2_1_CARCT1",2023-09-04 17:00:00,2023-09-04 23:00:00,105.5,710016,2023-09-05,2023-09-05 06:00:00,0,0,105.5
"CARLS2_1_CARCT1",2023-09-05 17:00:00,2023-09-05 23:00:00,105.5,710016,2023-09-06,2023-09-06 06:00:00,0,0,105.5
"CARLS2_1_CARCT1",2023-09-06 17:00:00,2023-09-06 23:00:00,105.5,710016,2023-09-07,2023-09-07 06:00:00,0,0,105.5
"CARLS2_1_CARCT1",2023-09-07 17:00:00,2023-09-07 23:00:00,105.5,710016,2023-09-08,2023-09-08 06:00:00,0,0,105.5
"CARLS2_1_CARCT1",2023-09-08 17:00:00,2023-09-08 23:00:00,105.5,710016,2023-09-09,2023-09-09 06:00:00,0,0,105.5
"CARLS2_1_CARCT1",2023-09-09 17:00:00,2023-09-09 23:00:00,105.5,710016,2023-09-10,2023-09-10 06:00:00,0,0,105.5
"CARLS2_1_CARCT1",2023-09-10 17:00:00,2023-09-10 23:00:00,105.5,710016,2023-09-11,2023-09-11 06:00:00,0,0,105.5
"CARLS2_1_CARCT1",2023-09-11 17:00:00,2023-09-11 23:00:00,105.5,710016,2023-09-12,2023-09-12 06:00:00,0,0,105.5
"CARLS2_1_CARCT1",2023-09-12 17:00:00,2023-09-12 23:00:00,105.5,710016,2023-09-13,2023-09-13 06:00:00,0,0,105.5
"CARLS2_1_CARCT1",2023-09-13 17:00:00,2023-09-13 23:00:00,105.5,710016,2023-09-14,2023-09-14 06:00:00,0,0,105.5
"CARLS2_1_CARCT1",2023-09-14 17:00:00,2023-09-14 23:00:00,105.5,710016,2023-09-15,2023-09-15 06:00:00,0,0,105.5
"CARLS2_1_CARCT1",2023-09-15 17:00:00,2023-09-15 23:00:00,105.5,710016,2023-09-16,2023-09-16 06:00:00,0,0,105.5
"CARLS2_1_CARCT1",2023-09-16 17:00:00,2023-09-16 23:00:00,105.5,710016,2023-09-17,2023-09-17 06:00:00,0,0,105.5
"CARLS2_1_CARCT1",2023-09-17 17:00:00,2023-09-17 23:00:00,105.5,710016,2023-09-18,2023-09-18 06:00:00,0,0,105.5
"CARLS2_1_CARCT1",2023-09-18 17:00:00,2023-09-18 23:00:00,105.5,710016,2023-09-19,2023-09-19 06:00:00,0,0,105.5
"CARLS2_1_CARCT1",2023-09-19 17:00:00,2023-09-19 23:00:00,105.5,710016,2023-09-20,2023-09-20 06:00:00,0,0,105.5
"CARLS2_1_CARCT1",2023-09-20 17:00:00,2023-09-20 23:00:00,105.5,710016,2023-09-21,2023-09-21 06:00:00,0,0,105.5
"CARLS2_1_CARCT1",2023-09-21 17:00:00,2023-09-21 23:00:00,105.5,710016,2023-09-22,2023-09-22 06:00:00,0,0,105.5
"CARLS2_1_CARCT1",2023-09-22 17:00:00,2023-09-22 23:00:00,105.5,710016,2023-09-23,2023-09-23 06:00:00,0,0,105.5
"CARLS2_1_CARCT1",2023-09-23 17:00:00,2023-09-23 23:00:00,105.5,710016,2023-09-24,2023-09-24 06:00:00,0,0,105.5
"CARLS2_1_CARCT1",2023-09-24 17:00:00,2023-09-24 23:00:00,105.5,710016,2023-09-25,2023-09-25 06:00:00,0,0,105.5
"CARLS2_1_CARCT1",2023-09-25 17:00:00,2023-09-25 23:00:00,105.5,710016,2023-09-26,2023-09-26 06:00:00,0,0,105.5
"CARLS2_1_CARCT1",2023-09-26 17:00:00,2023-09-26 23:00:00,105.5,710016,2023-09-27,2023-09-27 06:00:00,0,0,105.5
"CARLS2_1_CARCT1",2023-09-27 17:00:00,2023-09-27 23:00:00,105.5,710016,2023-09-28,2023-09-28 06:00:00,0,0,105.5
"CARLS2_1_CARCT1",2023-09-28 17:00:00,2023-09-28 23:00:00,105.5,710016,2023-09-29,2023-09-29 06:00:00,0,0,105.5
"CARLS2_1_CARCT1",2023-09-29 17:00:00,2023-09-29 23:00:00,105.5,710016,2023-09-30,2023-09-30 06:00:00,0,0,105.5
"CARLS2_1_CARCT1",2023-09-30 17:00:00,2023-09-30 23:00:00,105.5,710016,2023-10-01,2023-10-01 06:00:00,0,0,105.5
"CARLS2_1_CARCT1",2023-10-01 17:00:00,2023-10-01 23:00:00,105.5,710016,2023-10-02,2023-10-02 06:00:00,0,0,105.5
"CARLS2_1_CARCT1",2023-10-02 17:00:00,2023-10-02 23:00:00,105.5,710016,2023-10-03,2023-10-03 06:00:00,0,0,105.5
"CARLS2_1_CARCT1",2023-10-03 17:00:00,2023-10-03 23:00:00,105.5,710016,2023-10-04,2023-10-04 06:00:00,0,0,105.5
"CARLS2_1_CARCT1",2023-10-04 17:00:00,2023-10-04 23:00:00,105.5,710016,2023-10-05,2023-10-05 06:00:00,0,0,105.5
"CARLS2_1_CARCT1",2023-10-05 17:00:00,2023-10-05 23:00:00,105.5,710016,2023-10-06,2023-10-06 06:00:00,0,0,105.5
"CARLS2_1_CARCT1",2023-10-06 17:00:00,2023-10-06 23:00:00,105.5,710016,2023-10-07,2023-10-07 06:00:00,0,0,105.5
"CARLS2_1_CARCT1",2023-10-07 17:00:00,2023-10-07 23:00:00,105.5,710016,2023-10-08,2023-10-08 06:00:00,0,0,105.5
"CARLS2_1_CARCT1",2023-10-08 17:00:00,2023-10-08 23:00:00,105.5,710016,2023-10-09,2023-10-09 06:00:00,0,0,105.5
"CARLS2_1_CARCT1",2023-10-09 17:00:00,2023-10-09 23:00:00,105.5,710016,2023-10-10,2023-10-10 06:00:00,0,0,105.5
"CARLS2_1_CARCT1",2023-10-10 17:00:00,2023-10-10 23:00:00,105.5,710016,2023-10-11,2023-10-11 06:00:00,0,0,105.5
"CARLS2_1_CARCT1",2023-10-11 17:00:00,2023-10-11 23:00:00,105.5,710016,2023-10-12,2023-10-12 06:00:00,0,0,105.5
"CARLS2_1_CARCT1",2023-10-12 17:00:00,2023-10-12 23:00:00,105.5,710016,2023-10-13,2023-10-13 06:00:00,0,0,105.5
"CARLS2_1_CARCT1",2023-10-13 17:00:00,2023-10-13 23:00:00,105.5,710016,2023-10-14,2023-10-14 06:00:00,0,0,105.5
"CARLS2_1_CARCT1",2023-10-14 17:00:00,2023-10-14 23:00:00,105.5,710016,2023-10-15,2023-10-15 06:00:00,0,0,105.5
"CARLS2_1_CARCT1",2023-10-15 17:00:00,2023-10-15 23:00:00,105.5,710016,2023-10-16,2023-10-16 06:00:00,0,0,105.5
"CARLS2_1_CARCT1",2023-10-16 17:00:00,2023-10-16 23:00:00,105.5,710016,2023-10-17,2023-10-17 06:00:00,0,0,105.5
"CARLS2_1_CARCT1",2023-10-17 17:00:00,2023-10-17 23:00:00,105.5,710016,2023-10-18,2023-10-18 06:00:00,0,0,105.5
"CARLS2_1_CARCT1",2023-10-18 17:00:00,2023-10-18 23:00:00,105.5,710016,2023-10-19,2023-10-19 06:00:00,0,0,105.5
"CARLS2_1_CARCT1",2023-10-19 17:00:00,2023-10-19 23:00:00,105.5,710016,2023-10-20,2023-10-20 06:00:00,0,0,105.5
"CARLS2_1_CARCT1",2023-10-20 17:00:00,2023-10-20 23:00:00,105.5,710016,2023-10-21,2023-10-21 06:00:00,0,0,105.5
"CARLS2_1_CARCT1",2023-10-21 17:00:00,2023-10-21 23:00:00,105.5,710016,2023-10-22,2023-10-22 06:00:00,0,0,105.5
"CARLS2_1_CARCT1",2023-10-22 17:00:00,2023-10-22 23:00:00,105.5,710016,2023-10-23,2023-10-23 06:00:00,0,0,105.5
"CARLS2_1_CARCT1",2023-10-23 17:00:00,2023-10-23 23:00:00,105.5,710016,2023-10-24,2023-10-24 06:00:00,0,0,105.5
"CARLS2_1_CARCT1",2023-10-24 17:00:00,2023-10-24 23:00:00,105.5,710016,2023-10-25,2023-10-25 06:00:00,0,0,105.5
"CARLS2_1_CARCT1",2023-10-25 17:00:00,2023-10-25 23:00:00,105.5,710016,2023-10-26,2023-10-26 06:00:00,0,0,105.5
"CARLS2_1_CARCT1",2023-10-26 17:00:00,2023-10-26 23:00:00,105.5,710016,2023-10-27,2023-10-27 06:00:00,0,0,105.5
"CARLS2_1_CARCT1",2023-10-27 17:00:00,2023-10-27 23:00:00,105.5,710016,2023-10-28,2023-10-28 06:00:00,0,0,105.5
"CARLS2_1_CARCT1",2023-10-28 17:00:00,2023-10-28 23:00:00,105.5,710016,2023-10-29,2023-10-29 06:00:00,0,0,105.5
"CARLS2_1_CARCT1",2023-10-29 17:00:00,2023-10-29 23:00:00,105.5,710016,2023-10-30,2023-10-30 06:00:00,0,0,105.5
"CARLS2_1_CARCT1",2023-10-30 17:00:00,2023-10-30 23:00:00,105.5,710016,2023-10-31,2023-10-31 06:00:00,0,0,105.5
"CARLS2_1_CARCT1",2023-10-31 17:00:00,2023-10-31 23:00:00,105.5,710016,2023-11-01,2023-11-01 06:00:00,0,0,105.5
"CARLS2_1_CARCT1",2023-11-02 17:00:00,2023-11-02 23:00:00,105.5,710016,2023-11-03,2023-11-03 06:00:00,0,0,105.5
"CARLS2_1_CARCT1",2023-11-03 17:00:00,2023-11-03 23:00:00,105.5,710016,2023-11-04,2023-11-04 06:00:00,0,0,105.5
"CARLS2_1_CARCT1",2023-11-04 17:00:00,2023-11-04 23:00:00,105.5,710016,2023-11-05,2023-11-06 06:00:00,0,1440,105.5
"CARLS2_1_CARCT1",2023-11-06 16:00:00,2023-11-06 22:00:00,105.5,710016,2023-11-07,2023-11-07 06:00:00,0,0,105.5
"CARLS2_1_CARCT1",2023-11-07 16:00:00,2023-11-07 22:00:00,105.5,710016,2023-11-08,2023-11-08 06:00:00,0,0,105.5
"CARLS2_1_CARCT1",2023-11-08 16:00:00,2023-11-08 22:00:00,105.5,710016,2023-11-09,2023-11-09 06:00:00,0,0,105.5
"CARLS2_1_CARCT1",2023-11-09 16:00:00,2023-11-09 22:00:00,105.5,710016,2023-11-10,2023-11-10 06:00:00,0,0,105.5
"CARLS2_1_CARCT1",2023-11-10 16:00:00,2023-11-10 22:00:00,105.5,710016,2023-11-11,2023-11-11 06:00:00,0,0,105.5
"CARLS2_1_CARCT1",2023-11-11 16:00:00,2023-11-11 22:00:00,105.5,710016,2023-11-12,2023-11-12 06:00:00,0,0,105.5
"CARLS2_1_CARCT1",2023-11-12 16:00:00,2023-11-12 22:00:00,105.5,710016,2023-11-13,2023-11-13 06:00:00,0,0,105.5
"CARLS2_1_CARCT1",2023-11-13 16:00:00,2023-11-13 22:00:00,105.5,710016,2023-11-14,2023-11-14 06:00:00,0,0,105.5
"CARLS2_1_CARCT1",2023-11-14 16:00:00,2023-11-14 22:00:00,105.5,710016,2023-11-15,2023-11-15 06:00:00,0,0,105.5
"CARLS2_1_CARCT1",2023-11-15 16:00:00,2023-11-15 22:00:00,105.5,710016,2023-11-16,2023-11-16 06:00:00,0,0,105.5
"CARLS2_1_CARCT1",2023-11-16 16:00:00,2023-11-16 22:00:00,105.5,710016,2023-11-17,2023-11-17 06:00:00,0,0,105.5
"CARLS2_1_CARCT1",2023-11-17 16:00:00,2023-11-17 22:00:00,105.5,710016,2023-11-18,2023-11-18 06:00:00,0,0,105.5
"CARLS2_1_CARCT1",2023-11-18 16:00:00,2023-11-18 22:00:00,105.5,710016,2023-11-19,2023-11-19 06:00:00,0,0,105.5
"CARLS2_1_CARCT1",2023-11-19 16:00:00,2023-11-19 22:00:00,105.5,710016,2023-11-20,2023-11-20 06:00:00,0,0,105.5
"CARLS2_1_CARCT1",2023-11-20 16:00:00,2023-11-20 22:00:00,105.5,710016,2023-11-21,2023-11-21 06:00:00,0,0,105.5
"CARLS2_1_CARCT1",2023-11-21 16:00:00,2023-11-21 22:00:00,105.5,710016,2023-11-22,2023-11-22 06:00:00,0,0,105.5
"CARLS2_1_CARCT1",2023-11-22 16:00:00,2023-11-22 22:00:00,105.5,710016,2023-11-23,2023-11-23 06:00:00,0,0,105.5
"CARLS2_1_CARCT1",2023-11-23 16:00:00,2023-11-23 22:00:00,105.5,710016,2023-11-24,2023-11-24 06:00:00,0,0,105.5
"CARLS2_1_CARCT1",2023-11-24 16:00:00,2023-11-24 22:00:00,105.5,710016,2023-11-25,2023-11-25 06:00:00,0,0,105.5
"CARLS2_1_CARCT1",2023-11-25 16:00:00,2023-11-25 22:00:00,105.5,710016,2023-11-26,2023-11-26 06:00:00,0,0,105.5
"CARLS2_1_CARCT1",2023-11-26 16:00:00,2023-11-26 22:00:00,105.5,710016,2023-11-27,2023-11-27 06:00:00,0,0,105.5
"CARLS2_1_CARCT1",2023-11-27 16:00:00,2023-11-27 22:00:00,105.5,710016,2023-11-28,2023-11-28 06:00:00,0,0,105.5
"CARLS2_1_CARCT1",2023-11-28 16:00:00,2023-11-28 22:00:00,105.5,710016,2023-11-29,2023-11-29 06:00:00,0,0,105.5
"CARLS2_1_CARCT1",2023-11-29 16:00:00,2023-11-29 22:00:00,105.5,710016,2023-11-30,2023-11-30 06:00:00,0,0,105.5
"CARLS2_1_CARCT1",2023-11-30 16:00:00,2023-11-30 22:00:00,105.5,710016,2023-12-01,2023-12-01 06:00:00,0,0,105.5
"CARLS2_1_CARCT1",2023-12-01 16:00:00,2023-12-01 22:00:00,105.5,710016,2023-12-02,2023-12-02 06:00:00,0,0,105.5
"CARLS2_1_CARCT1",2023-12-02 16:00:00,2023-12-02 22:00:00,105.5,710016,2023-12-03,2023-12-03 06:00:00,0,0,105.5
"CARLS2_1_CARCT1",2023-12-03 16:00:00,2023-12-03 22:00:00,105.5,710016,2023-12-04,2023-12-04 06:00:00,0,0,105.5
"CARLS2_1_CARCT1",2023-12-04 16:00:00,2023-12-04 22:00:00,105.5,710016,2023-12-05,2023-12-05 06:00:00,0,0,105.5
"CARLS2_1_CARCT1",2023-12-05 16:00:00,2023-12-05 22:00:00,105.5,710016,2023-12-06,2023-12-06 06:00:00,0,0,105.5
"CARLS2_1_CARCT1",2023-12-06 16:00:00,2023-12-06 22:00:00,105.5,710016,2023-12-07,2023-12-07 06:00:00,0,0,105.5
"CARLS2_1_CARCT1",2023-12-07 16:00:00,2023-12-07 22:00:00,105.5,710016,2023-12-08,2023-12-08 06:00:00,0,0,105.5
"CARLS2_1_CARCT1",2023-12-08 16:00:00,2023-12-08 22:00:00,105.5,710016,2023-12-09,2023-12-09 06:00:00,0,0,105.5
"CARLS2_1_CARCT1",2023-12-09 16:00:00,2023-12-09 22:00:00,105.5,710016,2023-12-10,2023-12-10 06:00:00,0,0,105.5
"CARLS2_1_CARCT1",2023-12-10 16:00:00,2023-12-10 22:00:00,105.5,710016,2023-12-11,2023-12-11 06:00:00,0,0,105.5
"CARLS2_1_CARCT1",2023-12-11 16:00:00,2023-12-11 22:00:00,105.5,710016,2023-12-12,2023-12-12 06:00:00,0,0,105.5
"CARLS2_1_CARCT1",2023-12-12 16:00:00,2023-12-12 22:00:00,105.5,710016,2023-12-13,2023-12-13 06:00:00,0,0,105.5
"CARLS2_1_CARCT1",2023-12-13 16:00:00,2023-12-13 22:00:00,105.5,710016,2023-12-14,2023-12-14 06:00:00,0,0,105.5
"CARLS2_1_CARCT1",2023-12-14 16:00:00,2023-12-14 22:00:00,105.5,710016,2023-12-15,2023-12-15 06:00:00,0,0,105.5
"CARLS2_1_CARCT1",2023-12-15 16:00:00,2023-12-15 22:00:00,105.5,710016,2023-12-16,2023-12-16 06:00:00,0,0,105.5
"CARLS2_1_CARCT1",2023-12-16 16:00:00,2023-12-16 22:00:00,105.5,710016,2023-12-17,2023-12-17 06:00:00,0,0,105.5
"CARLS2_1_CARCT1",2023-12-17 16:00:00,2023-12-17 22:00:00,105.5,710016,2023-12-18,2023-12-18 06:00:00,0,0,105.5
"CARLS2_1_CARCT1",2023-12-18 16:00:00,2023-12-18 22:00:00,105.5,710016,2023-12-19,2023-12-19 06:00:00,0,0,105.5
"CARLS2_1_CARCT1",2023-12-19 16:00:00,2023-12-19 22:00:00,105.5,710016,2023-12-20,2023-12-20 06:00:00,0,0,105.5
"CARLS2_1_CARCT1",2023-12-20 16:00:00,2023-12-20 22:00:00,105.5,710016,2023-12-21,2023-12-21 06:00:00,0,0,105.5
"CARLS2_1_CARCT1",2023-12-21 16:00:00,2023-12-21 22:00:00,105.5,710016,2023-12-22,2023-12-22 06:00:00,0,0,105.5
"CARLS2_1_CARCT1",2023-12-22 16:00:00,2023-12-22 22:00:00,105.5,710016,2023-12-23,2023-12-23 06:00:00,0,0,105.5
"CARLS2_1_CARCT1",2023-12-23 16:00:00,2023-12-23 22:00:00,105.5,710016,2023-12-24,2023-12-24 06:00:00,0,0,105.5
"CARLS2_1_CARCT1",2023-12-24 16:00:00,2023-12-24 22:00:00,105.5,710016,2023-12-25,2023-12-25 06:00:00,0,0,105.5
"CARLS2_1_CARCT1",2023-12-25 16:00:00,2023-12-25 22:00:00,105.5,710016,2023-12-26,2023-12-26 06:00:00,0,0,105.5
"CARLS2_1_CARCT1",2023-12-26 16:00:00,2023-12-26 22:00:00,105.5,710016,2023-12-27,2023-12-27 06:00:00,0,0,105.5
"CARLS2_1_CARCT1",2023-12-27 16:00:00,2023-12-27 22:00:00,105.5,710016,2023-12-28,2023-12-28 06:00:00,0,0,105.5
"CARLS2_1_CARCT1",2023-12-28 16:00:00,2023-12-28 22:00:00,105.5,710016,2023-12-29,2023-12-29 06:00:00,0,0,105.5
"CARLS2_1_CARCT1",2023-12-29 16:00:00,2023-12-29 22:00:00,105.5,710016,2023-12-30,2023-12-30 06:00:00,0,0,105.5
"CARLS2_1_CARCT1",2023-12-30 16:00:00,2023-12-30 22:00:00,105.5,710016,2023-12-31,2023-12-31 06:00:00,0,0,105.5
"CARLS2_1_CARCT1",2023-12-31 16:00:00,2023-12-31 22:00:00,105.5,710016,2024-01-01,2024-01-01 06:00:00,0,0,105.5
"CARLS2_1_CARCT1",2024-01-01 16:00:00,2024-01-01 22:00:00,105.5,710016,2024-01-02,2024-01-02 06:00:00,0,0,105.5
"CARLS2_1_CARCT1",2024-01-02 16:00:00,2024-01-02 22:00:00,105.5,710016,2024-01-03,2024-01-03 06:00:00,0,0,105.5
"CARLS2_1_CARCT1",2024-01-03 16:00:00,2024-01-03 22:00:00,105.5,710016,2024-01-04,2024-01-04 06:00:00,0,0,105.5
"CARLS2_1_CARCT1",2024-01-04 16:00:00,2024-01-04 22:00:00,105.5,710016,2024-01-05,2024-01-05 06:00:00,0,0,105.5
"CARLS2_1_CARCT1",2024-01-05 16:00:00,2024-01-05 22:00:00,105.5,710016,2024-01-06,2024-01-06 06:00:00,0,0,105.5
"CARLS2_1_CARCT1",2024-01-06 16:00:00,2024-01-06 22:00:00,105.5,710016,2024-01-07,2024-01-07 06:00:00,0,0,105.5
"CARLS2_1_CARCT1",2024-01-07 16:00:00,2024-01-07 22:00:00,105.5,710016,2024-01-08,2024-01-08 06:00:00,0,0,105.5
"CARLS2_1_CARCT1",2024-01-09 16:00:00,2024-01-09 22:00:00,105.5,710016,2024-01-10,2024-01-10 06:00:00,0,0,105.5
"CARLS2_1_CARCT1",2024-01-10 16:00:00,2024-01-10 22:00:00,105.5,710016,2024-01-11,2024-01-11 06:00:00,0,0,105.5
"CARLS2_1_CARCT1",2024-01-11 16:00:00,2024-01-11 22:00:00,105.5,710016,2024-01-12,2024-01-12 06:00:00,0,0,105.5
"CARLS2_1_CARCT1",2024-01-12 16:00:00,2024-01-12 22:00:00,105.5,710016,2024-01-13,2024-01-13 06:00:00,0,0,105.5
"CARLS2_1_CARCT1",2024-01-13 16:00:00,2024-01-13 22:00:00,105.5,710016,2024-01-14,2024-01-14 06:00:00,0,0,105.5
"CARLS2_1_CARCT1",2024-01-14 16:00:00,2024-01-14 22:00:00,105.5,710016,2024-01-15,2024-01-15 06:00:00,0,0,105.5
"CARLS2_1_CARCT1",2024-01-15 16:00:00,2024-01-15 22:00:00,105.5,710016,2024-01-16,2024-01-16 06:00:00,0,0,105.5
"CARLS2_1_CARCT1",2024-01-16 16:00:00,2024-01-16 22:00:00,105.5,710016,2024-01-17,2024-01-17 06:00:00,0,0,105.5
"CARLS2_1_CARCT1",2024-01-17 16:00:00,2024-01-17 22:00:00,105.5,710016,2024-01-18,2024-01-18 06:00:00,0,0,105.5
"CARLS2_1_CARCT1",2024-01-18 16:00:00,2024-01-18 22:00:00,105.5,710016,2024-01-19,2024-01-19 06:00:00,0,0,105.5
"CARLS2_1_CARCT1",2024-01-19 16:00:00,2024-01-19 22:00:00,105.5,710016,2024-01-20,2024-01-20 06:00:00,0,0,105.5
"CARLS2_1_CARCT1",2024-01-20 16:00:00,2024-01-20 22:00:00,105.5,710016,2024-01-21,2024-01-21 06:00:00,0,0,105.5
"CARLS2_1_CARCT1",2024-01-21 16:00:00,2024-01-21 22:00:00,105.5,710016,2024-01-22,2024-01-22 06:00:00,0,0,105.5
"CARLS2_1_CARCT1",2024-01-23 16:00:00,2024-01-23 22:00:00,105.5,710016,2024-01-24,2024-01-24 06:00:00,0,0,105.5
"CARLS2_1_CARCT1",2024-01-24 16:00:00,2024-01-24 22:00:00,105.5,710016,2024-01-25,2024-01-25 06:00:00,0,0,105.5
"CARLS2_1_CARCT1",2024-01-25 16:00:00,2024-01-25 22:00:00,105.5,710016,2024-01-26,2024-01-26 06:00:00,0,0,105.5
"CARLS2_1_CARCT1",2024-01-26 16:00:00,2024-01-26 22:00:00,105.5,710016,2024-01-27,2024-01-27 06:00:00,0,0,105.5
"CARLS2_1_CARCT1",2024-01-27 16:00:00,2024-01-27 22:00:00,105.5,710016,2024-01-28,2024-01-28 06:00:00,0,0,105.5
"CARLS2_1_CARCT1",2024-01-28 16:00:00,2024-01-28 22:00:00,105.5,710016,2024-01-29,2024-01-29 06:00:00,0,0,105.5
"CARLS2_1_CARCT1",2024-01-29 16:00:00,2024-01-29 22:00:00,105.5,710016,2024-01-30,2024-01-30 06:00:00,0,0,105.5
"CARLS2_1_CARCT1",2024-01-30 16:00:00,2024-01-30 22:00:00,105.5,710016,2024-01-31,2024-01-31 06:00:00,0,0,105.5
"CARLS2_1_CARCT1",2024-01-31 16:00:00,2024-01-31 22:00:00,105.5,710016,2024-02-01,2024-02-01 06:00:00,0,0,105.5
"CARLS2_1_CARCT1",2024-02-01 16:00:00,2024-02-01 22:00:00,105.5,710016,2024-02-02,2024-02-02 06:00:00,0,0,105.5
"CARLS2_1_CARCT1",2024-02-02 16:00:00,2024-02-02 22:00:00,105.5,710016,2024-02-03,2024-02-03 06:00:00,0,0,105.5
"CARLS2_1_CARCT1",2024-02-03 16:00:00,2024-02-03 22:00:00,105.5,710016,2024-02-04,2024-02-04 06:00:00,0,0,105.5
"CARLS2_1_CARCT1",2024-02-04 16:00:00,2024-02-04 22:00:00,105.5,710016,2024-02-05,2024-02-05 06:00:00,0,0,105.5
"CARLS2_1_CARCT1",2024-02-05 16:00:00,2024-02-05 22:00:00,105.5,710016,2024-02-06,2024-02-06 06:00:00,0,0,105.5
"CARLS2_1_CARCT1",2024-02-06 16:00:00,2024-02-06 22:00:00,105.5,710016,2024-02-07,2024-02-07 06:00:00,0,0,105.5
"CARLS2_1_CARCT1",2024-02-07 16:00:00,2024-02-07 22:00:00,105.5,710016,2024-02-08,2024-02-08 06:00:00,0,0,105.5
"CARLS2_1_CARCT1",2024-02-08 16:00:00,2024-02-08 22:00:00,105.5,710016,2024-02-09,2024-02-09 06:00:00,0,0,105.5
"CARLS2_1_CARCT1",2024-02-09 16:00:00,2024-02-09 22:00:00,105.5,710016,2024-02-10,2024-02-10 06:00:00,0,0,105.5
"CARLS2_1_CARCT1",2024-02-10 16:00:00,2024-02-10 22:00:00,105.5,710016,2024-02-11,2024-02-11 06:00:00,0,0,105.5
"CARLS2_1_CARCT1",2024-02-11 16:00:00,2024-02-11 22:00:00,105.5,710016,2024-02-12,2024-02-12 06:00:00,0,0,105.5
"CARLS2_1_CARCT1",2024-02-12 16:00:00,2024-02-12 22:00:00,105.5,710016,2024-02-13,2024-02-13 06:00:00,0,0,105.5
"CARLS2_1_CARCT1",2024-02-13 16:00:00,2024-02-13 22:00:00,105.5,710016,2024-02-14,2024-02-14 06:00:00,0,0,105.5
"CARLS2_1_CARCT1",2024-02-14 16:00:00,2024-02-14 22:00:00,105.5,710016,2024-02-15,2024-02-15 06:00:00,0,0,105.5
"CARLS2_1_CARCT1",2024-02-15 16:00:00,2024-02-15 22:00:00,105.5,710016,2024-02-16,2024-02-16 06:00:00,0,0,105.5
"CARLS2_1_CARCT1",2024-02-16 16:00:00,2024-02-16 22:00:00,105.5,710016,2024-02-17,2024-02-17 06:00:00,0,0,105.5
"CARLS2_1_CARCT1",2024-02-17 16:00:00,2024-02-17 22:00:00,105.5,710016,2024-02-18,2024-02-18 06:00:00,0,0,105.5
"CARLS2_1_CARCT1",2024-02-18 16:00:00,2024-02-18 22:00:00,105.5,710016,2024-02-19,2024-02-19 06:00:00,0,0,105.5
"CARLS2_1_CARCT1",2024-02-19 16:00:00,2024-02-19 22:00:00,105.5,710016,2024-02-20,2024-02-20 06:00:00,0,0,105.5
"CARLS2_1_CARCT1",2024-02-20 16:00:00,2024-02-20 22:00:00,105.5,710016,2024-02-21,2024-02-21 06:00:00,0,0,105.5
"CARLS2_1_CARCT1",2024-02-21 16:00:00,2024-02-21 22:00:00,105.5,710016,2024-02-22,2024-02-22 06:00:00,0,0,105.5
"CARLS2_1_CARCT1",2024-02-22 16:00:00,2024-02-22 22:00:00,105.5,710016,2024-02-23,2024-02-23 06:00:00,0,0,105.5
"CARLS2_1_CARCT1",2024-02-23 16:00:00,2024-02-23 22:00:00,105.5,710016,2024-02-24,2024-02-24 06:00:00,0,0,105.5
"CARLS2_1_CARCT1",2024-02-24 16:00:00,2024-02-24 22:00:00,105.5,710016,2024-02-25,2024-02-25 06:00:00,0,0,105.5
"CARLS2_1_CARCT1",2024-02-25 16:00:00,2024-02-25 22:00:00,105.5,710016,2024-02-26,2024-02-26 06:00:00,0,0,105.5
"CARLS2_1_CARCT1",2024-02-26 16:00:00,2024-02-26 22:00:00,105.5,710016,2024-02-27,2024-02-27 06:00:00,0,0,105.5
"CARLS2_1_CARCT1",2024-02-27 16:00:00,2024-02-27 22:00:00,105.5,710016,2024-02-28,2024-02-28 06:00:00,0,0,105.5
"CARLS2_1_CARCT1",2024-02-28 16:00:00,2024-02-28 22:00:00,105.5,710016,2024-02-29,2024-02-29 06:00:00,0,0,105.5
"CARLS2_1_CARCT1",2024-02-29 16:00:00,2024-02-29 22:00:00,105.5,710016,2024-03-01,2024-03-01 06:00:00,0,0,105.5
"CARLS2_1_CARCT1",2024-03-01 16:00:00,2024-03-01 22:00:00,105.5,710016,2024-03-02,2024-03-02 06:00:00,0,0,105.5
"CARLS2_1_CARCT1",2024-03-02 16:00:00,2024-03-02 22:00:00,105.5,710016,2024-03-03,2024-03-03 06:00:00,0,0,105.5
"CARLS2_1_CARCT1",2024-03-03 16:00:00,2024-03-03 22:00:00,105.5,710016,2024-03-04,2024-03-04 06:00:00,0,0,105.5
"CARLS2_1_CARCT1",2024-03-04 16:00:00,2024-03-04 22:00:00,105.5,710016,2024-03-05,2024-03-05 06:00:00,0,0,105.5
"CARLS2_1_CARCT1",2024-03-05 16:00:00,2024-03-05 22:00:00,105.5,710016,2024-03-06,2024-03-06 06:00:00,0,0,105.5
"CARLS2_1_CARCT1",2024-03-06 16:00:00,2024-03-06 22:00:00,105.5,710016,2024-03-07,2024-03-07 06:00:00,0,0,105.5
"CARLS2_1_CARCT1",2024-03-07 16:00:00,2024-03-07 22:00:00,105.5,710016,2024-03-08,2024-03-08 06:00:00,0,0,105.5
"CARLS2_1_CARCT1",2024-03-08 16:00:00,2024-03-08 22:00:00,105.5,710016,2024-03-09,2024-03-09 06:00:00,0,0,105.5
"CARLS2_1_CARCT1",2024-03-09 16:00:00,2024-03-09 22:00:00,105.5,710016,2024-03-10,2024-03-10 06:00:00,0,0,105.5
"CARLS2_1_CARCT1",2024-03-10 17:00:00,2024-03-10 23:00:00,105.5,710016,2024-03-11,2024-03-11 06:00:00,0,0,105.5
"CARLS2_1_CARCT1",2024-03-11 17:00:00,2024-03-11 23:00:00,105.5,710016,2024-03-12,2024-03-12 06:00:00,0,0,105.5
"CARLS2_1_CARCT1",2024-03-12 17:00:00,2024-03-12 23:00:00,105.5,710016,2024-03-13,2024-03-13 06:00:00,0,0,105.5
"CARLS2_1_CARCT1",2024-03-13 17:00:00,2024-03-13 23:00:00,105.5,710016,2024-03-14,2024-03-14 06:00:00,0,0,105.5
"CARLS2_1_CARCT1",2024-03-14 17:00:00,2024-03-14 23:00:00,105.5,710016,2024-03-15,2024-03-15 06:00:00,0,0,105.5
"CARLS2_1_CARCT1",2024-03-15 17:00:00,2024-03-15 23:00:00,105.5,710016,2024-03-16,2024-03-16 06:00:00,0,0,105.5
"CARLS2_1_CARCT1",2024-03-16 17:00:00,2024-03-16 23:00:00,105.5,710016,2024-03-17,2024-03-17 06:00:00,0,0,105.5
"CARLS2_1_CARCT1",2024-03-17 17:00:00,2024-03-17 23:00:00,105.5,710016,2024-03-18,2024-03-18 06:00:00,0,0,105.5
"CARLS2_1_CARCT1",2024-03-18 17:00:00,2024-03-18 23:00:00,105.5,710016,2024-03-19,2024-03-19 06:00:00,0,0,105.5
"CARLS2_1_CARCT1",2024-03-19 17:00:00,2024-03-19 23:00:00,105.5,710016,2024-03-20,2024-03-20 06:00:00,0,0,105.5
"CARLS2_1_CARCT1",2024-03-20 17:00:00,2024-03-20 23:00:00,105.5,710016,2024-03-21,2024-03-21 06:00:00,0,0,105.5
"CARLS2_1_CARCT1",2024-03-21 17:00:00,2024-03-21 23:00:00,105.5,710016,2024-03-22,2024-03-22 06:00:00,0,0,105.5
"CARLS2_1_CARCT1",2024-03-22 17:00:00,2024-03-22 23:00:00,105.5,710016,2024-03-23,2024-03-23 06:00:00,0,0,105.5
"CARLS2_1_CARCT1",2024-03-23 17:00:00,2024-03-23 23:00:00,105.5,710016,2024-03-24,2024-03-24 06:00:00,0,0,105.5
"CARLS2_1_CARCT1",2024-03-24 17:00:00,2024-03-24 23:00:00,105.5,710016,2024-03-25,2024-03-25 06:00:00,0,0,105.5
"CARLS2_1_CARCT1",2024-03-25 17:00:00,2024-03-25 23:00:00,105.5,710016,2024-03-26,2024-03-26 06:00:00,0,0,105.5
"CARLS2_1_CARCT1",2024-03-26 17:00:00,2024-03-26 23:00:00,105.5,710016,2024-03-27,2024-03-27 06:00:00,0,0,105.5
"CARLS2_1_CARCT1",2024-03-27 17:00:00,2024-03-27 23:00:00,105.5,710016,2024-03-28,2024-03-28 06:00:00,0,0,105.5
"CARLS2_1_CARCT1",2024-03-28 17:00:00,2024-03-28 23:00:00,105.5,710016,2024-03-29,2024-03-29 06:00:00,0,0,105.5
"CARLS2_1_CARCT1",2024-03-29 17:00:00,2024-03-29 23:00:00,105.5,710016,2024-03-30,2024-03-30 06:00:00,0,0,105.5
"CARLS2_1_CARCT1",2024-03-30 17:00:00,2024-03-30 23:00:00,105.5,710016,2024-03-31,2024-03-31 06:00:00,0,0,105.5
"CARLS2_1_CARCT1",2024-03-31 17:00:00,2024-03-31 23:00:00,105.5,710016,2024-04-01,2024-04-01 06:00:00,0,0,105.5
"CARLS2_1_CARCT1",2024-04-01 17:00:00,2024-04-01 23:00:00,105.5,710016,2024-04-02,2024-04-02 06:00:00,0,0,105.5
"CARLS2_1_CARCT1",2024-04-02 17:00:00,2024-04-02 23:00:00,105.5,710016,2024-04-03,2024-04-03 06:00:00,0,0,105.5
"CARLS2_1_CARCT1",2024-04-03 17:00:00,2024-04-03 23:00:00,105.5,710016,2024-04-04,2024-04-04 06:00:00,0,0,105.5
"CARLS2_1_CARCT1",2024-04-04 17:00:00,2024-04-04 23:00:00,105.5,710016,2024-04-05,2024-04-05 06:00:00,0,0,105.5
"CARLS2_1_CARCT1",2024-04-05 17:00:00,2024-04-05 23:00:00,105.5,710016,2024-04-06,2024-04-06 06:00:00,0,0,105.5
"CARLS2_1_CARCT1",2024-04-06 17:00:00,2024-04-06 23:00:00,105.5,710016,2024-04-07,2024-04-07 06:00:00,0,0,105.5
"CARLS2_1_CARCT1",2024-04-07 17:00:00,2024-04-07 23:00:00,105.5,710016,2024-04-08,2024-04-08 06:00:00,0,0,105.5
"CARLS2_1_CARCT1",2024-04-08 17:00:00,2024-04-08 23:00:00,105.5,710016,2024-04-09,2024-04-09 06:00:00,0,0,105.5
"CARLS2_1_CARCT1",2024-04-09 17:00:00,2024-04-09 23:00:00,105.5,710016,2024-04-10,2024-04-10 06:00:00,0,0,105.5
"CARLS2_1_CARCT1",2024-04-10 17:00:00,2024-04-10 23:00:00,105.5,710016,2024-04-11,2024-04-11 06:00:00,0,0,105.5
"CARLS2_1_CARCT1",2024-04-11 17:00:00,2024-04-11 23:00:00,105.5,710016,2024-04-12,2024-04-12 06:00:00,0,0,105.5
"CARLS2_1_CARCT1",2024-04-12 17:00:00,2024-04-12 23:00:00,105.5,710016,2024-04-13,2024-04-13 06:00:00,0,0,105.5
"CARLS2_1_CARCT1",2024-04-13 17:00:00,2024-04-13 23:00:00,105.5,710016,2024-04-14,2024-04-14 06:00:00,0,0,105.5
"CARLS2_1_CARCT1",2024-04-14 17:00:00,2024-04-14 23:00:00,105.5,710016,2024-04-15,2024-04-15 06:00:00,0,0,105.5
"CARLS2_1_CARCT1",2024-04-15 17:00:00,2024-04-15 23:00:00,105.5,710016,2024-04-16,2024-04-16 06:00:00,0,0,105.5
"CARLS2_1_CARCT1",2024-04-16 17:00:00,2024-04-16 23:00:00,105.5,710016,2024-04-17,2024-04-17 06:00:00,0,0,105.5
"CARLS2_1_CARCT1",2024-04-17 17:00:00,2024-04-17 23:00:00,105.5,710016,2024-04-18,2024-04-18 06:00:00,0,0,105.5
"CARLS2_1_CARCT1",2024-04-18 17:00:00,2024-04-18 23:00:00,105.5,710016,2024-04-19,2024-04-19 06:00:00,0,0,105.5
"CARLS2_1_CARCT1",2024-04-19 17:00:00,2024-04-19 23:00:00,105.5,710016,2024-04-20,2024-04-20 06:00:00,0,0,105.5
"CARLS2_1_CARCT1",2024-04-20 17:00:00,2024-04-20 23:00:00,105.5,710016,2024-04-21,2024-04-21 06:00:00,0,0,105.5
"CARLS2_1_CARCT1",2024-04-21 17:00:00,2024-04-21 23:00:00,105.5,710016,2024-04-22,2024-04-22 06:00:00,0,0,105.5
"CARLS2_1_CARCT1",2024-04-22 17:00:00,2024-04-22 23:00:00,105.5,710016,2024-04-23,2024-04-23 06:00:00,0,0,105.5
"CARLS2_1_CARCT1",2024-04-23 17:00:00,2024-04-23 23:00:00,105.5,710016,2024-04-24,2024-04-24 06:00:00,0,0,105.5
"CARLS2_1_CARCT1",2024-04-24 17:00:00,2024-04-24 23:00:00,105.5,710016,2024-04-25,2024-04-25 06:00:00,0,0,105.5
"CARLS2_1_CARCT1",2024-04-25 17:00:00,2024-04-25 23:00:00,105.5,710016,2024-04-26,2024-04-26 06:00:00,0,0,105.5
"CARLS2_1_CARCT1",2024-04-26 17:00:00,2024-04-26 23:00:00,105.5,710016,2024-04-27,2024-04-27 06:00:00,0,0,105.5
"CARLS2_1_CARCT1",2024-04-27 17:00:00,2024-04-27 23:00:00,105.5,710016,2024-04-28,2024-04-28 06:00:00,0,0,105.5
"CARLS2_1_CARCT1",2024-04-28 17:00:00,2024-04-28 23:00:00,105.5,710016,2024-04-29,2024-04-29 06:00:00,0,0,105.5
"CARLS2_1_CARCT1",2024-04-29 17:00:00,2024-04-29 23:00:00,105.5,710016,2024-04-30,2024-04-30 06:00:00,0,0,105.5
"CARLS2_1_CARCT1",2024-04-30 17:00:00,2024-04-30 23:00:00,105.5,710016,2024-05-01,2024-05-01 06:00:00,0,0,105.5
"CARLS2_1_CARCT1",2024-05-01 17:00:00,2024-05-01 23:00:00,105.5,710016,2024-05-02,2024-05-02 06:00:00,0,0,105.5
"CARLS2_1_CARCT1",2024-05-02 17:00:00,2024-05-02 23:00:00,105.5,710016,2024-05-03,2024-05-03 06:00:00,0,0,105.5
"CARLS2_1_CARCT1",2024-05-03 17:00:00,2024-05-03 23:00:00,105.5,710016,2024-05-04,2024-05-04 06:00:00,0,0,105.5
"CARLS2_1_CARCT1",2024-05-04 17:00:00,2024-05-04 23:00:00,105.5,710016,2024-05-05,2024-05-05 06:00:00,0,0,105.5
"CARLS2_1_CARCT1",2024-05-11 17:00:00,2024-05-11 23:00:00,105.5,710016,2024-05-12,2024-05-12 06:00:00,0,0,105.5
"CARLS2_1_CARCT1",2024-05-12 17:00:00,2024-05-12 23:00:00,105.5,710016,2024-05-13,2024-05-13 06:00:00,0,0,105.5
"CARLS2_1_CARCT1",2024-05-13 17:00:00,2024-05-13 23:00:00,105.5,710016,2024-05-14,2024-05-14 06:00:00,0,0,105.5
"CARLS2_1_CARCT1",2024-05-14 17:00:00,2024-05-14 23:00:00,105.5,710016,2024-05-15,2024-05-15 06:00:00,0,0,105.5
"CARLS2_1_CARCT1",2024-05-15 17:00:00,2024-05-15 23:00:00,105.5,710016,2024-05-16,2024-05-16 06:00:00,0,0,105.5
"CARLS2_1_CARCT1",2024-05-16 17:00:00,2024-05-16 23:00:00,105.5,710016,2024-05-17,2024-05-17 06:00:00,0,0,105.5
"CARLS2_1_CARCT1",2024-05-17 17:00:00,2024-05-17 23:00:00,105.5,710016,2024-05-18,2024-05-18 06:00:00,0,0,105.5
"CARLS2_1_CARCT1",2024-05-18 17:00:00,2024-05-18 23:00:00,105.5,710016,2024-05-19,2024-05-19 06:00:00,0,0,105.5
"CARLS2_1_CARCT1",2024-05-19 17:00:00,2024-05-19 23:00:00,105.5,710016,2024-05-20,2024-05-20 06:00:00,0,0,105.5
"CARLS2_1_CARCT1",2024-05-20 17:00:00,2024-05-20 23:00:00,105.5,710016,2024-05-21,2024-05-21 06:00:00,0,0,105.5
"CARLS2_1_CARCT1",2024-05-21 17:00:00,2024-05-21 23:00:00,105.5,710016,2024-05-22,2024-05-22 06:00:00,0,0,105.5
"CARLS2_1_CARCT1",2024-05-22 17:00:00,2024-05-22 23:00:00,105.5,710016,2024-05-23,2024-05-23 06:00:00,0,0,105.5
"CARLS2_1_CARCT1",2024-05-23 17:00:00,2024-05-23 23:00:00,105.5,710016,2024-05-24,2024-05-24 06:00:00,0,0,105.5
"CARLS2_1_CARCT1",2024-05-24 17:00:00,2024-05-24 23:00:00,105.5,710016,2024-05-25,2024-05-25 06:00:00,0,0,105.5
"CARLS2_1_CARCT1",2024-05-25 17:00:00,2024-05-25 23:00:00,105.5,710016,2024-05-26,2024-05-26 06:00:00,0,0,105.5
"CARLS2_1_CARCT1",2024-05-26 17:00:00,2024-05-26 23:00:00,105.5,710016,2024-05-27,2024-05-27 06:00:00,0,0,105.5
"CARLS2_1_CARCT1",2024-05-27 17:00:00,2024-05-27 23:00:00,105.5,710016,2024-05-28,2024-05-28 06:00:00,0,0,105.5
"CARLS2_1_CARCT1",2024-05-28 17:00:00,2024-05-28 23:00:00,105.5,710016,2024-05-29,2024-05-29 06:00:00,0,0,105.5
"CARLS2_1_CARCT1",2024-05-29 17:00:00,2024-05-29 23:00:00,105.5,710016,2024-05-30,2024-05-30 06:00:00,0,0,105.5
"CARLS2_1_CARCT1",2024-05-30 17:00:00,2024-05-30 23:00:00,105.5,710016,2024-05-31,2024-05-31 06:00:00,0,0,105.5
"CARLS2_1_CARCT1",2024-06-01 17:00:00,2024-06-01 23:00:00,105.5,710016,2024-06-02,2024-06-02 06:00:00,0,0,105.5
"CARLS2_1_CARCT1",2024-06-02 17:00:00,2024-06-02 23:00:00,105.5,710016,2024-06-03,2024-06-03 06:00:00,0,0,105.5
"CARLS2_1_CARCT1",2024-06-03 17:00:00,2024-06-03 23:00:00,105.5,710016,2024-06-04,2024-06-04 06:00:00,0,0,105.5
"CARLS2_1_CARCT1",2024-06-04 17:00:00,2024-06-04 23:00:00,105.5,710016,2024-06-05,2024-06-05 06:00:00,0,0,105.5
"CARLS2_1_CARCT1",2024-06-05 17:00:00,2024-06-05 23:00:00,105.5,710016,2024-06-06,2024-06-06 06:00:00,0,0,105.5
"CARLS2_1_CARCT1",2024-06-06 17:00:00,2024-06-06 23:00:00,105.5,710016,2024-06-07,2024-06-07 06:00:00,0,0,105.5
"CARLS2_1_CARCT1",2024-06-07 17:00:00,2024-06-07 23:00:00,105.5,710016,2024-06-08,2024-06-08 06:00:00,0,0,105.5
"CARLS2_1_CARCT1",2024-06-08 17:00:00,2024-06-08 23:00:00,105.5,710016,2024-06-09,2024-06-09 06:00:00,0,0,105.5
"CARLS2_1_CARCT1",2024-06-09 17:00:00,2024-06-09 23:00:00,105.5,710016,2024-06-10,2024-06-10 06:00:00,0,0,105.5
"CARLS2_1_CARCT1",2024-06-10 17:00:00,2024-06-10 23:00:00,105.5,710016,2024-06-11,2024-06-11 06:00:00,0,0,105.5
"CARLS2_1_CARCT1",2024-06-11 17:00:00,2024-06-11 23:00:00,105.5,710016,2024-06-12,2024-06-12 06:00:00,0,0,105.5
"CARLS2_1_CARCT1",2024-06-12 17:00:00,2024-06-12 23:00:00,105.5,710016,2024-06-13,2024-06-13 06:00:00,0,0,105.5
"CARLS2_1_CARCT1",2024-06-13 17:00:00,2024-06-13 23:00:00,105.5,710016,2024-06-14,2024-06-14 06:00:00,0,0,105.5
"CARLS2_1_CARCT1",2024-06-14 17:00:00,2024-06-14 23:00:00,105.5,710016,2024-06-15,2024-06-15 06:00:00,0,0,105.5
"CARLS2_1_CARCT1",2024-06-15 17:00:00,2024-06-15 23:00:00,105.5,710016,2024-06-16,2024-06-16 06:00:00,0,0,105.5
"CARLS2_1_CARCT1",2024-06-16 17:00:00,2024-06-16 23:00:00,105.5,710016,2024-06-17,2024-06-17 06:00:00,0,0,105.5
"CARLS2_1_CARCT1",2024-06-17 17:00:00,2024-06-17 23:00:00,105.5,710016,2024-06-18,2024-06-18 06:00:00,0,0,105.5
"CARLS2_1_CARCT1",2024-06-18 17:00:00,2024-06-18 23:00:00,105.5,710016,2024-06-19,2024-06-19 06:00:00,0,0,105.5
"CARLS2_1_CARCT1",2024-06-19 17:00:00,2024-06-19 23:00:00,105.5,710016,2024-06-20,2024-06-20 06:00:00,0,0,105.5
"CARLS2_1_CARCT1",2024-06-20 17:00:00,2024-06-20 23:00:00,105.5,710016,2024-06-21,2024-06-21 06:00:00,0,0,105.5
"CARLS2_1_CARCT1",2024-06-21 17:00:00,2024-06-21 23:00:00,105.5,710016,2024-06-22,2024-06-22 06:00:00,0,0,105.5
"CARLS2_1_CARCT1",2024-06-22 17:00:00,2024-06-22 23:00:00,105.5,710016,2024-06-23,2024-06-23 06:00:00,0,0,105.5
"CARLS2_1_CARCT1",2024-06-23 17:00:00,2024-06-23 23:00:00,105.5,710016,2024-06-24,2024-06-24 06:00:00,0,0,105.5
"CARLS2_1_CARCT1",2024-06-24 17:00:00,2024-06-24 23:00:00,105.5,710016,2024-06-25,2024-06-25 06:00:00,0,0,105.5
"CARLS2_1_CARCT1",2024-06-25 17:00:00,2024-06-25 23:00:00,105.5,710016,2024-06-26,2024-06-26 06:00:00,0,0,105.5
"CARLS2_1_CARCT1",2024-06-26 17:00:00,2024-06-26 23:00:00,105.5,710016,2024-06-27,2024-06-27 06:00:00,0,0,105.5
"CARLS2_1_CARCT1",2024-06-27 17:00:00,2024-06-27 23:00:00,105.5,710016,2024-06-28,2024-06-28 06:00:00,0,0,105.5
"CARLS2_1_CARCT1",2024-06-28 17:00:00,2024-06-28 23:00:00,105.5,710016,2024-06-29,2024-06-29 06:00:00,0,0,105.5
"CARLS2_1_CARCT1",2024-06-29 17:00:00,2024-06-29 23:00:00,105.5,710016,2024-06-30,2024-06-30 06:00:00,0,0,105.5
"CARLS2_1_CARCT1",2024-06-30 17:00:00,2024-06-30 23:00:00,105.5,710016,2024-07-01,2024-07-01 06:00:00,0,0,105.5
"CARLS2_1_CARCT1",2024-07-01 17:00:00,2024-07-01 23:00:00,105.5,710016,2024-07-02,2024-07-02 06:00:00,0,0,105.5
"CARLS2_1_CARCT1",2024-07-02 17:00:00,2024-07-02 23:00:00,105.5,710016,2024-07-03,2024-07-04 06:00:00,0,1440,105.5
"CARLS2_1_CARCT1",2024-07-04 17:00:00,2024-07-04 23:00:00,105.5,710016,2024-07-05,2024-07-05 06:00:00,0,0,105.5
"CARLS2_1_CARCT1",2024-07-05 17:00:00,2024-07-05 23:00:00,105.5,710016,2024-07-06,2024-07-06 06:00:00,0,0,105.5
"CARLS2_1_CARCT1",2024-07-06 17:00:00,2024-07-06 23:00:00,105.5,710016,2024-07-07,2024-07-07 06:00:00,0,0,105.5
"CARLS2_1_CARCT1",2024-07-07 17:00:00,2024-07-07 23:00:00,105.5,710016,2024-07-08,2024-07-08 06:00:00,0,0,105.5
"CARLS2_1_CARCT1",2024-07-08 17:00:00,2024-07-08 23:00:00,105.5,710016,2024-07-09,2024-07-09 06:00:00,0,0,105.5
"CARLS2_1_CARCT1",2024-07-09 17:00:00,2024-07-09 23:00:00,105.5,710016,2024-07-10,2024-07-10 06:00:00,0,0,105.5
"CARLS2_1_CARCT1",2024-07-10 17:00:00,2024-07-10 23:00:00,105.5,710016,2024-07-11,2024-07-11 06:00:00,0,0,105.5
"CARLS2_1_CARCT1",2024-07-11 17:00:00,2024-07-11 23:00:00,105.5,710016,2024-07-12,2024-07-12 06:00:00,0,0,105.5
"CARLS2_1_CARCT1",2024-07-12 17:00:00,2024-07-12 23:00:00,105.5,710016,2024-07-13,2024-07-13 06:00:00,0,0,105.5
"CARLS2_1_CARCT1",2024-07-13 17:00:00,2024-07-13 23:00:00,105.5,710016,2024-07-14,2024-07-14 06:00:00,0,0,105.5
"CARLS2_1_CARCT1",2024-07-14 17:00:00,2024-07-14 23:00:00,105.5,710016,2024-07-15,2024-07-15 06:00:00,0,0,105.5
"CARLS2_1_CARCT1",2024-07-15 17:00:00,2024-07-15 23:00:00,105.5,710016,2024-07-16,2024-07-16 06:00:00,0,0,105.5
"CARLS2_1_CARCT1",2024-07-16 17:00:00,2024-07-16 23:00:00,105.5,710016,2024-07-17,2024-07-17 06:00:00,0,0,105.5
"CARLS2_1_CARCT1",2024-07-17 17:00:00,2024-07-17 23:00:00,105.5,710016,2024-07-18,2024-07-18 06:00:00,0,0,105.5
"CARLS2_1_CARCT1",2024-07-18 17:00:00,2024-07-18 23:00:00,105.5,710016,2024-07-19,2024-07-19 06:00:00,0,0,105.5
"CARLS2_1_CARCT1",2024-07-19 17:00:00,2024-07-19 23:00:00,105.5,710016,2024-07-20,2024-07-20 06:00:00,0,0,105.5
"CARLS2_1_CARCT1",2024-07-20 17:00:00,2024-07-20 23:00:00,105.5,710016,2024-07-21,2024-07-21 06:00:00,0,0,105.5
"CARLS2_1_CARCT1",2024-07-21 17:00:00,2024-07-21 23:00:00,105.5,710016,2024-07-22,2024-07-22 06:00:00,0,0,105.5
"CARLS2_1_CARCT1",2024-07-22 17:00:00,2024-07-22 23:00:00,105.5,710016,2024-07-23,2024-07-23 06:00:00,0,0,105.5
"CARLS2_1_CARCT1",2024-07-23 17:00:00,2024-07-23 23:00:00,105.5,710016,2024-07-24,2024-07-24 06:00:00,0,0,105.5
"CARLS2_1_CARCT1",2024-07-24 17:00:00,2024-07-24 23:00:00,105.5,710016,2024-07-25,2024-07-25 06:00:00,0,0,105.5
"CARLS2_1_CARCT1",2024-07-25 17:00:00,2024-07-25 23:00:00,105.5,710016,2024-07-26,2024-07-26 06:00:00,0,0,105.5
"CARLS2_1_CARCT1",2024-07-26 17:00:00,2024-07-26 23:00:00,105.5,710016,2024-07-27,2024-07-27 06:00:00,0,0,105.5
"CARLS2_1_CARCT1",2024-07-27 17:00:00,2024-07-27 23:00:00,105.5,710016,2024-07-28,2024-07-28 06:00:00,0,0,105.5
"CARLS2_1_CARCT1",2024-07-28 17:00:00,2024-07-28 23:00:00,105.5,710016,2024-07-29,2024-07-29 06:00:00,0,0,105.5
"CARLS2_1_CARCT1",2024-07-29 17:00:00,2024-07-29 23:00:00,105.5,710016,2024-07-30,2024-07-30 06:00:00,0,0,105.5
"CARLS2_1_CARCT1",2024-07-30 17:00:00,2024-07-30 23:00:00,105.5,710016,2024-07-31,2024-07-31 06:00:00,0,0,105.5
"CARLS2_1_CARCT1",2024-07-31 17:00:00,2024-07-31 23:00:00,105.5,710016,2024-08-01,2024-08-01 06:00:00,0,0,105.5
"CARLS2_1_CARCT1",2024-08-01 17:00:00,2024-08-01 23:00:00,105.5,710016,2024-08-02,2024-08-02 06:00:00,0,0,105.5
"CARLS2_1_CARCT1",2024-08-02 17:00:00,2024-08-02 23:00:00,105.5,710016,2024-08-03,2024-08-03 06:00:00,0,0,105.5
"CARLS2_1_CARCT1",2024-08-03 17:00:00,2024-08-03 23:00:00,105.5,710016,2024-08-04,2024-08-04 06:00:00,0,0,105.5
"CARLS2_1_CARCT1",2024-08-04 17:00:00,2024-08-04 23:00:00,105.5,710016,2024-08-05,2024-08-05 06:00:00,0,0,105.5
"CARLS2_1_CARCT1",2024-08-05 17:00:00,2024-08-05 23:00:00,105.5,710016,2024-08-06,2024-08-06 06:00:00,0,0,105.5
"CARLS2_1_CARCT1",2024-08-06 17:00:00,2024-08-06 23:00:00,105.5,710016,2024-08-07,2024-08-07 06:00:00,0,0,105.5
"CARLS2_1_CARCT1",2024-08-07 17:00:00,2024-08-07 23:00:00,105.5,710016,2024-08-08,2024-08-08 06:00:00,0,0,105.5
"CARLS2_1_CARCT1",2024-08-08 17:00:00,2024-08-08 23:00:00,105.5,710016,2024-08-09,2024-08-09 06:00:00,0,0,105.5
"CARLS2_1_CARCT1",2024-08-09 16:59:00,2024-08-09 23:00:00,105.5,710016,2024-08-10,2024-08-10 06:00:00,1,0,105.5
"CARLS2_1_CARCT1",2024-08-10 16:59:00,2024-08-10 23:00:00,105.5,710016,2024-08-11,2024-08-11 06:00:00,1,0,105.5
"CARLS2_1_CARCT1",2024-08-25 17:00:00,2024-08-25 23:00:00,105.5,710016,2024-08-26,2024-08-26 06:00:00,0,0,105.5
"CARLS2_1_CARCT1",2024-08-26 17:00:00,2024-08-26 23:00:00,105.5,710016,2024-08-27,2024-08-27 06:00:00,0,0,105.5
"CARLS2_1_CARCT1",2024-08-27 17:00:00,2024-08-27 23:00:00,105.5,710016,2024-08-28,2024-08-28 06:00:00,0,0,105.5
"CARLS2_1_CARCT1",2024-08-28 17:00:00,2024-08-28 23:00:00,105.5,710016,2024-08-29,2024-08-29 06:00:00,0,0,105.5
"CARLS2_1_CARCT1",2024-08-29 17:00:00,2024-08-29 23:00:00,105.5,710016,2024-08-30,2024-08-30 06:00:00,0,0,105.5
"CARLS2_1_CARCT1",2024-08-30 17:00:00,2024-08-30 23:00:00,105.5,710016,2024-08-31,2024-08-31 06:00:00,0,0,105.5
"CARLS2_1_CARCT1",2024-08-31 17:00:00,2024-08-31 23:00:00,105.5,710016,2024-09-01,2024-09-01 06:00:00,0,0,105.5
"CARLS2_1_CARCT1",2024-09-01 17:00:00,2024-09-01 23:00:00,105.5,710016,2024-09-02,2024-09-02 06:00:00,0,0,105.5
"CARLS2_1_CARCT1",2024-09-02 17:00:00,2024-09-02 23:00:00,105.5,710016,2024-09-03,2024-09-03 06:00:00,0,0,105.5
"CARLS2_1_CARCT1",2024-09-03 17:00:00,2024-09-03 23:00:00,105.5,710016,2024-09-04,2024-09-04 06:00:00,0,0,105.5
"CARLS2_1_CARCT1",2024-09-04 17:00:00,2024-09-04 23:00:00,105.5,710016,2024-09-05,2024-09-05 06:00:00,0,0,105.5
"CARLS2_1_CARCT1",2024-09-05 17:00:00,2024-09-05 23:00:00,105.5,710016,2024-09-06,2024-09-06 06:00:00,0,0,105.5
"CARLS2_1_CARCT1",2024-09-06 17:00:00,2024-09-06 23:00:00,105.5,710016,2024-09-07,2024-09-07 06:00:00,0,0,105.5
"CARLS2_1_CARCT1",2024-09-07 17:00:00,2024-09-07 23:00:00,105.5,710016,2024-09-08,2024-09-08 06:00:00,0,0,105.5
"CARLS2_1_CARCT1",2024-09-08 17:00:00,2024-09-08 23:00:00,105.5,710016,2024-09-09,2024-09-09 06:00:00,0,0,105.5
"CARLS2_1_CARCT1",2024-09-09 17:00:00,2024-09-09 23:00:00,105.5,710016,2024-09-10,2024-09-10 06:00:00,0,0,105.5
"CARLS2_1_CARCT1",2024-09-10 17:00:00,2024-09-10 23:00:00,105.5,710016,2024-09-11,2024-09-11 06:00:00,0,0,105.5
"CARLS2_1_CARCT1",2024-09-11 17:00:00,2024-09-11 23:00:00,105.5,710016,2024-09-12,2024-09-12 06:00:00,0,0,105.5
"CARLS2_1_CARCT1",2024-09-12 17:00:00,2024-09-12 23:00:00,105.5,710016,2024-09-13,2024-09-13 06:00:00,0,0,105.5
"CARLS2_1_CARCT1",2024-09-13 17:00:00,2024-09-13 23:00:00,105.5,710016,2024-09-14,2024-09-14 06:00:00,0,0,105.5
"CARLS2_1_CARCT1",2024-09-14 17:00:00,2024-09-14 23:00:00,105.5,710016,2024-09-15,2024-09-15 06:00:00,0,0,105.5
"CARLS2_1_CARCT1",2024-09-15 17:00:00,2024-09-15 23:00:00,105.5,710016,2024-09-16,2024-09-16 06:00:00,0,0,105.5
"CARLS2_1_CARCT1",2024-09-16 17:00:00,2024-09-16 23:00:00,105.5,710016,2024-09-17,2024-09-17 06:00:00,0,0,105.5
"CARLS2_1_CARCT1",2024-09-17 17:00:00,2024-09-17 23:00:00,105.5,710016,2024-09-18,2024-09-18 06:00:00,0,0,105.5
"CARLS2_1_CARCT1",2024-09-18 17:00:00,2024-09-18 23:00:00,105.5,710016,2024-09-19,2024-09-19 06:00:00,0,0,105.5
"CARLS2_1_CARCT1",2024-09-19 17:00:00,2024-09-19 23:00:00,105.5,710016,2024-09-20,2024-09-20 06:00:00,0,0,105.5
"CARLS2_1_CARCT1",2024-09-20 17:00:00,2024-09-20 23:00:00,105.5,710016,2024-09-21,2024-09-21 06:00:00,0,0,105.5
"CARLS2_1_CARCT1",2024-09-21 17:00:00,2024-09-21 23:00:00,105.5,710016,2024-09-22,2024-09-22 06:00:00,0,0,105.5
"CARLS2_1_CARCT1",2024-09-22 17:00:00,2024-09-22 23:00:00,105.5,710016,2024-09-23,2024-09-23 06:00:00,0,0,105.5
"CARLS2_1_CARCT1",2024-09-23 17:00:00,2024-09-23 23:00:00,105.5,710016,2024-09-24,2024-09-24 06:00:00,0,0,105.5
"CARLS2_1_CARCT1",2024-09-24 17:00:00,2024-09-24 23:00:00,105.5,710016,2024-09-25,2024-09-25 06:00:00,0,0,105.5
"CARLS2_1_CARCT1",2024-09-25 17:00:00,2024-09-25 23:00:00,105.5,710016,2024-09-26,2024-09-26 06:00:00,0,0,105.5
"CARLS2_1_CARCT1",2024-09-26 17:00:00,2024-09-26 23:00:00,105.5,710016,2024-09-27,2024-09-27 06:00:00,0,0,105.5
"CARLS2_1_CARCT1",2024-09-27 17:00:00,2024-09-27 23:00:00,105.5,710016,2024-09-28,2024-09-28 06:00:00,0,0,105.5
"CARLS2_1_CARCT1",2024-09-28 17:00:00,2024-09-28 23:00:00,105.5,710016,2024-09-29,2024-09-29 06:00:00,0,0,105.5
"CARLS2_1_CARCT1",2024-09-29 17:00:00,2024-09-29 23:00:00,105.5,710016,2024-09-30,2024-09-30 06:00:00,0,0,105.5
"CARLS2_1_CARCT1",2024-09-30 17:00:00,2024-09-30 23:00:00,105.5,710016,2024-10-01,2024-10-01 06:00:00,0,0,105.5
"CARLS2_1_CARCT1",2024-10-01 17:00:00,2024-10-01 23:00:00,105.5,710016,2024-10-02,2024-10-02 06:00:00,0,0,105.5
"CARLS2_1_CARCT1",2024-10-02 17:00:00,2024-10-02 23:00:00,105.5,710016,2024-10-03,2024-10-03 06:00:00,0,0,105.5
"CARLS2_1_CARCT1",2024-10-03 17:00:00,2024-10-03 23:00:00,105.5,710016,2024-10-04,2024-10-04 06:00:00,0,0,105.5
"CARLS2_1_CARCT1",2024-10-04 17:00:00,2024-10-04 23:00:00,105.5,710016,2024-10-05,2024-10-05 06:00:00,0,0,105.5
"CARLS2_1_CARCT1",2024-10-05 17:00:00,2024-10-05 23:00:00,105.5,710016,2024-10-06,2024-10-06 06:00:00,0,0,105.5
"CARLS2_1_CARCT1",2024-10-06 17:00:00,2024-10-06 23:00:00,105.5,710016,2024-10-07,2024-10-07 06:00:00,0,0,105.5
"CARLS2_1_CARCT1",2024-10-07 17:00:00,2024-10-07 23:00:00,105.5,710016,2024-10-08,2024-10-08 06:00:00,0,0,105.5
"CARLS2_1_CARCT1",2024-10-08 17:00:00,2024-10-08 23:00:00,105.5,710016,2024-10-09,2024-10-09 06:00:00,0,0,105.5
"CARLS2_1_CARCT1",2024-10-09 17:00:00,2024-10-09 23:00:00,105.5,710016,2024-10-10,2024-10-10 06:00:00,0,0,105.5
"CARLS2_1_CARCT1",2024-10-10 17:00:00,2024-10-10 23:00:00,105.5,710016,2024-10-11,2024-10-11 06:00:00,0,0,105.5
"CARLS2_1_CARCT1",2024-10-11 17:00:00,2024-10-11 23:00:00,105.5,710016,2024-10-12,2024-10-12 06:00:00,0,0,105.5
"CARLS2_1_CARCT1",2024-10-12 17:00:00,2024-10-12 23:00:00,105.5,710016,2024-10-13,2024-10-13 06:00:00,0,0,105.5
"CARLS2_1_CARCT1",2024-10-13 17:00:00,2024-10-13 23:00:00,105.5,710016,2024-10-14,2024-10-14 06:00:00,0,0,105.5
"CARLS2_1_CARCT1",2024-10-14 17:00:00,2024-10-14 23:00:00,105.5,710016,2024-10-15,2024-10-15 06:00:00,0,0,105.5
"CARLS2_1_CARCT1",2024-10-15 17:00:00,2024-10-15 23:00:00,105.5,710016,2024-10-16,2024-10-16 06:00:00,0,0,105.5
"CARLS2_1_CARCT1",2024-10-16 17:00:00,2024-10-16 23:00:00,105.5,710016,2024-10-17,2024-10-17 06:00:00,0,0,105.5
"CARLS2_1_CARCT1",2024-10-17 17:00:00,2024-10-17 23:00:00,105.5,710016,2024-10-18,2024-10-18 06:00:00,0,0,105.5
"CARLS2_1_CARCT1",2024-10-18 17:00:00,2024-10-18 23:00:00,105.5,710016,2024-10-19,2024-10-19 06:00:00,0,0,105.5
"CARLS2_1_CARCT1",2024-10-19 17:00:00,2024-10-19 23:00:00,105.5,710016,2024-10-20,2024-10-20 06:00:00,0,0,105.5
"CARLS2_1_CARCT1",2024-10-20 17:00:00,2024-10-20 23:00:00,105.5,710016,2024-10-21,2024-10-21 06:00:00,0,0,105.5
"CARLS2_1_CARCT1",2024-10-21 17:00:00,2024-10-21 23:00:00,105.5,710016,2024-10-22,2024-10-22 06:00:00,0,0,105.5
"CARLS2_1_CARCT1",2024-10-22 17:00:00,2024-10-22 23:00:00,105.5,710016,2024-10-23,2024-10-23 06:00:00,0,0,105.5
"CARLS2_1_CARCT1",2024-10-23 17:00:00,2024-10-23 23:00:00,105.5,710016,2024-10-24,2024-10-24 06:00:00,0,0,105.5
"CARLS2_1_CARCT1",2024-10-24 17:00:00,2024-10-24 23:00:00,105.5,710016,2024-10-25,2024-10-25 06:00:00,0,0,105.5
"CARLS2_1_CARCT1",2024-10-25 17:00:00,2024-10-25 23:00:00,105.5,710016,2024-10-26,2024-10-26 06:00:00,0,0,105.5
"CARLS2_1_CARCT1",2024-10-26 17:00:00,2024-10-26 23:00:00,105.5,710016,2024-10-27,2024-10-27 06:00:00,0,0,105.5
"CARLS2_1_CARCT1",2024-10-27 17:00:00,2024-10-27 23:00:00,105.5,710016,2024-10-28,2024-10-28 06:00:00,0,0,105.5
"CARLS2_1_CARCT1",2024-10-28 17:00:00,2024-10-28 23:00:00,105.5,710016,2024-10-29,2024-10-29 06:00:00,0,0,105.5
"CARLS2_1_CARCT1",2024-10-29 17:00:00,2024-10-29 23:00:00,105.5,710016,2024-10-30,2024-10-30 06:00:00,0,0,105.5
"CARLS2_1_CARCT1",2024-10-30 17:00:00,2024-10-30 23:00:00,105.5,710016,2024-10-31,2024-10-31 06:00:00,0,0,105.5
"CARLS2_1_CARCT1",2024-10-31 17:00:00,2024-10-31 23:00:00,105.5,710016,2024-11-01,2024-11-01 06:00:00,0,0,105.5
"CARLS2_1_CARCT1",2024-11-01 17:00:00,2024-11-01 23:00:00,105.5,710016,2024-11-02,2024-11-02 06:00:00,0,0,105.5
"CARLS2_1_CARCT1",2024-11-02 17:00:00,2024-11-02 23:00:00,105.5,710016,2024-11-03,2024-11-04 06:00:00,0,1440,105.5
"CARLS2_1_CARCT1",2024-11-04 16:00:00,2024-11-04 22:00:00,105.5,710016,2024-11-05,2024-11-05 06:00:00,0,0,105.5
"CARLS2_1_CARCT1",2024-11-05 16:00:00,2024-11-05 22:00:00,105.5,710016,2024-11-06,2024-11-06 06:00:00,0,0,105.5
"CARLS2_1_CARCT1",2024-11-06 16:00:00,2024-11-06 22:00:00,105.5,710016,2024-11-07,2024-11-07 06:00:00,0,0,105.5
"CARLS2_1_CARCT1",2024-11-07 16:00:00,2024-11-07 22:00:00,105.5,710016,2024-11-08,2024-11-08 06:00:00,0,0,105.5
"CARLS2_1_CARCT1",2024-11-08 16:00:00,2024-11-08 22:00:00,105.5,710016,2024-11-09,2024-11-09 06:00:00,0,0,105.5
"CARLS2_1_CARCT1",2024-11-09 16:00:00,2024-11-09 22:00:00,105.5,710016,2024-11-10,2024-11-10 06:00:00,0,0,105.5
"CARLS2_1_CARCT1",2024-11-10 16:00:00,2024-11-10 22:00:00,105.5,710016,2024-11-11,2024-11-11 06:00:00,0,0,105.5
"CARLS2_1_CARCT1",2024-11-11 16:00:00,2024-11-11 22:00:00,105.5,710016,2024-11-12,2024-11-12 06:00:00,0,0,105.5
"CARLS2_1_CARCT1",2024-11-12 16:00:00,2024-11-12 22:00:00,105.5,710016,2024-11-13,2024-11-13 06:00:00,0,0,105.5
"CARLS2_1_CARCT1",2024-11-13 16:00:00,2024-11-13 22:00:00,105.5,710016,2024-11-14,2024-11-14 06:00:00,0,0,105.5
"CARLS2_1_CARCT1",2024-11-15 16:00:00,2024-11-15 22:00:00,105.5,710016,2024-11-16,2024-11-16 06:00:00,0,0,105.5
"CARLS2_1_CARCT1",2024-11-16 16:00:00,2024-11-16 22:00:00,105.5,710016,2024-11-17,2024-11-17 06:00:00,0,0,105.5
"CARLS2_1_CARCT1",2024-11-17 16:00:00,2024-11-17 22:00:00,105.5,710016,2024-11-18,2024-11-18 06:00:00,0,0,105.5
"CARLS2_1_CARCT1",2024-11-19 16:00:00,2024-11-19 22:00:00,105.5,710016,2024-11-20,2024-11-20 06:00:00,0,0,105.5
"CARLS2_1_CARCT1",2024-11-20 16:00:00,2024-11-20 22:00:00,105.5,710016,2024-11-21,2024-11-21 06:00:00,0,0,105.5
"CARLS2_1_CARCT1",2024-11-21 16:00:00,2024-11-21 22:00:00,105.5,710016,2024-11-22,2024-11-22 06:00:00,0,0,105.5
"CARLS2_1_CARCT1",2024-11-22 16:00:00,2024-11-22 22:00:00,105.5,710016,2024-11-23,2024-11-23 06:00:00,0,0,105.5
"CARLS2_1_CARCT1",2024-11-23 16:00:00,2024-11-23 22:00:00,105.5,710016,2024-11-24,2024-11-24 06:00:00,0,0,105.5
"CARLS2_1_CARCT1",2024-11-24 16:00:00,2024-11-24 22:00:00,105.5,710016,2024-11-25,2024-11-25 06:00:00,0,0,105.5
"CARLS2_1_CARCT1",2024-11-25 16:00:00,2024-11-25 22:00:00,105.5,710016,2024-11-26,2024-11-26 06:00:00,0,0,105.5
"CARLS2_1_CARCT1",2024-11-26 16:00:00,2024-11-26 22:00:00,105.5,710016,2024-11-27,2024-11-27 06:00:00,0,0,105.5
"CARLS2_1_CARCT1",2024-11-27 16:00:00,2024-11-27 22:00:00,105.5,710016,2024-11-28,2024-11-28 06:00:00,0,0,105.5
"CARLS2_1_CARCT1",2024-11-28 16:00:00,2024-11-28 22:00:00,105.5,710016,2024-11-29,2024-11-29 06:00:00,0,0,105.5
"CARLS2_1_CARCT1",2024-11-29 16:00:00,2024-11-29 22:00:00,105.5,710016,2024-11-30,2024-11-30 06:00:00,0,0,105.5
"CARLS2_1_CARCT1",2024-11-30 16:00:00,2024-11-30 22:00:00,105.5,710016,2024-12-01,2024-12-01 06:00:00,0,0,105.5
"CARLS2_1_CARCT1",2024-12-01 16:00:00,2024-12-01 22:00:00,105.5,710016,2024-12-02,2024-12-02 06:00:00,0,0,105.5
"CARLS2_1_CARCT1",2024-12-02 16:00:00,2024-12-02 22:00:00,105.5,710016,2024-12-03,2024-12-03 06:00:00,0,0,105.5
"CARLS2_1_CARCT1",2024-12-03 16:00:00,2024-12-03 22:00:00,105.5,710016,2024-12-04,2024-12-04 06:00:00,0,0,105.5
"CARLS2_1_CARCT1",2024-12-04 16:00:00,2024-12-04 22:00:00,105.5,710016,2024-12-05,2024-12-05 06:00:00,0,0,105.5
"CARLS2_1_CARCT1",2024-12-05 16:00:00,2024-12-05 22:00:00,105.5,710016,2024-12-06,2024-12-06 06:00:00,0,0,105.5
"CARLS2_1_CARCT1",2024-12-06 16:00:00,2024-12-06 22:00:00,105.5,710016,2024-12-07,2024-12-07 06:00:00,0,0,105.5
"CARLS2_1_CARCT1",2024-12-07 16:00:00,2024-12-07 22:00:00,105.5,710016,2024-12-08,2024-12-08 06:00:00,0,0,105.5
"CARLS2_1_CARCT1",2024-12-08 16:00:00,2024-12-08 22:00:00,105.5,710016,2024-12-09,2024-12-09 06:00:00,0,0,105.5
"CARLS2_1_CARCT1",2024-12-09 16:00:00,2024-12-09 22:00:00,105.5,710016,2024-12-10,2024-12-10 06:00:00,0,0,105.5
"CARLS2_1_CARCT1",2024-12-11 16:00:00,2024-12-11 22:00:00,105.5,710016,2024-12-12,2024-12-12 06:00:00,0,0,105.5
"CARLS2_1_CARCT1",2024-12-12 16:00:00,2024-12-12 22:00:00,105.5,710016,2024-12-13,2024-12-13 06:00:00,0,0,105.5
"CARLS2_1_CARCT1",2024-12-13 16:00:00,2024-12-13 22:00:00,105.5,710016,2024-12-14,2024-12-14 06:00:00,0,0,105.5
"CARLS2_1_CARCT1",2024-12-14 16:00:00,2024-12-14 22:00:00,105.5,710016,2024-12-15,2024-12-15 06:00:00,0,0,105.5
"CARLS2_1_CARCT1",2024-12-15 16:00:00,2024-12-15 22:00:00,105.5,710016,2024-12-16,2024-12-16 06:00:00,0,0,105.5
"CARLS2_1_CARCT1",2024-12-16 16:00:00,2024-12-16 22:00:00,105.5,710016,2024-12-17,2024-12-17 06:00:00,0,0,105.5
"CARLS2_1_CARCT1",2024-12-17 16:00:00,2024-12-17 22:00:00,105.5,710016,2024-12-18,2024-12-18 06:00:00,0,0,105.5
"CARLS2_1_CARCT1",2024-12-18 16:00:00,2024-12-18 22:00:00,105.5,710016,2024-12-19,2024-12-19 06:00:00,0,0,105.5
"CARLS2_1_CARCT1",2024-12-19 16:00:00,2024-12-19 22:00:00,105.5,710016,2024-12-20,2024-12-20 06:00:00,0,0,105.5
"CARLS2_1_CARCT1",2024-12-20 16:00:00,2024-12-20 22:00:00,105.5,710016,2024-12-21,2024-12-21 06:00:00,0,0,105.5
"CARLS2_1_CARCT1",2024-12-21 16:00:00,2024-12-21 22:00:00,105.5,710016,2024-12-22,2024-12-22 06:00:00,0,0,105.5
"CARLS2_1_CARCT1",2024-12-22 16:00:00,2024-12-22 22:00:00,105.5,710016,2024-12-23,2024-12-23 06:00:00,0,0,105.5
"CARLS2_1_CARCT1",2024-12-23 16:00:00,2024-12-23 22:00:00,105.5,710016,2024-12-24,2024-12-24 06:00:00,0,0,105.5
"CARLS2_1_CARCT1",2024-12-24 16:00:00,2024-12-24 22:00:00,105.5,710016,2024-12-25,2024-12-25 06:00:00,0,0,105.5
"CARLS2_1_CARCT1",2024-12-25 16:00:00,2024-12-25 22:00:00,105.5,710016,2024-12-26,2024-12-26 06:00:00,0,0,105.5
"CARLS2_1_CARCT1",2024-12-26 16:00:00,2024-12-26 22:00:00,105.5,710016,2024-12-27,2024-12-27 06:00:00,0,0,105.5
"CARLS2_1_CARCT1",2024-12-27 16:00:00,2024-12-27 22:00:00,105.5,710016,2024-12-28,2024-12-28 06:00:00,0,0,105.5
"CARLS2_1_CARCT1",2024-12-28 16:00:00,2024-12-28 22:00:00,105.5,710016,2024-12-29,2024-12-29 06:00:00,0,0,105.5
"CARLS2_1_CARCT1",2024-12-29 16:00:00,2024-12-29 22:00:00,105.5,710016,2024-12-30,2024-12-30 06:00:00,0,0,105.5
"CARLS2_1_CARCT1",2024-12-30 16:00:00,2024-12-30 22:00:00,105.5,710016,2024-12-31,2024-12-31 06:00:00,0,0,105.5
"CASCES_6_CESBT1",2023-06-29 14:00:00,2023-06-29 16:59:00,25,591854,2023-06-29 21:00:00,2023-06-30 05:00:00,0,301,26.65
"CASCES_6_CESBT1",2023-07-23 13:00:00,2023-07-23 16:59:00,25,591854,2023-07-23 20:00:00,2023-07-24 06:00:00,0,361,26.65
"CASCES_6_CESBT1",2023-09-30 12:00:00,2023-09-30 16:59:00,25,591854,2023-09-30 19:00:00,2023-10-01 07:00:00,0,421,26.65
"CASCES_6_CESBT1",2023-10-03 12:00:00,2023-10-03 16:59:00,25,591854,2023-10-03 19:00:00,2023-10-04 07:00:00,0,421,26.65
"CASCES_6_CESBT1",2023-10-06 12:00:00,2023-10-06 16:59:00,25,591854,2023-10-06 19:00:00,2023-10-07 07:00:00,0,421,26.65
"CASCES_6_CESBT1",2023-10-09 12:00:00,2023-10-09 16:59:00,25,591854,2023-10-09 19:00:00,2023-10-10 07:00:00,0,421,26.65
"CASCES_6_CESBT1",2023-10-15 12:00:00,2023-10-15 16:59:00,25,591854,2023-10-15 19:00:00,2023-10-16 07:00:00,0,421,26.65
"CASCES_6_CESBT1",2023-10-18 12:00:00,2023-10-18 16:59:00,25,591854,2023-10-18 19:00:00,2023-10-19 07:00:00,0,421,26.65
"CASCES_6_CESBT1",2023-10-24 12:00:00,2023-10-24 16:59:00,25,591854,2023-10-24 19:00:00,2023-10-25 07:00:00,0,421,26.65
"CASCES_6_CESBT1",2023-10-27 12:00:00,2023-10-27 16:59:00,25,591854,2023-10-27 19:00:00,2023-10-28 07:00:00,0,421,26.65
"CASCES_6_CESBT1",2023-10-30 12:00:00,2023-10-30 16:59:00,25,591854,2023-10-30 19:00:00,2023-10-31 07:00:00,0,421,26.65
"CASCES_6_CESBT1",2023-11-02 12:00:00,2023-11-02 16:59:00,25,591854,2023-11-02 19:00:00,2023-11-03 07:00:00,0,421,26.65
"CASCES_6_CESBT1",2023-11-04 12:00:00,2023-11-05 05:00:00,25,591854,2023-11-04 19:00:00,2023-11-06 06:00:00,0,1020,26.65
"CASCES_6_CESBT1",2024-06-09 14:03:00,2024-06-09 16:00:00,25,591854,2024-06-09 21:00:00,2024-06-10 05:00:00,-3,360,26.65
"CATLNA_2_SOLAR",2024-07-15 14:00:00,2024-07-15 22:00:00,110,143349,2024-07-15 21:00:00,2024-07-16 05:00:00,0,0,131
"CATLNA_2_SOLAR",2024-07-16 14:00:00,2024-07-16 22:00:00,110,143349,2024-07-16 21:00:00,2024-07-17 05:00:00,0,0,131
"CATLNA_2_SOLAR",2024-07-17 14:00:00,2024-07-17 22:00:00,110,143349,2024-07-17 21:00:00,2024-07-18 05:00:00,0,0,131
"CATLNA_2_SOLAR",2024-07-18 14:00:00,2024-07-18 22:00:00,110,143349,2024-07-18 21:00:00,2024-07-19 05:00:00,0,0,131
"CEDUCR_2_SOLAR1",2023-10-26 11:00:00,2023-10-27 03:00:00,20,933839,2023-10-26 18:00:00,2023-11-01 18:00:00,0,7680,20
"CENTPD_2_BMSX2",2023-06-02 15:00:00,2023-06-03 03:00:00,112,331013,2023-06-02 22:00:00,2023-06-03 14:00:00,0,240,100
"CENTPD_2_BMSX2",2023-06-04 15:00:00,2023-06-05 04:00:00,112,331013,2023-06-04 22:00:00,2023-06-05 14:00:00,0,180,100
"CENTPD_2_BMSX2",2023-06-05 15:00:00,2023-06-06 03:10:00,112,331013,2023-06-05 22:00:00,2023-06-06 14:00:00,0,230,100
"CENTPD_2_BMSX2",2023-06-06 15:00:00,2023-06-07 04:00:00,112,331013,2023-06-06 22:00:00,2023-06-07 14:00:00,0,180,100
"CENTPD_2_BMSX2",2023-06-07 15:00:00,2023-06-08 03:00:00,112,331013,2023-06-07 22:00:00,2023-06-08 14:00:00,0,240,100
"CENTPD_2_BMSX2",2023-06-08 15:00:00,2023-06-09 03:07:00,112,331013,2023-06-08 22:00:00,2023-06-09 14:00:00,0,233,100
"CENTPD_2_BMSX2",2023-06-09 15:00:00,2023-06-10 01:59:00,112,331013,2023-06-09 22:00:00,2023-06-10 14:00:00,0,301,100
"CENTPD_2_BMSX2",2023-06-10 15:00:00,2023-06-11 01:49:00,112,331013,2023-06-10 22:00:00,2023-06-11 14:00:00,0,311,100
"CENTPD_2_BMSX2",2023-09-14 15:00:00,2023-09-15 02:00:00,112,331013,2023-09-14 22:00:00,2023-09-15 14:00:00,0,300,100
"CENTRY_6_PL1X4",2024-04-30 17:01:00,2024-05-01 15:00:00,41.4,374311,2024-05-01,2024-05-06 19:00:00,-1,7020,40
"CHESTN_2_CHWBX2",2024-01-11,2024-01-11 05:00:00,135,387388,2024-01-11 08:00:00,2024-01-11 20:00:00,0,420,121
"CHESTN_2_CHWBX2",2024-01-24 02:00:00,2024-01-24 03:32:00,135,387388,2024-01-24 10:00:00,2024-01-24 15:00:00,0,208,121
"CHEVCD_6_UNIT",2023-04-12 01:00:00,2023-04-12 02:07:00,11.5,108072,2023-04-12 08:00:00,2023-04-13,0,893,16.8
"CHEVCO_6_UNIT 2",2024-05-29,2024-05-29 18:30:00,8.5,156654,2024-05-29 07:00:00,2024-05-30 06:00:00,0,270,280
"CHEVMN_2_UNITS",2024-09-15 22:55:00,2024-09-16 00:05:00,124.87,131943,2024-09-16 06:00:00,2024-09-16 22:00:00,5,895,150
"CHEVMN_2_UNITS",2024-11-30 16:00:00,2024-12-01 03:16:00,124.87,131943,2024-12-01,2025-01-01,0,43964,150
"CHILLS_7_UNITA1",2024-04-14 23:00:00,2024-04-16 11:00:00,2.25,650703,2024-04-15 06:00:00,2024-04-16 18:00:00,0,0,2
"CHINO_2_PESBT1",2023-08-05 17:00:00,2023-08-06 01:00:00,20,262439,2023-08-06,2023-08-06 16:00:00,0,480,18
"CHINO_6_CIMGEN",2024-11-04 23:00:00,2024-11-05 07:49:00,26,194982,2024-11-05 07:00:00,2024-11-06 06:00:00,0,851,35
"CHWCHL_1_AVSSR1",2024-09-02 23:00:00,2024-09-03 12:00:00,2.56,126447,2024-09-03 06:00:00,2024-09-03 22:00:00,0,180,1
"CHWCHL_1_AVSSR1",2024-09-08 23:00:00,2024-09-09 12:00:00,2.56,126447,2024-09-09 06:00:00,2024-09-09 22:00:00,0,180,1
"CHWCHL_1_AVSSR2",2024-10-12 23:00:00,2024-10-15 12:00:00,5,818615,2024-10-13 06:00:00,2025-01-10,0,124140,5
"CHWCHL_1_UNIT",2023-03-17,2023-03-17 01:00:00,48.6,142017,2023-03-17 07:00:00,2023-03-17 09:00:00,0,60,50
"CLINESCO_3_WBDYN",2023-02-22 11:00:00,2023-02-22 15:00:00,194.28,199332,2023-02-22 19:00:00,2023-02-25 05:00:00,0,3240,200
"CLOVER_2_UNIT",2023-07-27 04:00:00,2023-07-27 07:00:00,0.99,179841,2023-07-27 11:00:00,2023-07-27 16:00:00,0,120,1
"CLOVER_2_UNIT",2024-10-14 14:00:00,2024-10-14 23:18:00,0.99,179841,2024-10-14 21:00:00,2024-10-15 07:00:00,0,42,1
"CLRMNT_6_CLEBT1",2024-04-11,2024-04-11 09:10:00,9,561157,2024-04-11 07:00:00,2024-04-11 22:00:00,0,350,40
"CMBLND_2_DS2SR2",2024-07-14 23:00:00,2024-07-15,65,418080,2024-07-15 06:00:00,2024-07-15 07:00:00,0,0,65
"CMBLND_2_DS2SR2",2024-10-07 10:00:00,2024-10-07 12:00:00,65,418080,2024-10-07 17:00:00,2024-10-08 06:00:00,0,660,65
"CNTNLA_2_SOLAR2",2023-07-11 13:00:00,2023-07-11 22:30:00,45.6,180457,2023-07-11 20:00:00,2023-07-12 06:00:00,0,30,40
"CNTNLA_2_SOLAR2",2023-07-13 13:00:00,2023-07-13 22:30:00,45.6,180457,2023-07-13 20:00:00,2023-07-14 06:00:00,0,30,40
"CNTNLA_2_SOLAR2",2024-03-17 12:00:00,2024-03-17 23:00:00,45.6,180457,2024-03-17 19:00:00,2024-03-18 07:00:00,0,60,40
"CNTNLA_2_SOLAR2",2024-05-28 13:00:00,2024-05-28 21:30:00,45.6,180457,2024-05-28 20:00:00,2024-05-29 06:00:00,0,90,40
"CNTNLA_2_SOLAR2",2024-05-29 13:00:00,2024-05-29 21:30:00,45.6,180457,2024-05-29 20:00:00,2024-05-30 06:00:00,0,90,40
"CNTNLA_2_SOLAR2",2024-09-17 12:00:00,2024-09-17 22:33:00,45.6,180457,2024-09-17 19:00:00,2024-09-18 06:00:00,0,27,40
"COCOPP_2_CTG1",2023-03-20 17:01:00,2023-03-21 05:00:00,204.2,524669,2023-03-21,2023-03-21 18:00:00,-1,360,242
"COCOPP_2_CTG1",2024-02-21 16:00:00,2024-02-21 20:00:00,204.2,524669,2024-02-22,2024-02-22 16:00:00,0,720,242
"COCOPP_2_CTG4",2023-05-06,2023-05-06 11:43:00,204.29,977347,2023-05-06 07:00:00,2023-05-06 20:00:00,0,77,190
"COCOPP_2_CTG4",2024-07-22 23:00:00,2024-07-23 06:20:00,204.29,977347,2024-07-23 06:00:00,2024-07-23 22:00:00,0,520,190
"COCOSB_6_SOLAR",2023-01-04 23:00:00,2023-01-05 09:00:00,1.5,447809,2023-01-05 07:00:00,2023-01-05 23:00:00,0,360,100
"COLEMN_2_UNIT",2024-07-15,2024-07-15 04:00:00,13,152702,2024-07-15 07:00:00,2024-07-15 11:00:00,0,0,10
"COLGNS_2_CNSSR1",2023-01-17 09:00:00,2023-01-17 15:00:00,74.8,234172,2023-01-17 17:00:00,2023-01-18 07:00:00,0,480,74
"COLGNS_2_CNSSR1",2023-01-24 09:01:00,2023-01-24 15:59:00,74.8,234172,2023-01-24 17:00:00,2023-01-25 07:00:00,-1,421,74
"COLGNS_2_CNSSR1",2023-01-25 09:00:00,2023-01-25 15:00:00,74.8,234172,2023-01-25 17:00:00,2023-01-26 07:00:00,0,480,74
"COLGNS_2_CNSSR1",2023-01-26 09:00:00,2023-01-26 14:01:00,74.8,234172,2023-01-26 17:00:00,2023-01-27 07:00:00,0,539,74
"COLGNS_2_CNSSR1",2023-02-27 09:00:00,2023-02-27 15:59:00,74.8,234172,2023-02-27 17:00:00,2023-02-28 06:00:00,0,361,74
"COLGNS_2_CNSSR1",2023-02-28 09:00:00,2023-02-28 13:29:00,74.8,234172,2023-02-28 17:00:00,2023-03-01 06:00:00,0,511,74
"COLGNS_2_CNSSR1",2023-09-20 12:00:00,2023-09-20 16:59:00,74.8,234172,2023-09-20 19:00:00,2023-09-21 07:00:00,0,421,74
"COLGNS_2_CNSSR1",2024-07-10 13:00:00,2024-07-10 21:47:00,74.8,234172,2024-07-10 20:00:00,2024-07-11 06:00:00,0,73,74
"COLGNS_2_CNSSR1",2024-12-19 09:00:00,2024-12-19 21:00:00,74.8,234172,2024-12-19 17:00:00,2024-12-20 07:00:00,0,120,74
"COLPIN_6_COLLNS",2024-10-25 13:00:00,2024-10-25 15:00:00,3.3,102551,2024-10-25 20:00:00,2024-10-28 16:00:00,0,3960,0.99
"COLTON_6_AGUAM1",2024-09-30 16:59:00,2024-10-11 16:00:00,43,328642,2024-10-01,2024-11-01,1,28860,46
"COLVIL_7_PL1X2",2023-09-29 22:00:00,2023-09-30 11:55:00,246.86,201370,2023-09-30 05:00:00,2023-09-30 20:00:00,0,65,246.86
"CONTRL_1_CASAD3",2023-05-03 13:05:00,2023-05-03 20:00:00,14,261146,2023-05-03 20:00:00,2023-05-04 06:00:00,-5,180,13.6
"CONTRL_1_LUNDY",2023-02-28 15:59:00,2023-02-28 16:00:00,3,991404,2023-03-01,2023-03-01 04:00:00,1,240,1.65
"CONTRL_1_LUNDY",2023-03-31 16:59:00,2023-04-05 09:35:00,3,991404,2023-04-01,2023-06-28,1,119965,1.65
"CONTRL_1_RUSHCK",2023-08-23 02:00:00,2023-08-23 04:00:00,11.94,691663,2023-08-23 09:00:00,2023-08-23 16:00:00,0,300,12.19
"CONTRL_1_RUSHCK",2023-10-16 01:00:00,2023-10-17 08:30:00,11.94,691663,2023-10-16 08:00:00,2023-10-19,0,1950,12.19
"CONTRL_1_RUSHCK",2024-06-19 23:00:00,2024-06-20 08:00:00,12.19,691663,2024-06-20 06:00:00,2024-06-20 20:00:00,0,300,12.19
"CONTRL_1_RUSHCK",2024-07-30 01:00:00,2024-08-02 10:40:00,12.19,691663,2024-07-30 08:00:00,2024-08-03 17:00:00,0,1400,12.19
"CONTRL_1_RUSHCK",2024-09-10,2024-09-10 08:22:00,12.19,691663,2024-09-10 07:00:00,2024-09-10 16:00:00,0,38,12.19
"COPMTN_2_CM10",2023-11-30 12:00:00,2023-11-30 22:00:00,10,163531,2023-11-30 20:00:00,2023-12-08 05:00:00,0,10020,10
"CORCAN_1_SOLAR2",2024-11-06 12:00:00,2024-11-06 20:00:00,11,136331,2024-11-06 20:00:00,2024-11-07 18:00:00,0,840,1.15
"COTTLE_2_FRNKNH",2024-10-18 01:00:00,2024-10-18 01:30:00,5.3,842570,2024-10-18 08:00:00,2024-10-18 18:00:00,0,570,5
"COVERD_2_MCKHY1",2024-06-30 17:00:00,2024-11-30 16:00:00,2.8,705820,2024-07-01,NA,0,NA,1
"COVERD_2_QFUNTS",2023-05-15,2023-05-20 10:07:00,5.5,103147,2023-05-15 07:00:00,2023-05-24 11:00:00,0,5393,5.9
"COWCRK_2_UNIT",2024-05-10 16:59:00,2024-09-29 22:00:00,2,521760,2024-05-11,2024-10-22 06:00:00,1,31740,50
"CRELMN_6_AABBT1",2024-05-15 13:00:00,2024-05-15 15:32:00,0.47,186633,2024-05-15 20:00:00,2024-05-16 18:00:00,0,1168,0.45
"CRESTA_7_PL1X2",2024-01-15 16:00:00,2024-01-15 20:00:00,70.4,179949,2024-01-16,2024-01-16 04:00:00,0,0,26
"CRESTA_7_PL1X2",2024-01-16 01:00:00,2024-01-16 05:00:00,70.4,179949,2024-01-16 09:00:00,2024-01-16 13:00:00,0,0,26
"CRESTA_7_PL1X2",2024-01-16 17:00:00,2024-01-16 21:00:00,70.4,179949,2024-01-17 01:00:00,2024-01-17 05:00:00,0,0,26
"CRESTA_7_PL1X2",2024-06-27 03:00:00,2024-06-27 08:00:00,70.4,179949,2024-06-27 10:00:00,2024-06-27 15:00:00,0,0,26
"CRESTA_7_PL1X2",2024-06-28 02:00:00,2024-06-28 07:00:00,70.4,179949,2024-06-28 09:00:00,2024-06-28 14:00:00,0,0,26
"CRESTA_7_PL1X2",2024-07-05 03:00:00,2024-07-05 05:00:00,70.4,179949,2024-07-05 10:00:00,2024-07-05 12:00:00,0,0,26
"CRESTA_7_PL1X2",2024-07-08 02:00:00,2024-07-08 06:00:00,70.4,179949,2024-07-08 09:00:00,2024-07-08 13:00:00,0,0,26
"CRESTA_7_PL1X2",2024-07-08 19:00:00,2024-07-08 22:00:00,70.4,179949,2024-07-09 02:00:00,2024-07-09 05:00:00,0,0,26
"CRESTA_7_PL1X2",2024-07-09 01:00:00,2024-07-09 06:00:00,70.4,179949,2024-07-09 08:00:00,2024-07-09 13:00:00,0,0,26
"CRESTA_7_PL1X2",2024-07-10 01:00:00,2024-07-10 03:00:00,70.4,179949,2024-07-10 08:00:00,2024-07-10 10:00:00,0,0,26
"CRESTA_7_PL1X2",2024-07-11 01:00:00,2024-07-11 06:00:00,70.4,179949,2024-07-11 08:00:00,2024-07-11 13:00:00,0,0,26
"CRESTA_7_PL1X2",2024-07-12 10:00:00,2024-07-12 12:00:00,70.4,179949,2024-07-12 17:00:00,2024-07-12 19:00:00,0,0,26
"CRESTA_7_PL1X2",2024-07-12 13:00:00,2024-07-12 14:00:00,70.4,179949,2024-07-12 20:00:00,2024-07-12 21:00:00,0,0,26
"CRESTA_7_PL1X2",2024-07-31 01:00:00,2024-07-31 05:00:00,70.4,179949,2024-07-31 08:00:00,2024-07-31 13:00:00,0,60,26
"CRESTA_7_PL1X2",2024-08-02 01:00:00,2024-08-02 05:00:00,70.4,179949,2024-08-02 08:00:00,2024-08-02 12:00:00,0,0,26
"CRESTA_7_PL1X2",2024-08-04 01:00:00,2024-08-04 05:00:00,70.4,179949,2024-08-04 08:00:00,2024-08-04 12:00:00,0,0,26
"CRESTA_7_PL1X2",2024-08-05 02:00:00,2024-08-05 06:00:00,70.4,179949,2024-08-05 09:00:00,2024-08-05 13:00:00,0,0,26
"CRESTA_7_PL1X2",2024-08-06 01:00:00,2024-08-06 05:00:00,70.4,179949,2024-08-06 08:00:00,2024-08-06 12:00:00,0,0,26
"CRESTA_7_PL1X2",2024-09-20 17:00:00,2024-09-20 23:00:00,70.4,179949,2024-09-21,2024-09-21 08:00:00,0,120,26
"CRESTA_7_PL1X2",2024-09-22 01:00:00,2024-09-22 09:00:00,70.4,179949,2024-09-22 08:00:00,2024-09-22 16:00:00,0,0,26
"CRESTA_7_PL1X2",2024-09-23 01:00:00,2024-09-23 09:00:00,70.4,179949,2024-09-23 08:00:00,2024-09-23 16:00:00,0,0,26
"CRESTA_7_PL1X2",2024-09-25 01:00:00,2024-09-25 10:00:00,70.4,179949,2024-09-25 08:00:00,2024-09-25 17:00:00,0,0,26
"CRESTA_7_PL1X2",2024-09-26 01:00:00,2024-09-26 09:00:00,70.4,179949,2024-09-26 08:00:00,2024-09-26 16:00:00,0,0,26
"CRESTA_7_PL1X2",2024-09-27 01:00:00,2024-09-27 09:00:00,70.4,179949,2024-09-27 08:00:00,2024-09-27 16:00:00,0,0,26
"CRESTA_7_PL1X2",2024-09-27 18:00:00,2024-09-27 19:00:00,70.4,179949,2024-09-28 01:00:00,2024-09-28 03:00:00,0,60,26
"CRESTA_7_PL1X2",2024-09-30 03:00:00,2024-09-30 09:00:00,70.4,179949,2024-09-30 10:00:00,2024-09-30 16:00:00,0,0,26
"CRESTA_7_PL1X2",2024-10-04 19:00:00,2024-10-05 01:00:00,70.4,179949,2024-10-05 02:00:00,2024-10-05 08:00:00,0,0,26
"CRESTA_7_PL1X2",2024-10-05 03:00:00,2024-10-05 08:00:00,70.4,179949,2024-10-05 10:00:00,2024-10-05 15:00:00,0,0,26
"CRESTA_7_PL1X2",2024-10-05 20:00:00,2024-10-06 06:00:00,70.4,179949,2024-10-06 03:00:00,2024-10-06 13:00:00,0,0,26
"CRESTA_7_PL1X2",2024-10-06 19:00:00,2024-10-06 23:00:00,70.4,179949,2024-10-07 02:00:00,2024-10-07 06:00:00,0,0,26
"CRESTA_7_PL1X2",2024-10-07,2024-10-07 08:00:00,70.4,179949,2024-10-07 07:00:00,2024-10-07 15:00:00,0,0,26
"CRESTA_7_PL1X2",2024-10-07 17:00:00,2024-10-08 09:00:00,70.4,179949,2024-10-08,2024-10-08 16:00:00,0,0,26
"CRESTA_7_PL1X2",2024-10-10 01:00:00,2024-10-10 09:00:00,70.4,179949,2024-10-10 08:00:00,2024-10-10 16:00:00,0,0,26
"CRESTA_7_PL1X2",2024-10-10 17:00:00,2024-10-10 23:00:00,70.4,179949,2024-10-11,2024-10-11 06:00:00,0,0,26
"CRESTA_7_PL1X2",2024-10-11 01:00:00,2024-10-11 08:00:00,70.4,179949,2024-10-11 08:00:00,2024-10-11 15:00:00,0,0,26
"CRIMSN_2_CRMBT1",2023-09-18 16:00:00,2023-09-18 22:00:00,200,164836,2023-09-18 23:00:00,2023-09-19 05:00:00,0,0,204
"CRIMSN_2_CRMBT1",2023-09-27 17:04:00,2023-09-27 18:12:00,200,164836,2023-09-28,2023-09-28 05:00:00,-4,228,204
"CRIMSN_2_CRMBT1",2023-11-15 14:03:00,2023-11-15 15:59:00,200,164836,2023-11-15 22:00:00,2023-11-16 11:00:00,-3,661,204
"CRIMSN_2_CRMBT1",2023-11-21 16:00:00,2023-11-21 19:00:00,200,164836,2023-11-22,2023-11-23 06:00:00,0,1620,204
"CRIMSN_2_CRMBT1",2024-05-28 17:00:00,2024-05-28 21:10:00,200,164836,2024-05-29,2024-05-29 06:00:00,0,110,204
"CRIMSN_2_CRMBT1",2024-08-27 14:57:00,2024-08-27 16:59:00,200,164836,2024-08-27 22:00:00,2024-08-28 17:00:00,3,1021,204
"CRIMSN_2_CRMBT1",2024-12-16 16:00:00,2024-12-16 20:00:00,200,164836,2024-12-17,2024-12-17 15:00:00,0,660,204
"CRNEVL_6_CRNVA",2023-04-17,2023-04-17 01:30:00,0.9,313257,2023-04-17 07:00:00,2023-04-17 20:00:00,0,690,1
"CRNEVL_6_SJQN 2",2023-01-29 04:01:00,2023-01-30 08:40:00,3.2,881550,2023-01-29 12:00:00,2023-02-02 19:00:00,-1,4460,1
"CRSTWD_6_KUMYAY",2024-04-12 09:00:00,2024-04-12 10:36:00,50,113238,2024-04-12 16:00:00,2024-04-13 10:00:00,0,984,40
"CSCCOG_1_UNIT 1",2023-08-11 17:00:00,2023-08-19 16:59:00,7,164427,2023-08-12,2023-08-22 18:00:00,0,3961,7
"CSCCOG_1_UNIT 1",2023-11-10 16:00:00,2024-09-12 02:25:00,7,164427,2023-11-11,NA,0,NA,7
"CSTRVL_7_PL1X2",2024-10-20 09:00:00,2024-10-20 22:00:00,4.53,352258,2024-10-20 16:00:00,2024-10-26 13:00:00,0,7680,15
"CUMBIA_1_SOLAR",2023-09-29 23:00:00,2023-10-01 10:00:00,19,103700,2023-09-30 06:00:00,2023-10-07 03:00:00,0,7800,42
"CUYAMS_6_CUYSR1",2023-09-12 13:01:00,2023-09-12 22:00:00,40,685873,2023-09-12 20:00:00,2023-09-13 06:00:00,-1,60,40
"CUYAMS_6_CUYSR1",2023-09-13 13:01:00,2023-09-13 21:00:00,40,685873,2023-09-13 20:00:00,2023-09-14 06:00:00,-1,120,40
"CUYAMS_6_CUYSR1",2023-10-25 13:01:00,2023-10-25 22:00:00,40,685873,2023-10-25 20:00:00,2023-10-26 07:00:00,-1,120,40
"CUYAMS_6_CUYSR1",2023-10-26 13:01:00,2023-10-26 18:30:00,40,685873,2023-10-26 20:00:00,2023-10-27 06:00:00,-1,270,40
"CUYAMS_6_CUYSR1",2023-10-27 13:01:00,2023-10-27 22:00:00,40,685873,2023-10-27 20:00:00,2023-10-28 07:00:00,-1,120,40
"DEADCK_1_UNIT",2023-08-31 17:00:00,2023-11-14 16:00:00,1.96,193888,2023-09-01,NA,0,NA,5.75
"DELSUR_6_SOLAR1",2024-05-15 10:04:00,2024-05-15 10:48:00,6.5,735117,2024-05-15 17:00:00,2024-05-17 08:00:00,-4,2292,9
"DEVERS_1_SOLAR",2024-11-20 22:00:00,2024-11-21 02:30:00,18.5,254645,2024-11-21 06:00:00,2024-11-21 22:00:00,0,690,18
"DEVERS_1_SOLAR1",2023-02-27 11:00:00,2023-02-27 23:00:00,12,186631,2023-02-27 19:00:00,2023-02-28 07:00:00,0,0,13.5
"DEVERS_1_SOLAR2",2024-02-27 11:00:00,2024-02-27 23:00:00,9,155548,2024-02-27 19:00:00,2024-02-28 18:00:00,0,660,0.73
"DEVERS_1_SOLAR2",2024-02-28 11:00:00,2024-02-28 23:00:00,9,155548,2024-02-28 19:00:00,2024-02-29 18:00:00,0,660,0.73
"DEVERS_1_SOLAR2",2024-02-29 11:00:00,2024-02-29 23:00:00,9,155548,2024-02-29 19:00:00,2024-03-20 16:00:00,0,27900,0.73
"DEVERS_2_DHSPG2",2023-08-11 08:02:00,2023-08-12 01:30:00,1.4,423784,2023-08-11 15:00:00,2023-08-13 12:00:00,-2,1650,100
"DEXZEL_1_UNIT",2024-10-31 17:00:00,2024-11-30 15:59:00,20,185773,2024-11-01,2024-12-01,0,1,20
"DISCOV_1_CHEVRN",2023-11-07 23:00:00,2023-11-08 07:39:00,48.8,623125,2023-11-08 07:00:00,2023-11-08 23:00:00,0,441,50
"DOSPAL_1_DPSSR1",2024-12-02 03:00:00,2024-12-02 07:14:00,3,622149,2024-12-02 11:00:00,2024-12-04 16:00:00,0,2926,375
"DRACKR_2_D4SR4B",2024-07-15 22:00:00,2024-07-15 22:20:00,62.5,420763,2024-07-16 05:00:00,2024-07-16 17:00:00,0,700,40
"DRACKR_2_D4SR4B",2024-10-29,2024-10-29 09:00:00,62.5,420763,2024-10-29 07:00:00,2024-10-29 17:00:00,0,60,40
"DRACKR_2_DS3SR3",2023-12-20 14:00:00,2023-12-20 21:00:00,125,950113,2023-12-20 22:00:00,2023-12-21 05:00:00,0,0,200
"DRACKR_2_DS3SR3",2024-10-29,2024-10-29 09:00:00,125,950113,2024-10-29 07:00:00,2024-10-31,0,1920,200
"DRACKR_2_DSUBT3",2023-03-12 11:58:00,2023-03-12 13:32:00,115,701361,2023-03-12 19:00:00,2023-03-13 07:00:00,2,628,102
"DRACKR_2_DSUBT3",2023-10-12 14:00:00,2023-10-12 15:00:00,115,701361,2023-10-12 21:00:00,2023-10-13 07:00:00,0,540,102
"DSABLA_7_UNIT",2023-05-06,2023-05-06 10:11:00,18.5,174396,2023-05-06 07:00:00,2023-05-08 02:00:00,0,1969,7.42
"DSRTSL_2_SOLAR1",2023-05-11 13:00:00,2023-05-11 22:00:00,296.19,723063,2023-05-11 20:00:00,2023-05-12 05:00:00,0,0,250
"DSRTSL_2_SOLAR1",2023-05-12 13:00:00,2023-05-12 22:00:00,296.19,723063,2023-05-12 20:00:00,2023-05-13 05:00:00,0,0,250
"DSRTSN_2_DS2BX2",2024-04-15 15:00:00,2024-04-15 22:52:00,230,296736,2024-04-15 22:00:00,2024-04-17 06:00:00,0,1448,165.9
"DSRTSN_2_DS2BX2",2024-07-11 14:58:00,2024-07-11 15:04:00,230,296736,2024-07-11 22:00:00,2024-07-12 06:00:00,2,476,165.9
"DSRTSN_2_DS2X2",2024-06-16 17:00:00,2024-06-16 17:34:00,230,132494,2024-06-17,2024-06-18 18:00:00,0,2486,242
"DSRTSN_2_DS2X2",2024-08-17 15:05:00,2024-08-17 15:36:00,230,132494,2024-08-17 22:00:00,2024-08-18 16:00:00,-5,1044,242
"DSRTSN_2_DS2X2",2024-12-21 14:00:00,2024-12-21 16:20:00,230,132494,2024-12-21 22:00:00,2025-01-04 17:00:00,0,19720,242
"DSRTSN_2_SOLAR1",2023-04-01 14:02:00,2023-04-01 16:40:00,300,525717,2023-04-01 21:00:00,2023-04-03 15:00:00,-2,2360,288
"DSRTSN_2_SOLAR2",2024-10-02 14:00:00,2024-10-02 21:51:00,250,611852,2024-10-02 21:00:00,2024-10-03 07:00:00,0,129,150
"DTCHWD_2_BT4WND",2023-03-09,2023-03-09 07:00:00,6.52,136437,2023-03-09 08:00:00,2023-03-09 15:00:00,0,0,2.09
"DUANE_1_PL1X3",2023-03-03 16:00:00,2023-03-30 07:00:00,147.8,514544,2023-03-04,2023-03-30 16:00:00,0,120,147.8
"DUANE_1_PL1X3",2023-10-31 17:00:00,2023-11-10 08:00:00,147.8,514544,2023-11-01,2023-11-10 16:00:00,0,0,147.8
"DUANE_1_PL1X3",2024-02-29 16:00:00,2024-03-31 16:59:00,147.8,514544,2024-03-01,2024-04-03 08:00:00,0,3361,147.8
"DUANE_1_PL1X3",2024-04-05 13:00:00,2024-04-05 16:59:00,147.8,514544,2024-04-05 20:00:00,2024-04-06 09:00:00,0,541,147.8
"DUANE_1_PL1X3",2024-04-07 13:00:00,2024-04-07 16:59:00,147.8,514544,2024-04-07 20:00:00,2024-04-08 09:00:00,0,541,147.8
"DUANE_1_PL1X3",2024-11-01 17:00:00,2024-11-15 15:59:00,147.8,514544,2024-11-02,2024-11-18 23:00:00,0,4261,147.8
"DUTCH1_7_UNIT 1",2023-01-26,2023-01-26 04:00:00,22,844001,2023-01-26 08:00:00,2023-01-26 12:00:00,0,0,18.8
"DUTCH1_7_UNIT 1",2023-01-30,2023-01-30 08:00:00,22,844001,2023-01-30 08:00:00,2023-01-30 16:00:00,0,0,18.8
"DUTCH1_7_UNIT 1",2023-01-31 01:00:00,2023-01-31 08:00:00,22,844001,2023-01-31 09:00:00,2023-01-31 16:00:00,0,0,18.8
"DUTCH1_7_UNIT 1",2023-02-01 01:00:00,2023-02-01 08:00:00,22,844001,2023-02-01 09:00:00,2023-02-01 16:00:00,0,0,18.8
"DUTCH1_7_UNIT 1",2023-02-02 01:00:00,2023-02-02 08:00:00,22,844001,2023-02-02 09:00:00,2023-02-02 16:00:00,0,0,18.8
"DUTCH1_7_UNIT 1",2023-02-03 01:00:00,2023-02-03 08:00:00,22,844001,2023-02-03 09:00:00,2023-02-03 16:00:00,0,0,18.8
"DUTCH1_7_UNIT 1",2023-02-04 01:00:00,2023-02-04 08:00:00,22,844001,2023-02-04 09:00:00,2023-02-04 16:00:00,0,0,18.8
"DUTCH1_7_UNIT 1",2023-02-05 01:00:00,2023-02-05 08:00:00,22,844001,2023-02-05 09:00:00,2023-02-05 16:00:00,0,0,18.8
"DUTCH1_7_UNIT 1",2023-03-09 03:00:00,2023-03-09 08:00:00,22,844001,2023-03-09 11:00:00,2023-03-09 16:00:00,0,0,18.8
"DUTCH1_7_UNIT 1",2023-03-13,2023-04-12 04:47:00,22,844001,2023-03-13 07:00:00,2023-04-13,0,733,18.8
"DUTCH1_7_UNIT 1",2023-05-08 02:00:00,2023-05-08 03:00:00,22,844001,2023-05-08 09:00:00,2023-05-08 10:00:00,0,0,18.8
"DUTCH1_7_UNIT 1",2023-06-25 17:00:00,2023-06-30 12:00:00,22,844001,2023-06-26,2023-06-30 19:00:00,0,0,18.8
"DUTCH1_7_UNIT 1",2023-07-02,2023-07-02 04:00:00,22,844001,2023-07-02 07:00:00,2023-07-02 11:00:00,0,0,18.8
"DUTCH1_7_UNIT 1",2023-07-03,2023-07-03 04:00:00,22,844001,2023-07-03 07:00:00,2023-07-03 11:00:00,0,0,18.8
"DUTCH1_7_UNIT 1",2023-08-02 02:00:00,2023-08-02 04:00:00,22,844001,2023-08-02 09:00:00,2023-08-02 11:00:00,0,0,18.8
"DUTCH1_7_UNIT 1",2023-08-03 04:00:00,2023-08-03 07:00:00,22,844001,2023-08-03 11:00:00,2023-08-03 14:00:00,0,0,18.8
"DUTCH1_7_UNIT 1",2023-08-04 04:00:00,2023-08-04 07:00:00,22,844001,2023-08-04 11:00:00,2023-08-04 14:00:00,0,0,18.8
"DUTCH1_7_UNIT 1",2023-08-05 04:00:00,2023-08-05 07:00:00,22,844001,2023-08-05 11:00:00,2023-08-05 14:00:00,0,0,18.8
"DUTCH1_7_UNIT 1",2023-08-06 04:00:00,2023-08-06 07:00:00,22,844001,2023-08-06 11:00:00,2023-08-06 14:00:00,0,0,18.8
"DUTCH1_7_UNIT 1",2023-08-07 04:00:00,2023-08-07 07:00:00,22,844001,2023-08-07 11:00:00,2023-08-07 14:00:00,0,0,18.8
"DUTCH1_7_UNIT 1",2023-08-08 04:00:00,2023-08-08 07:00:00,22,844001,2023-08-08 11:00:00,2023-08-08 14:00:00,0,0,18.8
"DUTCH1_7_UNIT 1",2023-08-09 04:00:00,2023-08-09 07:00:00,22,844001,2023-08-09 11:00:00,2023-08-09 14:00:00,0,0,18.8
"DUTCH1_7_UNIT 1",2023-08-10 04:00:00,2023-08-10 07:00:00,22,844001,2023-08-10 11:00:00,2023-08-10 14:00:00,0,0,18.8
"DUTCH1_7_UNIT 1",2023-08-11 04:00:00,2023-08-11 05:00:00,22,844001,2023-08-11 11:00:00,2023-08-11 12:00:00,0,0,18.8
"DUTCH1_7_UNIT 1",2023-08-12 04:00:00,2023-08-12 07:00:00,22,844001,2023-08-12 11:00:00,2023-08-12 14:00:00,0,0,18.8
"DUTCH1_7_UNIT 1",2023-08-13 04:00:00,2023-08-13 07:00:00,22,844001,2023-08-13 11:00:00,2023-08-13 14:00:00,0,0,18.8
"DUTCH1_7_UNIT 1",2023-08-18 05:00:00,2023-08-18 07:00:00,22,844001,2023-08-18 12:00:00,2023-08-18 14:00:00,0,0,18.8
"DUTCH1_7_UNIT 1",2023-08-31 02:00:00,2023-08-31 04:00:00,22,844001,2023-08-31 09:00:00,2023-08-31 11:00:00,0,0,18.8
"DUTCH1_7_UNIT 1",2023-09-01 01:00:00,2023-09-01 07:00:00,22,844001,2023-09-01 08:00:00,2023-09-01 14:00:00,0,0,18.8
"DUTCH1_7_UNIT 1",2023-09-10 23:00:00,2023-09-13 02:03:00,22,844001,2023-09-11 06:00:00,2023-10-03 05:00:00,0,28557,18.8
"DUTCH1_7_UNIT 1",2023-10-19 17:00:00,2023-10-20 02:00:00,22,844001,2023-10-20,2023-10-20 09:00:00,0,0,18.8
"DUTCH1_7_UNIT 1",2023-10-20 16:00:00,2023-10-21 05:00:00,22,844001,2023-10-20 23:00:00,2023-10-21 12:00:00,0,0,18.8
"DUTCH1_7_UNIT 1",2023-10-21 15:00:00,2023-10-22 06:00:00,22,844001,2023-10-21 22:00:00,2023-10-22 13:00:00,0,0,18.8
"DUTCH1_7_UNIT 1",2023-10-22 15:00:00,2023-10-23 06:00:00,22,844001,2023-10-22 22:00:00,2023-10-23 13:00:00,0,0,18.8
"DUTCH1_7_UNIT 1",2023-10-23 15:00:00,2023-10-24 06:00:00,22,844001,2023-10-23 22:00:00,2023-10-24 13:00:00,0,0,18.8
"DUTCH1_7_UNIT 1",2023-10-24 15:00:00,2023-10-25 06:00:00,22,844001,2023-10-24 22:00:00,2023-10-25 13:00:00,0,0,18.8
"DUTCH1_7_UNIT 1",2023-10-25 15:00:00,2023-10-25 22:00:00,22,844001,2023-10-25 22:00:00,2023-10-26 05:00:00,0,0,18.8
"DUTCH1_7_UNIT 1",2023-10-26 01:00:00,2023-10-26 09:00:00,22,844001,2023-10-26 08:00:00,2023-10-26 16:00:00,0,0,18.8
"DUTCH1_7_UNIT 1",2023-10-26 15:00:00,2023-10-26 22:00:00,22,844001,2023-10-26 22:00:00,2023-10-27 05:00:00,0,0,18.8
"DUTCH1_7_UNIT 1",2023-10-27 01:00:00,2023-10-27 09:00:00,22,844001,2023-10-27 08:00:00,2023-10-27 16:00:00,0,0,18.8
"DUTCH1_7_UNIT 1",2023-10-27 16:00:00,2023-10-27 22:00:00,22,844001,2023-10-27 23:00:00,2023-10-28 05:00:00,0,0,18.8
"DUTCH1_7_UNIT 1",2023-10-28 01:00:00,2023-10-28 09:00:00,22,844001,2023-10-28 08:00:00,2023-10-28 16:00:00,0,0,18.8
"DUTCH1_7_UNIT 1",2023-10-28 16:00:00,2023-10-28 22:00:00,22,844001,2023-10-28 23:00:00,2023-10-29 05:00:00,0,0,18.8
"DUTCH1_7_UNIT 1",2023-10-29 01:00:00,2023-10-29 09:00:00,22,844001,2023-10-29 08:00:00,2023-10-29 16:00:00,0,0,18.8
"DUTCH1_7_UNIT 1",2023-10-29 16:00:00,2023-10-29 22:00:00,22,844001,2023-10-29 23:00:00,2023-10-30 05:00:00,0,0,18.8
"DUTCH1_7_UNIT 1",2023-10-30 01:00:00,2023-10-30 09:00:00,22,844001,2023-10-30 08:00:00,2023-10-30 16:00:00,0,0,18.8
"DUTCH1_7_UNIT 1",2023-11-07 01:00:00,2023-11-07 09:00:00,22,844001,2023-11-07 09:00:00,2023-11-07 17:00:00,0,0,18.8
"DUTCH1_7_UNIT 1",2023-12-05,2023-12-05 01:16:00,22,844001,2023-12-05 08:00:00,2023-12-05 12:00:00,0,164,18.8
"DUTCH1_7_UNIT 1",2023-12-08 02:00:00,2023-12-08 06:00:00,22,844001,2023-12-08 10:00:00,2023-12-08 14:00:00,0,0,18.8
"DUTCH1_7_UNIT 1",2023-12-09 02:00:00,2023-12-09 07:00:00,22,844001,2023-12-09 10:00:00,2023-12-09 15:00:00,0,0,18.8
"DUTCH1_7_UNIT 1",2023-12-14 22:00:00,2023-12-15 06:49:00,22,844001,2023-12-15 06:00:00,2023-12-15 18:00:00,0,191,18.8
"DUTCH1_7_UNIT 1",2023-12-16 01:00:00,2023-12-16 08:00:00,22,844001,2023-12-16 09:00:00,2023-12-16 16:00:00,0,0,18.8
"DUTCH1_7_UNIT 1",2023-12-17 01:00:00,2023-12-17 08:00:00,22,844001,2023-12-17 09:00:00,2023-12-17 16:00:00,0,0,18.8
"DUTCH1_7_UNIT 1",2023-12-20 01:00:00,2023-12-20 05:00:00,22,844001,2023-12-20 09:00:00,2023-12-20 13:00:00,0,0,18.8
"DUTCH1_7_UNIT 1",2023-12-21 02:00:00,2023-12-21 07:00:00,22,844001,2023-12-21 10:00:00,2023-12-21 15:00:00,0,0,18.8
"DUTCH1_7_UNIT 1",2023-12-21 15:00:00,2023-12-21 16:00:00,22,844001,2023-12-21 23:00:00,2023-12-22,0,0,18.8
"DUTCH1_7_UNIT 1",2023-12-22 02:00:00,2023-12-22 07:00:00,22,844001,2023-12-22 10:00:00,2023-12-22 15:00:00,0,0,18.8
"DUTCH1_7_UNIT 1",2023-12-22 15:00:00,2023-12-22 16:00:00,22,844001,2023-12-22 23:00:00,2023-12-23,0,0,18.8
"DUTCH1_7_UNIT 1",2023-12-23 02:00:00,2023-12-23 07:00:00,22,844001,2023-12-23 10:00:00,2023-12-23 15:00:00,0,0,18.8
"DUTCH1_7_UNIT 1",2023-12-24 02:00:00,2023-12-24 07:00:00,22,844001,2023-12-24 10:00:00,2023-12-24 15:00:00,0,0,18.8
"DUTCH1_7_UNIT 1",2023-12-25 02:00:00,2023-12-25 07:00:00,22,844001,2023-12-25 10:00:00,2023-12-25 15:00:00,0,0,18.8
"DUTCH1_7_UNIT 1",2023-12-26 02:00:00,2023-12-26 07:00:00,22,844001,2023-12-26 10:00:00,2023-12-26 15:00:00,0,0,18.8
"DUTCH1_7_UNIT 1",2023-12-29 16:00:00,2023-12-29 23:00:00,22,844001,2023-12-30,2023-12-30 07:00:00,0,0,18.8
"DUTCH1_7_UNIT 1",2023-12-30 02:00:00,2023-12-30 08:00:00,22,844001,2023-12-30 10:00:00,2023-12-30 16:00:00,0,0,18.8
"DUTCH1_7_UNIT 1",2023-12-30 13:00:00,2023-12-30 23:00:00,22,844001,2023-12-30 21:00:00,2023-12-31 07:00:00,0,0,18.8
"DUTCH1_7_UNIT 1",2023-12-31 02:00:00,2023-12-31 06:00:00,22,844001,2023-12-31 10:00:00,2023-12-31 14:00:00,0,0,18.8
"DUTCH1_7_UNIT 1",2024-01-04 03:00:00,2024-01-04 07:00:00,22,844001,2024-01-04 11:00:00,2024-01-04 15:00:00,0,0,18.8
"DUTCH1_7_UNIT 1",2024-01-05 02:00:00,2024-01-05 05:00:00,22,844001,2024-01-05 10:00:00,2024-01-05 13:00:00,0,0,18.8
"DUTCH1_7_UNIT 1",2024-01-06 02:00:00,2024-01-06 05:00:00,22,844001,2024-01-06 10:00:00,2024-01-06 13:00:00,0,0,18.8
"DUTCH1_7_UNIT 1",2024-01-07 02:00:00,2024-01-07 05:00:00,22,844001,2024-01-07 10:00:00,2024-01-07 13:00:00,0,0,18.8
"DUTCH1_7_UNIT 1",2024-01-08 02:00:00,2024-01-08 05:00:00,22,844001,2024-01-08 10:00:00,2024-01-08 13:00:00,0,0,18.8
"DUTCH1_7_UNIT 1",2024-01-09 02:00:00,2024-01-09 05:00:00,22,844001,2024-01-09 10:00:00,2024-01-09 13:00:00,0,0,18.8
"DUTCH1_7_UNIT 1",2024-01-13,2024-01-13 08:00:00,22,844001,2024-01-13 08:00:00,2024-01-13 16:00:00,0,0,18.8
"DUTCH1_7_UNIT 1",2024-01-13 15:00:00,2024-01-13 21:00:00,22,844001,2024-01-13 23:00:00,2024-01-14 05:00:00,0,0,18.8
"DUTCH1_7_UNIT 1",2024-01-14,2024-01-14 08:00:00,22,844001,2024-01-14 08:00:00,2024-01-14 16:00:00,0,0,18.8
"DUTCH1_7_UNIT 1",2024-01-14 15:00:00,2024-01-14 20:00:00,22,844001,2024-01-14 23:00:00,2024-01-15 04:00:00,0,0,18.8
"DUTCH1_7_UNIT 1",2024-01-14 23:00:00,2024-01-15 08:00:00,22,844001,2024-01-15 07:00:00,2024-01-15 16:00:00,0,0,18.8
"DUTCH1_7_UNIT 1",2024-01-15 15:00:00,2024-01-15 21:00:00,22,844001,2024-01-15 23:00:00,2024-01-16 05:00:00,0,0,18.8
"DUTCH1_7_UNIT 1",2024-01-16,2024-01-16 08:00:00,22,844001,2024-01-16 08:00:00,2024-01-16 16:00:00,0,0,18.8
"DUTCH1_7_UNIT 1",2024-01-16 14:00:00,2024-01-16 20:00:00,22,844001,2024-01-16 22:00:00,2024-01-17 04:00:00,0,0,18.8
"DUTCH1_7_UNIT 1",2024-01-17,2024-01-17 08:00:00,22,844001,2024-01-17 08:00:00,2024-01-17 16:00:00,0,0,18.8
"DUTCH1_7_UNIT 1",2024-01-17 14:00:00,2024-01-17 20:00:00,22,844001,2024-01-17 22:00:00,2024-01-18 05:00:00,0,60,18.8
"DUTCH1_7_UNIT 1",2024-01-19,2024-01-19 05:00:00,22,844001,2024-01-19 08:00:00,2024-01-19 13:00:00,0,0,18.8
"DUTCH1_7_UNIT 1",2024-01-21 14:00:00,2024-01-21 16:00:00,22,844001,2024-01-21 22:00:00,2024-01-22,0,0,18.8
"DUTCH1_7_UNIT 1",2024-01-23 02:00:00,2024-01-23 09:00:00,22,844001,2024-01-23 10:00:00,2024-01-23 17:00:00,0,0,18.8
"DUTCH1_7_UNIT 1",2024-01-23 14:00:00,2024-01-23 21:00:00,22,844001,2024-01-23 22:00:00,2024-01-24 05:00:00,0,0,18.8
"DUTCH1_7_UNIT 1",2024-01-24 02:00:00,2024-01-24 06:00:00,22,844001,2024-01-24 10:00:00,2024-01-24 14:00:00,0,0,18.8
"DUTCH1_7_UNIT 1",2024-01-24 15:00:00,2024-01-24 17:00:00,22,844001,2024-01-24 23:00:00,2024-01-25 01:00:00,0,0,18.8
"DUTCH1_7_UNIT 1",2024-01-25 01:00:00,2024-01-25 08:00:00,22,844001,2024-01-25 09:00:00,2024-01-25 16:00:00,0,0,18.8
"DUTCH1_7_UNIT 1",2024-01-25 14:00:00,2024-01-25 21:00:00,22,844001,2024-01-25 22:00:00,2024-01-26 05:00:00,0,0,18.8
"DUTCH1_7_UNIT 1",2024-01-26 01:00:00,2024-01-26 08:00:00,22,844001,2024-01-26 09:00:00,2024-01-26 16:00:00,0,0,18.8
"DUTCH1_7_UNIT 1",2024-01-26 14:00:00,2024-01-26 21:00:00,22,844001,2024-01-26 22:00:00,2024-01-27 05:00:00,0,0,18.8
"DUTCH1_7_UNIT 1",2024-01-27 01:00:00,2024-01-27 06:00:00,22,844001,2024-01-27 09:00:00,2024-01-27 15:00:00,0,60,18.8
"DUTCH1_7_UNIT 1",2024-01-27 14:00:00,2024-01-27 21:00:00,22,844001,2024-01-27 22:00:00,2024-01-28 05:00:00,0,0,18.8
"DUTCH1_7_UNIT 1",2024-01-28 01:00:00,2024-01-28 06:02:00,22,844001,2024-01-28 09:00:00,2024-01-28 16:00:00,0,118,18.8
"DUTCH1_7_UNIT 1",2024-01-28 14:00:00,2024-01-28 21:00:00,22,844001,2024-01-28 22:00:00,2024-01-29 05:00:00,0,0,18.8
"DUTCH1_7_UNIT 1",2024-01-29 01:00:00,2024-01-29 08:00:00,22,844001,2024-01-29 09:00:00,2024-01-29 16:00:00,0,0,18.8
"DUTCH1_7_UNIT 1",2024-01-29 14:00:00,2024-01-29 21:00:00,22,844001,2024-01-29 22:00:00,2024-01-30 05:00:00,0,0,18.8
"DUTCH1_7_UNIT 1",2024-01-30 01:00:00,2024-01-30 09:00:00,22,844001,2024-01-30 09:00:00,2024-01-30 17:00:00,0,0,18.8
"DUTCH1_7_UNIT 1",2024-01-30 14:00:00,2024-01-30 21:00:00,22,844001,2024-01-30 22:00:00,2024-01-31 05:00:00,0,0,18.8
"DUTCH1_7_UNIT 1",2024-01-31 01:00:00,2024-01-31 08:00:00,22,844001,2024-01-31 09:00:00,2024-01-31 16:00:00,0,0,18.8
"DUTCH1_7_UNIT 1",2024-01-31 14:00:00,2024-01-31 16:00:00,22,844001,2024-01-31 22:00:00,2024-02-01,0,0,18.8
"DUTCH1_7_UNIT 1",2024-02-01 01:00:00,2024-02-01 08:00:00,22,844001,2024-02-01 09:00:00,2024-02-01 16:00:00,0,0,18.8
"DUTCH1_7_UNIT 1",2024-02-01 14:00:00,2024-02-01 16:00:00,22,844001,2024-02-01 22:00:00,2024-02-02,0,0,18.8
"DUTCH1_7_UNIT 1",2024-02-02 01:00:00,2024-02-02 08:00:00,22,844001,2024-02-02 09:00:00,2024-02-02 16:00:00,0,0,18.8
"DUTCH1_7_UNIT 1",2024-02-02 14:00:00,2024-02-02 16:00:00,22,844001,2024-02-02 22:00:00,2024-02-03,0,0,18.8
"DUTCH1_7_UNIT 1",2024-02-03 01:00:00,2024-02-03 08:00:00,22,844001,2024-02-03 09:00:00,2024-02-03 16:00:00,0,0,18.8
"DUTCH1_7_UNIT 1",2024-02-03 14:00:00,2024-02-03 16:00:00,22,844001,2024-02-03 22:00:00,2024-02-04,0,0,18.8
"DUTCH1_7_UNIT 1",2024-02-04 02:00:00,2024-02-04 08:00:00,22,844001,2024-02-04 10:00:00,2024-02-04 16:00:00,0,0,18.8
"DUTCH1_7_UNIT 1",2024-02-05 01:00:00,2024-02-05 05:00:00,22,844001,2024-02-05 09:00:00,2024-02-05 13:00:00,0,0,18.8
"DUTCH1_7_UNIT 1",2024-02-05 15:00:00,2024-02-05 16:00:00,22,844001,2024-02-05 23:00:00,2024-02-06,0,0,18.8
"DUTCH1_7_UNIT 1",2024-02-06 13:00:00,2024-02-06 16:00:00,22,844001,2024-02-06 21:00:00,2024-02-07,0,0,18.8
"DUTCH1_7_UNIT 1",2024-02-07 01:00:00,2024-02-07 07:00:00,22,844001,2024-02-07 09:00:00,2024-02-07 15:00:00,0,0,18.8
"DUTCH1_7_UNIT 1",2024-02-07 14:00:00,2024-02-07 16:00:00,22,844001,2024-02-07 22:00:00,2024-02-08,0,0,18.8
"DUTCH1_7_UNIT 1",2024-02-08 02:00:00,2024-02-08 08:00:00,22,844001,2024-02-08 10:00:00,2024-02-08 16:00:00,0,0,18.8
"DUTCH1_7_UNIT 1",2024-02-09 01:00:00,2024-02-09 08:00:00,22,844001,2024-02-09 09:00:00,2024-02-09 16:00:00,0,0,18.8
"DUTCH1_7_UNIT 1",2024-02-09 15:00:00,2024-02-09 19:00:00,22,844001,2024-02-09 23:00:00,2024-02-10 03:00:00,0,0,18.8
"DUTCH1_7_UNIT 1",2024-02-10,2024-02-10 08:00:00,22,844001,2024-02-10 08:00:00,2024-02-10 16:00:00,0,0,18.8
"DUTCH1_7_UNIT 1",2024-02-10 15:00:00,2024-02-10 19:00:00,22,844001,2024-02-10 23:00:00,2024-02-11 03:00:00,0,0,18.8
"DUTCH1_7_UNIT 1",2024-02-11,2024-02-11 08:00:00,22,844001,2024-02-11 08:00:00,2024-02-11 16:00:00,0,0,18.8
"DUTCH1_7_UNIT 1",2024-02-11 15:00:00,2024-02-11 16:00:00,22,844001,2024-02-11 23:00:00,2024-02-12,0,0,18.8
"DUTCH1_7_UNIT 1",2024-03-28 03:00:00,2024-03-28 09:00:00,22,844001,2024-03-28 10:00:00,2024-03-28 16:00:00,0,0,18.8
"DUTCH1_7_UNIT 1",2024-03-29 02:00:00,2024-03-29 09:00:00,22,844001,2024-03-29 09:00:00,2024-03-29 16:00:00,0,0,18.8
"DUTCH1_7_UNIT 1",2024-03-30 04:00:00,2024-03-30 09:00:00,22,844001,2024-03-30 11:00:00,2024-03-30 16:00:00,0,0,18.8
"DUTCH1_7_UNIT 1",2024-04-02 01:00:00,2024-04-02 10:00:00,22,844001,2024-04-02 08:00:00,2024-04-02 17:00:00,0,0,18.8
"DUTCH1_7_UNIT 1",2024-04-02 23:00:00,2024-04-03 12:00:00,22,844001,2024-04-03 06:00:00,2024-04-03 19:00:00,0,0,18.8
"DUTCH1_7_UNIT 1",2024-04-03 17:00:00,2024-04-03 22:00:00,22,844001,2024-04-04,2024-04-04 05:00:00,0,0,18.8
"DUTCH1_7_UNIT 1",2024-04-04 01:00:00,2024-04-04 11:00:00,22,844001,2024-04-04 08:00:00,2024-04-04 18:00:00,0,0,18.8
"DUTCH1_7_UNIT 1",2024-04-04 15:00:00,2024-04-04 22:00:00,22,844001,2024-04-04 22:00:00,2024-04-05 05:00:00,0,0,18.8
"DUTCH1_7_UNIT 1",2024-04-05 01:00:00,2024-04-05 11:00:00,22,844001,2024-04-05 08:00:00,2024-04-05 18:00:00,0,0,18.8
"DUTCH1_7_UNIT 1",2024-04-05 16:00:00,2024-04-05 22:00:00,22,844001,2024-04-05 23:00:00,2024-04-06 05:00:00,0,0,18.8
"DUTCH1_7_UNIT 1",2024-04-06 01:00:00,2024-04-06 11:00:00,22,844001,2024-04-06 08:00:00,2024-04-06 18:00:00,0,0,18.8
"DUTCH1_7_UNIT 1",2024-04-06 17:00:00,2024-04-06 21:00:00,22,844001,2024-04-07,2024-04-07 04:00:00,0,0,18.8
"DUTCH1_7_UNIT 1",2024-04-07,2024-04-07 11:00:00,22,844001,2024-04-07 07:00:00,2024-04-07 18:00:00,0,0,18.8
"DUTCH1_7_UNIT 1",2024-04-07 17:00:00,2024-04-07 22:00:00,22,844001,2024-04-08,2024-04-08 05:00:00,0,0,18.8
"DUTCH1_7_UNIT 1",2024-04-08 01:00:00,2024-04-08 12:00:00,22,844001,2024-04-08 08:00:00,2024-04-08 19:00:00,0,0,18.8
"DUTCH1_7_UNIT 1",2024-04-08 17:00:00,2024-04-08 22:00:00,22,844001,2024-04-09,2024-04-09 05:00:00,0,0,18.8
"DUTCH1_7_UNIT 1",2024-04-09 01:00:00,2024-04-09 11:00:00,22,844001,2024-04-09 08:00:00,2024-04-09 18:00:00,0,0,18.8
"DUTCH1_7_UNIT 1",2024-04-09 16:00:00,2024-04-09 22:00:00,22,844001,2024-04-09 23:00:00,2024-04-10 05:00:00,0,0,18.8
"DUTCH1_7_UNIT 1",2024-04-10 01:00:00,2024-04-10 11:00:00,22,844001,2024-04-10 08:00:00,2024-04-10 18:00:00,0,0,18.8
"DUTCH1_7_UNIT 1",2024-04-10 16:00:00,2024-04-10 22:00:00,22,844001,2024-04-10 23:00:00,2024-04-11 05:00:00,0,0,18.8
"DUTCH1_7_UNIT 1",2024-04-11 01:00:00,2024-04-11 12:00:00,22,844001,2024-04-11 08:00:00,2024-04-11 19:00:00,0,0,18.8
"DUTCH1_7_UNIT 1",2024-04-11 17:00:00,2024-04-11 22:00:00,22,844001,2024-04-12,2024-04-12 05:00:00,0,0,18.8
"DUTCH1_7_UNIT 1",2024-04-12 01:00:00,2024-04-12 12:00:00,22,844001,2024-04-12 08:00:00,2024-04-12 19:00:00,0,0,18.8
"DUTCH1_7_UNIT 1",2024-04-13 01:00:00,2024-04-13 12:00:00,22,844001,2024-04-13 08:00:00,2024-04-13 19:00:00,0,0,18.8
"DUTCH1_7_UNIT 1",2024-04-13 14:00:00,2024-04-14 12:00:00,22,844001,2024-04-13 21:00:00,2024-04-14 19:00:00,0,0,18.8
"DUTCH1_7_UNIT 1",2024-04-14 15:59:00,2024-04-14 23:00:00,22,844001,2024-04-14 23:00:00,2024-04-15 06:00:00,1,0,18.8
"DUTCH1_7_UNIT 1",2024-04-15 01:00:00,2024-04-15 12:00:00,22,844001,2024-04-15 08:00:00,2024-04-15 19:00:00,0,0,18.8
"DUTCH1_7_UNIT 1",2024-04-15 15:00:00,2024-04-15 23:00:00,22,844001,2024-04-15 22:00:00,2024-04-16 06:00:00,0,0,18.8
"DUTCH1_7_UNIT 1",2024-04-16 01:00:00,2024-04-16 12:00:00,22,844001,2024-04-16 08:00:00,2024-04-16 19:00:00,0,0,18.8
"DUTCH1_7_UNIT 1",2024-04-16 15:00:00,2024-04-16 22:00:00,22,844001,2024-04-16 22:00:00,2024-04-17 05:00:00,0,0,18.8
"DUTCH1_7_UNIT 1",2024-04-17,2024-04-17 11:00:00,22,844001,2024-04-17 07:00:00,2024-04-17 19:00:00,0,60,18.8
"DUTCH1_7_UNIT 1",2024-04-17 15:00:00,2024-04-18 12:00:00,22,844001,2024-04-17 22:00:00,2024-04-18 19:00:00,0,0,18.8
"DUTCH1_7_UNIT 1",2024-04-18 14:00:00,2024-04-19 12:00:00,22,844001,2024-04-18 21:00:00,2024-04-19 19:00:00,0,0,18.8
"DUTCH1_7_UNIT 1",2024-04-19 14:00:00,2024-04-19 23:00:00,22,844001,2024-04-19 21:00:00,2024-04-20 06:00:00,0,0,18.8
"DUTCH1_7_UNIT 1",2024-04-20,2024-04-20 12:00:00,22,844001,2024-04-20 07:00:00,2024-04-20 19:00:00,0,0,18.8
"DUTCH1_7_UNIT 1",2024-04-20 13:00:00,2024-04-20 23:00:00,22,844001,2024-04-20 20:00:00,2024-04-21 06:00:00,0,0,18.8
"DUTCH1_7_UNIT 1",2024-04-21,2024-04-21 12:00:00,22,844001,2024-04-21 07:00:00,2024-04-21 19:00:00,0,0,18.8
"DUTCH1_7_UNIT 1",2024-04-21 13:00:00,2024-04-21 23:00:00,22,844001,2024-04-21 20:00:00,2024-04-22 06:00:00,0,0,18.8
"DUTCH1_7_UNIT 1",2024-04-22,2024-04-22 12:00:00,22,844001,2024-04-22 07:00:00,2024-04-22 19:00:00,0,0,18.8
"DUTCH1_7_UNIT 1",2024-04-22 13:00:00,2024-04-22 23:00:00,22,844001,2024-04-22 20:00:00,2024-04-23 06:00:00,0,0,18.8
"DUTCH1_7_UNIT 1",2024-04-23,2024-04-23 13:00:00,22,844001,2024-04-23 07:00:00,2024-04-23 20:00:00,0,0,18.8
"DUTCH1_7_UNIT 1",2024-04-23 14:00:00,2024-04-23 23:00:00,22,844001,2024-04-23 21:00:00,2024-04-24 06:00:00,0,0,18.8
"DUTCH1_7_UNIT 1",2024-04-24,2024-04-24 12:00:00,22,844001,2024-04-24 07:00:00,2024-04-24 19:00:00,0,0,18.8
"DUTCH1_7_UNIT 1",2024-04-24 13:00:00,2024-04-24 23:00:00,22,844001,2024-04-24 20:00:00,2024-04-25 06:00:00,0,0,18.8
"DUTCH1_7_UNIT 1",2024-04-25,2024-04-25 12:00:00,22,844001,2024-04-25 07:00:00,2024-04-25 19:00:00,0,0,18.8
"DUTCH1_7_UNIT 1",2024-04-25 13:00:00,2024-04-25 23:00:00,22,844001,2024-04-25 20:00:00,2024-04-26 06:00:00,0,0,18.8
"DUTCH1_7_UNIT 1",2024-04-26,2024-04-26 12:00:00,22,844001,2024-04-26 07:00:00,2024-04-26 19:00:00,0,0,18.8
"DUTCH1_7_UNIT 1",2024-04-26 13:00:00,2024-04-26 23:00:00,22,844001,2024-04-26 20:00:00,2024-04-27 06:00:00,0,0,18.8
"DUTCH1_7_UNIT 1",2024-04-27 14:00:00,2024-04-27 23:00:00,22,844001,2024-04-27 21:00:00,2024-04-28 06:00:00,0,0,18.8
"DUTCH1_7_UNIT 1",2024-04-28,2024-04-28 12:00:00,22,844001,2024-04-28 07:00:00,2024-04-28 19:00:00,0,0,18.8
"DUTCH1_7_UNIT 1",2024-04-28 14:00:00,2024-04-28 23:00:00,22,844001,2024-04-28 21:00:00,2024-04-29 06:00:00,0,0,18.8
"DUTCH1_7_UNIT 1",2024-04-29,2024-04-29 12:00:00,22,844001,2024-04-29 07:00:00,2024-04-29 19:00:00,0,0,18.8
"DUTCH1_7_UNIT 1",2024-04-29 14:00:00,2024-04-29 23:00:00,22,844001,2024-04-29 21:00:00,2024-04-30 06:00:00,0,0,18.8
"DUTCH1_7_UNIT 1",2024-04-30,2024-04-30 13:00:00,22,844001,2024-04-30 07:00:00,2024-04-30 20:00:00,0,0,18.8
"DUTCH1_7_UNIT 1",2024-04-30 15:00:00,2024-04-30 23:00:00,22,844001,2024-04-30 22:00:00,2024-05-01 06:00:00,0,0,18.8
"DUTCH1_7_UNIT 1",2024-05-01,2024-05-01 13:00:00,22,844001,2024-05-01 07:00:00,2024-05-01 20:00:00,0,0,18.8
"DUTCH1_7_UNIT 1",2024-05-01 14:00:00,2024-05-01 23:00:00,22,844001,2024-05-01 21:00:00,2024-05-02 06:00:00,0,0,18.8
"DUTCH1_7_UNIT 1",2024-05-02,2024-05-02 13:00:00,22,844001,2024-05-02 07:00:00,2024-05-02 20:00:00,0,0,18.8
"DUTCH1_7_UNIT 1",2024-05-02 14:00:00,2024-05-02 23:00:00,22,844001,2024-05-02 21:00:00,2024-05-03 06:00:00,0,0,18.8
"DUTCH1_7_UNIT 1",2024-05-03,2024-05-03 13:00:00,22,844001,2024-05-03 07:00:00,2024-05-03 20:00:00,0,0,18.8
"DUTCH1_7_UNIT 1",2024-05-03 14:00:00,2024-05-03 23:00:00,22,844001,2024-05-03 21:00:00,2024-05-04 06:00:00,0,0,18.8
"DUTCH1_7_UNIT 1",2024-05-04,2024-05-04 13:00:00,22,844001,2024-05-04 07:00:00,2024-05-04 20:00:00,0,0,18.8
"DUTCH1_7_UNIT 1",2024-05-04 14:00:00,2024-05-04 22:00:00,22,844001,2024-05-04 21:00:00,2024-05-05 05:00:00,0,0,18.8
"DUTCH1_7_UNIT 1",2024-05-04 23:00:00,2024-05-05 13:00:00,22,844001,2024-05-05 06:00:00,2024-05-05 20:00:00,0,0,18.8
"DUTCH1_7_UNIT 1",2024-05-05 14:00:00,2024-05-05 23:00:00,22,844001,2024-05-05 21:00:00,2024-05-06 06:00:00,0,0,18.8
"DUTCH1_7_UNIT 1",2024-05-06,2024-05-06 12:00:00,22,844001,2024-05-06 07:00:00,2024-05-06 19:00:00,0,0,18.8
"DUTCH1_7_UNIT 1",2024-05-06 13:00:00,2024-05-06 23:00:00,22,844001,2024-05-06 20:00:00,2024-05-07 06:00:00,0,0,18.8
"DUTCH1_7_UNIT 1",2024-05-07,2024-05-07 13:00:00,22,844001,2024-05-07 07:00:00,2024-05-07 20:00:00,0,0,18.8
"DUTCH1_7_UNIT 1",2024-05-09,2024-05-09 13:00:00,22,844001,2024-05-09 07:00:00,2024-05-09 20:00:00,0,0,18.8
"DUTCH1_7_UNIT 1",2024-05-09 14:00:00,2024-05-09 23:00:00,22,844001,2024-05-09 21:00:00,2024-05-10 06:00:00,0,0,18.8
"DUTCH1_7_UNIT 1",2024-05-10,2024-05-10 13:00:00,22,844001,2024-05-10 07:00:00,2024-05-10 20:00:00,0,0,18.8
"DUTCH1_7_UNIT 1",2024-05-10 14:00:00,2024-05-10 22:00:00,22,844001,2024-05-10 21:00:00,2024-05-11 05:00:00,0,0,18.8
"DUTCH1_7_UNIT 1",2024-05-10 23:00:00,2024-05-11 13:00:00,22,844001,2024-05-11 06:00:00,2024-05-11 20:00:00,0,0,18.8
"DUTCH1_7_UNIT 1",2024-05-11 14:00:00,2024-05-11 22:00:00,22,844001,2024-05-11 21:00:00,2024-05-12 05:00:00,0,0,18.8
"DUTCH1_7_UNIT 1",2024-05-11 23:00:00,2024-05-12 13:00:00,22,844001,2024-05-12 06:00:00,2024-05-12 20:00:00,0,0,18.8
"DUTCH1_7_UNIT 1",2024-05-12 14:00:00,2024-05-12 23:00:00,22,844001,2024-05-12 21:00:00,2024-05-13 06:00:00,0,0,18.8
"DUTCH1_7_UNIT 1",2024-05-13,2024-05-13 13:00:00,22,844001,2024-05-13 07:00:00,2024-05-13 20:00:00,0,0,18.8
"DUTCH1_7_UNIT 1",2024-05-13 14:00:00,2024-05-13 23:00:00,22,844001,2024-05-13 21:00:00,2024-05-14 06:00:00,0,0,18.8
"DUTCH1_7_UNIT 1",2024-05-14,2024-05-14 13:00:00,22,844001,2024-05-14 07:00:00,2024-05-14 20:00:00,0,0,18.8
"DUTCH1_7_UNIT 1",2024-05-14 14:00:00,2024-05-14 23:00:00,22,844001,2024-05-14 21:00:00,2024-05-15 06:00:00,0,0,18.8
"DUTCH1_7_UNIT 1",2024-05-15,2024-05-15 13:00:00,22,844001,2024-05-15 07:00:00,2024-05-15 20:00:00,0,0,18.8
"DUTCH1_7_UNIT 1",2024-05-15 14:00:00,2024-05-15 23:00:00,22,844001,2024-05-15 21:00:00,2024-05-16 06:00:00,0,0,18.8
"DUTCH1_7_UNIT 1",2024-05-16,2024-05-16 13:00:00,22,844001,2024-05-16 07:00:00,2024-05-16 20:00:00,0,0,18.8
"DUTCH1_7_UNIT 1",2024-05-16 14:00:00,2024-05-16 23:00:00,22,844001,2024-05-16 21:00:00,2024-05-17 06:00:00,0,0,18.8
"DUTCH1_7_UNIT 1",2024-05-17,2024-05-17 12:00:00,22,844001,2024-05-17 07:00:00,2024-05-17 19:00:00,0,0,18.8
"DUTCH1_7_UNIT 1",2024-05-17 13:00:00,2024-05-17 22:00:00,22,844001,2024-05-17 20:00:00,2024-05-18 05:00:00,0,0,18.8
"DUTCH1_7_UNIT 1",2024-05-17 23:00:00,2024-05-18 13:00:00,22,844001,2024-05-18 06:00:00,2024-05-18 20:00:00,0,0,18.8
"DUTCH1_7_UNIT 1",2024-05-18 14:00:00,2024-05-18 22:00:00,22,844001,2024-05-18 21:00:00,2024-05-19 05:00:00,0,0,18.8
"DUTCH1_7_UNIT 1",2024-05-18 23:00:00,2024-05-19 13:00:00,22,844001,2024-05-19 06:00:00,2024-05-19 20:00:00,0,0,18.8
"DUTCH1_7_UNIT 1",2024-05-19 14:00:00,2024-05-19 22:00:00,22,844001,2024-05-19 21:00:00,2024-05-20 05:00:00,0,0,18.8
"DUTCH1_7_UNIT 1",2024-05-19 23:00:00,2024-05-20 12:00:00,22,844001,2024-05-20 06:00:00,2024-05-20 19:00:00,0,0,18.8
"DUTCH1_7_UNIT 1",2024-05-20 13:00:00,2024-05-20 23:00:00,22,844001,2024-05-20 20:00:00,2024-05-21 06:00:00,0,0,18.8
"DUTCH1_7_UNIT 1",2024-05-21,2024-05-21 12:00:00,22,844001,2024-05-21 07:00:00,2024-05-21 19:00:00,0,0,18.8
"DUTCH1_7_UNIT 1",2024-05-21 13:00:00,2024-05-22 13:00:00,22,844001,2024-05-21 20:00:00,2024-05-22 20:00:00,0,0,18.8
"DUTCH1_7_UNIT 1",2024-05-22 14:00:00,2024-05-23 13:00:00,22,844001,2024-05-22 21:00:00,2024-05-23 20:00:00,0,0,18.8
"DUTCH1_7_UNIT 1",2024-05-23 14:00:00,2024-05-24 13:00:00,22,844001,2024-05-23 21:00:00,2024-05-24 20:00:00,0,0,18.8
"DUTCH1_7_UNIT 1",2024-05-24 14:00:00,2024-05-25 13:00:00,22,844001,2024-05-24 21:00:00,2024-05-25 20:00:00,0,0,18.8
"DUTCH1_7_UNIT 1",2024-05-25 14:00:00,2024-05-27 13:00:00,22,844001,2024-05-25 21:00:00,2024-05-27 20:00:00,0,0,18.8
"DUTCH1_7_UNIT 1",2024-05-27 14:00:00,2024-05-28 13:00:00,22,844001,2024-05-27 21:00:00,2024-05-28 20:00:00,0,0,18.8
"DUTCH1_7_UNIT 1",2024-07-24 08:00:00,2024-07-24 12:00:00,22,844001,2024-07-24 15:00:00,2024-07-24 19:00:00,0,0,18.8
"DUTCH1_7_UNIT 1",2024-07-24 15:00:00,2024-07-24 15:46:00,22,844001,2024-07-24 22:00:00,2024-07-25 01:00:00,0,134,18.8
"DUTCH1_7_UNIT 1",2024-07-26 02:00:00,2024-07-26 08:00:00,22,844001,2024-07-26 09:00:00,2024-07-26 16:00:00,0,60,18.8
"DUTCH1_7_UNIT 1",2024-08-07 17:00:00,2024-08-09 14:00:00,22,844001,2024-08-08,2024-08-09 21:00:00,0,0,18.8
"DUTCH1_7_UNIT 1",2024-08-13 04:00:00,2024-08-13 10:00:00,22,844001,2024-08-13 11:00:00,2024-08-13 17:00:00,0,0,18.8
"DUTCH1_7_UNIT 1",2024-08-20,2024-08-23 08:41:00,22,844001,2024-08-20 07:00:00,2024-08-23 18:00:00,0,139,18.8
"DUTCH1_7_UNIT 1",2024-10-15 01:00:00,2024-10-15 08:00:00,22,844001,2024-10-15 08:00:00,2024-10-15 15:00:00,0,0,18.8
"DUTCH1_7_UNIT 1",2024-10-23 02:00:00,2024-10-23 10:00:00,22,844001,2024-10-23 09:00:00,2024-10-23 17:00:00,0,0,18.8
"DUTCH1_7_UNIT 1",2024-10-24 02:00:00,2024-10-24 10:00:00,22,844001,2024-10-24 09:00:00,2024-10-24 17:00:00,0,0,18.8
"DUTCH1_7_UNIT 1",2024-10-25 02:00:00,2024-10-25 10:00:00,22,844001,2024-10-25 09:00:00,2024-10-25 17:00:00,0,0,18.8
"DUTCH1_7_UNIT 1",2024-10-26 02:00:00,2024-10-26 10:00:00,22,844001,2024-10-26 09:00:00,2024-10-26 17:00:00,0,0,18.8
"DUTCH1_7_UNIT 1",2024-10-27 02:00:00,2024-10-27 10:00:00,22,844001,2024-10-27 09:00:00,2024-10-27 17:00:00,0,0,18.8
"DUTCH1_7_UNIT 1",2024-10-28 02:00:00,2024-10-28 10:00:00,22,844001,2024-10-28 09:00:00,2024-10-28 17:00:00,0,0,18.8
"DUTCH1_7_UNIT 1",2024-10-29 02:00:00,2024-10-29 10:00:00,22,844001,2024-10-29 09:00:00,2024-10-29 17:00:00,0,0,18.8
"DUTCH1_7_UNIT 1",2024-11-18 01:00:00,2024-11-21 05:45:00,22,844001,2024-11-18 09:00:00,2024-11-21 15:00:00,0,75,18.8
"DUTCH1_7_UNIT 1",2024-11-23,2024-11-23 01:00:00,22,844001,2024-11-23 08:00:00,2024-11-23 09:00:00,0,0,18.8
"DUTCH1_7_UNIT 1",2024-11-28 01:00:00,2024-11-28 07:00:00,22,844001,2024-11-28 09:00:00,2024-11-28 15:00:00,0,0,18.8
"DUTCH1_7_UNIT 1",2024-11-29 01:00:00,2024-11-29 07:00:00,22,844001,2024-11-29 09:00:00,2024-11-29 15:00:00,0,0,18.8
"DUTCH1_7_UNIT 1",2024-11-29 16:00:00,2024-11-29 19:00:00,22,844001,2024-11-30,2024-11-30 03:00:00,0,0,18.8
"DUTCH1_7_UNIT 1",2024-11-30 01:00:00,2024-11-30 07:00:00,22,844001,2024-11-30 09:00:00,2024-11-30 15:00:00,0,0,18.8
"DUTCH1_7_UNIT 1",2024-11-30 16:00:00,2024-11-30 19:00:00,22,844001,2024-12-01,2024-12-01 03:00:00,0,0,18.8
"DUTCH1_7_UNIT 1",2024-12-01 01:00:00,2024-12-01 07:00:00,22,844001,2024-12-01 09:00:00,2024-12-01 15:00:00,0,0,18.8
"DUTCH1_7_UNIT 1",2024-12-01 16:00:00,2024-12-01 20:00:00,22,844001,2024-12-02,2024-12-02 04:00:00,0,0,18.8
"DUTCH1_7_UNIT 1",2024-12-02 02:00:00,2024-12-02 07:00:00,22,844001,2024-12-02 10:00:00,2024-12-02 15:00:00,0,0,18.8
"DUTCH1_7_UNIT 1",2024-12-02 16:00:00,2024-12-02 20:00:00,22,844001,2024-12-03,2024-12-03 04:00:00,0,0,18.8
"DUTCH1_7_UNIT 1",2024-12-03 02:00:00,2024-12-03 07:00:00,22,844001,2024-12-03 10:00:00,2024-12-03 15:00:00,0,0,18.8
"DUTCH1_7_UNIT 1",2024-12-03 16:00:00,2024-12-03 20:00:00,22,844001,2024-12-04,2024-12-04 04:00:00,0,0,18.8
"DUTCH1_7_UNIT 1",2024-12-04 02:00:00,2024-12-04 07:00:00,22,844001,2024-12-04 10:00:00,2024-12-04 15:00:00,0,0,18.8
"DUTCH1_7_UNIT 1",2024-12-04 14:00:00,2024-12-04 20:00:00,22,844001,2024-12-04 22:00:00,2024-12-05 04:00:00,0,0,18.8
"DUTCH1_7_UNIT 1",2024-12-05 02:00:00,2024-12-05 07:00:00,22,844001,2024-12-05 10:00:00,2024-12-05 15:00:00,0,0,18.8
"DUTCH1_7_UNIT 1",2024-12-05 14:00:00,2024-12-05 21:00:00,22,844001,2024-12-05 22:00:00,2024-12-06 05:00:00,0,0,18.8
"DUTCH1_7_UNIT 1",2024-12-06 01:00:00,2024-12-06 08:00:00,22,844001,2024-12-06 09:00:00,2024-12-06 16:00:00,0,0,18.8
"DUTCH1_7_UNIT 1",2024-12-06 15:00:00,2024-12-06 20:00:00,22,844001,2024-12-06 23:00:00,2024-12-07 04:00:00,0,0,18.8
"DUTCH1_7_UNIT 1",2024-12-07,2024-12-07 08:00:00,22,844001,2024-12-07 08:00:00,2024-12-07 16:00:00,0,0,18.8
"DUTCH1_7_UNIT 1",2024-12-07 15:00:00,2024-12-07 20:00:00,22,844001,2024-12-07 23:00:00,2024-12-08 04:00:00,0,0,18.8
"DUTCH1_7_UNIT 1",2024-12-08,2024-12-08 08:00:00,22,844001,2024-12-08 08:00:00,2024-12-08 16:00:00,0,0,18.8
"DUTCH1_7_UNIT 1",2024-12-08 15:00:00,2024-12-08 21:00:00,22,844001,2024-12-08 23:00:00,2024-12-09 05:00:00,0,0,18.8
"DUTCH1_7_UNIT 1",2024-12-09 01:00:00,2024-12-09 08:00:00,22,844001,2024-12-09 09:00:00,2024-12-09 16:00:00,0,0,18.8
"DUTCH1_7_UNIT 1",2024-12-09 15:00:00,2024-12-09 21:00:00,22,844001,2024-12-09 23:00:00,2024-12-10 05:00:00,0,0,18.8
"DUTCH1_7_UNIT 1",2024-12-10 01:00:00,2024-12-10 08:00:00,22,844001,2024-12-10 09:00:00,2024-12-10 16:00:00,0,0,18.8
"DUTCH1_7_UNIT 1",2024-12-10 15:00:00,2024-12-10 21:00:00,22,844001,2024-12-10 23:00:00,2024-12-11 05:00:00,0,0,18.8
"DUTCH1_7_UNIT 1",2024-12-11 01:00:00,2024-12-11 08:00:00,22,844001,2024-12-11 09:00:00,2024-12-11 16:00:00,0,0,18.8
"DUTCH1_7_UNIT 1",2024-12-11 15:00:00,2024-12-11 21:00:00,22,844001,2024-12-11 23:00:00,2024-12-12 05:00:00,0,0,18.8
"DUTCH1_7_UNIT 1",2024-12-12 01:00:00,2024-12-12 08:00:00,22,844001,2024-12-12 09:00:00,2024-12-12 16:00:00,0,0,18.8
"DUTCH1_7_UNIT 1",2024-12-12 15:00:00,2024-12-12 21:00:00,22,844001,2024-12-12 23:00:00,2024-12-13 05:00:00,0,0,18.8
"DUTCH1_7_UNIT 1",2024-12-13 01:00:00,2024-12-13 08:00:00,22,844001,2024-12-13 09:00:00,2024-12-13 16:00:00,0,0,18.8
"DUTCH1_7_UNIT 1",2024-12-13 15:00:00,2024-12-13 21:00:00,22,844001,2024-12-13 23:00:00,2024-12-14 05:00:00,0,0,18.8
"DUTCH1_7_UNIT 1",2024-12-14 01:00:00,2024-12-14 06:00:00,22,844001,2024-12-14 09:00:00,2024-12-14 14:00:00,0,0,18.8
"DUTCH1_7_UNIT 1",2024-12-14 14:00:00,2024-12-14 21:00:00,22,844001,2024-12-14 22:00:00,2024-12-15 05:00:00,0,0,18.8
"DUTCH1_7_UNIT 1",2024-12-15 02:00:00,2024-12-15 08:00:00,22,844001,2024-12-15 10:00:00,2024-12-15 16:00:00,0,0,18.8
"DUTCH1_7_UNIT 1",2024-12-15 15:00:00,2024-12-15 21:00:00,22,844001,2024-12-15 23:00:00,2024-12-16 05:00:00,0,0,18.8
"DUTCH1_7_UNIT 1",2024-12-16 01:00:00,2024-12-16 07:00:00,22,844001,2024-12-16 09:00:00,2024-12-16 15:00:00,0,0,18.8
"DUTCH1_7_UNIT 1",2024-12-16 15:00:00,2024-12-16 20:00:00,22,844001,2024-12-16 23:00:00,2024-12-17 04:00:00,0,0,18.8
"DUTCH1_7_UNIT 1",2024-12-17 01:00:00,2024-12-17 09:00:00,22,844001,2024-12-17 09:00:00,2024-12-17 17:00:00,0,0,18.8
"DUTCH1_7_UNIT 1",2024-12-17 16:00:00,2024-12-17 21:00:00,22,844001,2024-12-18,2024-12-18 05:00:00,0,0,18.8
"DUTCH1_7_UNIT 1",2024-12-18 01:00:00,2024-12-18 08:00:00,22,844001,2024-12-18 09:00:00,2024-12-18 16:00:00,0,0,18.8
"DUTCH1_7_UNIT 1",2024-12-18 15:00:00,2024-12-18 21:00:00,22,844001,2024-12-18 23:00:00,2024-12-19 05:00:00,0,0,18.8
"DUTCH1_7_UNIT 1",2024-12-19 01:00:00,2024-12-19 07:00:00,22,844001,2024-12-19 09:00:00,2024-12-19 15:00:00,0,0,18.8
"DUTCH1_7_UNIT 1",2024-12-19 15:00:00,2024-12-19 21:00:00,22,844001,2024-12-19 23:00:00,2024-12-20 05:00:00,0,0,18.8
"DUTCH1_7_UNIT 1",2024-12-20 01:00:00,2024-12-20 08:00:00,22,844001,2024-12-20 09:00:00,2024-12-20 16:00:00,0,0,18.8
"DUTCH1_7_UNIT 1",2024-12-20 16:00:00,2024-12-20 21:00:00,22,844001,2024-12-21,2024-12-21 05:00:00,0,0,18.8
"DUTCH1_7_UNIT 1",2024-12-21 01:00:00,2024-12-21 08:00:00,22,844001,2024-12-21 09:00:00,2024-12-21 16:00:00,0,0,18.8
"DUTCH1_7_UNIT 1",2024-12-21 14:00:00,2024-12-21 21:00:00,22,844001,2024-12-21 22:00:00,2024-12-22 05:00:00,0,0,18.8
"DUTCH1_7_UNIT 1",2024-12-22,2024-12-22 08:00:00,22,844001,2024-12-22 08:00:00,2024-12-22 16:00:00,0,0,18.8
"DUTCH1_7_UNIT 1",2024-12-22 14:00:00,2024-12-22 21:00:00,22,844001,2024-12-22 22:00:00,2024-12-23 05:00:00,0,0,18.8
"DUTCH1_7_UNIT 1",2024-12-23 01:00:00,2024-12-23 08:00:00,22,844001,2024-12-23 09:00:00,2024-12-23 16:00:00,0,0,18.8
"DUTCH1_7_UNIT 1",2024-12-23 14:00:00,2024-12-23 20:05:00,22,844001,2024-12-23 22:00:00,2024-12-24 04:00:00,0,-5,18.8
"DUTCH1_7_UNIT 1",2024-12-24,2024-12-24 08:00:00,22,844001,2024-12-24 08:00:00,2024-12-24 16:00:00,0,0,18.8
"DUTCH1_7_UNIT 1",2024-12-24 14:00:00,2024-12-24 21:00:00,22,844001,2024-12-24 22:00:00,2024-12-25 05:00:00,0,0,18.8
"DUTCH1_7_UNIT 1",2024-12-25 01:00:00,2024-12-25 08:00:00,22,844001,2024-12-25 09:00:00,2024-12-25 16:00:00,0,0,18.8
"DUTCH1_7_UNIT 1",2024-12-25 15:00:00,2024-12-25 22:00:00,22,844001,2024-12-25 23:00:00,2024-12-26 06:00:00,0,0,18.8
"DUTCH1_7_UNIT 1",2024-12-26 01:00:00,2024-12-26 08:00:00,22,844001,2024-12-26 09:00:00,2024-12-26 16:00:00,0,0,18.8
"DUTCH1_7_UNIT 1",2024-12-26 14:00:00,2024-12-26 21:21:00,22,844001,2024-12-26 22:00:00,2024-12-27 06:00:00,0,39,18.8
"DUTCH1_7_UNIT 1",2024-12-27 15:00:00,2024-12-27 21:00:00,22,844001,2024-12-27 23:00:00,2024-12-28 05:00:00,0,0,18.8
"DUTCH1_7_UNIT 1",2024-12-28,2024-12-28 06:00:00,22,844001,2024-12-28 08:00:00,2024-12-28 14:00:00,0,0,18.8
"DUTCH1_7_UNIT 1",2024-12-28 16:00:00,2024-12-28 21:00:00,22,844001,2024-12-29,2024-12-29 05:00:00,0,0,18.8
"DUTCH1_7_UNIT 1",2024-12-29,2024-12-29 05:00:00,22,844001,2024-12-29 08:00:00,2024-12-29 13:00:00,0,0,18.8
"DUTCH1_7_UNIT 1",2024-12-29 15:00:00,2024-12-29 17:00:00,22,844001,2024-12-29 23:00:00,2024-12-30 05:00:00,0,240,18.8
"DUTCH1_7_UNIT 1",2024-12-30 02:00:00,2024-12-30 07:00:00,22,844001,2024-12-30 10:00:00,2024-12-30 15:00:00,0,0,18.8
"DUTCH1_7_UNIT 1",2024-12-31 01:00:00,2024-12-31 08:00:00,22,844001,2024-12-31 09:00:00,2024-12-31 16:00:00,0,0,18.8
"DVLCYN_1_UNITS",2024-12-09 23:00:00,2024-12-10 06:41:00,235,407814,2024-12-10 07:00:00,2024-12-10 16:00:00,0,79,235
"DVLCYN_1_UNITS",2024-12-10 23:00:00,2024-12-11 03:37:00,235,407814,2024-12-11 07:00:00,2024-12-11 13:00:00,0,83,235
"DYERSM_6_DSWWD1",2023-03-16 01:00:00,2023-03-16 03:48:00,44.8,860091,2023-03-16 08:00:00,2023-03-16 12:00:00,0,72,44.8
"DYERSM_6_DSWWD1",2023-06-06 23:00:00,2023-06-06 23:30:00,44.8,860091,2023-06-07 06:00:00,2023-06-07 17:00:00,0,630,44.8
"DYERSM_6_DSWWD1",2023-10-04,2023-10-04 09:26:00,44.8,860091,2023-10-04 07:00:00,2023-10-04 19:00:00,0,154,44.8
"DYERSM_6_DSWWD1",2024-05-30 01:00:00,2024-05-30 08:01:00,44.8,860091,2024-05-30 08:00:00,2024-05-30 16:00:00,0,59,44.8
"DYERSM_6_DSWWD1",2024-08-29 23:00:00,2024-08-30 11:00:00,44.8,860091,2024-08-30 06:00:00,2024-08-30 18:00:00,0,0,44.8
"DYERSM_6_DSWWD1",2024-10-02,2024-10-02 12:00:00,44.8,860091,2024-10-02 07:00:00,2024-10-02 19:00:00,0,0,44.8
"DYLAN_2_BMTBT1",2024-08-31 23:00:00,2024-09-01 11:00:00,100,262817,2024-09-01 06:00:00,2024-09-01 22:00:00,0,240,100
"EDWARD_2_ES2BT3",2023-02-03 00:57:00,2023-02-03 09:00:00,151,108122,2023-02-03 09:00:00,2023-02-03 17:00:00,3,0,200
"EDWARD_2_ES2BT3",2023-05-18 03:00:00,2023-05-18 03:45:00,151,108122,2023-05-18 10:00:00,2023-05-18 11:00:00,0,15,200
"EDWARD_2_ES2BT3",2024-07-18 16:00:00,2024-07-18 16:15:00,151,108122,2024-07-18 23:00:00,2024-07-19 17:00:00,0,1065,200
"EDWARD_2_ESSSB1",2023-01-08 09:00:00,2023-01-08 16:00:00,116,173313,2023-01-08 17:00:00,2023-01-09 07:00:00,0,420,100
"EDWARD_2_ESSSB1",2023-09-18 12:00:00,2023-09-19,116,173313,2023-09-18 19:00:00,2023-09-19 07:00:00,0,0,100
"EDWARD_2_ESSSB1",2023-09-19 12:00:00,2023-09-20,116,173313,2023-09-19 19:00:00,2023-09-20 07:00:00,0,0,100
"EDWARD_2_ESSSB1",2023-09-20 12:00:00,2023-09-21,116,173313,2023-09-20 19:00:00,2023-09-21 07:00:00,0,0,100
"EDWARD_2_ESSSB1",2023-09-21 12:00:00,2023-09-22,116,173313,2023-09-21 19:00:00,2023-09-22 07:00:00,0,0,100
"EDWARD_2_ESSSB1",2023-09-22 12:00:00,2023-09-23,116,173313,2023-09-22 19:00:00,2023-09-23 07:00:00,0,0,100
"EDWARD_2_ESSSB1",2023-09-25 12:00:00,2023-09-26,116,173313,2023-09-25 19:00:00,2023-09-26 07:00:00,0,0,100
"EDWARD_2_ESSSB1",2023-09-26 12:00:00,2023-09-27,116,173313,2023-09-26 19:00:00,2023-09-27 07:00:00,0,0,100
"EDWARD_2_ESSSB1",2023-09-27 12:00:00,2023-09-28,116,173313,2023-09-27 19:00:00,2023-09-28 07:00:00,0,0,100
"EDWARD_2_ESSSB1",2023-09-28 12:00:00,2023-09-29,116,173313,2023-09-28 19:00:00,2023-09-29 07:00:00,0,0,100
"EDWARD_2_ESSSB1",2023-09-29 12:00:00,2023-09-30,116,173313,2023-09-29 19:00:00,2023-09-30 07:00:00,0,0,100
"EDWARD_2_ESSSB1",2023-09-30 12:00:00,2023-10-01,116,173313,2023-09-30 19:00:00,2023-10-01 07:00:00,0,0,100
"EDWARD_2_ESSSB1",2023-10-01 12:00:00,2023-10-02,116,173313,2023-10-01 19:00:00,2023-10-02 07:00:00,0,0,100
"EDWARD_2_ESSSB1",2023-10-03 12:00:00,2023-10-04,116,173313,2023-10-03 19:00:00,2023-10-04 07:00:00,0,0,100
"EDWARD_2_ESSSB1",2023-10-06 12:00:00,2023-10-07,116,173313,2023-10-06 19:00:00,2023-10-07 07:00:00,0,0,100
"EDWARD_2_ESSSB1",2023-10-07 12:00:00,2023-10-08,116,173313,2023-10-07 19:00:00,2023-10-08 07:00:00,0,0,100
"EDWARD_2_ESSSB1",2023-10-08 12:00:00,2023-10-09,116,173313,2023-10-08 19:00:00,2023-10-09 07:00:00,0,0,100
"EDWARD_2_ESSSB1",2023-10-09 12:00:00,2023-10-10,116,173313,2023-10-09 19:00:00,2023-10-10 07:00:00,0,0,100
"EDWARD_2_ESSSB1",2023-10-10 12:00:00,2023-10-11,116,173313,2023-10-10 19:00:00,2023-10-11 07:00:00,0,0,100
"EDWARD_2_ESSSB1",2023-10-11 12:00:00,2023-10-12,116,173313,2023-10-11 19:00:00,2023-10-12 07:00:00,0,0,100
"EDWARD_2_ESSSB1",2023-10-12 12:00:00,2023-10-13,116,173313,2023-10-12 19:00:00,2023-10-13 07:00:00,0,0,100
"EDWARD_2_ESSSB1",2023-10-13 12:00:00,2023-10-14,116,173313,2023-10-13 19:00:00,2023-10-14 07:00:00,0,0,100
"EDWARD_2_ESSSB1",2023-10-14 12:00:00,2023-10-15,116,173313,2023-10-14 19:00:00,2023-10-15 07:00:00,0,0,100
"EDWARD_2_ESSSB1",2023-10-15 12:00:00,2023-10-16,116,173313,2023-10-15 19:00:00,2023-10-16 07:00:00,0,0,100
"EDWARD_2_ESSSB1",2023-10-16 12:00:00,2023-10-17,116,173313,2023-10-16 19:00:00,2023-10-17 07:00:00,0,0,100
"EDWARD_2_ESSSB1",2023-10-17 12:00:00,2023-10-18,116,173313,2023-10-17 19:00:00,2023-10-18 07:00:00,0,0,100
"EDWARD_2_ESSSB1",2023-10-19 12:00:00,2023-10-20,116,173313,2023-10-19 19:00:00,2023-10-20 07:00:00,0,0,100
"EDWARD_2_ESSSB1",2023-10-20 12:00:00,2023-10-21,116,173313,2023-10-20 19:00:00,2023-10-21 07:00:00,0,0,100
"EDWARD_2_ESSSB1",2023-10-22 12:00:00,2023-10-23,116,173313,2023-10-22 19:00:00,2023-10-23 07:00:00,0,0,100
"EDWARD_2_ESSSB1",2023-10-23 12:00:00,2023-10-23 21:00:00,116,173313,2023-10-23 19:00:00,2023-10-24 07:00:00,0,180,100
"EDWARD_2_ESSSB1",2023-10-24 12:00:00,2023-10-25,116,173313,2023-10-24 19:00:00,2023-10-25 07:00:00,0,0,100
"EDWARD_2_ESSSB1",2023-10-26 12:00:00,2023-10-27,116,173313,2023-10-26 19:00:00,2023-10-27 07:00:00,0,0,100
"EDWARD_2_ESSSB1",2023-10-27 12:00:00,2023-10-28,116,173313,2023-10-27 19:00:00,2023-10-28 07:00:00,0,0,100
"EDWARD_2_ESSSB1",2023-10-28 12:00:00,2023-10-29,116,173313,2023-10-28 19:00:00,2023-10-29 07:00:00,0,0,100
"ELCABO_5_ECWSCEDYN",2023-12-07 07:05:00,2023-12-07 14:04:00,298,133667,2023-12-07 15:00:00,2023-12-08 09:00:00,-5,656,300
"ELCAJN_6_LM6K",2024-01-12,2024-01-12 00:20:00,48.1,138902,2024-01-12 08:00:00,2024-01-13 11:00:00,0,1600,50
"ELCAJN_6_LM6K",2024-01-29 11:05:00,2024-01-30 03:05:00,48.1,138902,2024-01-29 19:00:00,2024-02-03 09:00:00,-5,5635,50
"ELKCRK_6_STONYG",2023-01-17 22:00:00,2023-01-18 06:50:00,4.9,127784,2023-01-18 06:00:00,2023-01-18 18:00:00,0,190,4.9
"ELKCRK_6_STONYG",2023-04-13,2023-04-13 08:41:00,4.9,127784,2023-04-13 07:00:00,2023-04-13 18:00:00,0,139,4.9
"ELKCRK_6_STONYG",2023-07-06 23:00:00,2023-09-05 01:00:00,4.9,127784,2023-07-07 06:00:00,2023-09-05 08:00:00,0,0,4.9
"ELKCRK_6_STONYG",2024-01-07 23:00:00,2024-01-12,4.9,127784,2024-01-08 07:00:00,2024-01-12 10:00:00,0,120,4.9
"ELKCRK_6_STONYG",2024-06-13 23:00:00,2024-09-03 02:00:00,4.9,127784,2024-06-14 06:00:00,2024-09-04,0,900,4.9
"ELKCRK_6_STONYG",2024-09-13 23:00:00,2024-09-30 16:59:00,4.9,127784,2024-09-14 06:00:00,2024-11-21 08:00:00,0,73921,4.9
"ELKHRN_1_EESX3",2023-02-28 16:00:00,2023-03-10 03:45:00,182.5,417420,2023-03-01,2023-03-10 15:00:00,0,195,182.51
"ELKHRN_1_EESX3",2023-04-16 17:01:00,2023-04-21 14:10:00,182.5,417420,2023-04-17,2023-04-21 23:00:00,-1,110,182.51
"ELNIDO_1_ECRSR1",2024-12-30 23:00:00,2024-12-31 10:00:00,3,636159,2024-12-31 07:00:00,2025-01-15 23:00:00,0,21900,1
"ELNIDP_6_BIOMAS",2023-02-16 07:00:00,2023-02-19 14:50:00,10.5,764077,2023-02-16 15:00:00,2023-04-20 10:00:00,0,85630,25
"ELSEGN_2_UN1011",2024-05-06,2024-05-06 08:00:00,274.31,951615,2024-05-06 07:00:00,2024-05-06 19:00:00,0,240,275
"ENERSJ_2_WIND",2023-08-22 05:00:00,2023-08-22 09:20:00,151,704081,2023-08-22 12:00:00,2023-08-23,0,460,180
"ENWIND_2_WIND1",2024-10-16 03:00:00,2024-10-16 13:00:00,47.1,719983,2024-10-16 10:00:00,2024-10-17,0,240,40
"ESCNDO_6_EB1BT1",2024-04-16,2024-04-16 07:00:00,10,647222,2024-04-16 07:00:00,2024-04-16 16:00:00,0,120,5.9
"ESCNDO_6_PL1X2",2024-05-13 17:00:00,2024-06-11 09:00:00,48.71,633120,2024-05-14,2024-10-08 06:00:00,0,170760,50
"ESCNDO_6_UNITB1",2023-10-26,2023-10-26 07:48:00,48.04,279238,2023-10-26 07:00:00,2023-10-27 17:00:00,0,1572,40
"ESCNDO_6_UNITB1",2023-11-13 23:00:00,2023-11-14 05:53:00,48.04,279238,2023-11-14 07:00:00,2023-11-14 16:00:00,0,127,40
"ESCO_6_GLMQF",2023-03-16 11:00:00,2023-03-17 05:00:00,49.9,717058,2023-03-16 18:00:00,2023-03-17 18:00:00,0,360,50
"ETIWND_6_INEBT1",2024-12-08 22:00:00,2024-12-08 22:59:00,70,155078,2024-12-09 06:00:00,2024-12-09 22:00:00,0,901,62
"ETIWND_6_INEBT1",2024-12-12 22:00:00,2024-12-12 22:59:00,70,155078,2024-12-13 06:00:00,2024-12-13 22:00:00,0,901,62
"EXCHEC_7_UNIT 1",2023-11-01,2023-11-27 10:57:00,94.5,140162,2023-11-01 07:00:00,2023-11-27 21:00:00,0,123,94.5
"EXCHEC_7_UNIT 1",2024-01-12 23:00:00,2024-01-13 00:57:00,94.5,140162,2024-01-13 07:00:00,2024-01-13 11:00:00,0,123,94.5
"EXCHEC_7_UNIT 1",2024-06-05,2024-06-05 10:01:00,94.5,140162,2024-06-05 07:00:00,2024-06-05 19:00:00,0,119,94.5
"EXCHEC_7_UNIT 1",2024-09-27 17:00:00,2024-09-28 13:00:00,94.5,140162,2024-09-28,2024-09-28 20:00:00,0,0,94.5
"EXCHEC_7_UNIT 1",2024-12-06 22:00:00,2024-12-07 09:50:00,94.5,140162,2024-12-07 06:00:00,2024-12-07 18:00:00,0,10,94.5
"EXCHEC_7_UNIT 1",2024-12-07 22:00:00,2024-12-08 08:03:00,94.5,140162,2024-12-08 06:00:00,2024-12-08 18:00:00,0,117,94.5
"EXCHEC_7_UNIT 1",2024-12-13 22:00:00,2024-12-14 10:00:00,94.5,140162,2024-12-14 06:00:00,2024-12-14 18:00:00,0,0,94.5
"EXCHEC_7_UNIT 1",2024-12-14 22:00:00,2024-12-15 10:00:00,94.5,140162,2024-12-15 06:00:00,2024-12-15 19:00:00,0,60,94.5
"FIFTHS_2_FSSBT",2023-07-31 23:00:00,2023-08-01 14:00:00,137,432370,2023-08-01 06:00:00,2023-08-01 21:00:00,0,0,137
"FIFTHS_2_FSSBT",2023-08-01 23:00:00,2023-08-02 14:00:00,137,432370,2023-08-02 06:00:00,2023-08-02 21:00:00,0,0,137
"FIFTHS_2_FSSBT",2023-08-04 05:00:00,2023-08-04 09:00:00,137,432370,2023-08-04 12:00:00,2023-08-04 16:00:00,0,0,137
"FIFTHS_2_FSSBT",2023-08-08 04:00:00,2023-08-08 08:00:00,137,432370,2023-08-08 11:00:00,2023-08-08 15:00:00,0,0,137
"FIFTHS_2_FSSBT",2023-08-11 01:00:00,2023-08-11 02:00:00,137,432370,2023-08-11 08:00:00,2023-08-11 09:00:00,0,0,137
"FIFTHS_2_FSSBT",2024-02-13 21:00:00,2024-02-13 22:00:00,137,432370,2024-02-14 05:00:00,2024-02-14 07:00:00,0,60,137
"FLOWD_2_WIND1",2023-01-12 02:00:00,2023-01-12 02:15:00,11.9,146475,2023-01-12 10:00:00,2023-01-12 11:00:00,0,45,6.2
"FMEADO_7_UNIT",2024-04-20 11:00:00,2024-04-24 06:17:00,16,110282,2024-04-20 18:00:00,2024-05-22,0,39523,16
"FORBST_7_UNIT 1",2023-02-17 23:00:00,2023-02-17 23:36:00,37.5,133829,2023-02-18 07:00:00,2023-02-18 09:00:00,0,84,37.5
"FORBST_7_UNIT 1",2023-04-10 23:00:00,2023-04-15 12:25:00,37.5,133829,2023-04-11 06:00:00,2023-04-15 21:00:00,0,95,37.5
"FORBST_7_UNIT 1",2023-10-09,2023-10-13 09:12:00,37.5,133829,2023-10-09 07:00:00,2023-10-14 01:00:00,0,528,37.5
"FORBST_7_UNIT 1",2024-02-29 16:00:00,2024-03-21 06:53:00,37.5,133829,2024-03-01,2024-03-21 18:00:00,0,247,37.5
"FORBST_7_UNIT 1",2024-06-08 01:00:00,2024-06-08 04:18:00,37.5,133829,2024-06-08 08:00:00,2024-06-08 14:00:00,0,162,37.5
"FORBST_7_UNIT 1",2024-08-07 23:00:00,2024-08-24 09:25:00,37.5,133829,2024-08-08 06:00:00,2024-08-24 18:00:00,0,95,37.5
"FRESHW_1_SOLAR1",2024-09-30 09:05:00,2024-10-01 09:15:00,20,163228,2024-09-30 16:00:00,2024-12-06 08:00:00,-5,94545,70
"FTSWRD_7_QFUNTS",2023-11-26 23:00:00,2023-12-09 09:43:00,1.6,798542,2023-11-27 07:00:00,2023-12-16 13:00:00,0,9797,48.6
"GANSO_1_WSTBM1",2023-09-28 14:00:00,2023-09-29 02:30:00,1,174762,2023-09-28 21:00:00,2023-10-01 18:00:00,0,3390,0.99
"GANSO_1_WSTBM1",2024-08-09 13:55:00,2024-08-09 17:15:00,1,174762,2024-08-09 21:00:00,2024-08-12 18:00:00,5,3945,0.99
"GARNET_1_WT3WND",2024-05-28,2024-05-28 07:30:00,6,189702,2024-05-28 07:00:00,2024-05-28 17:00:00,0,150,5.84
"GARNET_1_WT3WND",2024-07-16,2024-07-16 09:00:00,6,189702,2024-07-16 07:00:00,2024-07-16 16:00:00,0,0,5.84
"GARNET_1_WT3WND",2024-12-22 23:00:00,2024-12-23 04:07:00,6,189702,2024-12-23 07:00:00,2024-12-23 14:00:00,0,113,5.84
"GARNET_2_COAWD2",2023-06-13 05:00:00,2023-06-13 10:00:00,10.8,627078,2023-06-13 12:00:00,2023-06-14 08:00:00,0,900,120
"GARNET_2_HYDRO",2024-06-11 22:00:00,2024-06-13 02:30:00,1,292514,2024-06-12 05:00:00,2024-06-15 05:00:00,0,2610,9
"GARNET_2_WIND1",2023-04-03 23:00:00,2023-04-03 23:15:00,11.2,118049,2023-04-04 06:00:00,2023-04-04 18:00:00,0,705,9.2
"GARNET_2_WIND5",2024-06-27 01:01:00,2024-06-27 01:08:00,3,133798,2024-06-27 08:00:00,2024-06-27 18:00:00,-1,592,1
"GASKW1_2_GW2SR1",2024-09-30 13:00:00,2024-09-30 21:00:00,16,940797,2024-09-30 20:00:00,2024-10-01 07:00:00,0,180,10
"GASKW1_2_GW2SR1",2024-11-19 10:00:00,2024-11-19 16:38:00,16,940797,2024-11-19 18:00:00,2024-11-20 06:00:00,0,322,10
"GASKW1_2_GW2SR1",2024-12-02 10:00:00,2024-12-02 20:00:00,16,940797,2024-12-02 18:00:00,2024-12-03 06:00:00,0,120,10
"GASKW1_2_GW2SR1",2024-12-03 10:00:00,2024-12-03 20:00:00,16,940797,2024-12-03 18:00:00,2024-12-04 06:00:00,0,120,10
"GATES_2_SOLAR",2023-04-02 22:00:00,2023-04-03 00:16:00,20,262440,2023-04-03 05:00:00,2023-04-04,0,1004,20.01
"GATEWY_2_GESBT1",2024-04-11 23:57:00,2024-04-12 08:39:00,250,110776,2024-04-12 07:00:00,2024-04-12 21:00:00,3,321,266
"GATEWY_2_GESBT1",2024-09-30 23:00:00,2024-10-01 01:09:00,250,110776,2024-10-01 06:00:00,2024-10-01 23:00:00,0,891,266
"GATEWY_2_GESBT1",2024-12-02 22:00:00,2024-12-03 02:00:00,250,110776,2024-12-03 06:00:00,2024-12-03 22:00:00,0,720,266
"GATWAY_2_PL1X3",2023-08-26 17:00:00,2023-08-27 09:15:00,585,181838,2023-08-27,2023-08-28 06:00:00,0,825,541
"GATWAY_2_PL1X3",2024-02-26 16:00:00,2024-02-26 20:00:00,585,181838,2024-02-27,2024-02-28,0,1200,541
"GENESI_2_STG",2023-03-01 01:00:00,2023-03-01 10:00:00,250,183646,2023-03-01 09:00:00,2023-03-05 18:00:00,0,5760,219.7
"GENESI_2_STG",2023-03-07,2023-03-07 02:17:00,250,183646,2023-03-07 08:00:00,2023-03-08 06:00:00,0,1183,219.7
"GENESI_2_STG",2023-03-09 00:55:00,2023-03-09 01:17:00,250,183646,2023-03-09 09:00:00,2023-03-09 17:00:00,5,463,219.7
"GENESI_2_STG",2023-03-29 02:05:00,2023-03-29 02:56:00,250,183646,2023-03-29 09:00:00,2023-03-31 08:00:00,-5,2764,219.7
"GENESI_2_STG",2024-03-12 03:00:00,2024-03-12 04:28:00,250,183646,2024-03-12 10:00:00,2024-03-12 17:00:00,0,332,219.7
"GENESI_2_STG",2024-12-26 00:03:00,2024-12-26 05:14:00,250,183646,2024-12-26 08:00:00,2024-12-26 14:00:00,-3,46,219.7
"GEYS12_7_UNIT12",2023-12-03 23:55:00,2023-12-04 07:08:00,57,151431,2023-12-04 08:00:00,2023-12-21 13:00:00,5,24352,16
"GEYS14_7_UNIT14",2024-09-30 16:59:00,2024-10-01 15:00:00,70,911243,2024-10-01,2024-11-01,1,43320,48
"GEYS16_7_UNIT16",2023-10-31 17:00:00,2023-11-05 15:59:00,63,119697,2023-11-01,2023-11-10,0,5761,65
"GEYS20_7_UNIT20",2024-05-17 17:00:00,2024-05-31 14:26:00,50,133703,2024-05-18,NA,0,NA,75
"GIFFEN_6_SOLAR1",2024-03-19 08:00:00,2024-03-19 09:22:00,9,903445,2024-03-19 15:00:00,2024-03-19 18:00:00,0,98,16.76
"GILRPP_1_PL3X4",2023-09-11,2023-09-11 07:15:00,46.2,429981,2023-09-11 07:00:00,2023-09-17,0,7785,53
"GILRPP_1_PL3X4",2024-07-29 23:00:00,2024-07-30 08:00:00,46.2,429981,2024-07-30 06:00:00,2024-07-30 17:00:00,0,120,53
"GLNARM_7_UNIT 1",2023-06-29,2023-06-29 06:00:00,22.13,517313,2023-06-29 07:00:00,2023-06-29 15:00:00,0,120,23.66
"GOOSLK_1_SOLAR1",2024-04-11 23:00:00,2024-04-14 15:34:00,12,982861,2024-04-12 06:00:00,2024-05-02 18:00:00,0,25646,13
"GRIFFI_2_LSPDYN",2023-05-31 17:00:00,2023-09-30 16:59:00,570,279317,2023-06-01,2023-10-01 07:00:00,0,421,505
"GRIFFI_2_LSPDYN",2024-05-31 17:00:00,2024-09-30 16:59:00,570,279317,2024-06-01,2024-10-01,0,1,505
"GRIZLY_1_UNIT 1",2024-05-22 01:00:00,2024-05-22 05:45:00,20,198858,2024-05-22 08:00:00,2024-05-22 16:00:00,0,195,16
"GRNLF1_1_PL1X2",2024-06-19 22:59:00,2024-06-20 01:00:00,60,454660,2024-06-20 06:00:00,2024-06-20 19:00:00,1,660,53
"GRNLF1_1_PL1X2",2024-06-20 23:00:00,2024-06-21 01:00:00,60,454660,2024-06-21 06:00:00,2024-06-21 13:00:00,0,300,53
"GRNLF2_1_UNIT",2024-11-09 16:00:00,2024-11-10 09:00:00,49.2,824322,2024-11-10,2024-11-13,0,3300,49.5
"GRNVLY_7_SCLAND",2024-11-22 12:00:00,2024-12-06 12:28:00,3.04,311481,2024-11-22 20:00:00,NA,0,NA,0.25
"GUERNS_6_HD3BM3",2023-03-02 14:00:00,2023-03-03 09:00:00,1,157437,2023-03-02 22:00:00,2023-03-03 17:00:00,0,0,0.99
"GUERNS_6_HD3BM3",2023-03-03 14:00:00,2023-03-04 08:00:00,1,157437,2023-03-03 22:00:00,2023-03-04 17:00:00,0,60,0.99
"GUERNS_6_HD3BM3",2023-03-09 14:00:00,2023-03-10 08:00:00,1,157437,2023-03-09 22:00:00,2023-03-10 16:00:00,0,0,0.99
"GUERNS_6_HD3BM3",2023-03-14 15:00:00,2023-03-15 09:00:00,1,157437,2023-03-14 22:00:00,2023-03-15 16:00:00,0,0,0.99
"GUERNS_6_HD3BM3",2023-11-08 13:00:00,2023-11-09 08:00:00,1,157437,2023-11-08 21:00:00,2023-11-09 16:00:00,0,0,0.99
"GUERNS_6_HD3BM3",2024-01-08 13:00:00,2024-01-09 08:00:00,1,157437,2024-01-08 21:00:00,2024-01-09 16:00:00,0,0,0.99
"GUERNS_6_HD3BM3",2024-01-18 13:00:00,2024-01-19 08:00:00,1,157437,2024-01-18 21:00:00,2024-01-19 16:00:00,0,0,0.99
"GUERNS_6_HD3BM3",2024-03-08 14:00:00,2024-03-09 08:00:00,1,157437,2024-03-08 22:00:00,2024-03-09 17:00:00,0,60,0.99
"GUERNS_6_HD3BM3",2024-03-10 14:00:00,2024-03-11 09:00:00,1,157437,2024-03-10 21:00:00,2024-03-11 16:00:00,0,0,0.99
"GUERNS_6_HD3BM3",2024-03-20 15:00:00,2024-03-21 09:00:00,1,157437,2024-03-20 22:00:00,2024-03-21 16:00:00,0,0,0.99
"GUERNS_6_HD3BM3",2024-03-21 15:00:00,2024-03-22 09:00:00,1,157437,2024-03-21 22:00:00,2024-03-22 16:00:00,0,0,0.99
"GUERNS_6_HD3BM3",2024-03-22 15:00:00,2024-03-23 09:00:00,1,157437,2024-03-22 22:00:00,2024-03-23 17:00:00,0,60,0.99
"GUERNS_6_HD3BM3",2024-03-25 15:00:00,2024-03-26 09:00:00,1,157437,2024-03-25 22:00:00,2024-03-26 16:00:00,0,0,0.99
"GUERNS_6_HD3BM3",2024-03-28 15:00:00,2024-03-29 09:00:00,1,157437,2024-03-28 22:00:00,2024-03-29 16:00:00,0,0,0.99
"GUERNS_6_HD3BM3",2024-04-05 15:00:00,2024-04-06 09:00:00,1,157437,2024-04-05 22:00:00,2024-04-06 17:00:00,0,60,0.99
"GUERNS_6_HD3BM3",2024-04-06 15:00:00,2024-04-07 09:00:00,1,157437,2024-04-06 22:00:00,2024-04-08 16:00:00,0,1440,0.99
"GUERNS_6_HD3BM3",2024-04-10 15:00:00,2024-04-11 09:00:00,1,157437,2024-04-10 22:00:00,2024-04-11 16:00:00,0,0,0.99
"GUERNS_6_HD3BM3",2024-04-22 15:00:00,2024-04-23 09:00:00,1,157437,2024-04-22 22:00:00,2024-04-23 16:00:00,0,0,0.99
"GUERNS_6_SOLAR",2024-11-18,2024-11-19 04:00:00,20,197335,2024-11-18 08:00:00,2024-11-22 18:00:00,0,4680,11.07
"GUERNS_6_VH2BM1",2023-03-02 14:00:00,2023-03-03 09:00:00,1,725123,2023-03-02 22:00:00,2023-03-03 17:00:00,0,0,0.84
"GUERNS_6_VH2BM1",2023-03-03 14:00:00,2023-03-04 08:00:00,1,725123,2023-03-03 22:00:00,2023-03-04 17:00:00,0,60,0.84
"GUERNS_6_VH2BM1",2023-03-09 14:00:00,2023-03-10 08:00:00,1,725123,2023-03-09 22:00:00,2023-03-10 16:00:00,0,0,0.84
"GUERNS_6_VH2BM1",2023-03-14 15:00:00,2023-03-15 09:00:00,1,725123,2023-03-14 22:00:00,2023-03-15 16:00:00,0,0,0.84
"GUERNS_6_VH2BM1",2024-01-04 14:00:00,2024-01-05 08:00:00,1,725123,2024-01-04 22:00:00,2024-01-05 16:00:00,0,0,0.84
"GUERNS_6_VH2BM1",2024-01-11 14:00:00,2024-01-12 08:00:00,1,725123,2024-01-11 22:00:00,2024-01-12 16:00:00,0,0,0.84
"GUERNS_6_VH2BM1",2024-01-14 14:00:00,2024-01-15 09:00:00,1,725123,2024-01-14 22:00:00,2024-01-15 17:00:00,0,0,0.84
"GUERNS_6_VH2BM1",2024-01-15 14:00:00,2024-01-16 08:00:00,1,725123,2024-01-15 22:00:00,2024-01-16 16:00:00,0,0,0.84
"GUERNS_6_VH2BM1",2024-01-17 14:00:00,2024-01-18 07:30:00,1,725123,2024-01-17 22:00:00,2024-01-18 16:00:00,0,30,0.84
"GUERNS_6_VH2BM1",2024-01-23 14:00:00,2024-01-24 08:00:00,1,725123,2024-01-23 22:00:00,2024-01-24 16:00:00,0,0,0.84
"GUERNS_6_VH2BM1",2024-01-27 14:00:00,2024-01-28 08:00:00,1,725123,2024-01-27 22:00:00,2024-01-28 16:00:00,0,0,0.84
"GUERNS_6_VH2BM1",2024-03-04 13:00:00,2024-03-05 08:00:00,1,725123,2024-03-04 21:00:00,2024-03-05 19:00:00,0,180,0.84
"GUERNS_6_VH2BM1",2024-03-06 13:00:00,2024-03-07 08:00:00,1,725123,2024-03-06 21:00:00,2024-03-07 19:00:00,0,180,0.84
"GUERNS_6_VH2BM1",2024-03-12 14:00:00,2024-03-13 09:00:00,1,725123,2024-03-12 21:00:00,2024-03-13 19:00:00,0,180,0.84
"GUERNS_6_VH2BM1",2024-03-26 14:00:00,2024-03-27 09:00:00,1,725123,2024-03-26 21:00:00,2024-03-27 19:00:00,0,180,0.84
"GUERNS_6_VH2BM1",2024-03-30 14:00:00,2024-03-31 08:50:00,1,725123,2024-03-30 21:00:00,2024-04-01 17:00:00,0,1510,0.84
"GUERNS_6_VH2BM1",2024-04-06 15:00:00,2024-04-07 09:00:00,1,725123,2024-04-06 22:00:00,2024-04-08 17:00:00,0,1500,0.84
"GUERNS_6_VH2BM1",2024-04-10 15:00:00,2024-04-11 09:00:00,1,725123,2024-04-10 22:00:00,2024-04-11 17:00:00,0,60,0.84
"GUERNS_6_VH2BM1",2024-04-22 15:00:00,2024-04-23 09:00:00,1,725123,2024-04-22 22:00:00,2024-04-23 17:00:00,0,60,0.84
"GUERNS_6_VH2BM1",2024-04-30 15:00:00,2024-04-30 16:59:00,1,725123,2024-04-30 22:00:00,2024-05-30 16:00:00,0,42721,0.84
"GUERNS_6_VH2BM1",2024-11-06 14:00:00,2024-11-07 08:00:00,1,725123,2024-11-06 22:00:00,2024-11-07 17:00:00,0,60,0.84
"GUERNS_6_VH2BM1",2024-11-07 14:00:00,2024-11-08 08:00:00,1,725123,2024-11-07 22:00:00,2024-11-08 17:00:00,0,60,0.84
"GYS7X8_7_UNITS",2024-11-11 18:00:00,2024-11-13 09:04:00,95.8,334338,2024-11-12 02:00:00,2024-11-17 22:00:00,0,6056,25
"HAASPH_7_PL1X2",2024-04-02 03:00:00,2024-04-02 04:39:00,144,112948,2024-04-02 10:00:00,2024-04-02 13:00:00,0,81,113
"HAASPH_7_PL1X2",2024-04-30 12:00:00,2024-04-30 13:00:00,144,112948,2024-04-30 19:00:00,2024-05-01,0,240,113
"HAASPH_7_PL1X2",2024-05-11 17:00:00,2024-05-11 21:00:00,144,112948,2024-05-12,2024-05-13,0,1200,113
"HARDWK_6_STWBM1",2024-08-19 02:00:00,2024-08-19 04:00:00,1,627608,2024-08-19 09:00:00,2024-08-19 11:00:00,0,0,2
"HATCR2_7_UNIT",2024-05-13 01:00:00,2024-05-16 07:56:00,8.5,103214,2024-05-13 08:00:00,2024-11-15 08:00:00,0,263104,15
"HAYPRS_6_HAYHD1",2024-06-16 23:00:00,2024-06-17 09:37:00,5.8,636736,2024-06-17 06:00:00,2024-06-17 18:00:00,0,83,4.22
"HELMPG_7_UNIT 1",2024-06-18 17:01:00,2024-06-21 03:11:00,407,891900,2024-06-19,2024-06-25,-1,5149,473
"HELMPG_7_UNIT 1",2024-07-31 17:00:00,2024-08-01 06:56:00,407,891900,2024-08-01,2024-08-02 22:00:00,0,1924,473
"HELMPG_7_UNIT 2",2023-01-20 01:00:00,2023-01-20 03:00:00,407,681987,2023-01-20 09:00:00,2023-01-20 17:00:00,0,360,393
"HELMPG_7_UNIT 2",2024-04-15 01:00:00,2024-04-15 01:14:00,407,681987,2024-04-15 08:00:00,2024-04-15 18:00:00,0,586,393
"HELMPG_7_UNIT 2",2024-07-31 17:00:00,2024-08-01 06:56:00,407,681987,2024-08-01,2024-08-01 16:00:00,0,124,393
"HELMPG_7_UNIT 3",2023-07-17 22:00:00,2023-07-18 09:30:00,404,473916,2023-07-18 05:00:00,2023-07-19,0,450,290
"HELMPG_7_UNIT 3",2023-07-18 22:00:00,2023-07-19 09:30:00,404,473916,2023-07-19 05:00:00,2023-07-21,0,1890,290
"HENRTA_6_ELCBX2",2024-10-18 01:00:00,2024-10-18 13:00:00,99.4,243483,2024-10-18 08:00:00,2024-10-18 22:00:00,0,120,104
"HENRTA_6_SOLAR1",2024-12-13 12:00:00,2024-12-14 00:18:00,1.5,191300,2024-12-13 20:00:00,2024-12-16 17:00:00,0,3402,0.99
"HENRTA_6_UNITA2",2024-12-03 16:00:00,NA,49.42,917526,2024-12-04,NA,0,NA,49.42
"HERDLN_6_BYHSR1",2024-05-27 23:00:00,2024-05-27 23:37:00,5,945442,2024-05-28 06:00:00,2024-05-28 10:00:00,0,203,2
"HIGHDS_2_H5SSR1",2023-03-14 13:01:00,2023-03-14 21:35:00,100,204700,2023-03-14 20:00:00,2023-03-15 05:00:00,-1,25,110
"HIGHDS_2_H5SSR1",2024-11-02 14:00:00,2024-11-03 01:22:00,100,204700,2024-11-02 21:00:00,2024-11-04 05:00:00,0,1238,110
"HINSON_6_LBECH3",2024-05-31 06:59:00,2024-06-13 10:39:00,63,860525,2024-05-31 14:00:00,2024-06-19 06:00:00,1,7941,60
"HNTGBH_2_PL1X3",2024-10-21,2024-10-22 15:59:00,673.8,281995,2024-10-21 07:00:00,2024-11-13 07:00:00,0,30721,700
"HNTGBH_7_UNIT 2",2023-04-24 17:00:00,2023-04-24 18:56:00,226.84,213655,2023-04-25,2023-04-26 19:00:00,0,2464,230
"HOOVER_2_SCEPT",2023-11-12 11:00:00,2023-11-12 15:59:00,287,228662,2023-11-12 19:00:00,2023-11-13 17:00:00,0,1021,300
"HYTTHM_2_UNITS",2024-10-03 22:00:00,2024-10-04 09:06:00,933.1,201337,2024-10-04 05:00:00,2024-10-04 18:00:00,0,114,847
"HYTTHM_2_UNITS",2024-10-06 22:00:00,2024-10-07,933.1,201337,2024-10-07 05:00:00,2024-10-07 18:00:00,0,660,847
"HYTTHM_2_UNITS",2024-10-10 22:00:00,2024-10-11 10:09:00,933.1,201337,2024-10-11 05:00:00,2024-10-11 18:00:00,0,51,847
"HYTTHM_2_UNITS",2024-10-13 22:00:00,2024-10-14,933.1,201337,2024-10-14 05:00:00,2024-10-14 18:00:00,0,660,847
"HYTTHM_2_UNITS",2024-10-15 01:00:00,2024-10-15 08:59:00,933.1,201337,2024-10-15 08:00:00,2024-10-15 16:00:00,0,1,847
"HYTTHM_2_UNITS",2024-10-17 22:00:00,2024-10-18 09:50:00,933.1,201337,2024-10-18 05:00:00,2024-10-18 18:00:00,0,70,847
"HYTTHM_2_UNITS",2024-10-27 22:00:00,2024-10-27 23:30:00,933.1,201337,2024-10-28 05:00:00,2024-10-28 18:00:00,0,690,847
"HYTTHM_2_UNITS",2024-10-31 22:00:00,2024-11-01 10:15:00,933.1,201337,2024-11-01 05:00:00,2024-11-01 18:00:00,0,45,847
"HYTTHM_2_UNITS",2024-11-03 21:00:00,2024-11-04 09:36:00,933.1,201337,2024-11-04 05:00:00,2024-11-04 19:00:00,0,84,847
"INDIGO_1_UNIT 2",2023-04-16 16:59:00,2023-04-19 16:59:00,45.3,777334,2023-04-17,2023-05-10,1,28801,50
"INDIGO_1_UNIT 3",2024-09-19 10:00:00,2024-09-19 11:00:00,45.3,403796,2024-09-19 17:00:00,2024-09-20 14:00:00,0,1200,62
"INDVLY_1_UNITS",2023-08-29 07:59:00,2023-08-29 12:48:00,3.01,581105,2023-08-29 15:00:00,2023-08-30 01:00:00,1,312,3
"INTMNT_3_ANAHEIM",2024-04-11,2024-04-11 01:00:00,234,791910,2024-04-11 07:00:00,2024-04-11 08:00:00,0,0,235
"INTMNT_3_PASADENA",2023-03-31 17:00:00,2023-04-10 18:00:00,107,195432,2023-04-01,2023-04-11 06:00:00,0,300,136
"INTMNT_3_PASADENA",2024-03-31 17:00:00,2024-04-10 15:00:00,107,195432,2024-04-01,2024-04-11 07:00:00,0,540,136
"INYOKN_1_IKSSR2",2024-11-21 09:00:00,2024-11-21 23:00:00,11.9,779880,2024-11-21 17:00:00,2024-11-22 07:00:00,0,0,11
"INYOKN_1_IKSSR2",2024-11-22 09:00:00,2024-11-22 23:00:00,11.9,779880,2024-11-22 17:00:00,2024-11-23 07:00:00,0,0,11
"INYOKN_1_IKSSR2",2024-11-23 09:00:00,2024-11-23 23:00:00,11.9,779880,2024-11-23 17:00:00,2024-11-24 07:00:00,0,0,11
"INYOKN_1_IKSSR2",2024-11-24 09:00:00,2024-11-24 23:00:00,11.9,779880,2024-11-24 17:00:00,2024-11-25 07:00:00,0,0,11
"INYOKN_1_IKSSR2",2024-11-25 09:00:00,2024-11-25 23:00:00,11.9,779880,2024-11-25 17:00:00,2024-11-26 07:00:00,0,0,11
"INYOKN_1_IKSSR2",2024-11-26 09:00:00,2024-11-26 23:00:00,11.9,779880,2024-11-26 17:00:00,2024-11-27 07:00:00,0,0,11
"INYOKN_1_IKSSR2",2024-11-27 09:00:00,2024-11-27 23:00:00,11.9,779880,2024-11-27 17:00:00,2024-11-28 07:00:00,0,0,11
"INYOKN_1_IKSSR2",2024-11-28 09:00:00,2024-11-28 23:00:00,11.9,779880,2024-11-28 17:00:00,2024-11-29 07:00:00,0,0,11
"INYOKN_1_IKSSR2",2024-11-29 09:00:00,2024-11-29 23:00:00,11.9,779880,2024-11-29 17:00:00,2024-11-30 07:00:00,0,0,11
"INYOKN_1_IKSSR2",2024-11-30 09:00:00,2024-11-30 23:00:00,11.9,779880,2024-11-30 17:00:00,2024-12-01 07:00:00,0,0,11
"INYOKN_1_IKSSR2",2024-12-01 09:00:00,2024-12-01 23:00:00,11.9,779880,2024-12-01 17:00:00,2024-12-02 07:00:00,0,0,11
"INYOKN_1_IKSSR2",2024-12-02 09:00:00,2024-12-02 23:00:00,11.9,779880,2024-12-02 17:00:00,2024-12-03 07:00:00,0,0,11
"INYOKN_1_IKSSR2",2024-12-05 09:00:00,2024-12-05 23:00:00,11.9,779880,2024-12-05 17:00:00,2024-12-06 07:00:00,0,0,11
"INYOKN_1_IKSSR2",2024-12-06 09:00:00,2024-12-06 23:00:00,11.9,779880,2024-12-06 17:00:00,2024-12-07 07:00:00,0,0,11
"INYOKN_1_IKSSR2",2024-12-07 09:00:00,2024-12-07 23:00:00,11.9,779880,2024-12-07 17:00:00,2024-12-08 07:00:00,0,0,11
"INYOKN_1_IKSSR2",2024-12-08 09:00:00,2024-12-08 23:00:00,11.9,779880,2024-12-08 17:00:00,2024-12-09 07:00:00,0,0,11
"INYOKN_1_IKSSR2",2024-12-09 09:00:00,2024-12-09 23:00:00,11.9,779880,2024-12-09 17:00:00,2024-12-10 07:00:00,0,0,11
"INYOKN_1_IKSSR2",2024-12-10 09:00:00,2024-12-10 23:00:00,11.9,779880,2024-12-10 17:00:00,2024-12-11 07:00:00,0,0,11
"INYOKN_1_IKSSR2",2024-12-11 09:00:00,2024-12-11 23:00:00,11.9,779880,2024-12-11 17:00:00,2024-12-12 07:00:00,0,0,11
"INYOKN_1_IKSSR2",2024-12-12 09:00:00,2024-12-12 23:00:00,11.9,779880,2024-12-12 17:00:00,2024-12-13 07:00:00,0,0,11
"INYOKN_1_IKSSR2",2024-12-13 09:00:00,2024-12-13 23:00:00,11.9,779880,2024-12-13 17:00:00,2024-12-14 07:00:00,0,0,11
"INYOKN_1_IKSSR2",2024-12-14 09:00:00,2024-12-14 23:00:00,11.9,779880,2024-12-14 17:00:00,2024-12-15 07:00:00,0,0,11
"INYOKN_1_IKSSR2",2024-12-15 09:00:00,2024-12-15 23:00:00,11.9,779880,2024-12-15 17:00:00,2024-12-16 07:00:00,0,0,11
"INYOKN_1_IKSSR2",2024-12-16 09:00:00,2024-12-16 23:00:00,11.9,779880,2024-12-16 17:00:00,2024-12-17 07:00:00,0,0,11
"INYOKN_1_IKSSR2",2024-12-17 09:00:00,2024-12-17 23:00:00,11.9,779880,2024-12-17 17:00:00,2024-12-18 07:00:00,0,0,11
"INYOKN_1_IKSSR2",2024-12-18 09:00:00,2024-12-18 23:00:00,11.9,779880,2024-12-18 17:00:00,2024-12-19 07:00:00,0,0,11
"INYOKN_1_IKSSR2",2024-12-19 09:00:00,2024-12-19 23:00:00,11.9,779880,2024-12-19 17:00:00,2024-12-20 07:00:00,0,0,11
"INYOKN_1_IKSSR2",2024-12-20 09:00:00,2024-12-20 23:00:00,11.9,779880,2024-12-20 17:00:00,2024-12-21 07:00:00,0,0,11
"INYOKN_1_IKSSR2",2024-12-21 09:00:00,2024-12-21 23:00:00,11.9,779880,2024-12-21 17:00:00,2024-12-22 07:00:00,0,0,11
"INYOKN_1_IKSSR2",2024-12-22 09:00:00,2024-12-22 23:00:00,11.9,779880,2024-12-22 17:00:00,2024-12-23 07:00:00,0,0,11
"INYOKN_1_IKSSR2",2024-12-27 09:00:00,2024-12-27 23:00:00,11.9,779880,2024-12-27 17:00:00,2024-12-28 07:00:00,0,0,11
"INYOKN_1_IKSSR2",2024-12-28 09:00:00,2024-12-28 23:00:00,11.9,779880,2024-12-28 17:00:00,2024-12-29 07:00:00,0,0,11
"INYOKN_1_IKSSR2",2024-12-29 09:00:00,2024-12-29 23:00:00,11.9,779880,2024-12-29 17:00:00,2024-12-30 07:00:00,0,0,11
"INYOKN_1_IKSSR2",2024-12-30 09:00:00,2024-12-30 23:00:00,11.9,779880,2024-12-30 17:00:00,2024-12-31 07:00:00,0,0,11
"IVWEST_2_SOLAR1",2023-09-18 14:01:00,2023-09-18 22:00:00,150,170587,2023-09-18 21:00:00,2023-09-19 06:00:00,-1,60,133
"IVWEST_2_SOLAR1",2023-09-19 14:01:00,2023-09-19 22:00:00,150,170587,2023-09-19 21:00:00,2023-09-20 06:00:00,-1,60,133
"IVWEST_2_SOLAR1",2023-09-21 14:01:00,2023-09-21 19:45:00,150,170587,2023-09-21 21:00:00,2023-09-22 07:00:00,-1,255,133
"JAVASR_1_JAVSR1",2023-03-17 01:00:00,2023-03-17 02:50:00,13.5,331315,2023-03-17 08:00:00,2023-03-17 18:00:00,0,490,20
"JAWBNE_2_SRWWD2",2024-02-09,2024-02-09 02:00:00,30.2,654441,2024-02-09 08:00:00,2024-02-09 10:00:00,0,0,29
"JOHANN_2_T1BBT1",2024-12-14 14:00:00,2024-12-15 11:00:00,1.4,727309,2024-12-14 22:00:00,2024-12-16 06:00:00,0,660,1
"JOHANN_2_T1BBT1",2024-12-21 14:00:00,2024-12-22 11:00:00,1.4,727309,2024-12-21 22:00:00,2024-12-23 06:00:00,0,660,1
"KEARNY_6_SESBT2",2024-11-11 16:00:00,2024-11-15 02:25:00,10,456996,2024-11-12,2024-11-27,0,16655,9.72
"KELSO_2_UNITS",2024-02-14 16:01:00,2024-02-21 06:35:00,198.03,391808,2024-02-15,2024-03-11 08:00:00,-1,26965,168
"KERNEY_6_FCSSR1",2024-08-08 01:00:00,2024-08-08 04:14:00,10,401817,2024-08-08 08:00:00,2024-08-08 12:00:00,0,46,10
"KERNFT_1_UNITS",2023-03-01 15:59:00,2023-03-01 16:00:00,52.4,225415,2023-03-02,2023-03-02 01:00:00,1,60,55
"KERNFT_1_UNITS",2023-03-02 15:59:00,2023-03-02 16:00:00,52.4,225415,2023-03-03,2023-03-05 05:00:00,1,3180,55
"KERNRG_1_UNITS",2023-10-08 23:00:00,2023-10-09 06:40:00,55.2,135013,2023-10-09 06:00:00,2023-10-18 10:00:00,0,12740,46
"KINGRV_7_UNIT 1",2023-07-12 09:00:00,2023-07-12 10:00:00,51.2,949253,2023-07-12 16:00:00,2023-07-12 17:00:00,0,0,49
"KINGRV_7_UNIT 1",2023-10-28 03:00:00,2023-10-28 04:00:00,51.2,949253,2023-10-28 10:00:00,2023-10-28 12:00:00,0,60,49
"KINGRV_7_UNIT 1",2024-02-29 23:00:00,2024-03-01 05:06:00,51.2,949253,2024-03-01 07:00:00,2024-03-01 20:00:00,0,414,49
"KINGRV_7_UNIT 1",2024-06-24 16:00:00,2024-06-25 03:00:00,51.2,949253,2024-06-24 23:00:00,2024-06-25 14:00:00,0,240,49
"KINGRV_7_UNIT 1",2024-11-18 08:00:00,2024-11-18 09:00:00,51.2,949253,2024-11-18 16:00:00,2024-11-18 17:00:00,0,0,49
"KIRKER_7_KELCYN",2024-07-22 04:59:00,2024-07-22 06:45:00,3.56,135714,2024-07-22 12:00:00,2024-07-25 15:00:00,1,4395,3.61
"KNGBRD_2_SOLAR2",2023-06-19 13:01:00,2023-06-19 21:59:00,20,150919,2023-06-19 20:00:00,2023-06-20 05:00:00,-1,1,20
"KNGBRD_2_SOLAR2",2023-06-20 13:01:00,2023-06-20 20:30:00,20,150919,2023-06-20 20:00:00,2023-06-21 05:00:00,-1,90,20
"KNGBRD_2_SOLAR2",2023-06-21 13:01:00,2023-06-21 20:38:00,20,150919,2023-06-21 20:00:00,2023-06-22 05:00:00,-1,82,20
"KNGBRD_2_SOLAR2",2023-06-22 13:01:00,2023-06-22 20:24:00,20,150919,2023-06-22 20:00:00,2023-06-23 06:00:00,-1,156,20
"KRAMER_1_R2BX2",2023-07-01 17:00:00,2023-07-02,40,185626,2023-07-02,2023-07-02 12:00:00,0,300,49
"KRAMER_1_R2BX2",2023-07-05 17:00:00,2023-07-06,40,185626,2023-07-06,2023-07-06 08:00:00,0,60,49
"KRAMER_1_R2BX2",2023-07-06 17:00:00,2023-07-07,40,185626,2023-07-07,2023-07-07 08:00:00,0,60,49
"KRAMER_1_R2BX2",2023-07-07 16:59:00,2023-07-07 23:00:00,40,185626,2023-07-08,2023-07-10 08:00:00,1,3000,49
"KRAMER_1_R2BX2",2023-07-10 17:00:00,2023-07-11,40,185626,2023-07-11,2023-07-11 08:00:00,0,60,49
"KRAMER_1_R2BX2",2023-07-11 17:00:00,2023-07-12,40,185626,2023-07-12,2023-07-12 08:00:00,0,60,49
"KRAMER_1_R2BX2",2023-07-12 17:00:00,2023-07-13,40,185626,2023-07-13,2023-07-13 08:00:00,0,60,49
"KRAMER_1_R2BX2",2023-07-13 17:00:00,2023-07-14,40,185626,2023-07-14,2023-07-14 08:00:00,0,60,49
"KRAMER_1_R2BX2",2023-07-14 17:00:00,2023-07-15,40,185626,2023-07-15,2023-07-15 12:00:00,0,300,49
"KRAMER_1_R2BX2",2023-07-15 17:00:00,2023-07-16,40,185626,2023-07-16,2023-07-16 08:00:00,0,60,49
"KRAMER_1_R2BX2",2023-07-16 17:00:00,2023-07-17,40,185626,2023-07-17,2023-07-17 08:00:00,0,60,49
"KRAMER_1_R2BX2",2023-07-17 17:00:00,2023-07-18,40,185626,2023-07-18,2023-07-18 08:00:00,0,60,49
"KRAMER_1_R2BX2",2023-07-18 17:00:00,2023-07-19,40,185626,2023-07-19,2023-07-19 08:00:00,0,60,49
"KRAMER_1_R2BX2",2023-07-19 17:00:00,2023-07-20,40,185626,2023-07-20,2023-07-20 08:00:00,0,60,49
"KRAMER_1_R2BX2",2023-07-20 17:00:00,2023-07-21,40,185626,2023-07-21,2023-07-21 08:00:00,0,60,49
"KRAMER_1_R2BX2",2023-07-21 17:00:00,2023-07-22,40,185626,2023-07-22,2023-07-24 08:00:00,0,2940,49
"KRAMER_1_R2BX2",2023-07-24 17:00:00,2023-07-25,40,185626,2023-07-25,2023-07-25 08:00:00,0,60,49
"KRAMER_1_R2BX2",2023-07-25 17:00:00,2023-07-26,40,185626,2023-07-26,2023-07-26 08:00:00,0,60,49
"KRAMER_1_R2BX2",2023-07-26 17:00:00,2023-07-27,40,185626,2023-07-27,2023-07-27 08:00:00,0,60,49
"KRAMER_1_R2BX2",2023-07-27 17:00:00,2023-07-28,40,185626,2023-07-28,2023-07-28 08:00:00,0,60,49
"KRAMER_1_R2BX2",2023-07-28 17:00:00,2023-07-29,40,185626,2023-07-29,2023-07-31 08:00:00,0,2940,49
"KRAMER_1_R2BX2",2023-07-31 17:00:00,2023-08-01,40,185626,2023-08-01,2023-08-01 08:00:00,0,60,49
"KRAMER_1_R2BX2",2023-08-01 17:00:00,2023-08-02,40,185626,2023-08-02,2023-08-02 08:00:00,0,60,49
"KRAMER_1_R2BX2",2023-08-02 17:00:00,2023-08-03,40,185626,2023-08-03,2023-08-03 08:00:00,0,60,49
"KRAMER_1_R2BX2",2023-08-03 17:00:00,2023-08-04,40,185626,2023-08-04,2023-08-04 08:00:00,0,60,49
"KRAMER_1_R2BX2",2023-08-04 17:00:00,2023-08-05,40,185626,2023-08-05,2023-08-07 08:00:00,0,2940,49
"KRAMER_1_R2BX2",2023-08-07 17:00:00,2023-08-08,40,185626,2023-08-08,2023-08-08 08:00:00,0,60,49
"KRAMER_1_R2BX2",2023-08-08 17:00:00,2023-08-09,40,185626,2023-08-09,2023-08-09 08:00:00,0,60,49
"KRAMER_1_R2BX2",2023-08-09 17:00:00,2023-08-10,40,185626,2023-08-10,2023-08-10 08:00:00,0,60,49
"KRAMER_1_R2BX2",2023-08-10 17:00:00,2023-08-11,40,185626,2023-08-11,2023-08-11 08:00:00,0,60,49
"KRAMER_1_R2BX2",2023-08-11 17:00:00,2023-08-12,40,185626,2023-08-12,2023-08-14 08:00:00,0,2940,49
"KRAMER_1_R2BX2",2023-08-14 17:00:00,2023-08-15,40,185626,2023-08-15,2023-08-15 08:00:00,0,60,49
"KRAMER_1_R2PX2",2023-07-08 14:00:00,2023-07-08 23:00:00,48,973878,2023-07-08 21:00:00,2023-07-09 06:00:00,0,0,50
"KRAMER_1_R2PX2",2023-07-09 14:00:00,2023-07-09 15:00:00,48,973878,2023-07-09 21:00:00,2023-07-10 05:00:00,0,420,50
"KRAMER_1_R2PX2",2023-07-11 14:00:00,2023-07-11 23:00:00,48,973878,2023-07-11 21:00:00,2023-07-12 06:00:00,0,0,50
"KRAMER_1_R2PX2",2023-07-12 14:00:00,2023-07-12 23:00:00,48,973878,2023-07-12 21:00:00,2023-07-13 06:00:00,0,0,50
"KRAMER_1_R2PX2",2023-07-13 14:00:00,2023-07-13 23:00:00,48,973878,2023-07-13 21:00:00,2023-07-14 06:00:00,0,0,50
"KRAMER_1_R2PX2",2023-07-15 14:00:00,2023-07-15 23:00:00,48,973878,2023-07-15 21:00:00,2023-07-16 06:00:00,0,0,50
"KRAMER_1_R2PX2",2023-07-16 14:00:00,2023-07-16 23:00:00,48,973878,2023-07-16 21:00:00,2023-07-17 06:00:00,0,0,50
"KRAMER_1_R2PX2",2023-07-17 14:00:00,2023-07-17 23:00:00,48,973878,2023-07-17 21:00:00,2023-07-18 06:00:00,0,0,50
"KRAMER_1_R2PX2",2023-07-18 14:00:00,2023-07-18 23:00:00,48,973878,2023-07-18 21:00:00,2023-07-19 06:00:00,0,0,50
"KRAMER_1_R2PX2",2023-07-19 14:00:00,2023-07-19 23:00:00,48,973878,2023-07-19 21:00:00,2023-07-20 06:00:00,0,0,50
"KRAMER_1_R2PX2",2023-07-20 14:00:00,2023-07-20 23:00:00,48,973878,2023-07-20 21:00:00,2023-07-21 06:00:00,0,0,50
"KRAMER_1_R2PX2",2023-07-21 14:00:00,2023-07-21 23:00:00,48,973878,2023-07-21 21:00:00,2023-07-22 06:00:00,0,0,50
"KRAMER_1_R2PX2",2023-07-22 14:00:00,2023-07-22 23:00:00,48,973878,2023-07-22 21:00:00,2023-07-23 06:00:00,0,0,50
"KRAMER_1_R2PX2",2023-07-23 14:00:00,2023-07-23 23:00:00,48,973878,2023-07-23 21:00:00,2023-07-24 06:00:00,0,0,50
"KRAMER_1_R2PX2",2023-07-24 14:00:00,2023-07-24 23:00:00,48,973878,2023-07-24 21:00:00,2023-07-25 06:00:00,0,0,50
"KRAMER_1_R2PX2",2023-07-25 14:00:00,2023-07-25 23:00:00,48,973878,2023-07-25 21:00:00,2023-07-26 06:00:00,0,0,50
"KRAMER_1_R2PX2",2023-07-26 14:00:00,2023-07-26 23:00:00,48,973878,2023-07-26 21:00:00,2023-07-27 06:00:00,0,0,50
"KRAMER_1_R2PX2",2023-07-27 14:00:00,2023-07-27 23:00:00,48,973878,2023-07-27 21:00:00,2023-07-28 06:00:00,0,0,50
"KRAMER_1_R2PX2",2023-07-28 14:00:00,2023-07-28 23:00:00,48,973878,2023-07-28 21:00:00,2023-07-29 06:00:00,0,0,50
"KRAMER_1_R2PX2",2023-07-29 14:00:00,2023-07-29 23:00:00,48,973878,2023-07-29 21:00:00,2023-07-30 06:00:00,0,0,50
"KRAMER_1_R2PX2",2023-07-30 14:00:00,2023-07-30 23:00:00,48,973878,2023-07-30 21:00:00,2023-07-31 06:00:00,0,0,50
"KRAMER_1_R2PX2",2023-07-31 14:00:00,2023-07-31 23:00:00,48,973878,2023-07-31 21:00:00,2023-08-01 06:00:00,0,0,50
"KRAMER_1_R2PX2",2023-08-01 14:00:00,2023-08-01 23:00:00,48,973878,2023-08-01 21:00:00,2023-08-02 06:00:00,0,0,50
"KRAMER_1_R2PX2",2023-08-02 14:00:00,2023-08-02 23:00:00,48,973878,2023-08-02 21:00:00,2023-08-03 06:00:00,0,0,50
"KRAMER_1_R2PX2",2023-08-05 14:00:00,2023-08-05 23:00:00,48,973878,2023-08-05 21:00:00,2023-08-06 06:00:00,0,0,50
"KRAMER_1_R2PX2",2023-08-06 14:00:00,2023-08-06 23:00:00,48,973878,2023-08-06 21:00:00,2023-08-07 06:00:00,0,0,50
"KRAMER_1_R2PX2",2023-08-07 14:00:00,2023-08-07 23:00:00,48,973878,2023-08-07 21:00:00,2023-08-08 06:00:00,0,0,50
"KRAMER_1_R2PX2",2023-08-08 14:00:00,2023-08-08 23:00:00,48,973878,2023-08-08 21:00:00,2023-08-09 06:00:00,0,0,50
"KRAMER_1_R2PX2",2023-08-09 14:00:00,2023-08-09 23:00:00,48,973878,2023-08-09 21:00:00,2023-08-10 06:00:00,0,0,50
"KRAMER_1_R2PX2",2023-08-10 14:00:00,2023-08-10 23:00:00,48,973878,2023-08-10 21:00:00,2023-08-11 06:00:00,0,0,50
"KRAMER_1_R2PX2",2023-08-11 14:00:00,2023-08-11 23:00:00,48,973878,2023-08-11 21:00:00,2023-08-12 06:00:00,0,0,50
"KRAMER_1_R2PX2",2023-08-12 14:00:00,2023-08-12 23:00:00,48,973878,2023-08-12 21:00:00,2023-08-13 06:00:00,0,0,50
"KRAMER_1_R2PX2",2023-08-13 14:00:00,2023-08-13 23:00:00,48,973878,2023-08-13 21:00:00,2023-08-14 06:00:00,0,0,50
"KRAMER_1_R2PX2",2023-08-14 14:00:00,2023-08-14 23:00:00,48,973878,2023-08-14 21:00:00,2023-08-15 06:00:00,0,0,50
"KRAMER_1_R2PX2",2023-08-18 14:00:00,2023-08-18 23:00:00,48,973878,2023-08-18 21:00:00,2023-08-19 06:00:00,0,0,50
"KRAMER_1_R2PX2",2023-08-19 14:00:00,2023-08-19 23:00:00,48,973878,2023-08-19 21:00:00,2023-08-20 06:00:00,0,0,50
"KRAMER_1_R2PX2",2023-08-20 14:00:00,2023-08-20 23:00:00,48,973878,2023-08-20 21:00:00,2023-08-21 06:00:00,0,0,50
"KRAMER_1_R2PX2",2023-08-21 14:00:00,2023-08-21 23:00:00,48,973878,2023-08-21 21:00:00,2023-08-22 06:00:00,0,0,50
"KRAMER_1_R2PX2",2023-08-22 14:00:00,2023-08-22 23:00:00,48,973878,2023-08-22 21:00:00,2023-08-23 06:00:00,0,0,50
"KRAMER_1_R2PX2",2023-08-23 14:00:00,2023-08-23 23:00:00,48,973878,2023-08-23 21:00:00,2023-08-24 06:00:00,0,0,50
"KRAMER_1_R2PX2",2023-08-24 14:00:00,2023-08-24 23:00:00,48,973878,2023-08-24 21:00:00,2023-08-25 06:00:00,0,0,50
"KRAMER_1_R2PX2",2023-08-25 14:00:00,2023-08-25 23:00:00,48,973878,2023-08-25 21:00:00,2023-08-26 06:00:00,0,0,50
"KRAMER_1_R2PX2",2023-08-26 14:00:00,2023-08-26 23:00:00,48,973878,2023-08-26 21:00:00,2023-08-27 06:00:00,0,0,50
"KRAMER_1_R2PX2",2023-08-27 14:00:00,2023-08-27 23:00:00,48,973878,2023-08-27 21:00:00,2023-08-28 06:00:00,0,0,50
"KRAMER_1_R2PX2",2023-08-28 14:00:00,2023-08-28 23:00:00,48,973878,2023-08-28 21:00:00,2023-08-29 06:00:00,0,0,50
"KRAMER_1_R2PX2",2023-08-29 14:00:00,2023-08-29 23:00:00,48,973878,2023-08-29 21:00:00,2023-08-30 06:00:00,0,0,50
"KRAMER_1_R2PX2",2023-08-30 14:00:00,2023-08-30 23:00:00,48,973878,2023-08-30 21:00:00,2023-08-31 06:00:00,0,0,50
"KRAMER_1_R2PX2",2023-08-31 14:00:00,2023-08-31 23:00:00,48,973878,2023-08-31 21:00:00,2023-09-01 06:00:00,0,0,50
"KRAMER_1_R2PX2",2023-09-09 14:00:00,2023-09-09 23:00:00,48,973878,2023-09-09 21:00:00,2023-09-10 06:00:00,0,0,50
"KRAMER_1_R2PX2",2023-09-10 14:00:00,2023-09-10 23:00:00,48,973878,2023-09-10 21:00:00,2023-09-11 06:00:00,0,0,50
"KRAMER_1_R2PX2",2023-09-12 14:00:00,2023-09-12 23:00:00,48,973878,2023-09-12 21:00:00,2023-09-13 06:00:00,0,0,50
"KRAMER_1_R2PX2",2023-09-13 14:00:00,2023-09-13 23:00:00,48,973878,2023-09-13 21:00:00,2023-09-14 06:00:00,0,0,50
"KRAMER_1_R2PX2",2023-09-14 14:00:00,2023-09-14 23:00:00,48,973878,2023-09-14 21:00:00,2023-09-15 06:00:00,0,0,50
"KYCORA_6_KMSBT1",2023-05-13 23:00:00,2023-05-14 10:16:00,1,134131,2023-05-14 06:00:00,2023-05-14 18:00:00,0,44,1
"KYCORA_6_KMSBT1",2023-05-19,2023-05-19 11:00:00,1,134131,2023-05-19 07:00:00,2023-05-19 18:00:00,0,0,1
"KYCORA_6_KMSBT1",2023-06-14 23:00:00,2023-06-15 11:00:00,1,134131,2023-06-15 06:00:00,2023-06-15 18:00:00,0,0,1
"KYCORA_6_KMSBT1",2023-08-30 01:00:00,2023-08-30 07:43:00,1,134131,2023-08-30 08:00:00,2023-08-30 16:00:00,0,77,1
"KYCORA_6_KMSBT1",2024-01-12 10:00:00,2024-01-16 04:00:00,1,134131,2024-01-12 18:00:00,2024-01-16 12:00:00,0,0,1
"KYCORA_6_KMSBT1",2024-05-10 01:00:00,2024-05-10 10:00:00,1,134131,2024-05-10 08:00:00,2024-05-10 17:00:00,0,0,1
"KYCORA_6_KMSBT1",2024-05-29 07:00:00,2024-05-29 07:18:00,1,134131,2024-05-29 14:00:00,2024-05-29 15:00:00,0,42,1
"KYCORA_6_KMSBT1",2024-07-29 01:00:00,2024-07-29 08:31:00,1,134131,2024-07-29 08:00:00,2024-07-29 16:00:00,0,29,1
"KYCORA_6_KMSBT1",2024-09-04 01:00:00,2024-09-04 09:00:00,1,134131,2024-09-04 08:00:00,2024-09-04 16:00:00,0,0,1
"KYCORA_6_KMSBT1",2024-10-19 01:00:00,2024-10-19 05:00:00,1,134131,2024-10-19 08:00:00,2024-10-19 12:00:00,0,0,1
"LAPLMA_2_UNIT 1",2023-01-18 15:59:00,2023-01-18 20:00:00,267,173114,2023-01-19,2023-03-23,1,90480,224
"LAPLMA_2_UNIT 1",2023-03-23 16:59:00,2023-03-30 11:00:00,267,173114,2023-03-24,2023-05-02,1,46440,224
"LAPLMA_2_UNIT 4",2023-01-18 15:59:00,2023-01-18 18:00:00,267,482638,2023-01-19,2023-01-19 09:00:00,1,420,242
"LAPLMA_2_UNIT 4",2023-01-26 15:59:00,2023-01-26 16:00:00,267,482638,2023-01-27,2023-01-27 01:00:00,1,60,242
"LAPLMA_2_UNIT 4",2023-01-27 15:59:00,2023-01-27 16:00:00,267,482638,2023-01-28,2023-01-28 08:00:00,1,480,242
"LAPLMA_2_UNIT 4",2023-01-28 15:59:00,2023-01-28 16:00:00,267,482638,2023-01-29,2023-01-29 09:00:00,1,540,242
"LAPLMA_2_UNIT 4",2023-01-30 15:59:00,2023-01-30 16:00:00,267,482638,2023-01-31,2023-01-31 05:00:00,1,300,242
"LAPLMA_2_UNIT 4",2023-06-30 16:59:00,2023-07-01 02:00:00,267,482638,2023-07-01,2023-07-01 17:00:00,1,480,242
"LAPLMA_2_UNIT 4",2023-12-14 15:59:00,2023-12-17 16:00:00,267,482638,2023-12-15,2023-12-19,1,1440,242
"LAPLMA_2_UNIT 4",2024-03-08 15:59:00,2024-03-08 16:00:00,267,482638,2024-03-09,2024-03-09 17:00:00,1,1020,242
"LAROA2_2_UNITA1",2024-03-03 09:00:00,2024-03-03 23:00:00,322,203395,2024-03-03 17:00:00,2024-03-04 08:00:00,0,60,275
"LAROA2_2_UNITA1",2024-03-10 10:02:00,2024-03-10 18:00:00,322,203395,2024-03-10 17:00:00,2024-03-11 06:00:00,-2,300,275
"LASSEN_6_UNITS",2023-04-11 23:00:00,2023-04-12 09:03:00,30,851690,2023-04-12 06:00:00,2023-04-13 06:00:00,0,837,30
"LASSEN_6_UNITS",2023-04-13 23:00:00,2023-04-14 11:00:00,30,851690,2023-04-14 06:00:00,2023-04-15,0,360,30
"LASSEN_6_UNITS",2023-04-21 17:01:00,2023-05-07 06:02:00,30,851690,2023-04-22,2023-05-07 15:00:00,-1,118,30
"LASSEN_6_UNITS",2023-06-12,2023-06-23 09:00:00,30,851690,2023-06-12 07:00:00,2023-06-23 19:00:00,0,180,30
"LASSEN_6_UNITS",2023-08-10 23:00:00,2023-08-13 12:00:00,30,851690,2023-08-11 06:00:00,2023-08-14 07:00:00,0,720,30
"LASSEN_6_UNITS",2023-11-04 17:01:00,2023-11-09 07:30:00,30,851690,2023-11-05,2023-11-09 22:00:00,-1,390,30
"LASSEN_6_UNITS",2023-11-27 23:00:00,2023-11-28 08:26:00,30,851690,2023-11-28 07:00:00,2023-11-28 19:00:00,0,154,30
"LASSEN_6_UNITS",2024-06-04 23:00:00,2024-06-08 12:00:00,30,851690,2024-06-05 06:00:00,2024-06-09 06:00:00,0,660,30
"LASSEN_6_UNITS",2024-10-15,2024-10-20 10:00:00,30,851690,2024-10-15 07:00:00,2024-10-27 16:00:00,0,10020,30
"LASSEN_6_UNITS",2024-11-01 03:00:00,2024-11-08 15:00:00,30,851690,2024-11-01 10:00:00,2024-11-09 11:00:00,0,720,30
"LASSEN_6_UNITS",2024-12-19 21:00:00,2024-12-20 09:00:00,30,851690,2024-12-20 05:00:00,2024-12-21,0,420,30
"LCKHT1_2_LH1BT1",2024-03-14 17:00:00,2024-03-15 02:30:00,45,956804,2024-03-15,2024-03-16,0,870,46.42
"LCKHT1_2_LH1SR1",2023-02-17 07:00:00,2023-02-17 23:00:00,65,131086,2023-02-17 15:00:00,2023-02-18 07:00:00,0,0,63
"LCKHT1_2_LH1SR1",2023-02-19 09:00:00,2023-02-19 23:00:00,65,131086,2023-02-19 17:00:00,2023-02-20 07:00:00,0,0,63
"LCKHT1_2_LH1SR1",2023-02-26 09:00:00,2023-02-26 22:00:00,65,131086,2023-02-26 17:00:00,2023-02-27 07:00:00,0,60,63
"LCKHT1_2_LH1SR1",2023-02-27 09:00:00,2023-02-27 22:00:00,65,131086,2023-02-27 17:00:00,2023-02-28 09:00:00,0,180,63
"LCKHT1_2_LH1SR1",2023-03-02 09:00:00,2023-03-02 22:00:00,65,131086,2023-03-02 17:00:00,2023-03-03 07:00:00,0,60,63
"LCKHT1_2_LH1SR1",2023-03-03 09:00:00,2023-03-03 22:00:00,65,131086,2023-03-03 17:00:00,2023-03-04 09:00:00,0,180,63
"LCKHT1_2_LH1SR1",2023-03-07 09:00:00,2023-03-07 22:00:00,65,131086,2023-03-07 17:00:00,2023-03-08 07:00:00,0,60,63
"LCKHT1_2_LH1SR1",2023-03-09 09:00:00,2023-03-09 22:00:00,65,131086,2023-03-09 17:00:00,2023-03-10 10:00:00,0,240,63
"LCKHT1_2_LH1SR1",2023-03-23 11:00:00,2023-03-23 23:00:00,65,131086,2023-03-23 18:00:00,2023-03-24 07:00:00,0,60,63
"LCKHT1_2_LH1SR1",2023-03-24 11:00:00,2023-03-24 23:00:00,65,131086,2023-03-24 18:00:00,2023-03-25 07:00:00,0,60,63
"LCKHT1_2_LH1SR1",2023-03-25 11:00:00,2023-03-25 23:00:00,65,131086,2023-03-25 18:00:00,2023-03-26 07:00:00,0,60,63
"LCKHT1_2_LH1SR1",2023-03-26 11:00:00,2023-03-26 23:00:00,65,131086,2023-03-26 18:00:00,2023-03-27 07:00:00,0,60,63
"LCKHT1_2_LH1SR1",2023-03-27 11:00:00,2023-03-27 23:00:00,65,131086,2023-03-27 18:00:00,2023-03-28 07:00:00,0,60,63
"LCKHT1_2_LH1SR1",2023-03-28 11:00:00,2023-03-28 23:00:00,65,131086,2023-03-28 18:00:00,2023-03-29 09:00:00,0,180,63
"LCKHT1_2_LH1SR1",2023-03-29 11:00:00,2023-03-29 23:00:00,65,131086,2023-03-29 18:00:00,2023-03-30 08:00:00,0,120,63
"LCKHT1_2_LH1SR1",2023-03-30 11:00:00,2023-03-30 23:00:00,65,131086,2023-03-30 18:00:00,2023-03-31 07:00:00,0,60,63
"LCKHT1_2_LH1SR1",2023-03-31 11:00:00,2023-03-31 23:00:00,65,131086,2023-03-31 18:00:00,2023-04-01 07:00:00,0,60,63
"LCKHT1_2_LH1SR1",2023-04-01 11:00:00,2023-04-01 23:00:00,65,131086,2023-04-01 18:00:00,2023-04-02 07:00:00,0,60,63
"LCKHT1_2_LH1SR1",2023-04-02 11:00:00,2023-04-02 23:00:00,65,131086,2023-04-02 18:00:00,2023-04-03 07:00:00,0,60,63
"LCKHT1_2_LH1SR1",2023-04-03 11:00:00,2023-04-03 23:00:00,65,131086,2023-04-03 18:00:00,2023-04-04 07:00:00,0,60,63
"LCKHT1_2_LH1SR1",2023-04-04 11:00:00,2023-04-04 23:00:00,65,131086,2023-04-04 18:00:00,2023-04-05 07:00:00,0,60,63
"LCKHT1_2_LH1SR1",2023-04-05 11:00:00,2023-04-05 23:00:00,65,131086,2023-04-05 18:00:00,2023-04-06 07:00:00,0,60,63
"LCKHT1_2_LH1SR1",2023-04-06 11:00:00,2023-04-06 23:00:00,65,131086,2023-04-06 18:00:00,2023-04-07 07:00:00,0,60,63
"LCKHT1_2_LH1SR1",2023-04-10 11:00:00,2023-04-10 23:00:00,65,131086,2023-04-10 18:00:00,2023-04-11 07:00:00,0,60,63
"LCKHT1_2_LH1SR1",2023-04-11 11:00:00,2023-04-11 23:00:00,65,131086,2023-04-11 18:00:00,2023-04-12 08:00:00,0,120,63
"LCKHT1_2_LH1SR1",2023-04-12 11:00:00,2023-04-12 23:00:00,65,131086,2023-04-12 18:00:00,2023-04-13 07:00:00,0,60,63
"LCKHT1_2_LH1SR1",2023-04-13 11:00:00,2023-04-13 23:00:00,65,131086,2023-04-13 18:00:00,2023-04-14 07:00:00,0,60,63
"LCKHT1_2_LH1SR1",2023-04-14 11:00:00,2023-04-14 23:00:00,65,131086,2023-04-14 18:00:00,2023-04-15 06:00:00,0,0,63
"LCKHT1_2_LH1SR1",2023-04-16 11:00:00,2023-04-16 23:00:00,65,131086,2023-04-16 18:00:00,2023-04-17 07:00:00,0,60,63
"LCKHT1_2_LH1SR1",2023-04-17 11:00:00,2023-04-17 23:00:00,65,131086,2023-04-17 18:00:00,2023-04-18 07:00:00,0,60,63
"LCKHT1_2_LH1SR1",2023-04-18 11:00:00,2023-04-18 23:00:00,65,131086,2023-04-18 18:00:00,2023-04-19 07:00:00,0,60,63
"LCKHT1_2_LH1SR1",2023-04-22 11:00:00,2023-04-22 23:00:00,65,131086,2023-04-22 18:00:00,2023-04-23 07:00:00,0,60,63
"LECEF_1_UNITS",2023-10-13 13:00:00,2023-10-13 16:59:00,309.84,451866,2023-10-13 20:00:00,2023-10-14 06:00:00,0,361,322
"LITLRK_6_GBCSR1",2024-10-07 04:05:00,2024-10-07 06:00:00,3,155592,2024-10-07 11:00:00,2024-10-08 09:00:00,-5,1200,189
"LIVOAK_1_UNIT 1",2024-02-03 16:00:00,2024-02-10 15:59:00,49.7,170209,2024-02-04,2024-02-15 06:00:00,0,6121,50
"LNCSTR_6_SOLAR2",2024-05-31 03:00:00,2024-05-31 04:00:00,8.25,125901,2024-05-31 10:00:00,2024-05-31 14:00:00,0,180,14
"LODI25_6_ERKNG1",2024-10-30 04:00:00,2024-10-30 09:00:00,47.97,712630,2024-10-30 11:00:00,2024-11-05 15:00:00,0,8580,1
"LODIEC_2_PL1X2",2023-02-10 16:00:00,2023-02-11 15:59:00,302.58,658374,2023-02-11,2023-02-12,0,1,302.58
"LODIEC_2_PL1X2",2023-03-31 17:00:00,2023-04-30 16:59:00,302.58,658374,2023-04-01,2023-05-02,0,1441,302.58
"LODIEC_2_PL1X2",2023-06-28 17:00:00,2023-06-29 07:00:00,302.58,658374,2023-06-29,2023-06-29 14:00:00,0,0,302.58
"LODIEC_2_PL1X2",2024-03-26 17:00:00,2024-03-31 16:59:00,302.58,658374,2024-03-27,2024-04-29 18:00:00,0,41401,302.58
"LOTUS_6_LSFSR1",2023-02-02 10:01:00,2023-02-02 21:00:00,50,736984,2023-02-02 18:00:00,2023-02-03 06:00:00,-1,60,54
"LOTUS_6_LSFSR1",2023-02-09 10:01:00,2023-02-09 21:00:00,50,736984,2023-02-09 18:00:00,2023-02-10 06:00:00,-1,60,54
"LOTUS_6_LSFSR1",2023-04-11 13:00:00,2023-04-11 16:59:00,50,736984,2023-04-11 20:00:00,2023-04-12 06:00:00,0,361,54
"LOTUS_6_LSFSR1",2024-04-02 13:01:00,2024-04-02 22:59:00,50,736984,2024-04-02 20:00:00,2024-04-03 06:00:00,-1,1,54
"LOTUS_6_LSFSR1",2024-06-20 14:00:00,2024-06-20 18:00:00,50,736984,2024-06-20 21:00:00,2024-06-21 05:00:00,0,240,54
"LOTUS_6_LSFSR1",2024-07-31 14:00:00,2024-07-31 22:00:00,50,736984,2024-07-31 21:00:00,2024-08-01 06:00:00,0,60,54
"LTBEAR_1_LB3SR3",2023-05-25 14:01:00,2023-05-25 20:18:00,20,565664,2023-05-25 21:00:00,2023-05-26 05:00:00,-1,102,20
"LTBEAR_1_LB3SR3",2023-05-26 14:01:00,2023-05-26 22:00:00,20,565664,2023-05-26 21:00:00,2023-05-27 05:00:00,-1,0,20
"LTBEAR_1_LB3SR3",2023-06-26 14:01:00,2023-06-26 22:00:00,20,565664,2023-06-26 21:00:00,2023-06-27 05:00:00,-1,0,20
"LTBEAR_1_LB3SR3",2023-06-27 14:01:00,2023-06-27 22:00:00,20,565664,2023-06-27 21:00:00,2023-06-28 05:00:00,-1,0,20
"LTBEAR_1_LB3SR3",2023-06-28 14:01:00,2023-06-28 22:00:00,20,565664,2023-06-28 21:00:00,2023-06-29 05:00:00,-1,0,20
"LTBEAR_1_LB3SR3",2023-06-29 14:01:00,2023-06-29 22:00:00,20,565664,2023-06-29 21:00:00,2023-06-30 05:00:00,-1,0,20
"LTBEAR_1_LB3SR3",2023-06-30 14:01:00,2023-06-30 22:00:00,20,565664,2023-06-30 21:00:00,2023-07-01 05:00:00,-1,0,20
"LTBEAR_1_LB3SR3",2023-07-01 14:01:00,2023-07-01 22:00:00,20,565664,2023-07-01 21:00:00,2023-07-02 05:00:00,-1,0,20
"LTBEAR_1_LB3SR3",2023-07-02 14:01:00,2023-07-02 22:00:00,20,565664,2023-07-02 21:00:00,2023-07-03 05:00:00,-1,0,20
"LTBEAR_1_LB3SR3",2023-07-03 14:01:00,2023-07-03 22:00:00,20,565664,2023-07-03 21:00:00,2023-07-04 05:00:00,-1,0,20
"LTBEAR_1_LB3SR3",2023-07-04 14:01:00,2023-07-04 22:00:00,20,565664,2023-07-04 21:00:00,2023-07-05 05:00:00,-1,0,20
"LTBEAR_1_LB3SR3",2023-07-05 14:01:00,2023-07-05 22:00:00,20,565664,2023-07-05 21:00:00,2023-07-06 05:00:00,-1,0,20
"LTBEAR_1_LB3SR3",2023-07-06 14:01:00,2023-07-06 22:00:00,20,565664,2023-07-06 21:00:00,2023-07-07 05:00:00,-1,0,20
"LTBEAR_1_LB3SR3",2023-07-07 14:01:00,2023-07-07 22:00:00,20,565664,2023-07-07 21:00:00,2023-07-08 05:00:00,-1,0,20
"LTBEAR_1_LB3SR3",2023-07-08 14:01:00,2023-07-08 22:00:00,20,565664,2023-07-08 21:00:00,2023-07-09 05:00:00,-1,0,20
"LTBEAR_1_LB3SR3",2023-07-09 14:01:00,2023-07-09 22:00:00,20,565664,2023-07-09 21:00:00,2023-07-10 05:00:00,-1,0,20
"LTBEAR_1_LB3SR3",2023-07-10 14:01:00,2023-07-10 22:00:00,20,565664,2023-07-10 21:00:00,2023-07-11 05:00:00,-1,0,20
"LTBEAR_1_LB3SR3",2023-07-11 14:01:00,2023-07-11 22:00:00,20,565664,2023-07-11 21:00:00,2023-07-12 05:00:00,-1,0,20
"LTBEAR_1_LB3SR3",2023-07-31 14:01:00,2023-07-31 22:00:00,20,565664,2023-07-31 21:00:00,2023-08-01 05:00:00,-1,0,20
"LTBEAR_1_LB3SR3",2023-08-01 14:01:00,2023-08-01 22:00:00,20,565664,2023-08-01 21:00:00,2023-08-02 05:00:00,-1,0,20
"LTBEAR_1_LB3SR3",2023-08-02 14:01:00,2023-08-02 22:00:00,20,565664,2023-08-02 21:00:00,2023-08-03 05:00:00,-1,0,20
"LTBEAR_1_LB3SR3",2023-08-03 14:01:00,2023-08-03 22:00:00,20,565664,2023-08-03 21:00:00,2023-08-04 05:00:00,-1,0,20
"LTBEAR_1_LB3SR3",2023-08-04 14:01:00,2023-08-04 22:00:00,20,565664,2023-08-04 21:00:00,2023-08-05 05:00:00,-1,0,20
"LTBEAR_1_LB3SR3",2023-08-07 14:01:00,2023-08-07 22:00:00,20,565664,2023-08-07 21:00:00,2023-08-08 05:00:00,-1,0,20
"LTBEAR_1_LB3SR3",2023-08-08 14:01:00,2023-08-08 22:00:00,20,565664,2023-08-08 21:00:00,2023-08-09 05:00:00,-1,0,20
"LTBEAR_1_LB3SR3",2023-08-10 14:01:00,2023-08-10 22:00:00,20,565664,2023-08-10 21:00:00,2023-08-11 05:00:00,-1,0,20
"LTBEAR_1_LB3SR3",2023-08-11 14:01:00,2023-08-11 22:00:00,20,565664,2023-08-11 21:00:00,2023-08-12 05:00:00,-1,0,20
"LTBEAR_1_LB3SR3",2024-07-22 14:00:00,2024-07-22 16:04:00,20,565664,2024-07-22 21:00:00,2024-07-23 05:00:00,0,356,20
"LTBEAR_1_LB3SR3",2024-08-07 14:00:00,2024-08-07 16:09:00,20,565664,2024-08-07 21:00:00,2024-08-08 05:00:00,0,351,20
"LTBERA_1_LB1SR1",2023-05-25 14:01:00,2023-05-25 20:18:00,40,154578,2023-05-25 21:00:00,2023-05-26 05:00:00,-1,102,40
"LTBERA_1_LB1SR1",2023-05-26 14:01:00,2023-05-26 15:38:00,40,154578,2023-05-26 21:00:00,2023-05-27 05:00:00,-1,382,40
"LTBERA_1_LB1SR1",2023-06-26 14:01:00,2023-06-26 22:00:00,40,154578,2023-06-26 21:00:00,2023-06-27 05:00:00,-1,0,40
"LTBERA_1_LB1SR1",2023-06-27 14:01:00,2023-06-27 22:00:00,40,154578,2023-06-27 21:00:00,2023-06-28 05:00:00,-1,0,40
"LTBERA_1_LB1SR1",2023-06-28 14:01:00,2023-06-28 22:00:00,40,154578,2023-06-28 21:00:00,2023-06-29 05:00:00,-1,0,40
"LTBERA_1_LB1SR1",2023-06-29 14:01:00,2023-06-29 22:00:00,40,154578,2023-06-29 21:00:00,2023-06-30 05:00:00,-1,0,40
"LTBERA_1_LB1SR1",2023-06-30 14:01:00,2023-06-30 22:00:00,40,154578,2023-06-30 21:00:00,2023-07-01 05:00:00,-1,0,40
"LTBERA_1_LB1SR1",2023-07-01 14:01:00,2023-07-01 22:00:00,40,154578,2023-07-01 21:00:00,2023-07-02 06:00:00,-1,60,40
"LTBERA_1_LB1SR1",2023-07-02 14:01:00,2023-07-02 22:00:00,40,154578,2023-07-02 21:00:00,2023-07-03 05:00:00,-1,0,40
"LTBERA_1_LB1SR1",2023-07-03 14:01:00,2023-07-03 22:00:00,40,154578,2023-07-03 21:00:00,2023-07-04 06:00:00,-1,60,40
"LTBERA_1_LB1SR1",2023-07-04 14:01:00,2023-07-04 22:00:00,40,154578,2023-07-04 21:00:00,2023-07-05 06:00:00,-1,60,40
"LTBERA_1_LB1SR1",2023-07-05 14:01:00,2023-07-05 22:00:00,40,154578,2023-07-05 21:00:00,2023-07-06 06:00:00,-1,60,40
"LTBERA_1_LB1SR1",2023-07-06 14:01:00,2023-07-06 22:00:00,40,154578,2023-07-06 21:00:00,2023-07-07 06:00:00,-1,60,40
"LTBERA_1_LB1SR1",2023-07-07 14:01:00,2023-07-07 22:00:00,40,154578,2023-07-07 21:00:00,2023-07-08 05:00:00,-1,0,40
"LTBERA_1_LB1SR1",2023-07-08 14:01:00,2023-07-08 22:00:00,40,154578,2023-07-08 21:00:00,2023-07-09 06:00:00,-1,60,40
"LTBERA_1_LB1SR1",2023-07-09 14:01:00,2023-07-09 22:00:00,40,154578,2023-07-09 21:00:00,2023-07-10 05:00:00,-1,0,40
"LTBERA_1_LB1SR1",2023-07-10 14:01:00,2023-07-10 22:00:00,40,154578,2023-07-10 21:00:00,2023-07-11 05:00:00,-1,0,40
"LTBERA_1_LB1SR1",2023-07-11 14:01:00,2023-07-11 22:00:00,40,154578,2023-07-11 21:00:00,2023-07-12 06:00:00,-1,60,40
"LTBERA_1_LB1SR1",2023-07-31 14:01:00,2023-07-31 22:00:00,40,154578,2023-07-31 21:00:00,2023-08-01 06:00:00,-1,60,40
"LTBERA_1_LB1SR1",2023-08-01 14:01:00,2023-08-01 22:00:00,40,154578,2023-08-01 21:00:00,2023-08-02 06:00:00,-1,60,40
"LTBERA_1_LB1SR1",2023-08-02 14:01:00,2023-08-02 22:00:00,40,154578,2023-08-02 21:00:00,2023-08-03 06:00:00,-1,60,40
"LTBERA_1_LB1SR1",2023-08-03 14:01:00,2023-08-03 22:00:00,40,154578,2023-08-03 21:00:00,2023-08-04 06:00:00,-1,60,40
"LTBERA_1_LB1SR1",2023-08-04 14:01:00,2023-08-04 22:00:00,40,154578,2023-08-04 21:00:00,2023-08-05 06:00:00,-1,60,40
"LTBERA_1_LB1SR1",2023-08-07 14:01:00,2023-08-07 22:00:00,40,154578,2023-08-07 21:00:00,2023-08-08 06:00:00,-1,60,40
"LTBERA_1_LB1SR1",2023-08-08 14:01:00,2023-08-08 22:00:00,40,154578,2023-08-08 21:00:00,2023-08-09 06:00:00,-1,60,40
"LTBERA_1_LB1SR1",2023-08-09 14:01:00,2023-08-09 22:00:00,40,154578,2023-08-09 21:00:00,2023-08-10 06:00:00,-1,60,40
"LTBERA_1_LB1SR1",2023-08-10 14:01:00,2023-08-10 22:00:00,40,154578,2023-08-10 21:00:00,2023-08-11 06:00:00,-1,60,40
"LTBERA_1_LB1SR1",2023-08-11 14:01:00,2023-08-11 22:00:00,40,154578,2023-08-11 21:00:00,2023-08-12 06:00:00,-1,60,40
"LTBERA_1_LB1SR1",2023-08-31 14:00:00,2023-08-31 22:00:00,40,154578,2023-08-31 21:00:00,2023-09-01 06:00:00,0,60,40
"LTBERA_1_LB1SR1",2024-04-09 13:01:00,2024-04-09 23:00:00,40,154578,2024-04-09 20:00:00,2024-04-10 06:00:00,-1,0,40
"LTBERA_1_LB1SR1",2024-06-03 14:00:00,2024-06-03 22:00:00,40,154578,2024-06-03 21:00:00,2024-06-04 05:00:00,0,0,40
"LTBERA_1_LB1SR1",2024-06-27 14:00:00,2024-06-27 22:00:00,40,154578,2024-06-27 21:00:00,2024-06-28 05:00:00,0,0,40
"LTBERA_1_LB1SR1",2024-06-28 14:00:00,2024-06-28 15:12:00,40,154578,2024-06-28 21:00:00,2024-06-29 05:00:00,0,408,40
"LVNGST_1_WTASR1",2024-12-15 22:00:00,2024-12-16 03:59:00,2,661056,2024-12-16 06:00:00,2024-12-16 22:00:00,0,601,1
"MAGNLA_6_ANAHEIM",2024-03-15 11:00:00,2024-03-21 05:00:00,109,199573,2024-03-15 18:00:00,2024-03-21 12:00:00,0,0,109
"MAGNLA_6_CERRITOS",2023-09-22 11:00:00,2023-09-25 05:00:00,12,649909,2023-09-22 18:00:00,2023-09-25 12:00:00,0,0,12
"MAGNLA_6_CERRITOS",2024-03-15 11:00:00,2024-03-21 05:00:00,12,649909,2024-03-15 18:00:00,2024-03-21 12:00:00,0,0,12
"MAGNLA_6_PASADENA",2024-12-08 10:00:00,2024-12-16 23:59:00,18,993409,2024-12-08 18:00:00,2024-12-17 11:00:00,0,181,17
"MALAGA_1_AUCTG1",2024-11-17 16:00:00,2024-11-30 15:59:00,55.3,133364,2024-11-18,2024-12-05,0,5761,205
"MALAGA_1_PL1X2",2024-11-30 16:00:00,2024-12-13 11:00:00,96.61,345990,2024-12-01,NA,0,NA,96.61
"MALCHQ_7_UNIT 1",2023-06-10 23:00:00,2023-06-11 10:00:00,32.5,279536,2023-06-11 06:00:00,2023-06-27 15:00:00,0,22920,50
"MANZNA_2_WIND",2024-10-10 12:59:00,2024-10-11 16:00:00,189,441240,2024-10-10 20:00:00,2025-01-18,1,141180,100
"MARTIN_1_SUNSET",2024-10-02 14:00:00,2024-10-02 21:00:00,4.5,106825,2024-10-02 21:00:00,2024-10-03 16:00:00,0,720,4.6
"MARVEL_2_MARBT3",2023-08-09 12:57:00,2023-08-09 15:54:00,75,193810,2023-08-09 20:00:00,2023-08-10 11:00:00,3,726,81
"MARVEL_2_MARBT3",2024-08-10 15:00:00,2024-08-10 16:59:00,74.94,193810,2024-08-10 22:00:00,2024-08-11 11:00:00,0,661,81
"MARVEL_2_MARBT3",2024-08-11 15:00:00,2024-08-11 16:59:00,74.94,193810,2024-08-11 22:00:00,2024-08-12 11:00:00,0,661,81
"MCFLND_5_MBSBX2",2024-10-16 01:00:00,2024-10-16 07:00:00,300,498881,2024-10-16 08:00:00,2024-10-16 17:00:00,0,180,301
"MCFLND_5_MBSBX2",2024-10-17 01:00:00,2024-10-17 01:15:00,300,498881,2024-10-17 08:00:00,2024-10-17 17:00:00,0,525,301
"MCFLND_5_MFAUXL1",2024-06-13,2024-06-15 09:30:00,6,298329,2024-06-13 07:00:00,2024-06-18,0,3330,84
"MCFLND_5_MFSSR1",2023-08-31 12:00:00,2023-08-31 23:00:00,200,784426,2023-08-31 19:00:00,2023-09-01 06:00:00,0,0,200
"MCFLND_5_MFSSR1",2023-09-01 12:00:00,2023-09-01 23:00:00,200,784426,2023-09-01 19:00:00,2023-09-02 06:00:00,0,0,200
"MCFLND_5_MFSSR1",2023-09-04 12:00:00,2023-09-04 23:00:00,200,784426,2023-09-04 19:00:00,2023-09-05 06:00:00,0,0,200
"MCFLND_5_MFSSR1",2023-09-05 12:00:00,2023-09-05 23:00:00,200,784426,2023-09-05 19:00:00,2023-09-06 06:00:00,0,0,200
"MCFLND_5_MFSSR1",2023-09-06 12:00:00,2023-09-06 23:00:00,200,784426,2023-09-06 19:00:00,2023-09-07 06:00:00,0,0,200
"MCFLND_5_MFSSR1",2023-09-07 12:00:00,2023-09-07 23:00:00,200,784426,2023-09-07 19:00:00,2023-09-08 06:00:00,0,0,200
"MCFLND_5_MFSSR1",2023-09-08 12:00:00,2023-09-08 23:00:00,200,784426,2023-09-08 19:00:00,2023-09-09 06:00:00,0,0,200
"MCFLND_5_MFSSR1",2023-09-09 12:00:00,2023-09-09 23:00:00,200,784426,2023-09-09 19:00:00,2023-09-10 06:00:00,0,0,200
"MCFLND_5_MFSSR1",2023-09-10 12:00:00,2023-09-10 23:00:00,200,784426,2023-09-10 19:00:00,2023-09-11 06:00:00,0,0,200
"MCFLND_5_MFSSR1",2023-09-11 12:00:00,2023-09-11 23:00:00,200,784426,2023-09-11 19:00:00,2023-09-12 06:00:00,0,0,200
"MCFLND_5_MFSSR1",2023-09-12 12:00:00,2023-09-12 23:00:00,200,784426,2023-09-12 19:00:00,2023-09-13 06:00:00,0,0,200
"MCFLND_5_MFSSR1",2023-09-13 12:00:00,2023-09-13 23:00:00,200,784426,2023-09-13 19:00:00,2023-09-14 06:00:00,0,0,200
"MCFLND_5_MFSSR1",2023-09-14 12:00:00,2023-09-14 23:00:00,200,784426,2023-09-14 19:00:00,2023-09-15 06:00:00,0,0,200
"MCFLND_5_MFSSR1",2023-09-15 12:00:00,2023-09-15 23:00:00,200,784426,2023-09-15 19:00:00,2023-09-16 06:00:00,0,0,200
"MCFLND_5_MFSSR1",2023-09-16 12:00:00,2023-09-16 23:00:00,200,784426,2023-09-16 19:00:00,2023-09-17 06:00:00,0,0,200
"MCFLND_5_MFSSR1",2023-09-17 12:00:00,2023-09-17 23:00:00,200,784426,2023-09-17 19:00:00,2023-09-18 06:00:00,0,0,200
"MCFLND_5_MFSSR1",2023-09-18 12:00:00,2023-09-18 23:00:00,200,784426,2023-09-18 19:00:00,2023-09-19 06:00:00,0,0,200
"MCFLND_5_MFSSR1",2023-09-19 12:00:00,2023-09-19 23:00:00,200,784426,2023-09-19 19:00:00,2023-09-20 06:00:00,0,0,200
"MCFLND_5_MFSSR1",2023-09-20 12:00:00,2023-09-20 23:00:00,200,784426,2023-09-20 19:00:00,2023-09-21 06:00:00,0,0,200
"MCFLND_5_MFSSR1",2023-09-21 12:00:00,2023-09-21 23:00:00,200,784426,2023-09-21 19:00:00,2023-09-22 06:00:00,0,0,200
"MCFLND_5_MFSSR1",2023-09-22 12:00:00,2023-09-22 23:00:00,200,784426,2023-09-22 19:00:00,2023-09-23 06:00:00,0,0,200
"MCFLND_5_MFSSR1",2023-09-23 12:00:00,2023-09-23 23:00:00,200,784426,2023-09-23 19:00:00,2023-09-24 06:00:00,0,0,200
"MCFLND_5_MFSSR1",2023-09-24 12:00:00,2023-09-24 23:00:00,200,784426,2023-09-24 19:00:00,2023-09-25 06:00:00,0,0,200
"MCFLND_5_MFSSR1",2023-09-28 12:00:00,2023-09-28 23:00:00,200,784426,2023-09-28 19:00:00,2023-09-29 06:00:00,0,0,200
"MCFLND_5_MFSSR1",2023-09-29 12:00:00,2023-09-29 23:00:00,200,784426,2023-09-29 19:00:00,2023-09-30 06:00:00,0,0,200
"MCFLND_5_MFSSR1",2023-09-30 12:00:00,2023-09-30 23:00:00,200,784426,2023-09-30 19:00:00,2023-10-01 06:00:00,0,0,200
"MCFLND_5_MFSSR1",2023-10-01 12:00:00,2023-10-01 23:00:00,200,784426,2023-10-01 19:00:00,2023-10-02 06:00:00,0,0,200
"MCFLND_5_MFSSR1",2023-10-02 12:00:00,2023-10-02 23:00:00,200,784426,2023-10-02 19:00:00,2023-10-03 06:00:00,0,0,200
"MCFLND_5_MFSSR1",2023-10-03 12:00:00,2023-10-03 23:00:00,200,784426,2023-10-03 19:00:00,2023-10-04 06:00:00,0,0,200
"MCFLND_5_MFSSR1",2023-10-04 12:00:00,2023-10-04 23:00:00,200,784426,2023-10-04 19:00:00,2023-10-05 06:00:00,0,0,200
"MCFLND_5_MFSSR1",2023-10-05 12:00:00,2023-10-05 23:00:00,200,784426,2023-10-05 19:00:00,2023-10-06 06:00:00,0,0,200
"MCFLND_5_MFSSR1",2023-10-06 12:00:00,2023-10-06 23:00:00,200,784426,2023-10-06 19:00:00,2023-10-07 06:00:00,0,0,200
"MCFLND_5_MFSSR1",2023-10-07 12:00:00,2023-10-07 23:00:00,200,784426,2023-10-07 19:00:00,2023-10-08 06:00:00,0,0,200
"MCFLND_5_MFSSR1",2023-10-08 12:00:00,2023-10-08 23:00:00,200,784426,2023-10-08 19:00:00,2023-10-09 06:00:00,0,0,200
"MCFLND_5_MFSSR1",2023-10-11 12:00:00,2023-10-11 23:00:00,200,784426,2023-10-11 19:00:00,2023-10-12 06:00:00,0,0,200
"MCFLND_5_MFSSR1",2023-10-12 12:00:00,2023-10-12 23:00:00,200,784426,2023-10-12 19:00:00,2023-10-13 06:00:00,0,0,200
"MCFLND_5_MFSSR1",2023-10-14 12:00:00,2023-10-14 23:00:00,200,784426,2023-10-14 19:00:00,2023-10-15 06:00:00,0,0,200
"MCFLND_5_MFSSR1",2023-10-17 12:00:00,2023-10-17 23:00:00,200,784426,2023-10-17 19:00:00,2023-10-18 06:00:00,0,0,200
"MCFLND_5_MFSSR1",2023-10-18 12:00:00,2023-10-18 23:00:00,200,784426,2023-10-18 19:00:00,2023-10-19 06:00:00,0,0,200
"MCFLND_5_MFSSR1",2023-10-19 12:00:00,2023-10-19 23:00:00,200,784426,2023-10-19 19:00:00,2023-10-20 06:00:00,0,0,200
"MCFLND_5_MFSSR1",2023-10-20 12:00:00,2023-10-20 23:00:00,200,784426,2023-10-20 19:00:00,2023-10-21 06:00:00,0,0,200
"MCFLND_5_MFSSR1",2023-10-21 12:00:00,2023-10-21 23:00:00,200,784426,2023-10-21 19:00:00,2023-10-22 07:00:00,0,60,200
"MCFLND_5_MFSSR1",2023-10-24 12:00:00,2023-10-24 23:00:00,200,784426,2023-10-24 19:00:00,2023-10-25 06:00:00,0,0,200
"MCFLND_5_MFSSR1",2023-10-25 12:00:00,2023-10-25 23:00:00,200,784426,2023-10-25 19:00:00,2023-10-26 06:00:00,0,0,200
"MCFLND_5_MFSSR1",2023-10-26 12:00:00,2023-10-26 23:00:00,200,784426,2023-10-26 19:00:00,2023-10-27 06:00:00,0,0,200
"MCFLND_5_MFSSR1",2023-10-27 12:00:00,2023-10-27 23:00:00,200,784426,2023-10-27 19:00:00,2023-10-28 06:00:00,0,0,200
"MCFLND_5_MFSSR1",2023-10-28 12:00:00,2023-10-28 23:00:00,200,784426,2023-10-28 19:00:00,2023-10-29 06:00:00,0,0,200
"MCFLND_5_MFSSR1",2023-10-29 12:00:00,2023-10-29 23:00:00,200,784426,2023-10-29 19:00:00,2023-10-30 06:00:00,0,0,200
"MCFLND_5_MFSSR1",2023-10-30 12:00:00,2023-10-30 23:00:00,200,784426,2023-10-30 19:00:00,2023-10-31 06:00:00,0,0,200
"MCFLND_5_MFSSR1",2023-10-31 12:00:00,2023-10-31 23:00:00,200,784426,2023-10-31 19:00:00,2023-11-01 07:00:00,0,60,200
"MCFLND_5_MSBSX2",2024-03-13 11:00:00,2024-03-14,300,111626,2024-03-13 18:00:00,2024-03-15,0,1020,305
"MCFLND_5_MSBSX2",2024-03-19 11:00:00,2024-03-20,300,111626,2024-03-19 18:00:00,2024-03-20 08:00:00,0,60,305
"MCFLND_5_MSBSX2",2024-03-21 11:00:00,2024-03-22,300,111626,2024-03-21 18:00:00,2024-03-22 08:00:00,0,60,305
"MCFLND_5_MSBSX2",2024-03-22 11:00:00,2024-03-23,300,111626,2024-03-22 18:00:00,2024-03-23 08:00:00,0,60,305
"MCFLND_5_MSBSX2",2024-03-24 11:00:00,2024-03-25,300,111626,2024-03-24 18:00:00,2024-03-25 08:00:00,0,60,305
"MCFLND_5_MSBSX2",2024-03-25 11:00:00,2024-03-26,300,111626,2024-03-25 18:00:00,2024-03-26 08:00:00,0,60,305
"MCFLND_5_MSBSX2",2024-03-26 11:00:00,2024-03-27,300,111626,2024-03-26 18:00:00,2024-03-28 08:00:00,0,1500,305
"MCFLND_5_MSBSX2",2024-03-28 11:00:00,2024-03-29,300,111626,2024-03-28 18:00:00,2024-03-30 08:00:00,0,1500,305
"MCFLND_5_MSBSX2",2024-03-30 11:00:00,2024-03-31,300,111626,2024-03-30 18:00:00,2024-03-31 08:00:00,0,60,305
"MCFLND_5_MSBSX2",2024-03-31 11:00:00,2024-03-31 16:59:00,300,111626,2024-03-31 18:00:00,2024-04-04 17:00:00,0,5341,305
"MCFLND_5_MSBSX2",2024-04-05 11:00:00,2024-04-06,300,111626,2024-04-05 18:00:00,2024-04-06 08:00:00,0,60,305
"MCFLND_5_MSBSX2",2024-04-06 11:00:00,2024-04-07,300,111626,2024-04-06 18:00:00,2024-04-07 08:00:00,0,60,305
"MCFLND_5_MSBSX2",2024-04-15 11:00:00,2024-04-16,300,111626,2024-04-15 18:00:00,2024-04-16 08:00:00,0,60,305
"MCFLND_5_MSBSX2",2024-04-16 11:00:00,2024-04-17,300,111626,2024-04-16 18:00:00,2024-04-17 08:00:00,0,60,305
"MCFLND_5_MSBSX2",2024-04-17 11:00:00,2024-04-18,300,111626,2024-04-17 18:00:00,2024-04-18 08:00:00,0,60,305
"MCSWAN_6_UNITS",2024-05-22 15:00:00,2024-05-23 00:05:00,9,347450,2024-05-22 22:00:00,2024-05-23 17:00:00,0,595,9.45
"MDFKRL_2_PROJCT",2024-05-30 01:00:00,2024-05-30 03:30:00,210,364853,2024-05-30 08:00:00,2024-05-30 16:00:00,0,330,242
"MENBIO_6_RENEW1",2023-01-25 04:56:00,2023-01-25 05:46:00,5,816448,2023-01-25 13:00:00,2023-01-26 11:00:00,4,1274,250
"METEC_2_PL1X3",2024-05-28 17:00:00,2024-06-02 14:00:00,597.05,178180,2024-05-29,2024-06-04,0,1620,625
"MILFRD_7_PASADENA",2024-03-31 17:00:00,2024-04-10 15:00:00,5,189472,2024-04-01,2024-04-10 22:00:00,0,0,4.05
"MIRLOM_2_CORONA",2024-02-06 06:00:00,2024-02-07 15:59:00,2.85,197371,2024-02-06 14:00:00,NA,0,NA,25
"MIRLOM_2_LNDFL",2024-10-01 02:00:00,2024-10-01 04:00:00,3,430455,2024-10-01 09:00:00,2024-10-01 12:00:00,0,60,1.91
"MIRLOM_2_TEMESC",2024-09-05 13:02:00,2024-09-06 02:39:00,2.85,847894,2024-09-05 20:00:00,2024-10-02 16:00:00,-2,37821,3
"MIRLOM_7_MWDLKM",2023-01-09 16:00:00,2023-01-10 16:00:00,5,587533,2023-01-10,2023-01-26 13:00:00,0,22380,5.75
"MKTRCK_1_UNIT 1",2024-01-06 16:00:00,2024-01-13 15:59:00,47.72,497303,2024-01-07,2024-01-23 14:00:00,0,13801,57.25
"MNDALY_6_MCGRTH",2024-03-13 01:00:00,2024-03-13 03:01:00,48.56,152042,2024-03-13 08:00:00,2024-03-13 16:00:00,0,359,50
"MNDOTA_1_SOLAR1",2023-01-12 10:01:00,2023-01-12 18:30:00,60,148758,2023-01-12 18:00:00,2023-01-13 06:00:00,-1,210,50
"MNDOTA_1_SOLAR1",2023-08-29 14:01:00,2023-08-29 22:00:00,60,148758,2023-08-29 21:00:00,2023-08-30 06:00:00,-1,60,50
"MNDOTA_1_SOLAR1",2023-08-31 14:01:00,2023-08-31 22:00:00,60,148758,2023-08-31 21:00:00,2023-09-01 06:00:00,-1,60,50
"MNDOTA_1_SOLAR1",2024-04-10 13:01:00,2024-04-10 20:41:00,60,148758,2024-04-10 20:00:00,2024-04-11 06:00:00,-1,139,50
"MNDOTA_1_SOLAR1",2024-04-11 13:01:00,2024-04-11 22:00:00,60,148758,2024-04-11 20:00:00,2024-04-12 06:00:00,-1,60,50
"MNDOTA_1_SOLAR1",2024-04-12 13:01:00,2024-04-12 22:00:00,60,148758,2024-04-12 20:00:00,2024-04-13 06:00:00,-1,60,50
"MNDOTA_1_SOLAR1",2024-04-29 13:01:00,2024-04-29 17:42:00,60,148758,2024-04-29 20:00:00,2024-04-30 06:00:00,-1,318,50
"MNDOTA_1_SOLAR1",2024-04-30 13:01:00,2024-04-30 21:16:00,60,148758,2024-04-30 20:00:00,2024-05-01 06:00:00,-1,104,50
"MNDOTA_1_SOLAR1",2024-06-03 14:00:00,2024-06-03 19:53:00,60,148758,2024-06-03 21:00:00,2024-06-04 05:00:00,0,127,50
"MNDOTA_1_SOLAR1",2024-06-04 14:00:00,2024-06-04 21:04:00,60,148758,2024-06-04 21:00:00,2024-06-05 05:00:00,0,56,50
"MNDOTA_1_SOLAR1",2024-06-05 14:00:00,2024-06-05 20:53:00,60,148758,2024-06-05 21:00:00,2024-06-06 05:00:00,0,67,50
"MNDOTA_1_SOLAR1",2024-06-06 14:00:00,2024-06-06 16:30:00,60,148758,2024-06-06 21:00:00,2024-06-07 05:00:00,0,330,50
"MNDOTA_1_SOLAR1",2024-06-07 14:00:00,2024-06-07 22:00:00,60,148758,2024-06-07 21:00:00,2024-06-08 05:00:00,0,0,50
"MNDOTA_1_SOLAR1",2024-06-28 14:00:00,2024-06-28 15:14:00,60,148758,2024-06-28 21:00:00,2024-06-29 05:00:00,0,406,50
"MORWD_6_QF",2024-01-02 01:00:00,2024-01-12 09:12:00,38.16,122409,2024-01-02 09:00:00,2024-02-27,0,65208,41
"MOSSLD_2_PSP2",2024-03-16 17:00:00,2024-03-17 08:59:00,510,776408,2024-03-17,2024-05-16 06:00:00,0,85801,530
"MOSSLD_2_PSP2",2024-09-17 17:00:00,2024-09-18 01:17:00,510,776408,2024-09-18,2024-09-19,0,943,530
"MRCHNT_2_PL1X3",2023-07-09 17:00:00,2023-07-11 07:27:00,494.58,305080,2023-07-10,2023-07-13,0,2013,600
"MRCHNT_2_PL1X3",2024-04-03 16:59:00,2024-04-03 17:59:00,494.58,305080,2024-04-04,2024-04-18,1,20101,600
"MRGT_6_TGEBT1",2023-04-18,2023-04-18 04:00:00,30,561427,2023-04-18 07:00:00,2023-04-18 22:00:00,0,660,25
"MRGT_6_TGEBT1",2023-10-25 01:00:00,2023-10-25 07:00:00,30,561427,2023-10-25 08:00:00,2023-10-27 05:00:00,0,2340,25
"MRLSDS_6_SOLAR1",2023-05-03 14:01:00,2023-05-03 22:59:00,15,819306,2023-05-03 21:00:00,2023-05-04 06:00:00,-1,1,20
"MRLSDS_6_SOLAR1",2023-07-31 14:01:00,2023-07-31 22:30:00,15,819306,2023-07-31 21:00:00,2023-08-01 06:00:00,-1,30,20
"MRLSDS_6_SOLAR1",2023-08-01 13:56:00,2023-08-01 23:00:00,15,819306,2023-08-01 21:00:00,2023-08-02 06:00:00,4,0,20
"MRLSDS_6_SOLAR1",2024-04-18 13:01:00,2024-04-18 22:34:00,15,819306,2024-04-18 20:00:00,2024-04-19 06:00:00,-1,26,20
"MSOLAR_2_SOLAR1",2023-02-06 10:00:00,2023-02-06 20:00:00,165,477057,2023-02-06 18:00:00,2023-02-07 07:00:00,0,180,200
"MSOLAR_2_SOLAR1",2023-02-08 10:00:00,2023-02-08 20:00:00,165,477057,2023-02-08 18:00:00,2023-02-09 07:00:00,0,180,200
"MSOLAR_2_SOLAR1",2023-04-06 13:00:00,2023-04-06 23:00:00,165,477057,2023-04-06 20:00:00,2023-04-07 06:00:00,0,0,200
"MSOLAR_2_SOLAR1",2023-04-07 13:00:00,2023-04-07 23:00:00,165,477057,2023-04-07 20:00:00,2023-04-08 06:00:00,0,0,200
"MSOLAR_2_SOLAR1",2023-04-10 13:00:00,2023-04-10 23:00:00,165,477057,2023-04-10 20:00:00,2023-04-11 06:00:00,0,0,200
"MSOLAR_2_SOLAR1",2023-04-11 13:00:00,2023-04-11 23:00:00,165,477057,2023-04-11 20:00:00,2023-04-12 06:00:00,0,0,200
"MSOLAR_2_SOLAR1",2023-04-12 13:00:00,2023-04-12 23:00:00,165,477057,2023-04-12 20:00:00,2023-04-13 06:00:00,0,0,200
"MSOLAR_2_SOLAR1",2023-04-21 13:00:00,2023-04-21 23:00:00,165,477057,2023-04-21 20:00:00,2023-04-22 06:00:00,0,0,200
"MSOLAR_2_SOLAR3",2023-01-31 09:00:00,2023-01-31 20:00:00,152,196895,2023-01-31 17:00:00,2023-02-01 06:00:00,0,120,150
"MSOLAR_2_SOLAR3",2023-02-01 09:00:00,2023-02-01 20:00:00,152,196895,2023-02-01 17:00:00,2023-02-02 06:00:00,0,120,150
"MSOLAR_2_SOLAR3",2023-04-10 12:00:00,2023-04-10 23:00:00,152,196895,2023-04-10 19:00:00,2023-04-11 06:00:00,0,0,150
"MSOLAR_2_SOLAR3",2023-04-12 12:00:00,2023-04-12 23:00:00,152,196895,2023-04-12 19:00:00,2023-04-13 06:00:00,0,0,150
"MSOLAR_2_SOLAR3",2023-04-22 12:00:00,2023-04-22 23:00:00,152,196895,2023-04-22 19:00:00,2023-04-23 06:00:00,0,0,150
"MSOLAR_2_SOLAR3",2023-06-21 13:00:00,2023-06-21 21:00:00,152,196895,2023-06-21 20:00:00,2023-06-22 05:00:00,0,60,150
"MSOLAR_2_SOLAR3",2023-06-22 13:00:00,2023-06-22 21:00:00,152,196895,2023-06-22 20:00:00,2023-06-23 05:00:00,0,60,150
"MSTANG_2_MTGBT1",2023-04-28 17:00:00,2023-04-30 16:59:00,75,844979,2023-04-29,2023-05-01,0,1,75.01
"MSTANG_2_MTGBT1",2023-07-21 17:00:00,2023-07-22,75,844979,2023-07-22,2023-07-22 09:00:00,0,120,75.01
"MSTANG_2_MTGBT1",2023-07-22 10:00:00,2023-07-22 11:00:00,75,844979,2023-07-22 17:00:00,2023-07-22 18:00:00,0,0,75.01
"MSTANG_2_MTGBT1",2023-07-22 23:00:00,2023-07-23,75,844979,2023-07-23 06:00:00,2023-07-23 07:00:00,0,0,75.01
"MSTANG_2_MTGBT1",2024-01-17 23:00:00,2024-01-18 02:00:00,75,844979,2024-01-18 07:00:00,2024-01-18 10:00:00,0,0,75.01
"MSTANG_2_MTGBT1",2024-05-02 08:00:00,2024-05-02 11:00:00,75,844979,2024-05-02 15:00:00,2024-05-02 18:00:00,0,0,75.01
"MTNPOS_1_UNIT",2024-10-06 17:00:00,2024-10-07 07:00:00,46.64,839931,2024-10-07,2024-10-07 14:00:00,0,0,47
"MTWIND_1_MVPWD1",2024-02-05 01:00:00,2024-02-05 03:00:00,66.6,267721,2024-02-05 09:00:00,2024-02-06 06:00:00,0,1140,40
"MTWIND_1_MVPWD1",2024-03-13 23:58:00,2024-03-14 01:38:00,66.6,267721,2024-03-14 07:00:00,2024-03-14 10:00:00,2,82,40
"MURRAY_6_UNIT",2023-10-20 11:00:00,2023-10-25 02:53:00,4.12,611820,2023-10-20 18:00:00,2024-01-16 17:00:00,0,119947,1
"NAROW1_2_UNIT",2023-05-31 23:00:00,2023-06-29 08:01:00,12,338486,2023-06-01 06:00:00,2024-04-09,0,409499,217
"NAVYII_2_UNITS",2024-04-21 16:00:00,2024-04-21 16:59:00,90,624302,2024-04-21 23:00:00,2024-04-22 04:00:00,0,241,100
"NCPA_7_GP1UN1",2023-02-28 16:00:00,2023-03-16 16:59:00,38.85,186225,2023-03-01,2024-03-25 03:00:00,0,538741,38.85
"NCPA_7_GP2UN4",2023-04-28 19:00:00,2023-04-30 13:33:00,52.73,106763,2023-04-29 02:00:00,2023-04-30 22:00:00,0,87,52.73
"NCPA_7_GP2UN4",2023-05-07 19:00:00,2023-06-11 07:15:00,52.73,106763,2023-05-08 02:00:00,2023-06-26 15:00:00,0,21645,52.73
"NCPA_7_GP2UN4",2023-09-11 18:00:00,2023-10-31 16:59:00,52.73,106763,2023-09-12 01:00:00,2023-12-19 22:00:00,0,70441,52.73
"NGILAA_5_SDGDYN",2023-01-01 15:59:00,2023-01-01 16:00:00,57,611344,2023-01-02,2023-01-02 07:00:00,1,420,61
"NGILAA_5_SDGDYN",2023-01-02 15:59:00,2023-01-02 16:00:00,57,611344,2023-01-03,2023-01-03 07:00:00,1,420,61
"NGILAA_5_SDGDYN",2024-03-15 17:00:00,2024-03-16 11:00:00,55,611344,2024-03-16,2024-04-03,0,24840,61
"NORCNV_1_NCVBT1",2023-11-01 03:00:00,2023-11-01 06:00:00,132,314410,2023-11-01 10:00:00,2023-11-01 14:00:00,0,60,132
"NORORC_2_NOSBX2",2024-08-15 17:00:00,2024-08-16 10:00:00,150,340775,2024-08-16,2024-09-18,0,46500,105
"NOVATO_6_LNDFL",2024-10-01 23:04:00,2024-10-31 16:59:00,3.9,327142,2024-10-02 06:00:00,NA,-4,NA,40.4
"NWCSTL_7_UNIT 1",2024-02-06 16:00:00,2024-02-08 04:05:00,12,151446,2024-02-07,2024-04-01,0,75595,36
"NZWIND_6_WDSTR4",2023-01-24 23:00:00,2023-01-25 02:33:00,6.77,325131,2023-01-25 07:00:00,2023-04-10 14:00:00,0,108207,100
"OAK L_1_GTG1",2023-10-27 04:00:00,2023-10-27 07:00:00,4.6,256415,2023-10-27 11:00:00,2023-10-27 16:00:00,0,120,4.39
"OASIS_6_AR4SR3",2024-06-19 02:00:00,2024-06-20 02:00:00,1.5,110222,2024-06-19 09:00:00,2024-07-06 07:00:00,0,22920,25
"OASIS_6_MA4SR1",2024-06-20 02:00:00,2024-06-21 02:00:00,1.5,201736,2024-06-20 09:00:00,2024-06-22 06:00:00,0,1260,1
"OASIS_6_VINSR1",2023-08-14 17:00:00,2023-10-29 16:59:00,1.5,384409,2023-08-15,2024-03-20 16:00:00,0,205441,25
"OBERON_5_O2BBX2",2023-07-31 16:59:00,2023-08-01 01:00:00,125,556956,2023-08-01,2023-08-01 12:00:00,1,240,104.5
"OBERON_5_O2BBX2",2024-07-07 17:00:00,2024-07-07 21:10:00,125,556956,2024-07-08,2024-07-10 15:00:00,0,3530,104.5
"OBERON_5_O2BBX2",2024-07-25 17:00:00,2024-07-25 19:00:00,125,556956,2024-07-26,2024-07-26 14:00:00,0,720,104.5
"OBERON_5_O2BBX2",2024-09-18 17:01:00,2024-09-18 22:30:00,125,556956,2024-09-19,2024-09-19 15:00:00,-1,570,104.5
"OBERON_5_O2BBX2",2024-09-19 16:59:00,2024-09-19 22:31:00,125,556956,2024-09-20,2024-09-20 15:00:00,1,569,104.5
"OBERON_5_O2BBX2",2024-11-11 15:00:00,2024-11-11 22:00:00,125,556956,2024-11-11 23:00:00,2024-11-12 13:00:00,0,420,104.5
"OBERON_5_O2BBX2",2024-11-12 15:00:00,2024-11-12 22:00:00,125,556956,2024-11-12 23:00:00,2024-11-13 13:00:00,0,420,104.5
"OBERON_5_O2BBX2",2024-11-13 15:00:00,2024-11-13 22:00:00,125,556956,2024-11-13 23:00:00,2024-11-14 13:00:00,0,420,104.5
"OBERON_5_O2BBX2",2024-11-16 15:00:00,2024-11-16 22:00:00,125,556956,2024-11-16 23:00:00,2024-11-17 13:00:00,0,420,104.5
"OBERON_5_O2BBX2",2024-11-18 15:00:00,2024-11-18 17:24:00,125,556956,2024-11-18 23:00:00,2024-11-19 13:00:00,0,696,104.5
"OBERON_5_O2BBX2",2024-11-19 15:00:00,2024-11-19 22:00:00,125,556956,2024-11-19 23:00:00,2024-11-20 13:00:00,0,420,104.5
"OBERON_5_O2BBX2",2024-11-20 15:00:00,2024-11-20 22:45:00,125,556956,2024-11-20 23:00:00,2024-11-21 13:00:00,0,375,104.5
"OBERON_5_O2BBX2",2024-11-21 15:00:00,2024-11-21 22:00:00,125,556956,2024-11-21 23:00:00,2024-11-22 13:00:00,0,420,104.5
"OBERON_5_O2BBX2",2024-11-22 15:00:00,2024-11-22 22:00:00,125,556956,2024-11-22 23:00:00,2024-11-23 13:00:00,0,420,104.5
"OBERON_5_O2SSR5",2023-07-31 12:00:00,2023-07-31 22:00:00,125,576455,2023-07-31 19:00:00,2023-08-01 05:00:00,0,0,150
"OBERON_5_O2SSR5",2023-08-01 12:00:00,2023-08-01 22:00:00,125,576455,2023-08-01 19:00:00,2023-08-02 05:00:00,0,0,150
"OBERON_5_O2SSR5",2023-08-02 12:00:00,2023-08-02 22:00:00,125,576455,2023-08-02 19:00:00,2023-08-03 05:00:00,0,0,150
"OBERON_5_O2SSR5",2023-08-03 12:00:00,2023-08-03 22:00:00,125,576455,2023-08-03 19:00:00,2023-08-04 05:00:00,0,0,150
"OBERON_5_O2SSR5",2023-08-04 12:00:00,2023-08-04 22:00:00,125,576455,2023-08-04 19:00:00,2023-08-05 05:00:00,0,0,150
"OBERON_5_O2SSR5",2023-08-06 12:00:00,2023-08-06 22:00:00,125,576455,2023-08-06 19:00:00,2023-08-07 05:00:00,0,0,150
"OBERON_5_O2SSR5",2023-08-07 12:00:00,2023-08-07 22:00:00,125,576455,2023-08-07 19:00:00,2023-08-08 05:00:00,0,0,150
"OBERON_5_O2SSR5",2023-08-08 12:00:00,2023-08-08 22:00:00,125,576455,2023-08-08 19:00:00,2023-08-09 05:00:00,0,0,150
"OBERON_5_O2SSR5",2023-08-09 12:00:00,2023-08-09 22:00:00,125,576455,2023-08-09 19:00:00,2023-08-10 05:00:00,0,0,150
"OBERON_5_O2SSR5",2023-08-10 12:00:00,2023-08-10 22:00:00,125,576455,2023-08-10 19:00:00,2023-08-12 05:00:00,0,1440,150
"OBERON_5_O2SSR5",2023-08-12 12:00:00,2023-08-12 22:00:00,125,576455,2023-08-12 19:00:00,2023-08-13 05:00:00,0,0,150
"OBERON_5_O2SSR5",2023-08-13 12:00:00,2023-08-13 22:00:00,125,576455,2023-08-13 19:00:00,2023-08-14 05:00:00,0,0,150
"OBERON_5_O2SSR5",2023-08-14 12:00:00,2023-08-14 22:00:00,125,576455,2023-08-14 19:00:00,2023-08-15 05:00:00,0,0,150
"OBERON_5_O2SSR5",2023-08-15 12:00:00,2023-08-15 22:00:00,125,576455,2023-08-15 19:00:00,2023-08-16 05:00:00,0,0,150
"OBERON_5_O2SSR5",2023-08-16 12:00:00,2023-08-16 22:00:00,125,576455,2023-08-16 19:00:00,2023-08-17 05:00:00,0,0,150
"OBERON_5_O2SSR5",2023-08-29 12:00:00,2023-08-29 22:00:00,125,576455,2023-08-29 19:00:00,2023-08-30 05:00:00,0,0,150
"OBERON_5_O2SSR5",2023-08-31 12:00:00,2023-08-31 16:59:00,125,576455,2023-08-31 19:00:00,2023-09-01 06:00:00,0,361,150
"OBERON_5_O2SSR5",2023-09-01 12:00:00,2023-09-01 22:00:00,125,576455,2023-09-01 19:00:00,2023-09-02 06:00:00,0,60,150
"OBERON_5_O2SSR5",2023-09-04 12:00:00,2023-09-04 22:00:00,125,576455,2023-09-04 19:00:00,2023-09-05 06:00:00,0,60,150
"OBERON_5_O2SSR5",2023-09-05 12:00:00,2023-09-05 22:00:00,125,576455,2023-09-05 19:00:00,2023-09-06 05:00:00,0,0,150
"OBERON_5_O2SSR5",2023-09-06 12:00:00,2023-09-06 22:00:00,125,576455,2023-09-06 19:00:00,2023-09-07 05:00:00,0,0,150
"OBERON_5_O2SSR5",2023-09-07 12:00:00,2023-09-07 22:00:00,125,576455,2023-09-07 19:00:00,2023-09-08 05:00:00,0,0,150
"OBERON_5_O2SSR5",2023-09-08 12:00:00,2023-09-08 22:00:00,125,576455,2023-09-08 19:00:00,2023-09-09 05:00:00,0,0,150
"OBERON_5_O2SSR5",2023-09-09 12:00:00,2023-09-09 22:00:00,125,576455,2023-09-09 19:00:00,2023-09-10 05:00:00,0,0,150
"OBERON_5_O2SSR5",2023-09-14 11:00:00,2023-09-14 22:00:00,125,576455,2023-09-14 18:00:00,2023-09-15 05:00:00,0,0,150
"OBERON_5_O2SSR5",2023-09-15 11:00:00,2023-09-15 22:00:00,125,576455,2023-09-15 18:00:00,2023-09-16 06:00:00,0,60,150
"OBERON_5_O2SSR5",2023-09-16 11:00:00,2023-09-16 22:00:00,125,576455,2023-09-16 18:00:00,2023-09-17 06:00:00,0,60,150
"OBERON_5_O2SSR5",2023-09-17 11:00:00,2023-09-17 22:00:00,125,576455,2023-09-17 18:00:00,2023-09-18 06:00:00,0,60,150
"OBERON_5_O2SSR5",2023-09-18 11:00:00,2023-09-18 22:00:00,125,576455,2023-09-18 18:00:00,2023-09-19 05:00:00,0,0,150
"OBERON_5_O2SSR5",2023-09-19 11:00:00,2023-09-19 22:00:00,125,576455,2023-09-19 18:00:00,2023-09-20 09:00:00,0,240,150
"OLDRIV_6_LKVBM1",2024-05-31 04:00:00,2024-05-31 07:45:00,1,506583,2024-05-31 11:00:00,2024-05-31 17:00:00,0,135,1.05
"OLDRIV_6_LKVBM1",2024-06-20 04:00:00,2024-06-20 09:00:00,1,506583,2024-06-20 11:00:00,2024-06-20 16:00:00,0,0,1.05
"OLSEN_2_UNIT",2023-07-25 19:00:00,2023-07-26 04:25:00,5.5,206568,2023-07-26 02:00:00,2023-07-27,0,755,0.44
"OLSEN_2_UNIT",2023-07-26 19:00:00,2023-07-27 03:10:00,5.5,206568,2023-07-27 02:00:00,2023-07-31,0,5150,0.44
"OMAR_2_UNIT 2",2023-05-02 23:00:00,2023-05-03 01:23:00,75,176779,2023-05-03 06:00:00,2023-05-06 06:00:00,0,4177,100
"OMAR_2_UNIT 2",2024-09-23 22:00:00,2024-09-26 08:25:00,75,176779,2024-09-24 05:00:00,2024-10-02 17:00:00,0,8735,100
"OMAR_2_UNIT 3",2024-03-31 17:00:00,2024-04-12 16:59:00,75,184942,2024-04-01,2024-04-15,0,2881,75
"OMAR_2_UNIT 3",2024-11-30 16:00:00,2024-12-14 15:59:00,75,184942,2024-12-01,2025-01-06,0,31681,75
"OMAR_2_UNIT 4",2023-02-05 16:00:00,2023-02-08 15:59:00,75,159275,2023-02-06,2023-02-14,0,7201,76
"OMAR_2_UNIT 4",2023-11-07 16:00:00,2023-11-10 15:59:00,75,159275,2023-11-08,2023-11-14,0,4321,76
"ORMOND_7_UNIT 1",2023-12-31 16:00:00,2024-01-07 16:00:00,741.27,985335,2024-01-01,2024-06-11 06:00:00,0,223560,741.27
"ORMOND_7_UNIT 2",2023-12-31 16:00:00,2024-01-07 16:00:00,750,653256,2024-01-01,2024-05-24 08:00:00,0,197760,750
"OROVIL_6_UNIT",2023-04-01 14:00:00,2023-04-02 09:00:00,7.5,175275,2023-04-01 21:00:00,2023-04-03 16:00:00,0,1440,7.62
"OROVIL_6_UNIT",2023-04-03 14:00:00,2023-04-04 09:00:00,7.5,175275,2023-04-03 21:00:00,2023-04-04 16:00:00,0,0,7.62
"OROVIL_6_UNIT",2023-04-04 14:00:00,2023-04-05 09:00:00,7.5,175275,2023-04-04 21:00:00,2023-04-05 16:00:00,0,0,7.62
"OROVIL_6_UNIT",2023-04-05 14:00:00,2023-04-06 09:00:00,7.5,175275,2023-04-05 21:00:00,2023-04-06 16:00:00,0,0,7.62
"OROVIL_6_UNIT",2023-04-06 14:00:00,2023-04-07 09:00:00,7.5,175275,2023-04-06 21:00:00,2023-04-07 16:00:00,0,0,7.62
"OROVIL_6_UNIT",2023-04-07 14:00:00,2023-04-08 09:00:00,7.5,175275,2023-04-07 21:00:00,2023-04-08 16:00:00,0,0,7.62
"OROVIL_6_UNIT",2023-04-08 14:00:00,2023-04-09 09:00:00,7.5,175275,2023-04-08 21:00:00,2023-04-10 16:00:00,0,1440,7.62
"OROVIL_6_UNIT",2023-04-10 14:00:00,2023-04-11 09:00:00,7.5,175275,2023-04-10 21:00:00,2023-04-11 16:00:00,0,0,7.62
"OROVIL_6_UNIT",2023-04-11 14:00:00,2023-04-12 09:00:00,7.5,175275,2023-04-11 21:00:00,2023-04-12 16:00:00,0,0,7.62
"OROVIL_6_UNIT",2023-04-12 14:00:00,2023-04-13 09:00:00,7.5,175275,2023-04-12 21:00:00,2023-04-13 16:00:00,0,0,7.62
"OROVIL_6_UNIT",2023-04-13 14:00:00,2023-04-14 09:00:00,7.5,175275,2023-04-13 21:00:00,2023-04-14 16:00:00,0,0,7.62
"OROVIL_6_UNIT",2023-04-14 14:00:00,2023-04-15 09:00:00,7.5,175275,2023-04-14 21:00:00,2023-04-15 16:00:00,0,0,7.62
"OROVIL_6_UNIT",2023-04-15 14:00:00,2023-04-16 09:00:00,7.5,175275,2023-04-15 21:00:00,2023-04-17 16:00:00,0,1440,7.62
"OROVIL_6_UNIT",2023-04-17 14:00:00,2023-04-18 09:00:00,7.5,175275,2023-04-17 21:00:00,2023-04-18 16:00:00,0,0,7.62
"OROVIL_6_UNIT",2023-04-18 14:00:00,2023-04-19 09:00:00,7.5,175275,2023-04-18 21:00:00,2023-04-19 16:00:00,0,0,7.62
"OROVIL_6_UNIT",2023-04-19 14:00:00,2023-04-20 09:00:00,7.5,175275,2023-04-19 21:00:00,2023-04-20 16:00:00,0,0,7.62
"OROVIL_6_UNIT",2023-04-20 14:00:00,2023-04-21 09:00:00,7.5,175275,2023-04-20 21:00:00,2023-04-21 16:00:00,0,0,7.62
"OROVIL_6_UNIT",2023-04-21 14:00:00,2023-04-22 09:00:00,7.5,175275,2023-04-21 21:00:00,2023-04-22 16:00:00,0,0,7.62
"OROVIL_6_UNIT",2023-04-22 14:00:00,2023-04-23 09:00:00,7.5,175275,2023-04-22 21:00:00,2023-04-24 16:00:00,0,1440,7.62
"OROVIL_6_UNIT",2023-04-24 14:00:00,2023-04-25 09:00:00,7.5,175275,2023-04-24 21:00:00,2023-04-25 16:00:00,0,0,7.62
"OROVIL_6_UNIT",2023-04-25 14:00:00,2023-04-26 09:00:00,7.5,175275,2023-04-25 21:00:00,2023-04-26 16:00:00,0,0,7.62
"OROVIL_6_UNIT",2023-05-01 14:00:00,2023-05-02 09:00:00,7.5,175275,2023-05-01 21:00:00,2023-05-02 16:00:00,0,0,7.62
"OROVIL_6_UNIT",2023-05-02 14:00:00,2023-05-03 09:00:00,7.5,175275,2023-05-02 21:00:00,2023-05-03 16:00:00,0,0,7.62
"OROVIL_6_UNIT",2023-05-03 14:00:00,2023-05-04 09:00:00,7.5,175275,2023-05-03 21:00:00,2023-05-04 16:00:00,0,0,7.62
"OROVIL_6_UNIT",2023-05-04 14:00:00,2023-05-05 09:00:00,7.5,175275,2023-05-04 21:00:00,2023-05-05 16:00:00,0,0,7.62
"OROVIL_6_UNIT",2023-05-05 14:00:00,2023-05-06 09:00:00,7.5,175275,2023-05-05 21:00:00,2023-05-06 16:00:00,0,0,7.62
"OROVIL_6_UNIT",2023-05-06 14:00:00,2023-05-07 09:00:00,7.5,175275,2023-05-06 21:00:00,2023-05-08 16:00:00,0,1440,7.62
"OROVIL_6_UNIT",2023-05-08 14:00:00,2023-05-09 09:00:00,7.5,175275,2023-05-08 21:00:00,2023-05-09 16:00:00,0,0,7.62
"OROVIL_6_UNIT",2023-05-09 14:00:00,2023-05-10 09:00:00,7.5,175275,2023-05-09 21:00:00,2023-05-10 16:00:00,0,0,7.62
"OROVIL_6_UNIT",2023-05-10 14:00:00,2023-05-11 09:00:00,7.5,175275,2023-05-10 21:00:00,2023-05-11 16:00:00,0,0,7.62
"OROVIL_6_UNIT",2023-05-11 14:00:00,2023-05-12 09:00:00,7.5,175275,2023-05-11 21:00:00,2023-05-12 16:00:00,0,0,7.62
"OROVIL_6_UNIT",2023-05-12 14:00:00,2023-05-13 09:00:00,7.5,175275,2023-05-12 21:00:00,2023-05-13 16:00:00,0,0,7.62
"OROVIL_6_UNIT",2023-05-13 14:00:00,2023-05-14 09:00:00,7.5,175275,2023-05-13 21:00:00,2023-05-15 16:00:00,0,1440,7.62
"OROVIL_6_UNIT",2023-05-15 14:00:00,2023-05-16 09:00:00,7.5,175275,2023-05-15 21:00:00,2023-05-16 16:00:00,0,0,7.62
"OROVIL_6_UNIT",2023-05-16 14:00:00,2023-05-17 09:00:00,7.5,175275,2023-05-16 21:00:00,2023-05-17 16:00:00,0,0,7.62
"OROVIL_6_UNIT",2023-05-17 14:00:00,2023-05-18 09:00:00,7.5,175275,2023-05-17 21:00:00,2023-05-18 16:00:00,0,0,7.62
"OROVIL_6_UNIT",2023-05-18 14:00:00,2023-05-19 09:00:00,7.5,175275,2023-05-18 21:00:00,2023-05-19 16:00:00,0,0,7.62
"OROVIL_6_UNIT",2023-05-19 14:00:00,2023-05-20 09:00:00,7.5,175275,2023-05-19 21:00:00,2023-05-20 17:00:00,0,60,7.62
"OROVIL_6_UNIT",2023-05-20 14:00:00,2023-05-21 09:00:00,7.5,175275,2023-05-20 21:00:00,2023-05-22 16:00:00,0,1440,7.62
"OROVIL_6_UNIT",2023-05-22 14:00:00,2023-05-23 09:00:00,7.5,175275,2023-05-22 21:00:00,2023-05-23 16:00:00,0,0,7.62
"OROVIL_6_UNIT",2023-05-23 14:00:00,2023-05-24 09:00:00,7.5,175275,2023-05-23 21:00:00,2023-05-24 16:00:00,0,0,7.62
"OROVIL_6_UNIT",2023-05-24 14:00:00,2023-05-25 09:00:00,7.5,175275,2023-05-24 21:00:00,2023-05-25 16:00:00,0,0,7.62
"OROVIL_6_UNIT",2023-05-25 14:00:00,2023-05-26 09:00:00,7.5,175275,2023-05-25 21:00:00,2023-05-26 16:00:00,0,0,7.62
"OROVIL_6_UNIT",2023-05-26 14:00:00,2023-05-27 09:00:00,7.5,175275,2023-05-26 21:00:00,2023-05-27 16:00:00,0,0,7.62
"OROVIL_6_UNIT",2023-06-01 14:00:00,2023-06-02 09:00:00,7.5,175275,2023-06-01 21:00:00,2023-06-02 16:00:00,0,0,7.62
"OROVIL_6_UNIT",2023-06-02 14:00:00,2023-06-03 09:00:00,7.5,175275,2023-06-02 21:00:00,2023-06-03 16:00:00,0,0,7.62
"OROVIL_6_UNIT",2023-06-03 14:00:00,2023-06-04 09:00:00,7.5,175275,2023-06-03 21:00:00,2023-06-05 16:00:00,0,1440,7.62
"OROVIL_6_UNIT",2023-06-05 14:00:00,2023-06-06 09:00:00,7.5,175275,2023-06-05 21:00:00,2023-06-06 16:00:00,0,0,7.62
"OROVIL_6_UNIT",2023-06-06 14:00:00,2023-06-07 09:00:00,7.5,175275,2023-06-06 21:00:00,2023-06-07 16:00:00,0,0,7.62
"OROVIL_6_UNIT",2023-06-07 14:00:00,2023-06-08 09:00:00,7.5,175275,2023-06-07 21:00:00,2023-06-08 16:00:00,0,0,7.62
"OROVIL_6_UNIT",2023-06-08 14:00:00,2023-06-09 09:00:00,7.5,175275,2023-06-08 21:00:00,2023-06-09 16:00:00,0,0,7.62
"OROVIL_6_UNIT",2023-06-09 14:00:00,2023-06-10 09:00:00,7.5,175275,2023-06-09 21:00:00,2023-06-10 16:00:00,0,0,7.62
"OROVIL_6_UNIT",2023-06-10 14:00:00,2023-06-11 09:00:00,7.5,175275,2023-06-10 21:00:00,2023-06-12 16:00:00,0,1440,7.62
"OROVIL_6_UNIT",2023-06-12 14:00:00,2023-06-13 09:00:00,7.5,175275,2023-06-12 21:00:00,2023-06-13 16:00:00,0,0,7.62
"OROVIL_6_UNIT",2023-06-13 14:00:00,2023-06-14 09:00:00,7.5,175275,2023-06-13 21:00:00,2023-06-14 16:00:00,0,0,7.62
"OROVIL_6_UNIT",2023-06-14 14:00:00,2023-06-15 09:00:00,7.5,175275,2023-06-14 21:00:00,2023-06-15 16:00:00,0,0,7.62
"OROVIL_6_UNIT",2023-06-15 14:00:00,2023-06-16 09:00:00,7.5,175275,2023-06-15 21:00:00,2023-06-16 16:00:00,0,0,7.62
"OROVIL_6_UNIT",2023-06-16 14:00:00,2023-06-17 09:00:00,7.5,175275,2023-06-16 21:00:00,2023-06-17 16:00:00,0,0,7.62
"OROVIL_6_UNIT",2023-06-17 14:00:00,2023-06-18 09:00:00,7.5,175275,2023-06-17 21:00:00,2023-06-19 16:00:00,0,1440,7.62
"OROVIL_6_UNIT",2023-06-19 14:00:00,2023-06-20 09:00:00,7.5,175275,2023-06-19 21:00:00,2023-06-20 16:00:00,0,0,7.62
"OROVIL_6_UNIT",2023-06-20 14:00:00,2023-06-21 09:00:00,7.5,175275,2023-06-20 21:00:00,2023-06-21 16:00:00,0,0,7.62
"OROVIL_6_UNIT",2023-06-21 14:00:00,2023-06-22 09:00:00,7.5,175275,2023-06-21 21:00:00,2023-06-22 16:00:00,0,0,7.62
"OROVIL_6_UNIT",2023-06-22 14:00:00,2023-06-23 09:00:00,7.5,175275,2023-06-22 21:00:00,2023-06-23 16:00:00,0,0,7.62
"OROVIL_6_UNIT",2023-06-23 14:00:00,2023-06-24 09:00:00,7.5,175275,2023-06-23 21:00:00,2023-06-24 16:00:00,0,0,7.62
"OROVIL_6_UNIT",2023-06-24 14:00:00,2023-06-25 09:00:00,7.5,175275,2023-06-24 21:00:00,2023-06-26 16:00:00,0,1440,7.62
"OROVIL_6_UNIT",2023-07-01 14:00:00,2023-07-02 09:00:00,7.5,175275,2023-07-01 21:00:00,2023-07-03 16:00:00,0,1440,7.62
"OROVIL_6_UNIT",2023-07-03 14:00:00,2023-07-04 09:00:00,7.5,175275,2023-07-03 21:00:00,2023-07-04 16:00:00,0,0,7.62
"OROVIL_6_UNIT",2023-07-04 14:00:00,2023-07-05 09:00:00,7.5,175275,2023-07-04 21:00:00,2023-07-05 16:00:00,0,0,7.62
"OROVIL_6_UNIT",2023-07-05 14:00:00,2023-07-06 09:00:00,7.5,175275,2023-07-05 21:00:00,2023-07-06 16:00:00,0,0,7.62
"OROVIL_6_UNIT",2023-07-06 14:00:00,2023-07-07 09:00:00,7.5,175275,2023-07-06 21:00:00,2023-07-07 16:00:00,0,0,7.62
"OROVIL_6_UNIT",2023-07-07 14:00:00,2023-07-08 09:00:00,7.5,175275,2023-07-07 21:00:00,2023-07-08 16:00:00,0,0,7.62
"OROVIL_6_UNIT",2023-07-08 14:00:00,2023-07-09 09:00:00,7.5,175275,2023-07-08 21:00:00,2023-07-10 16:00:00,0,1440,7.62
"OROVIL_6_UNIT",2023-07-10 14:00:00,2023-07-11 09:00:00,7.5,175275,2023-07-10 21:00:00,2023-07-11 16:00:00,0,0,7.62
"OROVIL_6_UNIT",2023-07-11 14:00:00,2023-07-12 09:00:00,7.5,175275,2023-07-11 21:00:00,2023-07-12 16:00:00,0,0,7.62
"OROVIL_6_UNIT",2023-07-12 14:00:00,2023-07-13 09:00:00,7.5,175275,2023-07-12 21:00:00,2023-07-13 16:00:00,0,0,7.62
"OROVIL_6_UNIT",2023-07-13 14:00:00,2023-07-14 09:00:00,7.5,175275,2023-07-13 21:00:00,2023-07-14 16:00:00,0,0,7.62
"OROVIL_6_UNIT",2023-07-14 14:00:00,2023-07-15 09:00:00,7.5,175275,2023-07-14 21:00:00,2023-07-15 16:00:00,0,0,7.62
"OROVIL_6_UNIT",2023-07-15 14:00:00,2023-07-16 09:00:00,7.5,175275,2023-07-15 21:00:00,2023-07-17 16:00:00,0,1440,7.62
"OROVIL_6_UNIT",2023-07-17 14:00:00,2023-07-18 09:00:00,7.5,175275,2023-07-17 21:00:00,2023-07-18 16:00:00,0,0,7.62
"OROVIL_6_UNIT",2023-07-18 14:00:00,2023-07-19 09:00:00,7.5,175275,2023-07-18 21:00:00,2023-07-19 16:00:00,0,0,7.62
"OROVIL_6_UNIT",2023-07-19 14:00:00,2023-07-20 09:00:00,7.5,175275,2023-07-19 21:00:00,2023-07-20 16:00:00,0,0,7.62
"OROVIL_6_UNIT",2023-07-20 14:00:00,2023-07-21 09:00:00,7.5,175275,2023-07-20 21:00:00,2023-07-21 16:00:00,0,0,7.62
"OROVIL_6_UNIT",2023-07-21 14:00:00,2023-07-22 09:00:00,7.5,175275,2023-07-21 21:00:00,2023-07-22 16:00:00,0,0,7.62
"OROVIL_6_UNIT",2023-07-22 14:00:00,2023-07-23 09:00:00,7.5,175275,2023-07-22 21:00:00,2023-07-24 16:00:00,0,1440,7.62
"OROVIL_6_UNIT",2023-07-24 14:00:00,2023-07-25 09:00:00,7.5,175275,2023-07-24 21:00:00,2023-07-25 16:00:00,0,0,7.62
"OROVIL_6_UNIT",2023-08-01 14:00:00,2023-08-02 09:00:00,7.5,175275,2023-08-01 21:00:00,2023-08-02 16:00:00,0,0,7.62
"OROVIL_6_UNIT",2023-08-02 14:00:00,2023-08-03 09:00:00,7.5,175275,2023-08-02 21:00:00,2023-08-03 16:00:00,0,0,7.62
"OROVIL_6_UNIT",2023-08-03 14:00:00,2023-08-04 09:00:00,7.5,175275,2023-08-03 21:00:00,2023-08-04 16:00:00,0,0,7.62
"OROVIL_6_UNIT",2023-08-04 14:00:00,2023-08-05 09:00:00,7.5,175275,2023-08-04 21:00:00,2023-08-05 16:00:00,0,0,7.62
"OROVIL_6_UNIT",2023-08-05 14:00:00,2023-08-06 09:00:00,7.5,175275,2023-08-05 21:00:00,2023-08-07 16:00:00,0,1440,7.62
"OROVIL_6_UNIT",2023-08-07 14:00:00,2023-08-08 09:00:00,7.5,175275,2023-08-07 21:00:00,2023-08-08 16:00:00,0,0,7.62
"OROVIL_6_UNIT",2023-08-08 14:00:00,2023-08-09 09:00:00,7.5,175275,2023-08-08 21:00:00,2023-08-09 16:00:00,0,0,7.62
"OROVIL_6_UNIT",2023-08-09 14:00:00,2023-08-10 09:00:00,7.5,175275,2023-08-09 21:00:00,2023-08-10 16:00:00,0,0,7.62
"OROVIL_6_UNIT",2023-08-10 14:00:00,2023-08-11 09:00:00,7.5,175275,2023-08-10 21:00:00,2023-08-11 16:00:00,0,0,7.62
"OROVIL_6_UNIT",2023-08-11 14:00:00,2023-08-12 09:00:00,7.5,175275,2023-08-11 21:00:00,2023-08-12 16:00:00,0,0,7.62
"OROVIL_6_UNIT",2023-08-12 14:00:00,2023-08-13 09:00:00,7.5,175275,2023-08-12 21:00:00,2023-08-14 16:00:00,0,1440,7.62
"OROVIL_6_UNIT",2023-08-14 14:00:00,2023-08-15 09:00:00,7.5,175275,2023-08-14 21:00:00,2023-08-15 16:00:00,0,0,7.62
"OROVIL_6_UNIT",2023-08-15 14:00:00,2023-08-16 09:00:00,7.5,175275,2023-08-15 21:00:00,2023-08-16 16:00:00,0,0,7.62
"OROVIL_6_UNIT",2023-08-16 14:00:00,2023-08-17 09:00:00,7.5,175275,2023-08-16 21:00:00,2023-08-17 16:00:00,0,0,7.62
"OROVIL_6_UNIT",2023-08-17 14:00:00,2023-08-18 09:00:00,7.5,175275,2023-08-17 21:00:00,2023-08-18 16:00:00,0,0,7.62
"OROVIL_6_UNIT",2023-08-18 14:00:00,2023-08-19 09:00:00,7.5,175275,2023-08-18 21:00:00,2023-08-19 16:00:00,0,0,7.62
"OROVIL_6_UNIT",2023-08-19 14:00:00,2023-08-20 09:00:00,7.5,175275,2023-08-19 21:00:00,2023-08-21 16:00:00,0,1440,7.62
"OROVIL_6_UNIT",2023-08-21 14:00:00,2023-08-22 09:00:00,7.5,175275,2023-08-21 21:00:00,2023-08-22 16:00:00,0,0,7.62
"OROVIL_6_UNIT",2023-08-22 14:00:00,2023-08-23 09:00:00,7.5,175275,2023-08-22 21:00:00,2023-08-23 16:00:00,0,0,7.62
"OROVIL_6_UNIT",2023-08-23 14:00:00,2023-08-24 09:00:00,7.5,175275,2023-08-23 21:00:00,2023-08-24 16:00:00,0,0,7.62
"OROVIL_6_UNIT",2023-08-24 14:00:00,2023-08-25 09:00:00,7.5,175275,2023-08-24 21:00:00,2023-08-25 16:00:00,0,0,7.62
"OROVIL_6_UNIT",2023-08-25 14:00:00,2023-08-26 09:00:00,7.5,175275,2023-08-25 21:00:00,2023-08-26 16:00:00,0,0,7.62
"OROVIL_6_UNIT",2023-08-26 14:00:00,2023-08-27 09:00:00,7.5,175275,2023-08-26 21:00:00,2023-08-28 16:00:00,0,1440,7.62
"OROVIL_6_UNIT",2023-08-28 14:00:00,2023-08-29 09:00:00,7.5,175275,2023-08-28 21:00:00,2023-08-29 16:00:00,0,0,7.62
"OROVIL_6_UNIT",2023-08-29 14:00:00,2023-08-30 09:00:00,7.5,175275,2023-08-29 21:00:00,2023-08-30 16:00:00,0,0,7.62
"OROVIL_6_UNIT",2023-08-30 14:00:00,2023-08-31 09:00:00,7.5,175275,2023-08-30 21:00:00,2023-08-31 16:00:00,0,0,7.62
"OROVIL_6_UNIT",2023-08-31 14:00:00,2023-09-01 09:00:00,7.5,175275,2023-08-31 21:00:00,2023-09-01 16:00:00,0,0,7.62
"OROVIL_6_UNIT",2023-09-01 14:00:00,2023-09-02 09:00:00,7.5,175275,2023-09-01 21:00:00,2023-09-02 16:00:00,0,0,7.62
"OROVIL_6_UNIT",2023-09-02 14:00:00,2023-09-04 09:00:00,7.5,175275,2023-09-02 21:00:00,2023-09-04 16:00:00,0,0,7.62
"OROVIL_6_UNIT",2023-09-04 14:00:00,2023-09-05 09:00:00,7.5,175275,2023-09-04 21:00:00,2023-09-05 16:00:00,0,0,7.62
"OROVIL_6_UNIT",2023-09-05 14:00:00,2023-09-06 09:00:00,7.5,175275,2023-09-05 21:00:00,2023-09-06 16:00:00,0,0,7.62
"OROVIL_6_UNIT",2023-09-06 14:00:00,2023-09-07 09:00:00,7.5,175275,2023-09-06 21:00:00,2023-09-07 16:00:00,0,0,7.62
"OROVIL_6_UNIT",2023-09-07 14:00:00,2023-09-08 09:00:00,7.5,175275,2023-09-07 21:00:00,2023-09-08 16:00:00,0,0,7.62
"OROVIL_6_UNIT",2023-09-08 14:00:00,2023-09-09 09:00:00,7.5,175275,2023-09-08 21:00:00,2023-09-09 16:00:00,0,0,7.62
"OROVIL_6_UNIT",2023-09-09 14:00:00,2023-09-10 09:00:00,7.5,175275,2023-09-09 21:00:00,2023-09-11 16:00:00,0,1440,7.62
"OROVIL_6_UNIT",2023-09-11 14:00:00,2023-09-12 09:00:00,7.5,175275,2023-09-11 21:00:00,2023-09-12 16:00:00,0,0,7.62
"OROVIL_6_UNIT",2023-09-12 14:00:00,2023-09-13 09:00:00,7.5,175275,2023-09-12 21:00:00,2023-09-13 16:00:00,0,0,7.62
"OROVIL_6_UNIT",2023-09-13 14:00:00,2023-09-14 09:00:00,7.5,175275,2023-09-13 21:00:00,2023-09-14 16:00:00,0,0,7.62
"OROVIL_6_UNIT",2023-09-14 14:00:00,2023-09-15 09:00:00,7.5,175275,2023-09-14 21:00:00,2023-09-15 16:00:00,0,0,7.62
"OROVIL_6_UNIT",2023-09-15 14:00:00,2023-09-16 09:00:00,7.5,175275,2023-09-15 21:00:00,2023-09-18 16:00:00,0,2880,7.62
"OROVIL_6_UNIT",2023-09-18 14:00:00,2023-09-19 09:00:00,7.5,175275,2023-09-18 21:00:00,2023-09-19 16:00:00,0,0,7.62
"OROVIL_6_UNIT",2023-09-19 14:00:00,2023-09-20 09:00:00,7.5,175275,2023-09-19 21:00:00,2023-09-20 16:00:00,0,0,7.62
"OROVIL_6_UNIT",2023-09-20 14:00:00,2023-09-21 09:00:00,7.5,175275,2023-09-20 21:00:00,2023-09-22 16:00:00,0,1440,7.62
"OROVIL_6_UNIT",2023-09-22 14:00:00,2023-09-23 09:00:00,7.5,175275,2023-09-22 21:00:00,2023-09-23 16:00:00,0,0,7.62
"OROVIL_6_UNIT",2023-09-23 14:00:00,2023-09-24 09:00:00,7.5,175275,2023-09-23 21:00:00,2023-09-25 16:00:00,0,1440,7.62
"OROVIL_6_UNIT",2023-09-25 14:00:00,2023-09-26 09:00:00,7.5,175275,2023-09-25 21:00:00,2023-09-26 16:00:00,0,0,7.62
"OROVIL_6_UNIT",2023-09-26 14:00:00,2023-09-27 09:00:00,7.5,175275,2023-09-26 21:00:00,2023-09-27 16:00:00,0,0,7.62
"OROVIL_6_UNIT",2023-10-02 14:00:00,2023-10-03 09:00:00,7.5,175275,2023-10-02 21:00:00,2023-10-03 16:00:00,0,0,7.62
"OROVIL_6_UNIT",2023-10-03 14:00:00,2023-10-04 09:00:00,7.5,175275,2023-10-03 21:00:00,2023-10-04 17:00:00,0,60,7.62
"OROVIL_6_UNIT",2023-10-04 14:00:00,2023-10-05 09:00:00,7.5,175275,2023-10-04 21:00:00,2023-10-05 16:00:00,0,0,7.62
"OROVIL_6_UNIT",2023-10-05 14:00:00,2023-10-06 09:00:00,7.5,175275,2023-10-05 21:00:00,2023-10-06 16:00:00,0,0,7.62
"OROVIL_6_UNIT",2023-10-06 14:00:00,2023-10-07 09:00:00,7.5,175275,2023-10-06 21:00:00,2023-10-07 16:00:00,0,0,7.62
"OROVIL_6_UNIT",2023-10-07 14:00:00,2023-10-08 09:00:00,7.5,175275,2023-10-07 21:00:00,2023-10-09 16:00:00,0,1440,7.62
"OROVIL_6_UNIT",2023-10-09 14:00:00,2023-10-10 09:00:00,7.5,175275,2023-10-09 21:00:00,2023-10-10 16:00:00,0,0,7.62
"OROVIL_6_UNIT",2023-10-10 14:00:00,2023-10-11 09:00:00,7.5,175275,2023-10-10 21:00:00,2023-10-11 16:00:00,0,0,7.62
"OROVIL_6_UNIT",2023-10-11 14:00:00,2023-10-12 09:00:00,7.5,175275,2023-10-11 21:00:00,2023-10-12 17:00:00,0,60,7.62
"OROVIL_6_UNIT",2023-10-12 14:00:00,2023-10-13 09:00:00,7.5,175275,2023-10-12 21:00:00,2023-10-13 16:00:00,0,0,7.62
"OROVIL_6_UNIT",2023-10-13 14:00:00,2023-10-14 09:00:00,7.5,175275,2023-10-13 21:00:00,2023-10-16 17:00:00,0,2940,7.62
"OROVIL_6_UNIT",2023-10-16 14:00:00,2023-10-17 09:00:00,7.5,175275,2023-10-16 21:00:00,2023-10-17 16:00:00,0,0,7.62
"OROVIL_6_UNIT",2023-10-17 14:00:00,2023-10-18 09:00:00,7.5,175275,2023-10-17 21:00:00,2023-10-18 16:00:00,0,0,7.62
"OROVIL_6_UNIT",2023-10-18 14:00:00,2023-10-19 09:00:00,7.5,175275,2023-10-18 21:00:00,2023-10-19 16:00:00,0,0,7.62
"OROVIL_6_UNIT",2023-10-19 14:00:00,2023-10-20 09:00:00,7.5,175275,2023-10-19 21:00:00,2023-10-20 16:00:00,0,0,7.62
"OROVIL_6_UNIT",2023-10-20 14:00:00,2023-10-21 09:00:00,7.5,175275,2023-10-20 21:00:00,2023-10-21 16:00:00,0,0,7.62
"OROVIL_6_UNIT",2023-10-21 14:00:00,2023-10-22 09:00:00,7.5,175275,2023-10-21 21:00:00,2023-10-23 16:00:00,0,1440,7.62
"OROVIL_6_UNIT",2023-10-23 14:00:00,2023-10-24 09:00:00,7.5,175275,2023-10-23 21:00:00,2023-10-24 16:00:00,0,0,7.62
"OROVIL_6_UNIT",2023-10-24 14:00:00,2023-10-25 09:00:00,7.5,175275,2023-10-24 21:00:00,2023-10-25 16:00:00,0,0,7.62
"OROVIL_6_UNIT",2023-10-25 14:00:00,2023-10-26 09:00:00,7.5,175275,2023-10-25 21:00:00,2023-10-26 16:00:00,0,0,7.62
"OROVIL_6_UNIT",2023-10-26 14:00:00,2023-10-27 09:00:00,7.5,175275,2023-10-26 21:00:00,2023-10-27 16:00:00,0,0,7.62
"OROVIL_6_UNIT",2023-10-27 14:00:00,2023-10-28 09:00:00,7.5,175275,2023-10-27 21:00:00,2023-10-28 16:00:00,0,0,7.62
"OROVIL_6_UNIT",2023-10-28 14:00:00,2023-10-29 09:00:00,7.5,175275,2023-10-28 21:00:00,2023-10-30 16:00:00,0,1440,7.62
"OROVIL_6_UNIT",2023-11-01 14:00:00,2023-11-02 09:00:00,7.5,175275,2023-11-01 21:00:00,2023-11-02 16:00:00,0,0,7.62
"OROVIL_6_UNIT",2023-11-02 14:00:00,2023-11-03 09:00:00,7.5,175275,2023-11-02 21:00:00,2023-11-03 16:00:00,0,0,7.62
"OROVIL_6_UNIT",2023-11-03 14:00:00,2023-11-04 09:00:00,7.5,175275,2023-11-03 21:00:00,2023-11-04 16:00:00,0,0,7.62
"OROVIL_6_UNIT",2023-11-04 14:00:00,2023-11-05 08:00:00,7.5,175275,2023-11-04 21:00:00,2023-11-06 16:00:00,0,1440,7.62
"OROVIL_6_UNIT",2023-11-06 13:00:00,2023-11-07 08:00:00,7.5,175275,2023-11-06 21:00:00,2023-11-07 16:00:00,0,0,7.62
"OROVIL_6_UNIT",2023-11-07 13:00:00,2023-11-08 08:00:00,7.5,175275,2023-11-07 21:00:00,2023-11-08 16:00:00,0,0,7.62
"OROVIL_6_UNIT",2023-11-08 13:00:00,2023-11-09 08:00:00,7.5,175275,2023-11-08 21:00:00,2023-11-09 16:00:00,0,0,7.62
"OROVIL_6_UNIT",2023-11-09 13:00:00,2023-11-10 08:00:00,7.5,175275,2023-11-09 21:00:00,2023-11-10 16:00:00,0,0,7.62
"OROVIL_6_UNIT",2023-11-10 13:00:00,2023-11-11 08:00:00,7.5,175275,2023-11-10 21:00:00,2023-11-11 16:00:00,0,0,7.62
"OROVIL_6_UNIT",2023-11-11 13:00:00,2023-11-12 08:00:00,7.5,175275,2023-11-11 21:00:00,2023-11-13 16:00:00,0,1440,7.62
"OROVIL_6_UNIT",2023-11-13 13:00:00,2023-11-14 08:00:00,7.5,175275,2023-11-13 21:00:00,2023-11-14 16:00:00,0,0,7.62
"OROVIL_6_UNIT",2023-11-14 13:00:00,2023-11-15 08:00:00,7.5,175275,2023-11-14 21:00:00,2023-11-15 16:00:00,0,0,7.62
"OROVIL_6_UNIT",2023-11-15 13:00:00,2023-11-16 08:00:00,7.5,175275,2023-11-15 21:00:00,2023-11-16 16:00:00,0,0,7.62
"OROVIL_6_UNIT",2023-11-16 13:00:00,2023-11-17 08:00:00,7.5,175275,2023-11-16 21:00:00,2023-11-17 16:00:00,0,0,7.62
"OROVIL_6_UNIT",2023-11-17 13:00:00,2023-11-18 08:00:00,7.5,175275,2023-11-17 21:00:00,2023-11-18 16:00:00,0,0,7.62
"OROVIL_6_UNIT",2023-11-18 13:00:00,2023-11-19 08:00:00,7.5,175275,2023-11-18 21:00:00,2023-11-20 16:00:00,0,1440,7.62
"OROVIL_6_UNIT",2023-11-20 13:00:00,2023-11-21 08:00:00,7.5,175275,2023-11-20 21:00:00,2023-11-21 16:00:00,0,0,7.62
"OROVIL_6_UNIT",2023-11-21 13:00:00,2023-11-22 08:00:00,7.5,175275,2023-11-21 21:00:00,2023-11-22 16:00:00,0,0,7.62
"OROVIL_6_UNIT",2023-11-22 13:00:00,2023-11-23 08:00:00,7.5,175275,2023-11-22 21:00:00,2023-11-23 16:00:00,0,0,7.62
"OROVIL_6_UNIT",2023-11-23 13:00:00,2023-11-24 08:00:00,7.5,175275,2023-11-23 21:00:00,2023-11-24 16:00:00,0,0,7.62
"OROVIL_6_UNIT",2023-11-24 13:00:00,2023-11-25 08:00:00,7.5,175275,2023-11-24 21:00:00,2023-11-25 16:00:00,0,0,7.62
"OROVIL_6_UNIT",2023-11-25 13:00:00,2023-11-26 08:00:00,7.5,175275,2023-11-25 21:00:00,2023-11-27 16:00:00,0,1440,7.62
"OROVIL_6_UNIT",2024-03-01 14:00:00,2024-03-02 07:00:00,7.5,175275,2024-03-01 22:00:00,2024-03-04 17:00:00,0,3000,7.62
"OROVIL_6_UNIT",2024-03-04 14:00:00,2024-03-05 07:00:00,7.5,175275,2024-03-04 22:00:00,2024-03-05 17:00:00,0,120,7.62
"OROVIL_6_UNIT",2024-03-05 14:00:00,2024-03-06 07:00:00,7.5,175275,2024-03-05 22:00:00,2024-03-06 17:00:00,0,120,7.62
"OROVIL_6_UNIT",2024-03-06 14:00:00,2024-03-07 07:00:00,7.5,175275,2024-03-06 22:00:00,2024-03-07 17:00:00,0,120,7.62
"OROVIL_6_UNIT",2024-03-07 14:00:00,2024-03-08 07:00:00,7.5,175275,2024-03-07 22:00:00,2024-03-08 17:00:00,0,120,7.62
"OROVIL_6_UNIT",2024-03-08 14:00:00,2024-03-09 07:00:00,7.5,175275,2024-03-08 22:00:00,2024-03-09 17:00:00,0,120,7.62
"OROVIL_6_UNIT",2024-03-09 14:00:00,2024-03-10 08:00:00,7.5,175275,2024-03-09 22:00:00,2024-03-11 17:00:00,0,1560,7.62
"OROVIL_6_UNIT",2024-03-11 15:00:00,2024-03-12 08:00:00,7.5,175275,2024-03-11 22:00:00,2024-03-12 17:00:00,0,120,7.62
"OROVIL_6_UNIT",2024-03-12 15:00:00,2024-03-13 08:00:00,7.5,175275,2024-03-12 22:00:00,2024-03-13 17:00:00,0,120,7.62
"OROVIL_6_UNIT",2024-03-13 15:00:00,2024-03-14 08:00:00,7.5,175275,2024-03-13 22:00:00,2024-03-14 17:00:00,0,120,7.62
"OROVIL_6_UNIT",2024-03-14 15:00:00,2024-03-15 08:00:00,7.5,175275,2024-03-14 22:00:00,2024-03-15 17:00:00,0,120,7.62
"OROVIL_6_UNIT",2024-03-15 15:00:00,2024-03-16 08:00:00,7.5,175275,2024-03-15 22:00:00,2024-03-16 17:00:00,0,120,7.62
"OROVIL_6_UNIT",2024-03-16 15:00:00,2024-03-17 08:00:00,7.5,175275,2024-03-16 22:00:00,2024-03-18 17:00:00,0,1560,7.62
"OROVIL_6_UNIT",2024-03-18 15:00:00,2024-03-19 08:00:00,7.5,175275,2024-03-18 22:00:00,2024-03-19 17:00:00,0,120,7.62
"OROVIL_6_UNIT",2024-03-19 15:00:00,2024-03-20 08:00:00,7.5,175275,2024-03-19 22:00:00,2024-03-20 17:00:00,0,120,7.62
"OROVIL_6_UNIT",2024-03-20 15:00:00,2024-03-21 08:00:00,7.5,175275,2024-03-20 22:00:00,2024-03-21 17:00:00,0,120,7.62
"OROVIL_6_UNIT",2024-03-21 15:00:00,2024-03-22 08:00:00,7.5,175275,2024-03-21 22:00:00,2024-03-22 17:00:00,0,120,7.62
"OROVIL_6_UNIT",2024-03-22 15:00:00,2024-03-23 08:00:00,7.5,175275,2024-03-22 22:00:00,2024-03-23 17:00:00,0,120,7.62
"OROVIL_6_UNIT",2024-03-23 15:00:00,2024-03-24 08:00:00,7.5,175275,2024-03-23 22:00:00,2024-03-25 17:00:00,0,1560,7.62
"OROVIL_6_UNIT",2024-03-25 15:00:00,2024-03-26 08:00:00,7.5,175275,2024-03-25 22:00:00,2024-03-26 17:00:00,0,120,7.62
"OROVIL_6_UNIT",2024-03-26 15:00:00,2024-03-27 08:00:00,7.5,175275,2024-03-26 22:00:00,2024-03-27 17:00:00,0,120,7.62
"OROVIL_6_UNIT",2024-03-27 15:00:00,2024-03-28 08:00:00,7.5,175275,2024-03-27 22:00:00,2024-03-28 17:00:00,0,120,7.62
"OROVIL_6_UNIT",2024-03-28 15:00:00,2024-03-29 08:00:00,7.5,175275,2024-03-28 22:00:00,2024-03-29 17:00:00,0,120,7.62
"OROVIL_6_UNIT",2024-03-29 15:00:00,2024-03-30 08:00:00,7.5,175275,2024-03-29 22:00:00,2024-03-30 17:00:00,0,120,7.62
"OROVIL_6_UNIT",2024-03-30 15:00:00,2024-03-31 08:00:00,7.5,175275,2024-03-30 22:00:00,2024-04-01 17:00:00,0,1560,7.62
"OROVIL_6_UNIT",2024-04-01 15:00:00,2024-04-02 08:00:00,7.5,175275,2024-04-01 22:00:00,2024-04-02 17:00:00,0,120,7.62
"OROVIL_6_UNIT",2024-04-02 15:00:00,2024-04-03 08:00:00,7.5,175275,2024-04-02 22:00:00,2024-04-03 17:00:00,0,120,7.62
"OROVIL_6_UNIT",2024-04-03 15:00:00,2024-04-04 08:00:00,7.5,175275,2024-04-03 22:00:00,2024-04-04 17:00:00,0,120,7.62
"OROVIL_6_UNIT",2024-04-04 15:00:00,2024-04-05 08:00:00,7.5,175275,2024-04-04 22:00:00,2024-04-05 17:00:00,0,120,7.62
"OROVIL_6_UNIT",2024-04-05 15:00:00,2024-04-06 08:00:00,7.5,175275,2024-04-05 22:00:00,2024-04-06 17:00:00,0,120,7.62
"OROVIL_6_UNIT",2024-04-06 15:00:00,2024-04-07 08:00:00,7.5,175275,2024-04-06 22:00:00,2024-04-08 17:00:00,0,1560,7.62
"OROVIL_6_UNIT",2024-04-08 15:00:00,2024-04-09 08:00:00,7.5,175275,2024-04-08 22:00:00,2024-04-09 17:00:00,0,120,7.62
"OROVIL_6_UNIT",2024-04-09 15:00:00,2024-04-10 08:00:00,7.5,175275,2024-04-09 22:00:00,2024-04-10 17:00:00,0,120,7.62
"OROVIL_6_UNIT",2024-04-10 15:00:00,2024-04-11 08:00:00,7.5,175275,2024-04-10 22:00:00,2024-04-11 17:00:00,0,120,7.62
"OROVIL_6_UNIT",2024-04-11 15:00:00,2024-04-12 08:00:00,7.5,175275,2024-04-11 22:00:00,2024-04-12 17:00:00,0,120,7.62
"OROVIL_6_UNIT",2024-04-12 15:00:00,2024-04-13 08:00:00,7.5,175275,2024-04-12 22:00:00,2024-04-13 17:00:00,0,120,7.62
"OROVIL_6_UNIT",2024-04-13 15:00:00,2024-04-14 08:00:00,7.5,175275,2024-04-13 22:00:00,2024-04-15 17:00:00,0,1560,7.62
"OROVIL_6_UNIT",2024-04-15 15:00:00,2024-04-16 08:00:00,7.5,175275,2024-04-15 22:00:00,2024-04-16 17:00:00,0,120,7.62
"OROVIL_6_UNIT",2024-04-16 15:00:00,2024-04-17 08:00:00,7.5,175275,2024-04-16 22:00:00,2024-04-17 17:00:00,0,120,7.62
"OROVIL_6_UNIT",2024-04-17 15:00:00,2024-04-18 08:00:00,7.5,175275,2024-04-17 22:00:00,2024-04-18 17:00:00,0,120,7.62
"OROVIL_6_UNIT",2024-04-18 15:00:00,2024-04-19 08:00:00,7.5,175275,2024-04-18 22:00:00,2024-04-19 17:00:00,0,120,7.62
"OROVIL_6_UNIT",2024-04-19 15:00:00,2024-04-20 08:00:00,7.5,175275,2024-04-19 22:00:00,2024-04-20 17:00:00,0,120,7.62
"OROVIL_6_UNIT",2024-04-20 15:00:00,2024-04-21 08:00:00,7.5,175275,2024-04-20 22:00:00,2024-04-22 17:00:00,0,1560,7.62
"OROVIL_6_UNIT",2024-04-22 15:00:00,2024-04-23 08:00:00,7.5,175275,2024-04-22 22:00:00,2024-04-23 17:00:00,0,120,7.62
"OROVIL_6_UNIT",2024-04-23 15:00:00,2024-04-24 08:00:00,7.5,175275,2024-04-23 22:00:00,2024-04-24 17:00:00,0,120,7.62
"OROVIL_6_UNIT",2024-04-24 15:00:00,2024-04-25 08:00:00,7.5,175275,2024-04-24 22:00:00,2024-04-25 17:00:00,0,120,7.62
"OROVIL_6_UNIT",2024-04-25 15:00:00,2024-04-26 08:00:00,7.5,175275,2024-04-25 22:00:00,2024-04-26 17:00:00,0,120,7.62
"OROVIL_6_UNIT",2024-04-26 15:00:00,2024-04-27 08:00:00,7.5,175275,2024-04-26 22:00:00,2024-04-29 17:00:00,0,3000,7.62
"OROVIL_6_UNIT",2024-04-29 15:00:00,2024-04-30 08:00:00,7.5,175275,2024-04-29 22:00:00,2024-04-30 17:00:00,0,120,7.62
"OROVIL_6_UNIT",2024-04-30 15:00:00,2024-04-30 16:59:00,7.5,175275,2024-04-30 22:00:00,2024-05-01 17:00:00,0,1021,7.62
"OROVIL_6_UNIT",2024-05-01 15:00:00,2024-05-02 08:00:00,7.5,175275,2024-05-01 22:00:00,2024-05-02 17:00:00,0,120,7.62
"OROVIL_6_UNIT",2024-05-02 15:00:00,2024-05-03 08:00:00,7.5,175275,2024-05-02 22:00:00,2024-05-03 17:00:00,0,120,7.62
"OROVIL_6_UNIT",2024-05-03 15:00:00,2024-05-04 08:00:00,7.5,175275,2024-05-03 22:00:00,2024-05-04 17:00:00,0,120,7.62
"OROVIL_6_UNIT",2024-05-04 15:00:00,2024-05-05 08:00:00,7.5,175275,2024-05-04 22:00:00,2024-05-06 17:00:00,0,1560,7.62
"OROVIL_6_UNIT",2024-05-06 15:00:00,2024-05-07 08:00:00,7.5,175275,2024-05-06 22:00:00,2024-05-07 17:00:00,0,120,7.62
"OROVIL_6_UNIT",2024-05-07 15:00:00,2024-05-08 08:00:00,7.5,175275,2024-05-07 22:00:00,2024-05-09 17:00:00,0,1560,7.62
"OROVIL_6_UNIT",2024-05-09 15:00:00,2024-05-10 08:00:00,7.5,175275,2024-05-09 22:00:00,2024-05-10 17:00:00,0,120,7.62
"OROVIL_6_UNIT",2024-05-10 15:00:00,2024-05-11 08:00:00,7.5,175275,2024-05-10 22:00:00,2024-05-13 17:00:00,0,3000,7.62
"OROVIL_6_UNIT",2024-05-13 15:00:00,2024-05-14 08:00:00,7.5,175275,2024-05-13 22:00:00,2024-05-14 17:00:00,0,120,7.62
"OROVIL_6_UNIT",2024-05-14 15:00:00,2024-05-15 08:00:00,7.5,175275,2024-05-14 22:00:00,2024-05-15 17:00:00,0,120,7.62
"OROVIL_6_UNIT",2024-05-15 15:00:00,2024-05-16 08:00:00,7.5,175275,2024-05-15 22:00:00,2024-05-16 17:00:00,0,120,7.62
"OROVIL_6_UNIT",2024-05-16 15:00:00,2024-05-17 08:00:00,7.5,175275,2024-05-16 22:00:00,2024-05-17 17:00:00,0,120,7.62
"OROVIL_6_UNIT",2024-05-17 15:00:00,2024-05-18 08:00:00,7.5,175275,2024-05-17 22:00:00,2024-05-18 17:00:00,0,120,7.62
"OROVIL_6_UNIT",2024-05-18 15:00:00,2024-05-19 08:00:00,7.5,175275,2024-05-18 22:00:00,2024-05-20 17:00:00,0,1560,7.62
"OROVIL_6_UNIT",2024-05-20 15:00:00,2024-05-21 08:00:00,7.5,175275,2024-05-20 22:00:00,2024-05-21 17:00:00,0,120,7.62
"OROVIL_6_UNIT",2024-05-21 15:00:00,2024-05-22 08:00:00,7.5,175275,2024-05-21 22:00:00,2024-05-22 17:00:00,0,120,7.62
"OROVIL_6_UNIT",2024-05-22 15:00:00,2024-05-23 08:00:00,7.5,175275,2024-05-22 22:00:00,2024-05-23 17:00:00,0,120,7.62
"OROVIL_6_UNIT",2024-05-23 15:00:00,2024-05-24 08:00:00,7.5,175275,2024-05-23 22:00:00,2024-05-24 17:00:00,0,120,7.62
"OROVIL_6_UNIT",2024-05-24 15:00:00,2024-05-25 08:00:00,7.5,175275,2024-05-24 22:00:00,2024-05-27 17:00:00,0,3000,7.62
"OROVIL_6_UNIT",2024-05-27 15:00:00,2024-05-28 08:00:00,7.5,175275,2024-05-27 22:00:00,2024-05-28 17:00:00,0,120,7.62
"OROVIL_6_UNIT",2024-05-28 15:00:00,2024-05-29 08:00:00,7.5,175275,2024-05-28 22:00:00,2024-05-29 17:00:00,0,120,7.62
"OROVIL_6_UNIT",2024-05-29 15:00:00,2024-05-30 08:00:00,7.5,175275,2024-05-29 22:00:00,2024-05-30 15:00:00,0,0,7.62
"OROVIL_6_UNIT",2024-05-30 15:00:00,2024-05-31 08:00:00,7.5,175275,2024-05-30 22:00:00,2024-05-31 17:00:00,0,120,7.62
"OROVIL_6_UNIT",2024-05-31 15:00:00,2024-05-31 16:59:00,7.5,175275,2024-05-31 22:00:00,2024-06-01 17:00:00,0,1021,7.62
"OROVIL_6_UNIT",2024-06-01 15:00:00,2024-06-02 08:00:00,7.5,175275,2024-06-01 22:00:00,2024-06-03 16:00:00,0,1500,7.62
"OTAY_6_ECVBT1",2024-03-18 13:00:00,2024-03-19 11:00:00,3,151937,2024-03-18 20:00:00,2024-03-20 17:00:00,0,1380,0.92
"OTAY_6_ECVBT1",2024-03-21 13:00:00,2024-03-22 11:00:00,3,151937,2024-03-21 20:00:00,2024-03-22 18:00:00,0,0,0.92
"OTAY_6_ECVBT1",2024-03-22 13:00:00,2024-03-22 16:59:00,3,151937,2024-03-22 20:00:00,2024-03-25 18:00:00,0,3961,0.92
"OTAY_6_ECVBT1",2024-03-26 13:00:00,2024-03-27 11:00:00,3,151937,2024-03-26 20:00:00,2024-03-27 18:00:00,0,0,0.92
"OTAY_6_ECVBT1",2024-03-28 13:00:00,2024-03-28 16:59:00,3,151937,2024-03-28 20:00:00,2024-03-29 18:00:00,0,1081,0.92
"OTMESA_2_PL1X3",2023-03-07 16:01:00,2023-03-28 14:32:00,603.68,590458,2023-03-08,2023-03-30,-1,1588,625
"OTMESA_2_PL1X3",2023-11-06 16:00:00,2023-11-12 15:59:00,603.68,590458,2023-11-07,2023-11-13,0,1,625
"PAIGES_6_SOLAR",2024-04-27 12:00:00,2024-04-27 16:28:00,20,131964,2024-04-27 19:00:00,2024-04-28 06:00:00,0,392,13.53
"PALA_6_PGCBT1",2024-10-01 02:00:00,2024-10-01 04:00:00,10,101363,2024-10-01 09:00:00,2024-10-01 14:00:00,0,180,11
"PALOMR_2_PL1X3",2024-12-17 16:01:00,2024-12-21 02:30:00,588.21,876041,2024-12-18,2025-01-10 23:00:00,-1,29550,565
"PALSEL_6_PLSBT1",2024-10-11 02:00:00,2024-10-11 05:28:00,15,557145,2024-10-11 09:00:00,2024-10-12 06:00:00,0,1052,25
"PARDEB_6_UNITS",2023-02-11 01:00:00,2023-02-11 06:00:00,30,183275,2023-02-11 09:00:00,2023-02-11 15:00:00,0,60,29.1
"PARDEB_6_UNITS",2023-02-12 01:00:00,2023-02-12 06:00:00,30,183275,2023-02-12 09:00:00,2023-02-12 15:00:00,0,60,29.1
"PARDEB_6_UNITS",2023-02-13 01:00:00,2023-02-13 05:30:00,30,183275,2023-02-13 09:00:00,2023-02-13 15:00:00,0,90,29.1
"PARDEB_6_UNITS",2023-02-14 01:00:00,2023-02-14 06:00:00,30,183275,2023-02-14 09:00:00,2023-02-14 15:00:00,0,60,29.1
"PARDEB_6_UNITS",2023-02-15 01:00:00,2023-02-15 07:00:00,30,183275,2023-02-15 09:00:00,2023-02-15 16:00:00,0,60,29.1
"PARDEB_6_UNITS",2023-04-23 23:00:00,2023-04-24 06:30:00,30,183275,2023-04-24 06:00:00,2023-04-24 19:00:00,0,330,29.1
"PARDEB_6_UNITS",2023-09-10 14:00:00,2023-09-11 06:00:00,30,183275,2023-09-10 21:00:00,2023-09-11 14:00:00,0,60,29.1
"PARDEB_6_UNITS",2023-09-11 14:00:00,2023-09-12 06:00:00,30,183275,2023-09-11 21:00:00,2023-09-12 14:00:00,0,60,29.1
"PARDEB_6_UNITS",2023-09-12 14:00:00,2023-09-13 06:00:00,30,183275,2023-09-12 21:00:00,2023-09-13 14:00:00,0,60,29.1
"PARDEB_6_UNITS",2023-09-13 14:00:00,2023-09-14 06:00:00,30,183275,2023-09-13 21:00:00,2023-09-14 14:00:00,0,60,29.1
"PARDEB_6_UNITS",2023-09-14 14:00:00,2023-09-15 06:00:00,30,183275,2023-09-14 21:00:00,2023-09-15 14:00:00,0,60,29.1
"PARDEB_6_UNITS",2023-09-30 17:00:00,2023-09-30 23:00:00,30,183275,2023-10-01,2023-10-01 07:00:00,0,60,29.1
"PARDEB_6_UNITS",2023-11-12 12:00:00,2023-11-13 07:00:00,30,183275,2023-11-12 20:00:00,2023-11-13 16:00:00,0,60,29.1
"PARDEB_6_UNITS",2023-11-13 12:00:00,2023-11-14 07:00:00,30,183275,2023-11-13 20:00:00,2023-11-14 16:00:00,0,60,29.1
"PARDEB_6_UNITS",2023-11-14 12:00:00,2023-11-15 07:00:00,30,183275,2023-11-14 20:00:00,2023-11-15 16:00:00,0,60,29.1
"PARDEB_6_UNITS",2023-11-15 12:00:00,2023-11-16 07:00:00,30,183275,2023-11-15 20:00:00,2023-11-16 16:00:00,0,60,29.1
"PARDEB_6_UNITS",2023-11-16 12:00:00,2023-11-16 15:59:00,30,183275,2023-11-16 20:00:00,2023-11-17 16:00:00,0,961,29.1
"PARDEB_6_UNITS",2023-11-30 23:00:00,2023-12-22 04:00:00,30,183275,2023-12-01 07:00:00,2023-12-22 13:00:00,0,60,29.1
"PARDEB_6_UNITS",2024-03-16,2024-03-16 07:00:00,30,183275,2024-03-16 07:00:00,2024-03-16 15:00:00,0,60,29.1
"PARDEB_6_UNITS",2024-03-17,2024-03-17 07:00:00,30,183275,2024-03-17 07:00:00,2024-03-17 15:00:00,0,60,29.1
"PARDEB_6_UNITS",2024-03-18,2024-03-18 07:00:00,30,183275,2024-03-18 07:00:00,2024-03-18 15:00:00,0,60,29.1
"PARDEB_6_UNITS",2024-03-19,2024-03-19 07:00:00,30,183275,2024-03-19 07:00:00,2024-03-19 15:00:00,0,60,29.1
"PARDEB_6_UNITS",2024-03-20 01:00:00,2024-03-20 08:00:00,30,183275,2024-03-20 08:00:00,2024-03-20 16:00:00,0,60,29.1
"PARDEB_6_UNITS",2024-03-21 01:00:00,2024-03-21 08:00:00,30,183275,2024-03-21 08:00:00,2024-03-21 16:00:00,0,60,29.1
"PARDEB_6_UNITS",2024-03-24 01:00:00,2024-03-24 08:00:00,30,183275,2024-03-24 08:00:00,2024-03-24 16:00:00,0,60,29.1
"PARDEB_6_UNITS",2024-03-25 01:00:00,2024-03-25 08:00:00,30,183275,2024-03-25 08:00:00,2024-03-25 16:00:00,0,60,29.1
"PARDEB_6_UNITS",2024-03-26 01:00:00,2024-03-26 08:00:00,30,183275,2024-03-26 08:00:00,2024-03-26 16:00:00,0,60,29.1
"PARDEB_6_UNITS",2024-03-27 01:00:00,2024-03-27 08:00:00,30,183275,2024-03-27 08:00:00,2024-03-27 16:00:00,0,60,29.1
"PARDEB_6_UNITS",2024-03-28 01:00:00,2024-03-28 08:00:00,30,183275,2024-03-28 08:00:00,2024-03-28 16:00:00,0,60,29.1
"PARDEB_6_UNITS",2024-03-29 01:00:00,2024-03-29 08:00:00,30,183275,2024-03-29 08:00:00,2024-03-29 16:00:00,0,60,29.1
"PARDEB_6_UNITS",2024-03-30 01:00:00,2024-03-30 08:00:00,30,183275,2024-03-30 08:00:00,2024-03-30 16:00:00,0,60,29.1
"PEARBL_2_NSPIN",2023-12-03 23:00:00,2023-12-09 08:30:00,118,603374,2023-12-04 07:00:00,2023-12-14 13:00:00,0,6990,72
"PEORIA_1_SOLAR",2023-01-22 21:05:00,2023-01-22 23:50:00,1.5,123980,2023-01-23 05:00:00,2023-01-23 13:00:00,-5,310,200
"PGNP_2_RDRR02",2024-10-12 01:00:00,2024-10-12 06:00:00,30.59,870082,2024-10-12 08:00:00,2024-10-12 18:00:00,0,300,41
"PGSB_1_PDRP20",2023-07-26 17:00:00,2023-10-06 16:59:00,0.11,545257,2023-07-27,2023-10-13 14:00:00,0,9481,56
"PGZP_2_PDRP05",2023-07-27 17:00:00,NA,0.8,162883,2023-07-28,NA,0,NA,25
"PHOENX_1_UNIT",2023-12-28 03:00:00,2023-12-28 03:40:00,2,462662,2023-12-28 11:00:00,2023-12-28 16:00:00,0,260,2
"PHOENX_1_UNIT",2024-03-02 13:00:00,2024-03-02 15:01:00,2,462662,2024-03-02 21:00:00,2024-03-03 07:00:00,0,479,2
"PIT1_7_UNIT 1",2024-05-28 03:00:00,2024-05-28 04:00:00,32,644274,2024-05-28 10:00:00,2024-05-28 15:00:00,0,240,22.5
"PIT1_7_UNIT 2",2023-08-22 06:00:00,2023-08-22 09:00:00,32,184537,2023-08-22 13:00:00,2023-10-17 07:00:00,0,80100,34
"PIT3_7_PL1X3",2024-01-20 16:00:00,2024-01-20 16:18:00,70.6,204333,2024-01-21,2024-01-21 07:00:00,0,402,71.9
"PIT5_7_PL1X2",2023-12-08 08:00:00,2023-12-08 10:00:00,82,877294,2023-12-08 16:00:00,2023-12-15 15:00:00,0,9900,75
"PIT5_7_PL1X2",2024-01-09 08:00:00,2024-01-09 10:00:00,82,877294,2024-01-09 16:00:00,2024-01-10 05:00:00,0,660,75
"PIT5_7_PL1X2",2024-01-20 16:00:00,2024-01-22 08:00:00,82,877294,2024-01-21,2024-01-24 22:00:00,0,3240,75
"PIT5_7_PL1X2",2024-10-31 08:00:00,2024-10-31 08:45:00,82,877294,2024-10-31 15:00:00,2024-11-01 05:00:00,0,795,75
"PIT5_7_PL1X2",2024-11-04 15:00:00,2024-11-04 16:00:00,82,877294,2024-11-04 23:00:00,2024-11-05,0,0,75
"PIT5_7_PL3X4",2023-04-07 08:00:00,2023-04-07 11:00:00,82,251994,2023-04-07 15:00:00,2023-04-07 18:00:00,0,0,40
"PIT5_7_PL3X4",2024-06-20 23:00:00,2024-06-21 00:12:00,82,251994,2024-06-21 06:00:00,2024-06-21 08:00:00,0,48,40
"PIT5_7_PL3X4",2024-10-31 08:00:00,2024-10-31 09:18:00,82,251994,2024-10-31 15:00:00,2024-10-31 22:00:00,0,342,40
"PIT6_7_UNIT 1",2023-04-03,2023-04-03 01:00:00,39,211495,2023-04-03 07:00:00,2023-04-03 08:00:00,0,0,39
"PIT6_7_UNIT 1",2023-04-07 10:00:00,2023-04-07 11:00:00,39,211495,2023-04-07 17:00:00,2023-04-07 18:00:00,0,0,39
"PIT6_7_UNIT 1",2023-04-12 10:00:00,2023-04-12 11:00:00,39,211495,2023-04-12 17:00:00,2023-04-12 18:00:00,0,0,39
"PIT6_7_UNIT 1",2023-05-22,2023-05-23 11:56:00,39,211495,2023-05-22 07:00:00,2023-05-23 21:00:00,0,124,39
"PIT6_7_UNIT 1",2023-06-01,2023-06-07 06:48:00,39,211495,2023-06-01 07:00:00,2023-06-08,0,612,39
"PIT6_7_UNIT 1",2023-08-19 01:00:00,2023-08-19 05:00:00,39,211495,2023-08-19 08:00:00,2023-08-19 12:00:00,0,0,39
"PIT6_7_UNIT 1",2023-10-01 22:00:00,2023-11-06 16:00:00,39,211495,2023-10-02 05:00:00,2023-12-31 23:00:00,0,79140,39
"PIT6_7_UNIT 1",2023-12-31 16:00:00,2024-01-06 12:02:00,39,211495,2024-01-01,2024-01-06 22:00:00,0,118,39
"PIT6_7_UNIT 1",2024-03-25,2024-03-25 05:05:00,39,211495,2024-03-25 07:00:00,2024-03-25 13:00:00,0,55,39
"PIT6_7_UNIT 1",2024-03-27 01:00:00,2024-03-27 08:41:00,39,211495,2024-03-27 08:00:00,2024-03-27 16:00:00,0,19,39
"PIT6_7_UNIT 1",2024-04-05,2024-04-05 05:19:00,39,211495,2024-04-05 07:00:00,2024-04-05 13:00:00,0,41,39
"PIT6_7_UNIT 1",2024-06-24 23:00:00,2024-06-25 01:00:00,39,211495,2024-06-25 06:00:00,2024-06-25 08:00:00,0,0,39
"PIT6_7_UNIT 1",2024-06-25 10:00:00,2024-06-25 10:46:00,39,211495,2024-06-25 17:00:00,2024-06-25 19:00:00,0,74,39
"PIT6_7_UNIT 1",2024-06-26,2024-06-26 01:00:00,39,211495,2024-06-26 07:00:00,2024-06-26 08:00:00,0,0,39
"PIT6_7_UNIT 1",2024-08-24,2024-08-24 07:12:00,39,211495,2024-08-24 07:00:00,2024-08-24 18:00:00,0,228,39
"PIT6_7_UNIT 1",2024-10-21 01:00:00,2024-10-21 09:06:00,39,211495,2024-10-21 08:00:00,2024-10-21 17:00:00,0,54,39
"PIT6_7_UNIT 1",2024-11-01 21:00:00,2024-11-02,39,211495,2024-11-02 04:00:00,2024-11-02 07:00:00,0,0,39
"PIT6_7_UNIT 1",2024-11-11 22:00:00,2024-11-12 09:06:00,39,211495,2024-11-12 06:00:00,2024-11-13,0,414,39
"PIT6_7_UNIT 2",2023-03-28 23:00:00,2023-03-29 08:44:00,40,137216,2023-03-29 06:00:00,2023-03-29 19:00:00,0,196,40
"PIT6_7_UNIT 2",2023-04-03,2023-04-03 01:00:00,40,137216,2023-04-03 07:00:00,2023-04-03 08:00:00,0,0,40
"PIT6_7_UNIT 2",2023-04-07 10:00:00,2023-04-07 11:00:00,40,137216,2023-04-07 17:00:00,2023-04-07 18:00:00,0,0,40
"PIT6_7_UNIT 2",2023-04-12 10:00:00,2023-04-12 11:00:00,40,137216,2023-04-12 17:00:00,2023-04-12 18:00:00,0,0,40
"PIT6_7_UNIT 2",2023-05-22,2023-05-23 11:57:00,40,137216,2023-05-22 07:00:00,2023-05-23 21:00:00,0,123,40
"PIT6_7_UNIT 2",2023-06-12,2023-06-14 06:57:00,40,137216,2023-06-12 07:00:00,2023-06-15,0,603,40
"PIT6_7_UNIT 2",2023-08-19 05:00:00,2023-08-19 06:07:00,40,137216,2023-08-19 12:00:00,2023-08-19 16:00:00,0,173,40
"PIT6_7_UNIT 2",2023-12-31 16:00:00,2024-01-12 15:05:00,40,137216,2024-01-01,2024-01-13 02:00:00,0,175,40
"PIT6_7_UNIT 2",2024-02-06 02:00:00,2024-02-06 05:00:00,40,137216,2024-02-06 10:00:00,2024-02-06 13:00:00,0,0,40
"PIT6_7_UNIT 2",2024-03-25 04:00:00,2024-03-25 10:00:00,40,137216,2024-03-25 11:00:00,2024-03-25 17:00:00,0,0,40
"PIT6_7_UNIT 2",2024-03-27 01:00:00,2024-03-27 08:41:00,40,137216,2024-03-27 08:00:00,2024-03-27 16:00:00,0,19,40
"PIT6_7_UNIT 2",2024-03-31 23:00:00,2024-04-05 05:04:00,40,137216,2024-04-01 06:00:00,2024-04-10 14:00:00,0,7316,40
"PIT6_7_UNIT 2",2024-04-19,2024-04-19 01:00:00,40,137216,2024-04-19 07:00:00,2024-04-19 08:00:00,0,0,40
"PIT6_7_UNIT 2",2024-06-24 23:00:00,2024-06-25 01:00:00,40,137216,2024-06-25 06:00:00,2024-06-25 08:00:00,0,0,40
"PIT6_7_UNIT 2",2024-06-25 10:00:00,2024-06-25 10:47:00,40,137216,2024-06-25 17:00:00,2024-06-25 19:00:00,0,73,40
"PIT6_7_UNIT 2",2024-06-26,2024-06-26 01:00:00,40,137216,2024-06-26 07:00:00,2024-06-26 08:00:00,0,0,40
"PIT6_7_UNIT 2",2024-09-20,2024-09-22 09:07:00,40,137216,2024-09-20 07:00:00,2024-09-22 18:00:00,0,113,40
"PIT6_7_UNIT 2",2024-10-22 01:00:00,2024-10-22 10:00:00,40,137216,2024-10-22 08:00:00,2024-10-22 17:00:00,0,0,40
"PIT6_7_UNIT 2",2024-11-01 21:00:00,2024-11-02,40,137216,2024-11-02 04:00:00,2024-11-02 07:00:00,0,0,40
"PIT6_7_UNIT 2",2024-12-16 22:00:00,2024-12-18 14:10:00,40,137216,2024-12-17 06:00:00,2024-12-19,0,110,40
"PIT7_7_UNIT 1",2023-01-24,2023-01-24 08:00:00,55.7,152595,2023-01-24 08:00:00,2023-01-24 16:00:00,0,0,55.7
"PIT7_7_UNIT 1",2023-08-05 01:00:00,2023-08-05 04:09:00,55.7,152595,2023-08-05 08:00:00,2023-08-05 12:00:00,0,51,55.7
"PIT7_7_UNIT 1",2023-11-13 22:00:00,2023-11-13 23:40:00,55.7,152595,2023-11-14 06:00:00,2023-11-14 08:00:00,0,20,55.7
"PIT7_7_UNIT 1",2023-11-15 09:00:00,2023-11-15 11:00:00,55.7,152595,2023-11-15 17:00:00,2023-11-15 19:00:00,0,0,55.7
"PIT7_7_UNIT 1",2024-03-03 23:00:00,2024-03-15 09:13:00,55.7,152595,2024-03-04 07:00:00,2024-03-15 20:00:00,0,227,55.7
"PIT7_7_UNIT 1",2024-04-05,2024-04-05 01:00:00,55.7,152595,2024-04-05 07:00:00,2024-04-05 08:00:00,0,0,55.7
"PIT7_7_UNIT 1",2024-04-10 01:00:00,2024-04-10 09:42:00,55.7,152595,2024-04-10 08:00:00,2024-04-10 17:00:00,0,18,55.7
"PIT7_7_UNIT 1",2024-04-19,2024-04-20 12:00:00,55.7,152595,2024-04-19 07:00:00,2024-04-20 19:00:00,0,0,55.7
"PIT7_7_UNIT 1",2024-06-24 23:00:00,2024-06-25 01:00:00,55.7,152595,2024-06-25 06:00:00,2024-06-25 08:00:00,0,0,55.7
"PIT7_7_UNIT 1",2024-06-25 10:00:00,2024-06-25 10:45:00,55.7,152595,2024-06-25 17:00:00,2024-06-25 19:00:00,0,75,55.7
"PIT7_7_UNIT 1",2024-11-01 21:00:00,2024-11-02,55.7,152595,2024-11-02 04:00:00,2024-11-02 07:00:00,0,0,55.7
"PLMSSR_6_HISIER",2024-07-09 22:00:00,2024-07-10 02:00:00,6,200351,2024-07-10 05:00:00,2024-07-10 09:00:00,0,0,6
"PLMSSR_6_HISIER",2024-12-19 21:00:00,2024-12-20 09:14:00,6,200351,2024-12-20 05:00:00,2024-12-20 20:00:00,0,166,6
"PLSNTG_7_LNCLND",2024-10-01,2024-10-01 08:00:00,4.98,905952,2024-10-01 07:00:00,2024-10-01 16:00:00,0,60,2
"PNCHPP_1_PL1X2",2023-03-07 01:00:00,2023-03-08 15:59:00,119.91,308877,2023-03-07 09:00:00,2023-03-09 06:00:00,0,361,75
"PNCHPP_1_PL1X2",2023-11-29,2023-11-29 04:00:00,119.91,308877,2023-11-29 08:00:00,2023-11-29 19:00:00,0,420,75
"PNCHVS_2_SOLAR",2023-04-24 01:00:00,2023-04-25 10:00:00,140,162314,2023-04-24 08:00:00,2023-04-26 09:00:00,0,960,131
"PNOCHE_1_UNITA1",2023-04-19 01:00:00,2023-04-19 03:45:00,52.3,166473,2023-04-19 08:00:00,2023-04-19 21:00:00,0,615,75
"PNOCHE_1_UNITA1",2023-10-17,2023-10-17 05:00:00,52.3,166473,2023-10-17 07:00:00,2023-10-17 23:00:00,0,660,75
"PNOCHE_1_UNITA1",2023-11-02,2023-11-02 09:50:00,52.3,166473,2023-11-02 07:00:00,2023-11-02 17:00:00,0,10,75
"PNOCHE_1_UNITA1",2024-03-05 23:00:00,2024-03-06 06:45:00,52.3,166473,2024-03-06 07:00:00,2024-03-09 06:00:00,0,3795,75
"POEPH_7_UNIT 1",2023-03-14 16:59:00,2023-03-14 18:47:00,68,277710,2023-03-15,2023-03-20 20:00:00,1,8293,61
"POEPH_7_UNIT 1",2023-12-12 15:59:00,2023-12-14 14:54:00,68,277710,2023-12-13,2024-02-20 09:00:00,1,97086,61
"POLRIS_2_ASESR1",2023-10-24 11:00:00,2023-10-25,56,133547,2023-10-24 18:00:00,2023-10-25 07:00:00,0,0,56
"POLRIS_2_ASESR1",2023-10-25 11:00:00,2023-10-26,56,133547,2023-10-25 18:00:00,2023-10-26 07:00:00,0,0,56
"POLRIS_2_ASESR1",2023-10-26 11:00:00,2023-10-27,56,133547,2023-10-26 18:00:00,2023-10-27 07:00:00,0,0,56
"POLRIS_2_ASESR1",2023-10-27 11:00:00,2023-10-28,56,133547,2023-10-27 18:00:00,2023-10-28 07:00:00,0,0,56
"POLRIS_2_ASESR1",2023-10-28 11:00:00,2023-10-29,56,133547,2023-10-28 18:00:00,2023-10-29 07:00:00,0,0,56
"POLRIS_2_ASESR1",2023-10-29 11:00:00,2023-10-29 23:00:00,56,133547,2023-10-29 18:00:00,2023-10-30 07:00:00,0,60,56
"POLRIS_2_ASESR1",2023-11-08 09:00:00,2023-11-08 22:00:00,56,133547,2023-11-08 17:00:00,2023-11-09 06:00:00,0,0,56
"POLRIS_2_ASESR1",2023-11-16 09:00:00,2023-11-16 22:00:00,56,133547,2023-11-16 17:00:00,2023-11-17 06:00:00,0,0,56
"POLRIS_2_ASESR1",2023-11-17 09:00:00,2023-11-17 22:00:00,56,133547,2023-11-17 17:00:00,2023-11-18 06:00:00,0,0,56
"POLRIS_2_ASESR1",2023-11-18 09:00:00,2023-11-18 22:00:00,56,133547,2023-11-18 17:00:00,2023-11-19 06:00:00,0,0,56
"POLRIS_2_ASESR1",2023-11-19 09:00:00,2023-11-19 22:00:00,56,133547,2023-11-19 17:00:00,2023-11-20 06:00:00,0,0,56
"POLRIS_2_ASESR1",2023-11-20 09:00:00,2023-11-20 22:00:00,56,133547,2023-11-20 17:00:00,2023-11-21 06:00:00,0,0,56
"POLRIS_2_ASESR1",2023-11-26 09:00:00,2023-11-26 16:00:00,56,133547,2023-11-26 17:00:00,2023-11-27 06:00:00,0,360,56
"POLRIS_2_ASESR1",2023-12-04 09:00:00,2023-12-04 22:00:00,56,133547,2023-12-04 17:00:00,2023-12-05 06:00:00,0,0,56
"POLRIS_2_ASESR1",2023-12-05 09:00:00,2023-12-05 22:00:00,56,133547,2023-12-05 17:00:00,2023-12-06 06:00:00,0,0,56
"POLRIS_2_ASESR1",2023-12-06 09:00:00,2023-12-06 22:00:00,56,133547,2023-12-06 17:00:00,2023-12-07 06:00:00,0,0,56
"POLRIS_2_ASESR1",2023-12-07 09:00:00,2023-12-07 22:00:00,56,133547,2023-12-07 17:00:00,2023-12-08 06:00:00,0,0,56
"POLRIS_2_ASESR1",2023-12-08 09:00:00,2023-12-08 22:00:00,56,133547,2023-12-08 17:00:00,2023-12-09 06:00:00,0,0,56
"POLRIS_2_ASESR1",2023-12-09 09:00:00,2023-12-09 22:00:00,56,133547,2023-12-09 17:00:00,2023-12-10 06:00:00,0,0,56
"POLRIS_2_ASESR1",2023-12-10 09:00:00,2023-12-10 22:00:00,56,133547,2023-12-10 17:00:00,2023-12-11 06:00:00,0,0,56
"POLRIS_2_ASESR1",2023-12-11 09:00:00,2023-12-11 22:00:00,56,133547,2023-12-11 17:00:00,2023-12-12 06:00:00,0,0,56
"POLRIS_2_ASESR1",2023-12-12 09:00:00,2023-12-12 22:00:00,56,133547,2023-12-12 17:00:00,2023-12-13 06:00:00,0,0,56
"POLRIS_2_ASESR1",2023-12-13 09:00:00,2023-12-13 22:00:00,56,133547,2023-12-13 17:00:00,2023-12-14 06:00:00,0,0,56
"POLRIS_2_ASESR1",2023-12-14 09:00:00,2023-12-14 22:00:00,56,133547,2023-12-14 17:00:00,2023-12-15 06:00:00,0,0,56
"POLRIS_2_ASESR1",2023-12-15 09:00:00,2023-12-15 22:00:00,56,133547,2023-12-15 17:00:00,2023-12-16 06:00:00,0,0,56
"POLRIS_2_ASESR1",2023-12-16 09:00:00,2023-12-16 22:00:00,56,133547,2023-12-16 17:00:00,2023-12-17 07:00:00,0,60,56
"POLRIS_2_ASESR1",2023-12-17 09:00:00,2023-12-17 22:00:00,56,133547,2023-12-17 17:00:00,2023-12-18 07:00:00,0,60,56
"POLRIS_2_ASESR1",2023-12-18 09:00:00,2023-12-18 22:00:00,56,133547,2023-12-18 17:00:00,2023-12-19 07:00:00,0,60,56
"POLRIS_2_ASESR1",2023-12-19 09:00:00,2023-12-19 22:00:00,56,133547,2023-12-19 17:00:00,2023-12-20 07:00:00,0,60,56
"POLRIS_2_ASESR1",2023-12-20 09:00:00,2023-12-20 22:00:00,56,133547,2023-12-20 17:00:00,2023-12-21 07:00:00,0,60,56
"POLRIS_2_ASESR1",2023-12-21 09:00:00,2023-12-21 22:00:00,56,133547,2023-12-21 17:00:00,2023-12-22 07:00:00,0,60,56
"POLRIS_2_ASESR1",2023-12-22 09:00:00,2023-12-22 22:00:00,56,133547,2023-12-22 17:00:00,2023-12-23 07:00:00,0,60,56
"POLRIS_2_ASESR1",2023-12-23 09:00:00,2023-12-23 22:00:00,56,133547,2023-12-23 17:00:00,2023-12-24 07:00:00,0,60,56
"POLRIS_2_ASESR1",2023-12-24 09:00:00,2023-12-24 16:00:00,56,133547,2023-12-24 17:00:00,2023-12-25 07:00:00,0,420,56
"POLRIS_2_ASESR1",2024-03-22 13:01:00,2024-03-22 22:59:00,56,133547,2024-03-22 20:00:00,2024-03-23 07:00:00,-1,61,56
"POLRIS_2_ASESR1",2024-03-23 13:01:00,2024-03-23 22:59:00,56,133547,2024-03-23 20:00:00,2024-03-24 07:00:00,-1,61,56
"POLRIS_2_ASESR1",2024-03-24 13:01:00,2024-03-24 22:59:00,56,133547,2024-03-24 20:00:00,2024-03-25 07:00:00,-1,61,56
"POLRIS_2_ASESR1",2024-03-25 13:01:00,2024-03-25 22:59:00,56,133547,2024-03-25 20:00:00,2024-03-26 06:00:00,-1,1,56
"POLRIS_2_ASESR1",2024-03-26 13:01:00,2024-03-26 22:59:00,56,133547,2024-03-26 20:00:00,2024-03-27 06:00:00,-1,1,56
"POLRIS_2_ASESR1",2024-03-27 13:01:00,2024-03-27 14:29:00,56,133547,2024-03-27 20:00:00,2024-03-28 06:00:00,-1,511,56
"POLRIS_2_ASESR1",2024-09-24 12:00:00,2024-09-24 18:37:00,56,133547,2024-09-24 19:00:00,2024-09-25 06:00:00,0,263,56
"POLRIS_2_ASRSR1",2023-10-09 11:00:00,2023-10-09 23:00:00,125,277359,2023-10-09 18:00:00,2023-10-10 07:00:00,0,60,125
"POLRIS_2_ASRSR1",2023-10-10 11:00:00,2023-10-10 23:00:00,125,277359,2023-10-10 18:00:00,2023-10-11 07:00:00,0,60,125
"POLRIS_2_ASRSR1",2023-10-16 11:00:00,2023-10-16 23:00:00,125,277359,2023-10-16 18:00:00,2023-10-17 07:00:00,0,60,125
"POLRIS_2_ASRSR1",2023-10-17 11:00:00,2023-10-17 23:00:00,125,277359,2023-10-17 18:00:00,2023-10-18 07:00:00,0,60,125
"POLRIS_2_ASRSR1",2023-10-27 10:00:00,2023-10-27 23:00:00,125,277359,2023-10-27 17:00:00,2023-10-28 08:00:00,0,120,125
"POLRIS_2_ASRSR1",2023-10-28 10:00:00,2023-10-28 23:00:00,125,277359,2023-10-28 17:00:00,2023-10-29 08:00:00,0,120,125
"POLRIS_2_ASRSR1",2023-10-29 10:00:00,2023-10-29 23:00:00,125,277359,2023-10-29 17:00:00,2023-10-30 08:00:00,0,120,125
"POLRIS_2_ASRSR1",2023-10-30 10:00:00,2023-10-30 23:00:00,125,277359,2023-10-30 17:00:00,2023-10-31 07:00:00,0,60,125
"POLRIS_2_ASRSR1",2023-10-31 10:00:00,2023-10-31 16:59:00,125,277359,2023-10-31 17:00:00,2023-11-01 07:00:00,0,421,125
"POLRIS_2_ASRSR1",2023-11-01 10:00:00,2023-11-01 23:00:00,125,277359,2023-11-01 17:00:00,2023-11-02 07:00:00,0,60,125
"POLRIS_2_ASRSR1",2023-11-02 10:00:00,2023-11-02 23:00:00,125,277359,2023-11-02 17:00:00,2023-11-03 07:00:00,0,60,125
"POLRIS_2_ASRSR1",2023-11-03 10:00:00,2023-11-03 23:00:00,125,277359,2023-11-03 17:00:00,2023-11-04 07:00:00,0,60,125
"POLRIS_2_ASRSR1",2023-11-04 10:00:00,2023-11-04 23:00:00,125,277359,2023-11-04 17:00:00,2023-11-06 07:00:00,0,1500,125
"POLRIS_2_ASRSR1",2023-11-06 09:00:00,2023-11-06 22:00:00,125,277359,2023-11-06 17:00:00,2023-11-07 07:00:00,0,60,125
"POLRIS_2_ASRSR1",2023-11-07 09:00:00,2023-11-07 23:00:00,125,277359,2023-11-07 17:00:00,2023-11-08 07:00:00,0,0,125
"POLRIS_2_ASRSR1",2023-11-08 09:00:00,2023-11-08 22:00:00,125,277359,2023-11-08 17:00:00,2023-11-09 07:00:00,0,60,125
"POLRIS_2_ASRSR1",2023-11-09 09:00:00,2023-11-09 22:00:00,125,277359,2023-11-09 17:00:00,2023-11-10 07:00:00,0,60,125
"POLRIS_2_ASRSR1",2023-11-11 09:00:00,2023-11-11 22:00:00,125,277359,2023-11-11 17:00:00,2023-11-12 07:00:00,0,60,125
"POLRIS_2_ASRSR1",2023-11-12 09:00:00,2023-11-12 22:00:00,125,277359,2023-11-12 17:00:00,2023-11-13 07:00:00,0,60,125
"POLRIS_2_ASRSR1",2023-11-27 09:00:00,2023-11-27 22:00:00,125,277359,2023-11-27 17:00:00,2023-11-28 07:00:00,0,60,125
"POLRIS_2_ASRSR1",2023-11-28 09:00:00,2023-11-28 22:00:00,125,277359,2023-11-28 17:00:00,2023-11-29 07:00:00,0,60,125
"POLRIS_2_ASRSR1",2023-11-29 09:00:00,2023-11-29 22:00:00,125,277359,2023-11-29 17:00:00,2023-11-30 07:00:00,0,60,125
"POLRIS_2_ASRSR1",2023-11-30 09:00:00,2023-11-30 22:00:00,125,277359,2023-11-30 17:00:00,2023-12-01 07:00:00,0,60,125
"POLRIS_2_ASRSR1",2023-12-01 09:00:00,2023-12-01 22:00:00,125,277359,2023-12-01 17:00:00,2023-12-02 07:00:00,0,60,125
"POLRIS_2_ASRSR1",2023-12-02 09:00:00,2023-12-02 22:00:00,125,277359,2023-12-02 17:00:00,2023-12-03 07:00:00,0,60,125
"POLRIS_2_ASRSR1",2023-12-03 09:00:00,2023-12-03 22:00:00,125,277359,2023-12-03 17:00:00,2023-12-04 07:00:00,0,60,125
"POLRIS_2_ASRSR1",2023-12-04 09:00:00,2023-12-04 22:00:00,125,277359,2023-12-04 17:00:00,2023-12-05 07:00:00,0,60,125
"POLRIS_2_ASRSR1",2023-12-05 09:00:00,2023-12-05 22:00:00,125,277359,2023-12-05 17:00:00,2023-12-06 07:00:00,0,60,125
"POLRIS_2_ASRSR1",2023-12-06 09:00:00,2023-12-06 22:00:00,125,277359,2023-12-06 17:00:00,2023-12-07 07:00:00,0,60,125
"POLRIS_2_ASRSR1",2023-12-07 09:00:00,2023-12-07 22:00:00,125,277359,2023-12-07 17:00:00,2023-12-08 07:00:00,0,60,125
"POLRIS_2_ASRSR1",2023-12-08 09:00:00,2023-12-08 22:00:00,125,277359,2023-12-08 17:00:00,2023-12-09 08:00:00,0,120,125
"POLRIS_2_ASRSR1",2023-12-09 09:00:00,2023-12-09 22:00:00,125,277359,2023-12-09 17:00:00,2023-12-10 08:00:00,0,120,125
"POLRIS_2_ASRSR1",2023-12-10 09:00:00,2023-12-10 22:00:00,125,277359,2023-12-10 17:00:00,2023-12-11 08:00:00,0,120,125
"POLRIS_2_ASRSR1",2023-12-11 09:00:00,2023-12-11 22:00:00,125,277359,2023-12-11 17:00:00,2023-12-12 08:00:00,0,120,125
"POLRIS_2_ASRSR1",2023-12-12 09:00:00,2023-12-12 22:00:00,125,277359,2023-12-12 17:00:00,2023-12-13 08:00:00,0,120,125
"POLRIS_2_ASRSR1",2023-12-13 09:00:00,2023-12-13 22:00:00,125,277359,2023-12-13 17:00:00,2023-12-14 08:00:00,0,120,125
"POLRIS_2_ASRSR1",2023-12-14 09:00:00,2023-12-14 22:00:00,125,277359,2023-12-14 17:00:00,2023-12-15 08:00:00,0,120,125
"POLRIS_2_ASRSR1",2023-12-15 09:00:00,2023-12-15 22:00:00,125,277359,2023-12-15 17:00:00,2023-12-16 08:00:00,0,120,125
"POLRIS_2_ASRSR1",2023-12-16 09:00:00,2023-12-16 22:00:00,125,277359,2023-12-16 17:00:00,2023-12-17 08:00:00,0,120,125
"POLRIS_2_ASRSR1",2023-12-17 09:00:00,2023-12-17 22:00:00,125,277359,2023-12-17 17:00:00,2023-12-18 08:00:00,0,120,125
"POLRIS_2_ASRSR1",2023-12-18 09:00:00,2023-12-18 22:00:00,125,277359,2023-12-18 17:00:00,2023-12-19 07:00:00,0,60,125
"POLRIS_2_ASRSR1",2023-12-19 09:00:00,2023-12-19 22:00:00,125,277359,2023-12-19 17:00:00,2023-12-20 07:00:00,0,60,125
"POLRIS_2_ASRSR1",2023-12-20 09:00:00,2023-12-20 22:00:00,125,277359,2023-12-20 17:00:00,2023-12-21 07:00:00,0,60,125
"POLRIS_2_ASRSR1",2023-12-21 09:00:00,2023-12-21 22:00:00,125,277359,2023-12-21 17:00:00,2023-12-22 07:00:00,0,60,125
"POLRIS_2_ASRSR1",2023-12-22 09:00:00,2023-12-22 22:00:00,125,277359,2023-12-22 17:00:00,2023-12-23 07:00:00,0,60,125
"POLRIS_2_ASRSR1",2023-12-23 09:00:00,2023-12-23 22:00:00,125,277359,2023-12-23 17:00:00,2023-12-24 07:00:00,0,60,125
"POLRIS_2_ASRSR1",2023-12-24 09:00:00,2023-12-24 22:00:00,125,277359,2023-12-24 17:00:00,2023-12-25 07:00:00,0,60,125
"POLRIS_2_ASRSR1",2023-12-25 09:00:00,2023-12-25 22:00:00,125,277359,2023-12-25 17:00:00,2023-12-26 07:00:00,0,60,125
"POLRIS_2_ASRSR1",2023-12-26 09:00:00,2023-12-26 22:00:00,125,277359,2023-12-26 17:00:00,2023-12-27 07:00:00,0,60,125
"POLRIS_2_ASRSR1",2023-12-27 09:00:00,2023-12-27 22:00:00,125,277359,2023-12-27 17:00:00,2023-12-28 07:00:00,0,60,125
"POLRIS_2_ASRSR1",2023-12-28 09:00:00,2023-12-28 22:00:00,125,277359,2023-12-28 17:00:00,2023-12-29 07:00:00,0,60,125
"POLRIS_2_ASRSR1",2023-12-29 09:00:00,2023-12-29 22:00:00,125,277359,2023-12-29 17:00:00,2023-12-30 07:00:00,0,60,125
"POLRIS_2_ASRSR1",2023-12-30 09:00:00,2023-12-30 22:00:00,125,277359,2023-12-30 17:00:00,2023-12-31 07:00:00,0,60,125
"POLRIS_2_ASRSR1",2023-12-31 09:00:00,2023-12-31 23:00:00,125,277359,2023-12-31 17:00:00,2024-01-01 07:00:00,0,0,125
"POLRIS_2_ASRSR1",2024-01-01 09:00:00,2024-01-01 23:00:00,125,277359,2024-01-01 17:00:00,2024-01-02 07:00:00,0,0,125
"POLRIS_2_ASRSR1",2024-01-02 09:00:00,2024-01-02 23:00:00,125,277359,2024-01-02 17:00:00,2024-01-03 07:00:00,0,0,125
"POLRIS_2_ASRSR1",2024-01-03 09:00:00,2024-01-03 23:00:00,125,277359,2024-01-03 17:00:00,2024-01-04 07:00:00,0,0,125
"POLRIS_2_ASRSR1",2024-01-04 09:00:00,2024-01-04 23:00:00,125,277359,2024-01-04 17:00:00,2024-01-05 07:00:00,0,0,125
"POLRIS_2_ASRSR1",2024-01-05 09:00:00,2024-01-05 23:00:00,125,277359,2024-01-05 17:00:00,2024-01-06 07:00:00,0,0,125
"POLRIS_2_ASRSR1",2024-01-06 09:00:00,2024-01-06 23:00:00,125,277359,2024-01-06 17:00:00,2024-01-07 07:00:00,0,0,125
"POLRIS_2_ASRSR1",2024-01-07 09:00:00,2024-01-07 23:00:00,125,277359,2024-01-07 17:00:00,2024-01-08 07:00:00,0,0,125
"POLRIS_2_ASRSR1",2024-01-08 09:00:00,2024-01-08 23:00:00,125,277359,2024-01-08 17:00:00,2024-01-09 07:00:00,0,0,125
"POLRIS_2_ASRSR1",2024-01-09 09:00:00,2024-01-09 23:00:00,125,277359,2024-01-09 17:00:00,2024-01-10 07:00:00,0,0,125
"POLRIS_2_ASRSR1",2024-01-10 09:00:00,2024-01-10 23:00:00,125,277359,2024-01-10 17:00:00,2024-01-11 07:00:00,0,0,125
"POLRIS_2_ASRSR1",2024-01-11 09:00:00,2024-01-11 23:00:00,125,277359,2024-01-11 17:00:00,2024-01-12 07:00:00,0,0,125
"POLRIS_2_ASRSR1",2024-01-12 09:00:00,2024-01-12 23:00:00,125,277359,2024-01-12 17:00:00,2024-01-13 07:00:00,0,0,125
"POLRIS_2_ASRSR1",2024-01-13 09:00:00,2024-01-13 23:00:00,125,277359,2024-01-13 17:00:00,2024-01-14 07:00:00,0,0,125
"POLRIS_2_ASRSR1",2024-01-14 09:00:00,2024-01-14 23:00:00,125,277359,2024-01-14 17:00:00,2024-01-15 07:00:00,0,0,125
"POLRIS_2_ASRSR1",2024-01-15 09:00:00,2024-01-15 23:00:00,125,277359,2024-01-15 17:00:00,2024-01-16 07:00:00,0,0,125
"POLRIS_2_ASRSR1",2024-01-16 09:00:00,2024-01-16 23:00:00,125,277359,2024-01-16 17:00:00,2024-01-17 07:00:00,0,0,125
"POLRIS_2_ASRSR1",2024-01-17 09:00:00,2024-01-17 23:00:00,125,277359,2024-01-17 17:00:00,2024-01-18 07:00:00,0,0,125
"POLRIS_2_ASRSR1",2024-01-18 09:00:00,2024-01-18 23:00:00,125,277359,2024-01-18 17:00:00,2024-01-19 07:00:00,0,0,125
"POLRIS_2_ASRSR1",2024-02-01 10:00:00,2024-02-01 23:00:00,125,277359,2024-02-01 18:00:00,2024-02-02 07:00:00,0,0,125
"POLRIS_2_ASRSR1",2024-02-02 10:00:00,2024-02-02 23:00:00,125,277359,2024-02-02 18:00:00,2024-02-03 07:00:00,0,0,125
"POLRIS_2_ASRSR1",2024-02-03 10:00:00,2024-02-03 23:00:00,125,277359,2024-02-03 18:00:00,2024-02-04 07:00:00,0,0,125
"POLRIS_2_ASRSR1",2024-02-04 10:00:00,2024-02-04 23:00:00,125,277359,2024-02-04 18:00:00,2024-02-05 07:00:00,0,0,125
"POLRIS_2_ASRSR1",2024-02-05 10:00:00,2024-02-05 23:00:00,125,277359,2024-02-05 18:00:00,2024-02-06 07:00:00,0,0,125
"POLRIS_2_ASRSR1",2024-02-06 10:00:00,2024-02-06 23:00:00,125,277359,2024-02-06 18:00:00,2024-02-07 07:00:00,0,0,125
"POLRIS_2_ASRSR1",2024-02-07 10:00:00,2024-02-07 23:00:00,125,277359,2024-02-07 18:00:00,2024-02-08 07:00:00,0,0,125
"POLRIS_2_ASRSR1",2024-02-08 10:00:00,2024-02-08 23:00:00,125,277359,2024-02-08 18:00:00,2024-02-09 07:00:00,0,0,125
"POLRIS_2_ASRSR1",2024-02-24 10:00:00,2024-02-24 23:00:00,125,277359,2024-02-24 18:00:00,2024-02-25 07:00:00,0,0,125
"POLRIS_2_ASRSR1",2024-02-25 10:00:00,2024-02-25 23:00:00,125,277359,2024-02-25 18:00:00,2024-02-26 07:00:00,0,0,125
"POTTER_7_VECINO",2024-12-06 13:00:00,2024-12-06 20:45:00,1.25,672940,2024-12-06 21:00:00,2024-12-07 07:00:00,0,135,1.27
"PRCTVY_1_MIGBT1",2024-01-17 02:55:00,2024-01-17 06:20:00,2,439330,2024-01-17 11:00:00,2024-01-17 16:00:00,5,100,2
"PROXSR_2_PS1BT2",2024-05-22 15:00:00,2024-05-22 20:47:00,32,959874,2024-05-22 22:00:00,2024-05-23 06:00:00,0,133,30
"PROXSR_2_PS1BT2",2024-08-14 15:00:00,2024-08-14 18:38:00,32,959874,2024-08-14 22:00:00,2024-08-15 06:00:00,0,262,30
"PROXSR_2_PS1BT2",2024-09-17 15:00:00,2024-09-17 17:46:00,32,959874,2024-09-17 22:00:00,2024-09-18 06:00:00,0,314,30
"PROXSR_2_PS2BT3",2024-05-15 22:00:00,2024-05-15 23:00:00,90,428559,2024-05-16 05:00:00,2024-05-16 06:00:00,0,0,90
"PROXSR_2_PS2BT3",2024-05-22 03:00:00,2024-05-22 03:30:00,90,428559,2024-05-22 10:00:00,2024-05-22 22:00:00,0,690,90
"PUTHCR_1_SOLAR1",2023-01-31,2023-02-03 09:00:00,1.98,294276,2023-01-31 08:00:00,2023-02-07 06:00:00,0,5100,50
"RCKCRK_7_UNIT 1",2023-06-12,2023-06-12 09:11:00,57,563888,2023-06-12 07:00:00,2023-06-15 04:00:00,0,3589,60
"RCKCRK_7_UNIT 2",2023-02-06 23:00:00,2023-02-07 09:55:00,56.9,212542,2023-02-07 07:00:00,2023-02-07 19:00:00,0,65,42.8
"RCKCRK_7_UNIT 2",2023-02-25 21:00:00,2023-02-26 06:30:00,56.9,212542,2023-02-26 05:00:00,2023-02-26 16:00:00,0,90,42.8
"RCKCRK_7_UNIT 2",2023-04-09 16:00:00,2023-05-28 13:55:00,56.9,212542,2023-04-09 23:00:00,2023-05-29,0,185,42.8
"RCKCRK_7_UNIT 2",2024-01-15 16:00:00,2024-01-15 21:00:00,56.9,212542,2024-01-16,2024-01-16 05:00:00,0,0,42.8
"RCKCRK_7_UNIT 2",2024-01-16 16:00:00,2024-01-16 21:00:00,56.9,212542,2024-01-17,2024-01-17 05:00:00,0,0,42.8
"RCKCRK_7_UNIT 2",2024-06-25 20:00:00,2024-06-25 22:00:00,56.9,212542,2024-06-26 03:00:00,2024-06-26 05:00:00,0,0,42.8
"RCKCRK_7_UNIT 2",2024-06-26 03:00:00,2024-06-26 06:00:00,56.9,212542,2024-06-26 10:00:00,2024-06-26 13:00:00,0,0,42.8
"RCKCRK_7_UNIT 2",2024-07-08 03:00:00,2024-07-08 06:00:00,56.9,212542,2024-07-08 10:00:00,2024-07-08 13:00:00,0,0,42.8
"RCKCRK_7_UNIT 2",2024-07-08 20:00:00,2024-07-08 22:00:00,56.9,212542,2024-07-09 03:00:00,2024-07-09 05:00:00,0,0,42.8
"RCKCRK_7_UNIT 2",2024-07-12 13:00:00,2024-07-12 14:00:00,56.9,212542,2024-07-12 20:00:00,2024-07-12 21:00:00,0,0,42.8
"RCKCRK_7_UNIT 2",2024-07-21 23:00:00,2024-07-22 06:49:00,56.9,212542,2024-07-22 06:00:00,2024-07-22 16:00:00,0,131,42.8
"RCKCRK_7_UNIT 2",2024-08-07 09:00:00,2024-08-07 12:00:00,56.9,212542,2024-08-07 16:00:00,2024-08-07 19:00:00,0,0,42.8
"RCKCRK_7_UNIT 2",2024-08-28 17:00:00,2024-08-29 09:00:00,56.9,212542,2024-08-29,2024-08-29 16:00:00,0,0,42.8
"RCKCRK_7_UNIT 2",2024-08-31,2024-08-31 09:00:00,56.9,212542,2024-08-31 07:00:00,2024-08-31 16:00:00,0,0,42.8
"RCKCRK_7_UNIT 2",2024-09-01,2024-09-01 10:00:00,56.9,212542,2024-09-01 07:00:00,2024-09-01 17:00:00,0,0,42.8
"RCKCRK_7_UNIT 2",2024-09-02 16:00:00,2024-09-03 10:00:00,56.9,212542,2024-09-02 23:00:00,2024-09-03 17:00:00,0,0,42.8
"RCKCRK_7_UNIT 2",2024-09-03 16:00:00,2024-09-04 09:00:00,56.9,212542,2024-09-03 23:00:00,2024-09-04 16:00:00,0,0,42.8
"RCKCRK_7_UNIT 2",2024-09-04 16:00:00,2024-09-05 08:00:00,56.9,212542,2024-09-04 23:00:00,2024-09-05 15:00:00,0,0,42.8
"RCKCRK_7_UNIT 2",2024-09-05 17:00:00,2024-09-06 08:00:00,56.9,212542,2024-09-06,2024-09-06 15:00:00,0,0,42.8
"RCKCRK_7_UNIT 2",2024-09-06 18:00:00,2024-09-07 09:00:00,56.9,212542,2024-09-07 01:00:00,2024-09-07 16:00:00,0,0,42.8
"RCKCRK_7_UNIT 2",2024-09-07 21:00:00,2024-09-08 10:00:00,56.9,212542,2024-09-08 04:00:00,2024-09-08 17:00:00,0,0,42.8
"RCKCRK_7_UNIT 2",2024-09-08 16:00:00,2024-09-09 04:00:00,56.9,212542,2024-09-08 23:00:00,2024-09-09 16:00:00,0,300,42.8
"RCKCRK_7_UNIT 2",2024-09-12 17:00:00,2024-09-13 10:00:00,56.9,212542,2024-09-13,2024-09-13 17:00:00,0,0,42.8
"RCKCRK_7_UNIT 2",2024-09-14,2024-09-14 10:00:00,56.9,212542,2024-09-14 07:00:00,2024-09-14 17:00:00,0,0,42.8
"RCKCRK_7_UNIT 2",2024-09-14 17:00:00,2024-09-15 10:00:00,56.9,212542,2024-09-15,2024-09-15 17:00:00,0,0,42.8
"RCKCRK_7_UNIT 2",2024-09-19 01:00:00,2024-09-19 09:00:00,56.9,212542,2024-09-19 08:00:00,2024-09-19 16:00:00,0,0,42.8
"RCKCRK_7_UNIT 2",2024-09-20 02:00:00,2024-09-20 09:00:00,56.9,212542,2024-09-20 09:00:00,2024-09-20 16:00:00,0,0,42.8
"RCKCRK_7_UNIT 2",2024-09-20 17:00:00,2024-09-22 10:00:00,56.9,212542,2024-09-21,2024-09-22 17:00:00,0,0,42.8
"RCKCRK_7_UNIT 2",2024-09-22 17:00:00,2024-09-23 09:00:00,56.9,212542,2024-09-23,2024-09-23 16:00:00,0,0,42.8
"RCKCRK_7_UNIT 2",2024-09-24 17:00:00,2024-09-25 10:00:00,56.9,212542,2024-09-25,2024-09-25 17:00:00,0,0,42.8
"RCKCRK_7_UNIT 2",2024-09-25 15:00:00,2024-09-26 10:00:00,56.9,212542,2024-09-25 22:00:00,2024-09-26 17:00:00,0,0,42.8
"RCKCRK_7_UNIT 2",2024-09-27 17:00:00,2024-09-29 08:00:00,56.9,212542,2024-09-28,2024-09-29 15:00:00,0,0,42.8
"RCKCRK_7_UNIT 2",2024-09-29 17:00:00,2024-09-30 09:00:00,56.9,212542,2024-09-30,2024-09-30 16:00:00,0,0,42.8
"RCKCRK_7_UNIT 2",2024-10-21,2024-11-20 06:09:00,56.9,212542,2024-10-21 07:00:00,2024-11-21 06:00:00,0,951,42.8
"RCKCRK_7_UNIT 2",2024-12-04 15:00:00,2024-12-05,56.9,212542,2024-12-04 23:00:00,2024-12-05 08:00:00,0,0,42.8
"RCKCRK_7_UNIT 2",2024-12-06 19:00:00,2024-12-07 02:00:00,56.9,212542,2024-12-07 03:00:00,2024-12-07 10:00:00,0,0,42.8
"RCKCRK_7_UNIT 2",2024-12-19 16:00:00,2024-12-20 21:00:00,56.9,212542,2024-12-20,2024-12-21 05:00:00,0,0,42.8
"RECTOR_2_KAWH 1",2024-09-30 17:00:00,2024-10-31 16:59:00,2.25,904345,2024-10-01,2024-11-01,0,1,3
"RECTOR_2_TFDBM1",2024-07-23 15:00:00,2024-07-24 05:00:00,0.8,211635,2024-07-23 22:00:00,2024-07-24 17:00:00,0,300,0.91
"RECTOR_2_TFDBM1",2024-07-24 15:00:00,2024-07-24 18:00:00,0.8,211635,2024-07-24 22:00:00,2024-07-25 17:00:00,0,960,0.91
"RECTOR_2_TFDBM1",2024-10-22 14:00:00,2024-10-23 02:30:00,0.8,211635,2024-10-22 21:00:00,2024-10-23 16:00:00,0,390,0.91
"RECTOR_2_TFDBM1",2024-10-31 14:00:00,2024-11-01 08:00:00,0.8,211635,2024-10-31 21:00:00,2024-11-01 16:00:00,0,60,0.91
"RECTOR_2_TFDBM1",2024-11-01 14:00:00,2024-11-02 08:00:00,0.8,211635,2024-11-01 21:00:00,2024-11-02 19:00:00,0,240,0.91
"RECTOR_2_TFDBM1",2024-11-02 14:00:00,2024-11-04 05:30:00,0.8,211635,2024-11-02 21:00:00,2024-11-04 16:00:00,0,150,0.91
"REDOND_7_UNIT 5",2023-01-30 08:57:00,2023-01-30 15:59:00,178.87,127137,2023-01-30 17:00:00,2023-01-31 06:00:00,3,361,166
"REDOND_7_UNIT 6",2023-08-18 16:59:00,2023-08-19 04:42:00,174.29,765103,2023-08-19,2023-08-23,1,5058,175
"REDOND_7_UNIT 8",2023-06-06 13:00:00,2023-06-07 00:57:00,480,117971,2023-06-06 20:00:00,2023-06-09 14:00:00,0,3243,508
"REEDLY_6_SOLAR",2023-02-02 23:00:00,2023-02-03 10:00:00,1.23,524908,2023-02-03 07:00:00,2023-02-07 21:00:00,0,5940,500
"RENWD_1_QF",2024-10-07 02:00:00,2024-10-08 13:29:00,10,189796,2024-10-07 09:00:00,2024-10-23 16:00:00,0,21331,5.9
"REXFRD_2_RSFBX2",2024-09-09 13:00:00,2024-09-09 23:00:00,240,334381,2024-09-09 20:00:00,2024-09-10 06:00:00,0,0,150
"REXFRD_2_RSFBX2",2024-09-10 13:00:00,2024-09-10 23:00:00,240,334381,2024-09-10 20:00:00,2024-09-11 06:00:00,0,0,150
"REXFRD_2_RSFBX2",2024-09-30 12:00:00,2024-09-30 23:00:00,240,334381,2024-09-30 19:00:00,2024-10-01 07:00:00,0,60,150
"REXFRD_2_RSFBX2",2024-10-01 12:00:00,2024-10-01 23:00:00,240,334381,2024-10-01 19:00:00,2024-10-02 07:00:00,0,60,150
"REXFRD_2_RSFBX2",2024-10-02 12:00:00,2024-10-02 16:59:00,240,334381,2024-10-02 19:00:00,2024-10-03 07:00:00,0,421,150
"RICHMN_1_CHVSR2",2023-06-12 13:00:00,2023-06-12 16:24:00,8.5,279660,2023-06-12 20:00:00,2023-06-13 06:00:00,0,396,9.5
"RICHMN_1_CHVSR2",2024-04-05 13:01:00,2024-04-05 14:29:00,8.5,279660,2024-04-05 20:00:00,2024-04-06 06:00:00,-1,511,9.5
"RICHMN_1_SOLAR",2023-06-13 13:00:00,2023-06-13 15:00:00,2,175717,2023-06-13 20:00:00,2023-06-14 06:00:00,0,480,1.63
"RICHMN_1_SOLAR",2024-04-11 12:56:00,2024-04-11 14:45:00,2,175717,2024-04-11 20:00:00,2024-04-12 06:00:00,4,495,1.63
"RICHMN_7_BAYENV",2023-12-31 16:00:00,2024-12-31 15:59:00,2.5,800488,2024-01-01,NA,0,NA,3.43
"RIOBRV_6_UNIT 1",2023-12-07 23:00:00,2023-12-08 07:00:00,14,589439,2023-12-08 07:00:00,2023-12-08 16:00:00,0,60,13
"RNDSBG_1_HZASR1",2024-03-29 02:00:00,2024-03-29 02:18:00,2.99,814548,2024-03-29 09:00:00,2024-03-29 17:00:00,0,462,10.5
"ROLLIN_6_UNIT",2024-01-24 01:04:00,2024-01-24 03:30:00,13.5,135881,2024-01-24 09:00:00,2024-01-24 15:00:00,-4,210,18
"ROLLIN_6_UNIT",2024-02-20,2024-02-20 01:10:00,13.5,135881,2024-02-20 08:00:00,2024-02-20 16:00:00,0,410,18
"ROSMND_6_SOLAR",2024-06-26 12:00:00,2024-06-27 14:00:00,3,915498,2024-06-26 19:00:00,2024-06-28,0,180,74
"RTEDDY_2_RWSBT3",2024-02-21 13:00:00,2024-02-21 15:59:00,45,915712,2024-02-21 21:00:00,2024-02-22 07:00:00,0,421,50
"RTEDDY_2_RWSBT3",2024-02-24 13:00:00,2024-02-24 15:59:00,45,915712,2024-02-24 21:00:00,2024-02-25 07:00:00,0,421,50
"RTEDDY_2_RWSBT3",2024-03-19 16:00:00,2024-03-20,45,915712,2024-03-19 23:00:00,2024-03-20 07:00:00,0,0,50
"RTEDDY_2_RWSBT3",2024-03-26 16:00:00,2024-03-26 23:00:00,45,915712,2024-03-26 23:00:00,2024-03-27 07:00:00,0,60,50
"RTEDDY_2_RWSBT3",2024-03-28 16:00:00,2024-03-28 16:59:00,45,915712,2024-03-28 23:00:00,2024-03-29 07:00:00,0,421,50
"RTEDDY_2_RWSBT3",2024-03-29 16:00:00,2024-03-29 23:00:00,45,915712,2024-03-29 23:00:00,2024-03-30 16:00:00,0,600,50
"RTEDDY_2_RWSBT3",2024-03-31 02:00:00,2024-03-31 09:00:00,45,915712,2024-03-31 09:00:00,2024-03-31 16:00:00,0,0,50
"RTEDDY_2_RWSBT3",2024-03-31 16:00:00,2024-03-31 16:59:00,45,915712,2024-03-31 23:00:00,2024-04-01 07:00:00,0,421,50
"RTEDDY_2_RWSBT3",2024-04-01 16:00:00,2024-04-01 23:00:00,45,915712,2024-04-01 23:00:00,2024-04-02 07:00:00,0,60,50
"RTEDDY_2_RWSBT3",2024-04-02 16:00:00,2024-04-02 23:00:00,45,915712,2024-04-02 23:00:00,2024-04-03 07:00:00,0,60,50
"RTEDDY_2_RWSBT3",2024-04-03 16:00:00,2024-04-03 16:59:00,45,915712,2024-04-03 23:00:00,2024-04-04 07:00:00,0,421,50
"RTEDDY_2_RWSBT3",2024-04-04 17:00:00,2024-04-04 23:00:00,45,915712,2024-04-05,2024-04-05 07:00:00,0,60,50
"RTEDDY_2_RWSBT3",2024-04-06 16:00:00,2024-04-06 16:59:00,45,915712,2024-04-06 23:00:00,2024-04-07 07:00:00,0,421,50
"RTEDDY_2_RWSBT3",2024-04-08 16:00:00,2024-04-08 23:00:00,45,915712,2024-04-08 23:00:00,2024-04-09 07:00:00,0,60,50
"RTEDDY_2_RWSBT3",2024-04-10 16:00:00,2024-04-10 23:00:00,45,915712,2024-04-10 23:00:00,2024-04-11 07:00:00,0,60,50
"RTEDDY_2_RWSBT3",2024-04-12 16:00:00,2024-04-12 16:59:00,45,915712,2024-04-12 23:00:00,2024-04-13 07:00:00,0,421,50
"RTEDDY_2_RWSBT3",2024-04-13 17:00:00,2024-04-13 23:00:00,45,915712,2024-04-14,2024-04-14 07:00:00,0,60,50
"RTEDDY_2_RWSBT3",2024-04-15 16:00:00,2024-04-15 16:59:00,45,915712,2024-04-15 23:00:00,2024-04-16 07:00:00,0,421,50
"RTEDDY_2_RWSBT3",2024-04-17 16:00:00,2024-04-17 23:00:00,45,915712,2024-04-17 23:00:00,2024-04-18 07:00:00,0,60,50
"RTEDDY_2_RWSBT3",2024-04-18 16:00:00,2024-04-18 16:59:00,45,915712,2024-04-18 23:00:00,2024-04-19 07:00:00,0,421,50
"RTEDDY_2_RWSBT3",2024-04-19 16:00:00,2024-04-19 23:00:00,45,915712,2024-04-19 23:00:00,2024-04-20 07:00:00,0,60,50
"RTEDDY_2_RWSBT3",2024-04-20 16:00:00,2024-04-20 23:00:00,45,915712,2024-04-20 23:00:00,2024-04-21 07:00:00,0,60,50
"RTEDDY_2_RWSBT3",2024-04-21 16:00:00,2024-04-21 16:59:00,45,915712,2024-04-21 23:00:00,2024-04-22 07:00:00,0,421,50
"RTEDDY_2_RWSBT4",2024-02-12 12:00:00,2024-02-12 15:59:00,30,124287,2024-02-12 20:00:00,2024-02-13 07:00:00,0,421,26
"RTEDDY_2_RWSBT4",2024-03-20 15:00:00,2024-03-21,30,124287,2024-03-20 22:00:00,2024-03-21 07:00:00,0,0,26
"RTEDDY_2_RWSBT4",2024-03-21 15:00:00,2024-03-22,30,124287,2024-03-21 22:00:00,2024-03-22 07:00:00,0,0,26
"RTEDDY_2_RWSBT4",2024-03-26 15:00:00,2024-03-27,30,124287,2024-03-26 22:00:00,2024-03-27 07:00:00,0,0,26
"RTEDDY_2_RWSBT4",2024-03-27 15:00:00,2024-03-28,30,124287,2024-03-27 22:00:00,2024-03-28 07:00:00,0,0,26
"RTEDDY_2_RWSBT4",2024-03-28 15:00:00,2024-03-28 16:59:00,30,124287,2024-03-28 22:00:00,2024-03-29 07:00:00,0,421,26
"RTEDDY_2_RWSBT4",2024-03-31 15:00:00,2024-03-31 16:59:00,30,124287,2024-03-31 22:00:00,2024-04-01 07:00:00,0,421,26
"RTEDDY_2_RWSBT4",2024-04-01 15:00:00,2024-04-02,30,124287,2024-04-01 22:00:00,2024-04-02 07:00:00,0,0,26
"RTEDDY_2_RWSBT4",2024-04-02 15:00:00,2024-04-03,30,124287,2024-04-02 22:00:00,2024-04-03 07:00:00,0,0,26
"RTEDDY_2_RWSBT4",2024-04-03 15:00:00,2024-04-03 16:59:00,30,124287,2024-04-03 22:00:00,2024-04-04 07:00:00,0,421,26
"RTEDDY_2_RWSBT4",2024-04-06 15:00:00,2024-04-06 16:59:00,30,124287,2024-04-06 22:00:00,2024-04-07 06:00:00,0,361,26
"RTEDDY_2_RWSBT4",2024-04-08 15:00:00,2024-04-08 23:00:00,30,124287,2024-04-08 22:00:00,2024-04-09 06:00:00,0,0,26
"RTEDDY_2_RWSBT4",2024-04-12 15:00:00,2024-04-12 16:59:00,30,124287,2024-04-12 22:00:00,2024-04-13 06:00:00,0,361,26
"RTEDDY_2_RWSBT4",2024-04-15 15:00:00,2024-04-15 16:59:00,30,124287,2024-04-15 22:00:00,2024-04-16 06:00:00,0,361,26
"RTEDDY_2_RWSBT4",2024-04-18 15:00:00,2024-04-18 16:59:00,30,124287,2024-04-18 22:00:00,2024-04-19 06:00:00,0,361,26
"RTEDDY_2_RWSBT4",2024-04-21 15:00:00,2024-04-21 16:59:00,30,124287,2024-04-21 22:00:00,2024-04-22 06:00:00,0,361,26
"RTEDDY_2_RWSBT5",2024-02-16 13:00:00,2024-02-17 07:00:00,12,193527,2024-02-16 21:00:00,2024-02-17 16:00:00,0,60,9.5
"RTEDDY_2_RWSBT5",2024-02-17 13:00:00,2024-02-18 09:00:00,12,193527,2024-02-17 21:00:00,2024-02-19 16:00:00,0,1380,9.5
"RTEDDY_2_RWSBT5",2024-03-21 15:00:00,2024-03-22,12,193527,2024-03-21 22:00:00,2024-03-22 17:00:00,0,600,9.5
"RTEDDY_2_RWSBT5",2024-03-26 15:00:00,2024-03-27,12,193527,2024-03-26 22:00:00,2024-03-27 17:00:00,0,600,9.5
"RTEDDY_2_RWSBT5",2024-03-27 15:00:00,2024-03-28,12,193527,2024-03-27 22:00:00,2024-03-28 17:00:00,0,600,9.5
"RTEDDY_2_RWSBT5",2024-03-28 15:00:00,2024-03-28 16:59:00,12,193527,2024-03-28 22:00:00,2024-03-29 17:00:00,0,1021,9.5
"RTEDDY_2_RWSBT5",2024-03-29 15:00:00,2024-03-30,12,193527,2024-03-29 22:00:00,2024-03-30 17:00:00,0,600,9.5
"RTEDDY_2_RWSBT5",2024-03-30 15:00:00,2024-03-31,12,193527,2024-03-30 22:00:00,2024-04-01 17:00:00,0,2040,9.5
"RTEDDY_2_RWSBT5",2024-04-01 15:00:00,2024-04-02,12,193527,2024-04-01 22:00:00,2024-04-02 17:00:00,0,600,9.5
"RTEDDY_2_RWSBT5",2024-04-02 15:00:00,2024-04-03,12,193527,2024-04-02 22:00:00,2024-04-03 17:00:00,0,600,9.5
"RTEDDY_2_RWSBT5",2024-04-03 15:00:00,2024-04-03 16:59:00,12,193527,2024-04-03 22:00:00,2024-04-04 17:00:00,0,1021,9.5
"RTEDDY_2_RWSBT5",2024-04-06 15:00:00,2024-04-06 16:59:00,12,193527,2024-04-06 22:00:00,2024-04-08 17:00:00,0,2461,9.5
"RTEDDY_2_RWSBT5",2024-04-08 15:00:00,2024-04-08 23:00:00,12,193527,2024-04-08 22:00:00,2024-04-09 17:00:00,0,660,9.5
"RTEDDY_2_RWSBT5",2024-04-10 15:00:00,2024-04-11,12,193527,2024-04-10 22:00:00,2024-04-11 17:00:00,0,600,9.5
"RTEDDY_2_RWSBT5",2024-04-11 15:00:00,2024-04-12,12,193527,2024-04-11 22:00:00,2024-04-12 17:00:00,0,600,9.5
"RTEDDY_2_RWSBT5",2024-04-12 15:00:00,2024-04-12 16:59:00,12,193527,2024-04-12 22:00:00,2024-04-13 17:00:00,0,1021,9.5
"RTEDDY_2_RWSBT5",2024-04-15 15:00:00,2024-04-15 16:59:00,12,193527,2024-04-15 22:00:00,2024-04-16 17:00:00,0,1021,9.5
"RTEDDY_2_RWSBT5",2024-04-16 15:00:00,2024-04-17,12,193527,2024-04-16 22:00:00,2024-04-17 17:00:00,0,600,9.5
"RTEDDY_2_RWSBT5",2024-04-17 15:00:00,2024-04-18,12,193527,2024-04-17 22:00:00,2024-04-18 17:00:00,0,600,9.5
"RTEDDY_2_RWSBT5",2024-04-18 15:00:00,2024-04-18 16:59:00,12,193527,2024-04-18 22:00:00,2024-04-19 17:00:00,0,1021,9.5
"RTEDDY_2_RWSBT5",2024-04-19 15:00:00,2024-04-20,12,193527,2024-04-19 22:00:00,2024-04-20 17:00:00,0,600,9.5
"RTEDDY_2_RWSBT5",2024-04-20 15:00:00,2024-04-21,12,193527,2024-04-20 22:00:00,2024-04-22 17:00:00,0,2040,9.5
"RTEDDY_2_SC1SR3",2023-07-11 13:00:00,2023-07-11 21:17:00,40,922006,2023-07-11 20:00:00,2023-07-12 06:00:00,0,103,40
"RTEDDY_2_SC1SR3",2023-07-12 13:00:00,2023-07-12 23:00:00,40,922006,2023-07-12 20:00:00,2023-07-13 06:00:00,0,0,40
"RTEDDY_2_SC1SR3",2023-07-13 13:00:00,2023-07-13 23:00:00,40,922006,2023-07-13 20:00:00,2023-07-14 06:00:00,0,0,40
"RTEDDY_2_SC1SR3",2023-07-14 13:00:00,2023-07-14 23:00:00,40,922006,2023-07-14 20:00:00,2023-07-15 06:00:00,0,0,40
"RTEDDY_2_SC1SR3",2023-07-17 13:00:00,2023-07-17 23:00:00,40,922006,2023-07-17 20:00:00,2023-07-18 06:00:00,0,0,40
"RTEDDY_2_SC1SR3",2023-07-18 13:00:00,2023-07-18 19:02:00,40,922006,2023-07-18 20:00:00,2023-07-19 06:00:00,0,238,40
"RTEDDY_2_SC1SR3",2023-07-19 13:00:00,2023-07-19 23:00:00,40,922006,2023-07-19 20:00:00,2023-07-20 06:00:00,0,0,40
"RTEDDY_2_SC1SR3",2023-07-20 13:00:00,2023-07-20 23:00:00,40,922006,2023-07-20 20:00:00,2023-07-21 06:00:00,0,0,40
"RTEDDY_2_SC1SR3",2023-07-21 13:00:00,2023-07-21 23:00:00,40,922006,2023-07-21 20:00:00,2023-07-22 06:00:00,0,0,40
"RTEDDY_2_SC1SR3",2023-08-16 13:00:00,2023-08-16 23:00:00,40,922006,2023-08-16 20:00:00,2023-08-17 06:00:00,0,0,40
"RTEDDY_2_SC1SR3",2023-08-31 13:00:00,2023-08-31 16:00:00,40,922006,2023-08-31 20:00:00,2023-09-01 06:00:00,0,420,40
"RTEDDY_2_SC1SR3",2023-09-09 13:00:00,2023-09-09 23:00:00,40,922006,2023-09-09 20:00:00,2023-09-10 07:00:00,0,60,40
"RTEDDY_2_SC1SR3",2023-10-27 12:00:00,2023-10-27 22:15:00,40,922006,2023-10-27 19:00:00,2023-10-28 07:00:00,0,105,40
"RTEDDY_2_SC1SR3",2024-02-05 10:00:00,2024-02-05 22:00:00,40,922006,2024-02-05 18:00:00,2024-02-06 07:00:00,0,60,40
"RTEDDY_2_SC1SR3",2024-02-13 10:00:00,2024-02-13 23:00:00,40,922006,2024-02-13 18:00:00,2024-02-14 07:00:00,0,0,40
"RTEDDY_2_SC1SR3",2024-02-28 10:00:00,2024-02-28 22:00:00,40,922006,2024-02-28 18:00:00,2024-02-29 06:00:00,0,0,40
"RTEDDY_2_SC1SR3",2024-02-29 10:00:00,2024-02-29 22:00:00,40,922006,2024-02-29 18:00:00,2024-03-01 06:00:00,0,0,40
"RTEDDY_2_SC1SR3",2024-03-21 13:00:00,2024-03-21 23:00:00,40,922006,2024-03-21 20:00:00,2024-03-22 07:00:00,0,60,40
"RTEDDY_2_SEBSR4",2023-07-11 13:00:00,2023-07-11 21:18:00,56,115494,2023-07-11 20:00:00,2023-07-12 06:00:00,0,102,56
"RTEDDY_2_SEBSR4",2023-07-12 13:00:00,2023-07-12 23:00:00,56,115494,2023-07-12 20:00:00,2023-07-13 06:00:00,0,0,56
"RTEDDY_2_SEBSR4",2023-07-13 13:00:00,2023-07-13 23:00:00,56,115494,2023-07-13 20:00:00,2023-07-14 06:00:00,0,0,56
"RTEDDY_2_SEBSR4",2023-07-14 13:00:00,2023-07-14 23:00:00,56,115494,2023-07-14 20:00:00,2023-07-15 06:00:00,0,0,56
"RTEDDY_2_SEBSR4",2023-07-17 13:00:00,2023-07-17 23:00:00,56,115494,2023-07-17 20:00:00,2023-07-18 06:00:00,0,0,56
"RTEDDY_2_SEBSR4",2023-07-18 13:00:00,2023-07-18 19:02:00,56,115494,2023-07-18 20:00:00,2023-07-19 06:00:00,0,238,56
"RTEDDY_2_SEBSR4",2023-07-19 13:00:00,2023-07-19 23:00:00,56,115494,2023-07-19 20:00:00,2023-07-20 06:00:00,0,0,56
"RTEDDY_2_SEBSR4",2023-07-20 13:00:00,2023-07-20 23:00:00,56,115494,2023-07-20 20:00:00,2023-07-21 06:00:00,0,0,56
"RTEDDY_2_SEBSR4",2023-07-21 13:00:00,2023-07-21 23:00:00,56,115494,2023-07-21 20:00:00,2023-07-22 06:00:00,0,0,56
"RTEDDY_2_SEBSR4",2023-08-16 13:00:00,2023-08-16 23:00:00,56,115494,2023-08-16 20:00:00,2023-08-17 06:00:00,0,0,56
"RTEDDY_2_SEBSR4",2023-08-31 13:00:00,2023-08-31 16:00:00,56,115494,2023-08-31 20:00:00,2023-09-01 06:00:00,0,420,56
"RTEDDY_2_SEBSR4",2023-09-09 13:00:00,2023-09-09 23:00:00,56,115494,2023-09-09 20:00:00,2023-09-10 06:00:00,0,0,56
"RTEDDY_2_SEBSR4",2024-01-18 10:00:00,2024-01-18 22:00:00,56,115494,2024-01-18 18:00:00,2024-01-19 07:00:00,0,60,56
"RTEDDY_2_SEBSR4",2024-01-19 10:00:00,2024-01-19 22:00:00,56,115494,2024-01-19 18:00:00,2024-01-20 07:00:00,0,60,56
"RTEDDY_2_SEBSR4",2024-01-22 10:00:00,2024-01-22 22:00:00,56,115494,2024-01-22 18:00:00,2024-01-23 07:00:00,0,60,56
"RTEDDY_2_SEBSR4",2024-02-26 10:00:00,2024-02-26 12:04:00,56,115494,2024-02-26 18:00:00,2024-02-27 06:00:00,0,596,56
"RTEDDY_2_SEBSR4",2024-02-28 10:00:00,2024-02-28 22:00:00,56,115494,2024-02-28 18:00:00,2024-02-29 06:00:00,0,0,56
"RTEDDY_2_SEBSR4",2024-02-29 10:00:00,2024-02-29 22:00:00,56,115494,2024-02-29 18:00:00,2024-03-01 06:00:00,0,0,56
"RTEDDY_2_SEBSR4",2024-05-30 11:00:00,2024-05-31 02:00:00,56,115494,2024-05-30 18:00:00,2024-05-31 13:00:00,0,240,56
"RTREE_2_WIND1",2023-02-15 21:00:00,2023-02-16 09:00:00,79.2,157710,2023-02-16 05:00:00,2023-02-18 01:00:00,0,1920,430
"RTREE_2_WIND3",2024-12-10 23:00:00,2024-12-11 09:31:00,99,599767,2024-12-11 07:00:00,2024-12-11 20:00:00,0,149,68
"RUSCTY_2_UNITS",2023-01-30 16:00:00,2023-01-31 00:40:00,615.18,174549,2023-01-31,2023-01-31 16:00:00,0,440,430
"RUSCTY_2_UNITS",2023-05-02 15:02:00,2023-05-02 16:00:00,615.18,174549,2023-05-02 22:00:00,2023-05-03 15:00:00,-2,960,430
"RUSCTY_2_UNITS",2024-08-07 14:00:00,2024-08-08 01:00:00,615.18,174549,2024-08-07 21:00:00,2024-08-08 08:00:00,0,0,430
"RVRVEW_1_UNITA1",2024-02-25,2024-02-25 10:00:00,48.7,176644,2024-02-25 08:00:00,2024-02-27 15:00:00,0,2700,49.5
"RVSIDE_6_RERCU2",2023-04-30 17:00:00,2023-05-10 16:59:00,48.5,121961,2023-05-01,2023-05-11,0,1,48.5
"RVSIDE_6_RERCU2",2023-10-31 17:00:00,2023-11-14 15:59:00,48.5,121961,2023-11-01,2023-11-15,0,1,48.5
"RVSIDE_6_RERCU2",2024-04-30 17:00:00,2024-05-22 16:59:00,48.5,121961,2024-05-01,2024-05-23,0,1,48.5
"RVSIDE_6_RERCU2",2024-10-31 17:00:00,2024-11-14 15:59:00,48.5,121961,2024-11-01,2024-12-19 10:00:00,0,49561,48.5
"RVSIDE_6_SPRING",2024-06-11 14:00:00,2024-06-11 23:59:00,36,461606,2024-06-11 21:00:00,2024-06-12 17:00:00,0,601,30
"RVSIDE_6_SPRING",2024-06-12 14:00:00,2024-06-12 23:59:00,36,461606,2024-06-12 21:00:00,2024-06-13 17:00:00,0,601,30
"RVSIDE_6_SPRING",2024-06-13 14:00:00,2024-06-13 23:59:00,36,461606,2024-06-13 21:00:00,2024-06-14 17:00:00,0,601,30
"RVSIDE_6_SPRING",2024-06-14 14:00:00,2024-06-14 23:59:00,36,461606,2024-06-14 21:00:00,2024-06-15 17:00:00,0,601,30
"SALIRV_2_UNIT",2023-05-14 17:01:00,2023-05-17 16:59:00,39,411064,2023-05-15,2023-05-18 16:00:00,-1,961,27
"SALIRV_2_UNIT",2023-10-15 05:00:00,2023-11-08 15:59:00,39,411064,2023-10-15 12:00:00,2023-11-11,0,2881,27
"SALIRV_2_UNIT",2024-07-28 17:00:00,2024-07-29 07:13:00,39,411064,2024-07-29,2024-07-29 16:00:00,0,107,27
"SANBRN_2_ES1BT3",2022-12-31 23:00:00,2022-12-31 23:30:00,50.43,121745,2023-01-01 07:00:00,2023-01-02,0,990,75
"SANBRN_2_ES1BT3",2023-10-26 15:00:00,2023-10-27 01:00:00,50.43,121745,2023-10-26 22:00:00,2023-10-27 17:00:00,0,540,75
"SANBRN_2_ES2SB3",2024-01-17 21:00:00,2024-01-17 22:00:00,42,199482,2024-01-18 05:00:00,2024-01-18 16:00:00,0,600,25
"SANBRN_2_ES2SB3",2024-02-29 00:57:00,2024-02-29 01:57:00,42,199482,2024-02-29 09:00:00,2024-02-29 10:00:00,3,3,25
"SANBRN_2_ESABT1",2023-10-17,2023-10-17 01:00:00,100,161396,2023-10-17 07:00:00,2023-10-17 17:00:00,0,540,94
"SANBRN_2_ESABT1",2024-07-15 20:00:00,2024-07-15 21:00:00,100,161396,2024-07-16 03:00:00,2024-07-16 07:00:00,0,180,94
"SANBRN_2_SS2BT3",2023-08-31 17:00:00,2023-08-31 23:00:00,169,871298,2023-09-01,2023-09-01 06:00:00,0,0,158.4
"SANBRN_2_SS2BT3",2023-09-11 17:00:00,2023-09-11 22:00:00,169,871298,2023-09-12,2023-09-12 12:00:00,0,420,158.4
"SANBRN_2_SS2BT3",2023-09-12 15:00:00,2023-09-12 23:00:00,169,871298,2023-09-12 22:00:00,2023-09-13 06:00:00,0,0,158.4
"SANBRN_2_SS2BT4",2023-10-17 12:00:00,2023-10-18,47,744292,2023-10-17 19:00:00,2023-10-18 07:00:00,0,0,50
"SANBRN_2_SS2BT4",2023-10-19 12:00:00,2023-10-19 22:00:00,47,744292,2023-10-19 19:00:00,2023-10-20 07:00:00,0,120,50
"SANBRN_2_SS2BT4",2023-10-20 12:00:00,2023-10-20 22:00:00,47,744292,2023-10-20 19:00:00,2023-10-21 07:00:00,0,120,50
"SANBRN_2_SS2BT4",2023-10-30 11:00:00,2023-10-30 22:00:00,47,744292,2023-10-30 18:00:00,2023-10-31 07:00:00,0,120,50
"SANBRN_2_SS2BT4",2023-11-01 11:00:00,2023-11-01 22:00:00,47,744292,2023-11-01 18:00:00,2023-11-02 07:00:00,0,120,50
"SANBRN_2_SS2SB4",2023-01-08 09:00:00,2023-01-08 16:00:00,36,158082,2023-01-08 17:00:00,2023-01-09 07:00:00,0,420,33
"SANBRN_2_SS2SB4",2023-03-18 12:00:00,2023-03-18 23:00:00,36,158082,2023-03-18 19:00:00,2023-03-19 07:00:00,0,60,33
"SANBRN_2_SS2SB4",2023-03-19 12:00:00,2023-03-19 23:00:00,36,158082,2023-03-19 19:00:00,2023-03-20 07:00:00,0,60,33
"SANBRN_2_SS2SB4",2023-03-20 12:00:00,2023-03-20 23:00:00,36,158082,2023-03-20 19:00:00,2023-03-21 07:00:00,0,60,33
"SANBRN_2_SS2SB4",2023-03-21 12:00:00,2023-03-21 23:00:00,36,158082,2023-03-21 19:00:00,2023-03-22 07:00:00,0,60,33
"SANBRN_2_SS2SB4",2023-03-22 12:00:00,2023-03-22 23:00:00,36,158082,2023-03-22 19:00:00,2023-03-23 07:00:00,0,60,33
"SANBRN_2_SS2SB4",2023-03-23 12:00:00,2023-03-23 23:00:00,36,158082,2023-03-23 19:00:00,2023-03-24 07:00:00,0,60,33
"SANBRN_2_SS2SB4",2023-04-25 12:00:00,2023-04-25 23:00:00,36,158082,2023-04-25 19:00:00,2023-04-26 06:00:00,0,0,33
"SANBRN_2_SS2SB4",2023-05-22 13:00:00,2023-05-22 22:00:00,36,158082,2023-05-22 20:00:00,2023-05-23 06:00:00,0,60,33
"SANBRN_2_SS2SB4",2023-05-23 13:00:00,2023-05-23 22:00:00,36,158082,2023-05-23 20:00:00,2023-05-24 06:00:00,0,60,33
"SANBRN_2_SS2SB4",2023-05-24 13:00:00,2023-05-24 22:00:00,36,158082,2023-05-24 20:00:00,2023-05-25 06:00:00,0,60,33
"SANBRN_2_SS2SB4",2023-05-25 13:00:00,2023-05-25 22:00:00,36,158082,2023-05-25 20:00:00,2023-05-26 06:00:00,0,60,33
"SANBRN_2_SS2SB4",2023-05-26 13:00:00,2023-05-26 22:00:00,36,158082,2023-05-26 20:00:00,2023-05-27 06:00:00,0,60,33
"SANBRN_2_SS2SB4",2023-05-27 13:00:00,2023-05-27 22:00:00,36,158082,2023-05-27 20:00:00,2023-05-28 06:00:00,0,60,33
"SANBRN_2_SS2SB4",2023-05-31 13:00:00,2023-05-31 22:00:00,36,158082,2023-05-31 20:00:00,2023-06-01 06:00:00,0,60,33
"SANBRN_2_SS2SB4",2023-06-01 13:00:00,2023-06-01 22:00:00,36,158082,2023-06-01 20:00:00,2023-06-02 06:00:00,0,60,33
"SANBRN_2_SS2SB4",2023-06-02 13:00:00,2023-06-02 22:00:00,36,158082,2023-06-02 20:00:00,2023-06-03 06:00:00,0,60,33
"SANBRN_2_SS2SB4",2023-06-03 13:00:00,2023-06-03 22:00:00,36,158082,2023-06-03 20:00:00,2023-06-04 06:00:00,0,60,33
"SANBRN_2_SS2SB4",2023-06-04 13:00:00,2023-06-04 22:00:00,36,158082,2023-06-04 20:00:00,2023-06-05 06:00:00,0,60,33
"SANBRN_2_SS2SB4",2023-06-05 13:00:00,2023-06-05 22:00:00,36,158082,2023-06-05 20:00:00,2023-06-06 06:00:00,0,60,33
"SANBRN_2_SS2SB4",2023-06-06 13:00:00,2023-06-06 22:00:00,36,158082,2023-06-06 20:00:00,2023-06-07 06:00:00,0,60,33
"SANBRN_2_SS2SB4",2023-06-07 13:00:00,2023-06-07 22:00:00,36,158082,2023-06-07 20:00:00,2023-06-08 06:00:00,0,60,33
"SANBRN_2_SS2SB4",2023-06-08 13:00:00,2023-06-08 22:00:00,36,158082,2023-06-08 20:00:00,2023-06-09 06:00:00,0,60,33
"SANBRN_2_SS2SB4",2023-06-09 13:00:00,2023-06-09 22:00:00,36,158082,2023-06-09 20:00:00,2023-06-10 06:00:00,0,60,33
"SANBRN_2_SS2SB4",2023-06-10 13:00:00,2023-06-10 22:00:00,36,158082,2023-06-10 20:00:00,2023-06-11 06:00:00,0,60,33
"SANBRN_2_SS2SB4",2023-06-11 13:00:00,2023-06-11 22:00:00,36,158082,2023-06-11 20:00:00,2023-06-12 06:00:00,0,60,33
"SANBRN_2_SS2SB4",2023-06-12 13:00:00,2023-06-12 22:00:00,36,158082,2023-06-12 20:00:00,2023-06-13 06:00:00,0,60,33
"SANBRN_2_SS2SB4",2023-06-13 13:00:00,2023-06-13 22:00:00,36,158082,2023-06-13 20:00:00,2023-06-14 06:00:00,0,60,33
"SANBRN_2_SS2SB4",2023-06-14 13:00:00,2023-06-14 22:00:00,36,158082,2023-06-14 20:00:00,2023-06-15 06:00:00,0,60,33
"SANBRN_2_SS2SB4",2023-06-15 13:00:00,2023-06-15 22:00:00,36,158082,2023-06-15 20:00:00,2023-06-16 06:00:00,0,60,33
"SANBRN_2_SS2SB4",2023-06-16 13:00:00,2023-06-16 22:00:00,36,158082,2023-06-16 20:00:00,2023-06-17 06:00:00,0,60,33
"SANBRN_2_SS2SB4",2023-06-17 13:00:00,2023-06-17 22:00:00,36,158082,2023-06-17 20:00:00,2023-06-18 06:00:00,0,60,33
"SANBRN_2_SS2SB4",2023-06-20 13:00:00,2023-06-20 22:00:00,36,158082,2023-06-20 20:00:00,2023-06-21 06:00:00,0,60,33
"SANBRN_2_SS2SB4",2023-06-21 13:00:00,2023-06-21 22:00:00,36,158082,2023-06-21 20:00:00,2023-06-22 06:00:00,0,60,33
"SANBRN_2_SS2SB4",2023-06-22 13:00:00,2023-06-22 22:00:00,36,158082,2023-06-22 20:00:00,2023-06-23 06:00:00,0,60,33
"SANBRN_2_SS2SB4",2023-06-23 13:00:00,2023-06-23 22:00:00,36,158082,2023-06-23 20:00:00,2023-06-24 06:00:00,0,60,33
"SANBRN_2_SS2SB4",2023-07-03 13:00:00,2023-07-03 22:00:00,36,158082,2023-07-03 20:00:00,2023-07-04 06:00:00,0,60,33
"SANBRN_2_SS2SB4",2023-07-04 13:00:00,2023-07-04 23:00:00,36,158082,2023-07-04 20:00:00,2023-07-05 06:00:00,0,0,33
"SANBRN_2_SS2SB4",2023-11-29 09:00:00,2023-11-29 14:00:00,36,158082,2023-11-29 17:00:00,2023-11-30 06:00:00,0,480,33
"SANDLT_2_SUNITS",2023-12-04 01:00:00,2023-12-04 02:45:00,275,292863,2023-12-04 09:00:00,2023-12-04 17:00:00,0,375,194
"SANDLT_2_SUNITS",2023-12-08,2023-12-08 01:18:00,275,292863,2023-12-08 08:00:00,2023-12-08 16:00:00,0,402,194
"SANDLT_2_SUNITS",2023-12-11 01:00:00,2023-12-11 07:12:00,275,292863,2023-12-11 09:00:00,2023-12-11 17:00:00,0,108,194
"SANDLT_2_SUNITS",2023-12-20 01:00:00,2023-12-20 09:00:00,275,292863,2023-12-20 09:00:00,2023-12-20 17:00:00,0,0,194
"SANDLT_2_SUNITS",2023-12-24 00:58:00,2023-12-24 03:48:00,275,292863,2023-12-24 09:00:00,2023-12-24 17:00:00,2,312,194
"SANDLT_2_SUNITS",2023-12-26 23:58:00,2023-12-27 01:30:00,275,292863,2023-12-27 08:00:00,2023-12-27 16:00:00,2,390,194
"SANDLT_2_SUNITS",2023-12-29 01:00:00,2023-12-29 05:44:00,275,292863,2023-12-29 09:00:00,2023-12-29 17:00:00,0,196,194
"SANDLT_2_SUNITS",2024-01-31 01:00:00,2024-01-31 03:49:00,275,292863,2024-01-31 09:00:00,2024-01-31 17:00:00,0,311,194
"SANDRN_2_SS2SR2",2024-08-26 08:59:00,2024-08-26 10:00:00,200,182418,2024-08-26 16:00:00,2024-08-26 17:00:00,1,0,155
"SANLOB_1_LNDFIL",2023-01-03 03:00:00,2023-01-03 04:54:00,1.5,214773,2023-01-03 11:00:00,2023-01-03 16:00:00,0,186,1.5
"SANLOB_1_LNDFIL",2023-05-30 04:00:00,2023-05-30 07:00:00,1.5,214773,2023-05-30 11:00:00,2023-05-30 16:00:00,0,120,1.5
"SANLOB_1_LNDFIL",2023-06-14 04:00:00,2023-06-14 04:47:00,1.5,214773,2023-06-14 11:00:00,2023-06-14 16:00:00,0,253,1.5
"SANTFG_7_UNITS",2024-03-12 08:04:00,2024-03-12 09:48:00,72,660372,2024-03-12 15:00:00,2024-03-12 17:00:00,-4,12,350
"SANTGO_2_MABBT1",2023-08-01 04:01:00,2023-08-01 07:29:00,2,122443,2023-08-01 11:00:00,2023-08-01 16:00:00,-1,91,2
"SANWD_1_QF",2024-10-22 14:00:00,2024-10-22 15:30:00,31,806408,2024-10-22 21:00:00,2024-10-23 16:00:00,0,1050,28
"SANWD_1_QF",2024-11-21 13:00:00,2024-11-21 14:30:00,31,806408,2024-11-21 21:00:00,2024-11-22 16:00:00,0,1050,28
"SBERDO_2_PSP4",2023-05-09 14:00:00,2023-05-10 05:00:00,555,769353,2023-05-09 21:00:00,2023-05-10 19:00:00,0,420,450
"SBERDO_2_PSP4",2023-05-10 15:00:00,2023-05-11,555,769353,2023-05-10 22:00:00,2023-05-13 19:00:00,0,3600,450
"SBERDO_6_MILLCK",2024-04-30 17:00:00,2024-05-01 08:59:00,3.93,368224,2024-05-01,2024-06-22,0,73921,4
"SCARLT_2_SS2BT1",2024-11-06 07:00:00,2024-11-06 08:00:00,150,679882,2024-11-06 15:00:00,2024-11-07 13:00:00,0,1260,171
"SCARLT_2_SS2SR1",2024-12-03 09:00:00,2024-12-03 11:00:00,200,231017,2024-12-03 17:00:00,2024-12-04 06:00:00,0,660,200
"SCARLT_2_SSASR1",2024-03-09 09:00:00,2024-03-09 23:00:00,100,278131,2024-03-09 17:00:00,2024-03-10 09:00:00,0,120,100
"SCARLT_2_SSASR1",2024-03-10 10:00:00,2024-03-11,100,278131,2024-03-10 17:00:00,2024-03-11 09:00:00,0,120,100
"SCARLT_2_SSASR1",2024-03-21 10:00:00,2024-03-22,100,278131,2024-03-21 17:00:00,2024-03-22 09:00:00,0,120,100
"SCARLT_2_SSASR1",2024-03-22 10:00:00,2024-03-23,100,278131,2024-03-22 17:00:00,2024-03-23 10:00:00,0,180,100
"SCARLT_2_SSASR1",2024-03-23 10:00:00,2024-03-24,100,278131,2024-03-23 17:00:00,2024-03-25 09:00:00,0,1560,100
"SCARLT_2_SSASR1",2024-03-25 10:00:00,2024-03-26,100,278131,2024-03-25 17:00:00,2024-03-26 09:00:00,0,120,100
"SCARLT_2_SSASR1",2024-03-26 10:00:00,2024-03-27,100,278131,2024-03-26 17:00:00,2024-04-04 10:00:00,0,11700,100
"SCARLT_2_SSASR1",2024-04-10 10:00:00,2024-04-11,100,278131,2024-04-10 17:00:00,2024-04-11 08:00:00,0,60,100
"SCARLT_2_SSASR1",2024-04-14 10:00:00,2024-04-15,100,278131,2024-04-14 17:00:00,2024-04-15 08:00:00,0,60,100
"SCARLT_2_SSASR1",2024-04-15 10:00:00,2024-04-16,100,278131,2024-04-15 17:00:00,2024-04-16 08:00:00,0,60,100
"SCARLT_2_SSASR1",2024-04-16 10:00:00,2024-04-17,100,278131,2024-04-16 17:00:00,2024-04-17 08:00:00,0,60,100
"SCARLT_2_SSASR1",2024-04-25 11:00:00,2024-04-26,100,278131,2024-04-25 18:00:00,2024-04-26 08:00:00,0,60,100
"SCARLT_2_SSASR1",2024-04-28 11:00:00,2024-04-29,100,278131,2024-04-28 18:00:00,2024-04-29 09:00:00,0,120,100
"SCARLT_2_SSASR1",2024-04-29 11:00:00,2024-04-30,100,278131,2024-04-29 18:00:00,2024-04-30 08:00:00,0,60,100
"SCARLT_2_SSASR1",2024-04-30 11:00:00,2024-05-01,100,278131,2024-04-30 18:00:00,2024-05-01 08:00:00,0,60,100
"SCARLT_2_SSASR1",2024-05-01 11:00:00,2024-05-03,100,278131,2024-05-01 18:00:00,2024-05-06 08:00:00,0,4380,100
"SCARLT_2_SSASR1",2024-05-07 11:00:00,2024-05-07 18:16:00,100,278131,2024-05-07 18:00:00,2024-05-08 08:00:00,0,404,100
"SCEC_1_PDRP17",2023-01-09 16:00:00,2023-01-31 15:59:00,6.22,175361,2023-01-10,2023-02-23 01:00:00,0,31741,120
"SCEC_1_RDRR38",2023-07-18 06:00:00,2023-07-18 10:00:00,55.83,108268,2023-07-18 13:00:00,2023-08-12 10:00:00,0,35580,211
"SCEHOV_2_HOOVER",2023-01-11 16:00:00,2023-02-15 16:00:00,287.01,144033,2023-01-12,NA,0,NA,287
"SCEN_6_RDRR02",2024-09-23 17:00:00,2024-09-24 11:00:00,75,570814,2024-09-24,2024-09-25 18:00:00,0,1440,75
"SCEW_2_PDRP10",2023-03-15 17:00:00,2023-03-16 16:59:00,2.5,333327,2023-03-16,2023-03-19,0,2881,2
"SCEW_2_PDRP167",2023-05-30 14:00:00,2023-05-31 16:59:00,9.42,124493,2023-05-30 21:00:00,2023-06-13 21:00:00,0,18541,10
"SCHLTE_1_PL1X3",2023-01-23 23:00:00,2023-01-24 08:45:00,336.04,530568,2023-01-24 07:00:00,2023-01-25 04:00:00,0,675,400
"SCHLTE_1_PL1X3",2023-01-24 23:00:00,2023-01-25 08:33:00,336.04,530568,2023-01-25 07:00:00,2023-01-26 05:00:00,0,747,400
"SCHNDR_1_FIVPTS",2024-09-08 20:00:00,2024-09-08 21:53:00,15,120392,2024-09-09 03:00:00,2024-09-09 05:00:00,0,7,7
"SEARLS_1_TS3SR1",2024-03-01 23:00:00,2024-03-02 08:22:00,2,714921,2024-03-02 07:00:00,2024-03-02 18:00:00,0,98,2
"SEARLS_1_TS3SR1",2024-04-13,2024-04-13 09:15:00,2,714921,2024-04-13 07:00:00,2024-04-13 18:00:00,0,105,2
"SENTNL_2_CTG1",2023-03-01 06:00:00,2023-03-01 06:01:00,107.68,568837,2023-03-01 14:00:00,2023-03-01 18:00:00,0,239,104.16
"SENTNL_2_CTG1",2023-03-01 06:05:00,2023-03-01 06:45:00,107.68,568837,2023-03-01 14:00:00,2023-03-01 18:00:00,-5,195,104.16
"SENTNL_2_CTG7",2023-02-22 23:55:00,2023-02-23 02:54:00,106.73,627030,2023-02-23 08:00:00,2023-02-23 17:00:00,5,366,60
"SGREGY_6_SANGER",2024-11-30 16:00:00,2024-12-07 15:59:00,48.3,555191,2024-12-01,2025-01-01,0,34561,48.35
"SHUTLE_6_RUISR1",2024-06-24 02:00:00,2024-06-25 02:00:00,1.5,149369,2024-06-24 09:00:00,2024-06-26 14:00:00,0,1740,175
"SIGHEB_6_MIRDYN",2023-08-07 15:00:00,2023-08-08 03:00:00,17,222735,2023-08-07 22:00:00,2023-08-08 16:00:00,0,360,10.4
"SISPRG_2_DS3BT2",2023-08-11 13:00:00,2023-08-12 02:00:00,60,917893,2023-08-11 20:00:00,2023-08-12 09:00:00,0,0,60
"SISPRG_2_DS3BT2",2023-08-16 17:00:00,2023-08-17,60,917893,2023-08-17,2023-08-17 07:00:00,0,0,60
"SISPRG_2_DS3BT2",2023-08-17 06:00:00,2023-08-17 10:00:00,60,917893,2023-08-17 13:00:00,2023-08-17 17:00:00,0,0,60
"SISPRG_2_DS3SR1",2023-05-04 13:00:00,2023-05-04 23:00:00,123,152145,2023-05-04 20:00:00,2023-05-05 06:00:00,0,0,105
"SISPRG_2_DS3SR1",2023-05-06 13:00:00,2023-05-06 23:00:00,123,152145,2023-05-06 20:00:00,2023-05-07 06:00:00,0,0,105
"SISPRG_2_DS3SR1",2023-05-07 13:00:00,2023-05-07 23:00:00,123,152145,2023-05-07 20:00:00,2023-05-08 06:00:00,0,0,105
"SISPRG_2_DS3SR1",2023-05-08 13:00:00,2023-05-08 23:00:00,123,152145,2023-05-08 20:00:00,2023-05-09 06:00:00,0,0,105
"SISPRG_2_DS3SR1",2023-05-10 13:00:00,2023-05-10 23:00:00,123,152145,2023-05-10 20:00:00,2023-05-11 06:00:00,0,0,105
"SISPRG_2_DS3SR1",2023-05-11 13:00:00,2023-05-11 23:00:00,123,152145,2023-05-11 20:00:00,2023-05-12 06:00:00,0,0,105
"SISPRG_2_DS3SR1",2023-05-12 13:00:00,2023-05-12 23:00:00,123,152145,2023-05-12 20:00:00,2023-05-13 06:00:00,0,0,105
"SISPRG_2_DS3SR1",2023-05-13 13:00:00,2023-05-13 23:00:00,123,152145,2023-05-13 20:00:00,2023-05-14 06:00:00,0,0,105
"SISPRG_2_DS3SR1",2023-05-14 13:00:00,2023-05-14 23:00:00,123,152145,2023-05-14 20:00:00,2023-05-15 06:00:00,0,0,105
"SISPRG_2_DS3SR1",2023-05-15 13:00:00,2023-05-15 23:00:00,123,152145,2023-05-15 20:00:00,2023-05-16 06:00:00,0,0,105
"SISPRG_2_DS3SR1",2023-05-16 13:00:00,2023-05-16 23:00:00,123,152145,2023-05-16 20:00:00,2023-05-17 06:00:00,0,0,105
"SISPRG_2_DS3SR1",2023-05-17 13:00:00,2023-05-17 23:00:00,123,152145,2023-05-17 20:00:00,2023-05-18 06:00:00,0,0,105
"SISPRG_2_DS3SR1",2023-05-18 13:00:00,2023-05-18 23:00:00,123,152145,2023-05-18 20:00:00,2023-05-19 06:00:00,0,0,105
"SISPRG_2_DS3SR1",2023-05-19 13:00:00,2023-05-19 23:00:00,123,152145,2023-05-19 20:00:00,2023-05-20 06:00:00,0,0,105
"SISPRG_2_DS3SR1",2023-05-20 13:00:00,2023-05-20 23:00:00,123,152145,2023-05-20 20:00:00,2023-05-21 06:00:00,0,0,105
"SISPRG_2_DS3SR1",2023-05-21 13:00:00,2023-05-21 23:00:00,123,152145,2023-05-21 20:00:00,2023-05-22 06:00:00,0,0,105
"SISPRG_2_DS3SR1",2023-06-10 13:00:00,2023-06-10 23:00:00,123,152145,2023-06-10 20:00:00,2023-06-11 06:00:00,0,0,105
"SISPRG_2_DS3SR1",2023-06-17 13:00:00,2023-06-17 23:00:00,123,152145,2023-06-17 20:00:00,2023-06-18 06:00:00,0,0,105
"SISPRG_2_DS3SR1",2023-06-18 13:00:00,2023-06-18 23:00:00,123,152145,2023-06-18 20:00:00,2023-06-19 06:00:00,0,0,105
"SISPRG_2_DS3SR1",2023-06-19 13:00:00,2023-06-19 23:00:00,123,152145,2023-06-19 20:00:00,2023-06-20 06:00:00,0,0,105
"SISPRG_2_DS3SR1",2023-06-20 13:00:00,2023-06-20 23:00:00,123,152145,2023-06-20 20:00:00,2023-06-21 06:00:00,0,0,105
"SISPRG_2_DS3SR1",2023-06-24 13:00:00,2023-06-24 23:00:00,123,152145,2023-06-24 20:00:00,2023-06-25 06:00:00,0,0,105
"SISPRG_2_DS3SR1",2023-06-25 13:00:00,2023-06-25 23:00:00,123,152145,2023-06-25 20:00:00,2023-06-26 06:00:00,0,0,105
"SISPRG_2_DS3SR1",2023-06-26 13:00:00,2023-06-26 23:00:00,123,152145,2023-06-26 20:00:00,2023-06-27 06:00:00,0,0,105
"SISPRG_2_DS3SR1",2023-06-27 13:00:00,2023-06-27 23:00:00,123,152145,2023-06-27 20:00:00,2023-06-28 06:00:00,0,0,105
"SISPRG_2_DS3SR1",2023-06-28 13:00:00,2023-06-28 23:00:00,123,152145,2023-06-28 20:00:00,2023-06-29 06:00:00,0,0,105
"SISPRG_2_DS3SR1",2023-06-29 13:00:00,2023-06-29 23:00:00,123,152145,2023-06-29 20:00:00,2023-06-30 06:00:00,0,0,105
"SISPRG_2_DS3SR1",2023-06-30 13:00:00,2023-06-30 23:00:00,123,152145,2023-06-30 20:00:00,2023-07-01 06:00:00,0,0,105
"SISPRG_2_DS3SR1",2023-07-01 13:00:00,2023-07-01 23:00:00,123,152145,2023-07-01 20:00:00,2023-07-02 06:00:00,0,0,105
"SISPRG_2_DS3SR1",2023-07-02 13:00:00,2023-07-02 23:00:00,123,152145,2023-07-02 20:00:00,2023-07-03 06:00:00,0,0,105
"SISPRG_2_DS3SR1",2023-07-03 13:00:00,2023-07-03 23:00:00,123,152145,2023-07-03 20:00:00,2023-07-04 06:00:00,0,0,105
"SISPRG_2_DS3SR1",2023-07-06 13:00:00,2023-07-06 23:00:00,123,152145,2023-07-06 20:00:00,2023-07-07 06:00:00,0,0,105
"SISPRG_2_DS3SR1",2023-07-07 13:00:00,2023-07-07 23:00:00,123,152145,2023-07-07 20:00:00,2023-07-08 06:00:00,0,0,105
"SISPRG_2_DS3SR1",2023-07-08 13:00:00,2023-07-08 23:00:00,123,152145,2023-07-08 20:00:00,2023-07-09 06:00:00,0,0,105
"SISPRG_2_DS3SR1",2023-07-09 13:00:00,2023-07-09 23:00:00,123,152145,2023-07-09 20:00:00,2023-07-10 06:00:00,0,0,105
"SISPRG_2_DS3SR1",2023-07-14 13:00:00,2023-07-14 23:00:00,123,152145,2023-07-14 20:00:00,2023-07-15 06:00:00,0,0,105
"SISPRG_2_DS3SR1",2023-07-15 13:00:00,2023-07-15 23:00:00,123,152145,2023-07-15 20:00:00,2023-07-16 06:00:00,0,0,105
"SISPRG_2_DS3SR1",2023-07-16 13:00:00,2023-07-16 23:00:00,123,152145,2023-07-16 20:00:00,2023-07-17 06:00:00,0,0,105
"SISPRG_2_DS3SR1",2023-07-17 13:00:00,2023-07-17 23:00:00,123,152145,2023-07-17 20:00:00,2023-07-18 06:00:00,0,0,105
"SISPRG_2_DS3SR1",2023-07-18 13:00:00,2023-07-18 23:00:00,123,152145,2023-07-18 20:00:00,2023-07-19 06:00:00,0,0,105
"SISPRG_2_DS3SR1",2023-07-19 13:00:00,2023-07-19 23:00:00,123,152145,2023-07-19 20:00:00,2023-07-20 06:00:00,0,0,105
"SISPRG_2_DS3SR1",2023-07-20 13:00:00,2023-07-20 23:00:00,123,152145,2023-07-20 20:00:00,2023-07-21 06:00:00,0,0,105
"SISPRG_2_DS3SR1",2023-07-21 13:00:00,2023-07-21 23:00:00,123,152145,2023-07-21 20:00:00,2023-07-22 06:00:00,0,0,105
"SISPRG_2_DS3SR1",2023-07-22 13:00:00,2023-07-22 23:00:00,123,152145,2023-07-22 20:00:00,2023-07-23 06:00:00,0,0,105
"SISPRG_2_DS3SR1",2023-07-23 13:00:00,2023-07-23 23:00:00,123,152145,2023-07-23 20:00:00,2023-07-24 06:00:00,0,0,105
"SISPRG_2_DS3SR1",2023-07-24 13:00:00,2023-07-24 23:00:00,123,152145,2023-07-24 20:00:00,2023-07-25 06:00:00,0,0,105
"SISPRG_2_DS3SR1",2023-07-25 13:00:00,2023-07-25 23:00:00,123,152145,2023-07-25 20:00:00,2023-07-26 06:00:00,0,0,105
"SISPRG_2_DS3SR1",2023-07-26 13:00:00,2023-07-26 23:00:00,123,152145,2023-07-26 20:00:00,2023-07-27 06:00:00,0,0,105
"SISPRG_2_DS3SR1",2023-08-02 13:00:00,2023-08-02 23:00:00,123,152145,2023-08-02 20:00:00,2023-08-03 06:00:00,0,0,105
"SISPRG_2_DS3SR1",2023-08-03 13:00:00,2023-08-03 23:00:00,123,152145,2023-08-03 20:00:00,2023-08-04 06:00:00,0,0,105
"SISPRG_2_DS3SR1",2023-08-04 13:00:00,2023-08-04 23:00:00,123,152145,2023-08-04 20:00:00,2023-08-05 06:00:00,0,0,105
"SISPRG_2_DS3SR1",2023-08-05 13:00:00,2023-08-05 23:00:00,123,152145,2023-08-05 20:00:00,2023-08-06 06:00:00,0,0,105
"SISPRG_2_DS3SR1",2023-08-06 13:00:00,2023-08-06 23:00:00,123,152145,2023-08-06 20:00:00,2023-08-07 06:00:00,0,0,105
"SISPRG_2_DS3SR1",2023-08-07 13:00:00,2023-08-07 23:00:00,123,152145,2023-08-07 20:00:00,2023-08-08 06:00:00,0,0,105
"SISPRG_2_DS3SR1",2023-08-08 13:00:00,2023-08-08 23:00:00,123,152145,2023-08-08 20:00:00,2023-08-09 06:00:00,0,0,105
"SISPRG_2_DS3SR1",2023-08-28 13:00:00,2023-08-28 23:00:00,123,152145,2023-08-28 20:00:00,2023-08-29 06:00:00,0,0,105
"SISPRG_2_DS3SR1",2023-09-01 13:00:00,2023-09-01 23:00:00,123,152145,2023-09-01 20:00:00,2023-09-02 06:00:00,0,0,105
"SISPRG_2_DS3SR1",2023-09-04 13:00:00,2023-09-04 23:00:00,123,152145,2023-09-04 20:00:00,2023-09-05 06:00:00,0,0,105
"SISPRG_2_DS3SR1",2023-09-05 13:00:00,2023-09-05 23:00:00,123,152145,2023-09-05 20:00:00,2023-09-06 06:00:00,0,0,105
"SISPRG_2_DS3SR1",2023-09-08 12:00:00,2023-09-08 23:00:00,123,152145,2023-09-08 19:00:00,2023-09-09 06:00:00,0,0,105
"SISPRG_2_DS3SR1",2023-09-10 13:00:00,2023-09-10 23:00:00,123,152145,2023-09-10 20:00:00,2023-09-11 06:00:00,0,0,105
"SISPRG_2_DS3SR1",2023-09-17 13:00:00,2023-09-17 23:00:00,123,152145,2023-09-17 20:00:00,2023-09-18 06:00:00,0,0,105
"SISPRG_2_DS3SR1",2023-09-22 13:00:00,2023-09-22 23:00:00,123,152145,2023-09-22 20:00:00,2023-09-23 06:00:00,0,0,105
"SISPRG_2_DS3SR1",2023-09-23 13:00:00,2023-09-23 23:00:00,123,152145,2023-09-23 20:00:00,2023-09-24 06:00:00,0,0,105
"SISPRG_2_DS3SR1",2023-09-24 13:00:00,2023-09-24 23:00:00,123,152145,2023-09-24 20:00:00,2023-09-25 06:00:00,0,0,105
"SISPRG_2_DS3SR1",2023-09-25 13:00:00,2023-09-25 23:00:00,123,152145,2023-09-25 20:00:00,2023-09-26 06:00:00,0,0,105
"SISPRG_2_DS3SR1",2023-09-26 13:00:00,2023-09-26 23:00:00,123,152145,2023-09-26 20:00:00,2023-09-27 06:00:00,0,0,105
"SISPRG_2_DS3SR1",2023-09-27 13:00:00,2023-09-27 23:00:00,123,152145,2023-09-27 20:00:00,2023-09-28 06:00:00,0,0,105
"SISPRG_2_DS3SR1",2023-10-13 12:00:00,2023-10-14,123,152145,2023-10-13 19:00:00,2023-10-14 07:00:00,0,0,105
"SISPRG_2_DS3SR1",2023-10-14 12:00:00,2023-10-15,123,152145,2023-10-14 19:00:00,2023-10-15 07:00:00,0,0,105
"SISPRG_2_DS3SR1",2023-10-15 12:00:00,2023-10-16,123,152145,2023-10-15 19:00:00,2023-10-16 07:00:00,0,0,105
"SISPRG_2_DS3SR1",2023-10-16 12:00:00,2023-10-17,123,152145,2023-10-16 19:00:00,2023-10-17 07:00:00,0,0,105
"SISPRG_2_DS3SR1",2023-10-17 12:00:00,2023-10-18,123,152145,2023-10-17 19:00:00,2023-10-18 07:00:00,0,0,105
"SISPRG_2_DS3SR1",2023-10-18 12:00:00,2023-10-19,123,152145,2023-10-18 19:00:00,2023-10-19 07:00:00,0,0,105
"SISPRG_2_DS3SR1",2023-10-19 12:00:00,2023-10-20,123,152145,2023-10-19 19:00:00,2023-10-20 07:00:00,0,0,105
"SISPRG_2_DS3SR1",2023-10-20 12:00:00,2023-10-21,123,152145,2023-10-20 19:00:00,2023-10-21 07:00:00,0,0,105
"SISPRG_2_DS3SR1",2023-10-21 12:00:00,2023-10-22,123,152145,2023-10-21 19:00:00,2023-10-22 07:00:00,0,0,105
"SLATE_2_SLASR1",2023-03-30 13:00:00,2023-03-30 21:00:00,50.5,997249,2023-03-30 20:00:00,2023-03-31 07:00:00,0,180,50.5
"SLATE_2_SLASR1",2023-06-27 14:00:00,2023-06-27 19:07:00,50.5,997249,2023-06-27 21:00:00,2023-06-28 05:00:00,0,173,50.5
"SLATE_2_SLASR1",2023-07-29 14:00:00,2023-07-29 21:00:00,50.5,997249,2023-07-29 21:00:00,2023-07-30 06:00:00,0,120,50.5
"SLATE_2_SLASR1",2024-04-29 13:00:00,2024-04-29 18:14:00,50.5,997249,2024-04-29 20:00:00,2024-04-30 06:00:00,0,286,50.5
"SLATE_2_SLASR1",2024-05-07 13:00:00,2024-05-07 21:00:00,50.5,997249,2024-05-07 20:00:00,2024-05-08 06:00:00,0,120,50.5
"SLATE_2_SLASR1",2024-05-08 13:00:00,2024-05-08 16:57:00,50.5,997249,2024-05-08 20:00:00,2024-05-09 06:00:00,0,363,50.5
"SLATE_2_SLASR1",2024-08-15 13:00:00,2024-08-15 21:00:00,50.5,997249,2024-08-15 20:00:00,2024-08-16 06:00:00,0,120,50.5
"SLATE_2_SLASR1",2024-08-27 13:00:00,2024-08-27 19:05:00,50.5,997249,2024-08-27 20:00:00,2024-08-28 06:00:00,0,235,50.5
"SLATE_2_SLASR1",2024-12-02 23:00:00,2024-12-03 23:50:00,50.5,997249,2024-12-03 07:00:00,2024-12-04 08:00:00,0,10,50.5
"SLATE_2_SLASR4",2023-01-19 11:00:00,2023-01-19 23:00:00,63,288336,2023-01-19 19:00:00,2023-01-20 07:00:00,0,0,67.5
"SLATE_2_SLASR4",2023-02-04 09:00:00,2023-02-04 12:00:00,63,288336,2023-02-04 17:00:00,2023-02-04 20:00:00,0,0,67.5
"SLATE_2_SLASR4",2023-02-18 16:00:00,2023-02-18 23:00:00,63,288336,2023-02-19,2023-02-19 07:00:00,0,0,67.5
"SLATE_2_SLASR4",2024-04-15 15:00:00,2024-04-15 23:00:00,63,288336,2024-04-15 22:00:00,2024-04-16 06:00:00,0,0,67.5
"SLATE_2_SLASR4",2024-04-16 15:00:00,2024-04-16 23:00:00,63,288336,2024-04-16 22:00:00,2024-04-17 06:00:00,0,0,67.5
"SLATE_2_SLASR4",2024-04-17 15:00:00,2024-04-17 23:00:00,63,288336,2024-04-17 22:00:00,2024-04-18 06:00:00,0,0,67.5
"SLATE_2_SLASR4",2024-04-18 15:00:00,2024-04-18 18:00:00,63,288336,2024-04-18 22:00:00,2024-04-19 06:00:00,0,300,67.5
"SLRMS3_2_SRMSR1",2023-05-15 12:00:00,2023-05-15 22:00:00,250,107681,2023-05-15 19:00:00,2023-05-16 05:00:00,0,0,223.6
"SLRMS3_2_SRMSR1",2024-03-17 12:00:00,2024-03-17 23:00:00,250,107681,2024-03-17 19:00:00,2024-03-18 06:00:00,0,0,223.6
"SLRMS3_2_SRMSR1",2024-03-19 12:00:00,2024-03-19 23:00:00,250,107681,2024-03-19 19:00:00,2024-03-20 06:00:00,0,0,223.6
"SLRMS3_2_SRMSR1",2024-03-22 12:00:00,2024-03-22 23:00:00,250,107681,2024-03-22 19:00:00,2024-03-23 06:00:00,0,0,223.6
"SLRMS3_2_SRMSR1",2024-03-23 12:00:00,2024-03-23 23:00:00,250,107681,2024-03-23 19:00:00,2024-03-24 06:00:00,0,0,223.6
"SLRMS3_2_SRMSR1",2024-03-25 12:00:00,2024-03-25 23:00:00,250,107681,2024-03-25 19:00:00,2024-03-26 06:00:00,0,0,223.6
"SLRMS3_2_SRMSR1",2024-03-28 12:00:00,2024-03-28 23:00:00,250,107681,2024-03-28 19:00:00,2024-03-29 07:00:00,0,60,223.6
"SLRMS3_2_SRMSR1",2024-10-08 12:00:00,2024-10-09,250,107681,2024-10-08 19:00:00,2024-10-09 07:00:00,0,0,223.6
"SLRMS3_2_SRMSR1",2024-10-09 12:00:00,2024-10-09 23:59:00,250,107681,2024-10-09 19:00:00,2024-10-10 07:00:00,0,1,223.6
"SLRMS3_2_SRMSR1",2024-10-10 12:00:00,2024-10-10 23:30:00,250,107681,2024-10-10 19:00:00,2024-10-11 07:00:00,0,30,223.6
"SLRMS3_2_SRMSR1",2024-10-11 12:00:00,2024-10-11 22:59:00,250,107681,2024-10-11 19:00:00,2024-10-12 07:00:00,0,61,223.6
"SLSTR1_2_SOLAR1",2024-10-21 13:00:00,2024-10-21 23:00:00,310,126469,2024-10-21 20:00:00,2024-10-22 08:00:00,0,120,374
"SLSTR1_2_SOLAR1",2024-10-22 13:00:00,2024-10-22 23:00:00,310,126469,2024-10-22 20:00:00,2024-10-23 12:00:00,0,360,374
"SLUISP_2_UNITS",2023-06-05 23:00:00,2023-06-06,374.43,286209,2023-06-06 06:00:00,2023-06-06 22:00:00,0,900,378
"SLYCRK_1_UNIT 1",2023-04-10 23:00:00,2023-04-15 12:25:00,13,434763,2023-04-11 06:00:00,2023-04-15 23:00:00,0,215,10.57
"SLYCRK_1_UNIT 1",2023-05-21 23:00:00,2023-05-26 21:05:00,13,434763,2023-05-22 06:00:00,2023-05-27 11:00:00,0,415,10.57
"SLYCRK_1_UNIT 1",2024-08-07 23:00:00,2024-08-24 09:25:00,13,434763,2024-08-08 06:00:00,2024-08-24 18:00:00,0,95,10.57
"SLYCRK_1_UNIT 1",2024-09-11 01:00:00,2024-09-11 04:30:00,13,434763,2024-09-11 08:00:00,2024-09-11 13:00:00,0,90,10.57
"SLYCRK_1_UNIT 1",2024-09-30 17:00:00,2024-10-31 06:52:00,13,434763,2024-10-01,2024-11-01 05:00:00,0,908,10.57
"SNCLRA_6_OXGEN",2023-05-15,2023-05-16 05:00:00,47.7,426166,2023-05-15 07:00:00,2023-05-16 12:00:00,0,0,47.7
"SNCLRA_6_OXGEN",2024-01-19 16:00:00,2024-01-26 11:20:00,47.7,426166,2024-01-20,2024-01-26 21:00:00,0,100,47.7
"SNCLRA_6_OXGEN",2024-09-06 17:00:00,2024-09-12 08:00:00,47.7,426166,2024-09-07,2024-09-12 15:00:00,0,0,47.7
"SNCLRA_6_OXGEN",2024-10-29 01:00:00,2024-11-02 05:30:00,47.7,426166,2024-10-29 08:00:00,2024-11-02 14:00:00,0,90,47.7
"SNCLRA_6_PROCGN",2024-10-15 17:05:00,2024-10-16 10:45:00,47.9,462999,2024-10-16,2024-10-17 11:00:00,-5,1035,47
"SOLBLU_2_WSBBX2",2024-02-15 14:00:00,2024-02-15 14:35:00,225,530607,2024-02-15 22:00:00,2024-02-16,0,85,242
"SOLBLU_2_WSBBX2",2024-03-26 02:00:00,2024-03-26 02:27:00,225,530607,2024-03-26 09:00:00,2024-03-26 17:00:00,0,453,242
"SOLBLU_2_WSBBX2",2024-04-23 01:00:00,2024-04-23 01:05:00,225,530607,2024-04-23 08:00:00,2024-04-23 17:00:00,0,535,242
"SPAULD_6_UNIT 3",2023-12-19 03:59:00,2023-12-19 05:58:00,6.5,885000,2023-12-19 12:00:00,2024-01-12 15:00:00,1,34622,11.7
"SPAULD_6_UNIT 3",2024-03-07 16:00:00,2024-03-07 21:00:00,6.5,885000,2024-03-08,2024-03-13,0,6900,11.7
"SPAULD_6_UNIT12",2023-11-06 16:00:00,2023-11-07 15:59:00,11.4,212534,2023-11-07,2023-11-08,0,1,10.77
"SPBURN_2_UNIT 1",2024-10-30 17:00:00,2024-11-01 06:00:00,22,759770,2024-10-31,2024-11-02,0,660,24
"SPICER_1_UNITS",2023-04-11,2023-04-13 10:41:00,6,181860,2023-04-11 07:00:00,2023-04-13 19:00:00,0,79,6
"SPICER_1_UNITS",2023-05-20 20:00:00,2023-05-21 13:00:00,6,181860,2023-05-21 03:00:00,2023-05-22 12:00:00,0,960,6
"SPICER_1_UNITS",2023-08-04 03:00:00,2023-08-04 04:10:00,6,181860,2023-08-04 10:00:00,2023-08-04 13:00:00,0,110,6
"SPICER_1_UNITS",2023-10-01 21:00:00,2023-10-08 16:59:00,6,181860,2023-10-02 04:00:00,2023-10-09 01:00:00,0,61,6
"SPICER_1_UNITS",2024-03-18 01:00:00,2024-03-18 05:00:00,6,181860,2024-03-18 08:00:00,2024-03-18 14:00:00,0,120,6
"SPICER_1_UNITS",2024-05-14 04:00:00,2024-05-14 04:27:00,6,181860,2024-05-14 11:00:00,2024-05-14 13:00:00,0,93,6
"SPICER_1_UNITS",2024-07-30 02:00:00,2024-07-30 10:30:00,6,181860,2024-07-30 09:00:00,2024-07-30 19:00:00,0,90,6
"SPICER_1_UNITS",2024-08-28 02:00:00,2024-08-28 04:20:00,6,181860,2024-08-28 09:00:00,2024-08-28 13:00:00,0,100,6
"SPICER_1_UNITS",2024-11-18 23:00:00,2024-11-19 03:29:00,6,181860,2024-11-19 07:00:00,2024-11-19 15:00:00,0,211,6
"SPICER_1_UNITS",2024-12-16 23:00:00,2024-12-17 07:59:00,6,181860,2024-12-17 07:00:00,2024-12-19 16:00:00,0,2881,6
"SPOINT_2_PARKERDYN",2023-03-03 16:00:00,NA,200,296394,2023-03-04,NA,0,NA,12.39
"STANIS_7_UNIT 1",2023-02-21,2023-02-22 07:03:00,91,105576,2023-02-21 08:00:00,2023-02-22 17:00:00,0,117,91
"STANIS_7_UNIT 1",2023-10-22 01:00:00,2023-11-15 07:00:00,91,105576,2023-10-22 08:00:00,2023-11-15 17:00:00,0,120,91
"STANTN_2_STAGT2",2023-07-28 03:00:00,2023-07-28 03:59:00,49.65,164708,2023-07-28 10:00:00,2023-07-28 16:00:00,0,301,41
"STNRES_1_UNIT",2023-09-28 23:00:00,2023-09-29 09:01:00,19.9,142368,2023-09-29 06:00:00,2023-10-04,0,6239,25
"STOILS_1_UNITS",2023-04-20 16:59:00,2023-05-05 07:08:00,56.2,863132,2023-04-21,2023-09-20 11:00:00,1,198532,128
"SUNCAT_2_A1BBT1",2023-11-08 09:00:00,2023-11-08 09:30:00,63,208011,2023-11-08 17:00:00,2023-11-09 06:00:00,0,750,55.83
"SUNCAT_2_A1BBT1",2024-05-16 03:00:00,2024-05-16 04:00:00,63,208011,2024-05-16 10:00:00,2024-05-16 11:00:00,0,0,55.83
"SUNRIS_2_PL1X3",2023-03-02 16:00:00,2023-03-31 15:00:00,586.02,172074,2023-03-03,2023-04-01,0,120,586
"SYCAMR_2_UNIT 1",2023-10-11 17:01:00,2023-10-12 16:59:00,74,598138,2023-10-12,2023-10-13,-1,1,74
"SYCAMR_2_UNIT 3",2023-11-06 16:00:00,2023-11-07 15:59:00,74,761564,2023-11-07,2023-11-08 09:00:00,0,541,56
"SYCAMR_2_UNIT 3",2024-02-09 16:00:00,2024-02-22 15:59:00,74,761564,2024-02-10,2024-03-04 05:00:00,0,14701,56
"TAHOE_2_THOBT1",2024-12-10 10:00:00,2024-12-10 22:00:00,60,144713,2024-12-10 18:00:00,2024-12-11 07:00:00,0,60,52.5
"TAHOE_2_THOBT1",2024-12-12 10:00:00,2024-12-12 22:00:00,60,144713,2024-12-12 18:00:00,2024-12-13 07:00:00,0,60,52.5
"TAHOE_2_THOBT1",2024-12-16 10:00:00,2024-12-16 22:00:00,60,144713,2024-12-16 18:00:00,2024-12-17 07:00:00,0,60,52.5
"TAHOE_2_THOBT1",2024-12-17 10:00:00,2024-12-17 15:59:00,60,144713,2024-12-17 18:00:00,2024-12-18 07:00:00,0,421,52.5
"TAHOE_2_THOBT1",2024-12-18 10:00:00,2024-12-18 22:00:00,60,144713,2024-12-18 18:00:00,2024-12-19 07:00:00,0,60,52.5
"TAHOE_2_THOBT1",2024-12-20 10:00:00,2024-12-20 15:59:00,60,144713,2024-12-20 18:00:00,2024-12-21 07:00:00,0,421,52.5
"TAHOE_2_THOBT3",2024-11-20 16:00:00,2024-11-22 15:59:00,110,121702,2024-11-21,2024-12-03,0,14401,100
"TAHOE_2_THOBT3",2024-12-14 16:00:00,2024-12-17 15:59:00,110,121702,2024-12-15,2024-12-18,0,1,100
"TANHIL_6_SOLART",2023-04-17 23:00:00,2023-04-18 08:45:00,17,134471,2023-04-18 06:00:00,2023-04-18 18:00:00,0,135,27.2
"TBLMTN_6_QF",2024-05-15 15:00:00,2024-05-16 00:45:00,1.7,181331,2024-05-15 22:00:00,2024-05-16 17:00:00,0,555,1.76
"TECOLOTE_3_WBDYN",2024-12-17 22:00:00,2024-12-18 07:37:00,271.68,101153,2024-12-18 06:00:00,2024-12-19,0,503,295
"TEHAPI_2_PW2WD2",2023-01-09 23:00:00,2023-01-09 23:34:00,14.4,193972,2023-01-10 07:00:00,2023-01-10 10:00:00,0,146,19.85
"TENGEN_2_PL1X2",2023-04-06 08:00:00,2023-04-06 10:28:00,37.7,512382,2023-04-06 15:00:00,2023-04-07 07:00:00,0,812,53.5
"TENGEN_2_PL1X2",2023-04-18 08:00:00,2023-04-18 09:00:00,37.7,512382,2023-04-18 15:00:00,2023-04-19 07:00:00,0,900,53.5
"TERMEX_2_PL1X3",2023-03-31 17:00:00,2023-04-30 05:00:00,625,509317,2023-04-01,2023-05-01 16:00:00,0,1680,625
"TERMEX_2_PL1X3",2023-11-22 16:00:00,2023-11-25 15:59:00,625,509317,2023-11-23,2023-11-26,0,1,625
"TERMEX_2_PL1X3",2024-04-05 17:00:00,2024-04-17 16:59:00,625,509317,2024-04-06,2024-04-18,0,1,625
"TERMEX_2_PL1X3",2024-11-23 16:00:00,2024-11-27 15:59:00,625,509317,2024-11-24,2024-12-01,0,4321,625
"TIGRCK_7_UNITS",2023-06-09 03:00:00,2023-06-09 07:00:00,62,506140,2023-06-09 10:00:00,2023-06-11 09:00:00,0,2580,50
"TIGRCK_7_UNITS",2024-03-06,2024-03-06 06:37:00,62,506140,2024-03-06 08:00:00,2024-03-07 05:00:00,0,863,50
"TKOPWR_6_HYDRO",2024-10-14 14:00:00,2024-10-14 23:19:00,2.83,110775,2024-10-14 21:00:00,2024-10-15 07:00:00,0,41,2.73
"TOPAZ_2_SOLAR",2023-05-29 14:01:00,2023-05-29 22:00:00,550,192081,2023-05-29 21:00:00,2023-05-30 16:00:00,-1,660,375
"TOPAZ_2_SOLAR",2023-05-30 14:01:00,2023-05-30 22:00:00,550,192081,2023-05-30 21:00:00,2023-05-31 16:00:00,-1,660,375
"TOPAZ_2_SOLAR",2023-05-31 14:01:00,2023-05-31 22:00:00,550,192081,2023-05-31 21:00:00,2023-06-01 16:00:00,-1,660,375
"TOWNSITE_2_MEADDYN",2024-10-09 15:00:00,2024-10-09 19:00:00,180,530129,2024-10-09 22:00:00,2024-10-10 06:00:00,0,240,176
"TOWNSITE_2_MEADDYN",2024-10-22 15:00:00,2024-10-22 18:24:00,180,530129,2024-10-22 22:00:00,2024-10-23 06:00:00,0,276,176
"TOWNSITE_2_MEADDYN",2024-11-06 14:00:00,2024-11-06 22:00:00,180,530129,2024-11-06 22:00:00,2024-11-07 06:00:00,0,0,176
"TOWNSITE_2_MEADDYN",2024-11-07 14:00:00,2024-11-07 22:00:00,180,530129,2024-11-07 22:00:00,2024-11-08 06:00:00,0,0,176
"TRNQLT_2_RETBT1",2024-06-07 15:00:00,2024-06-07 16:59:00,72,670696,2024-06-07 22:00:00,2024-06-08 06:00:00,0,361,78
"TRNQLT_2_RETBT1",2024-06-17 14:00:00,2024-06-17 16:59:00,72,670696,2024-06-17 21:00:00,2024-06-18 12:00:00,0,721,78
"TRNQLT_2_RETBT1",2024-09-10 13:00:00,2024-09-10 14:44:00,72,670696,2024-09-10 20:00:00,2024-09-18 12:00:00,0,10936,78
"TRNQLT_2_SOLAR",2023-11-01 12:00:00,2023-11-01 21:00:00,200,123202,2023-11-01 19:00:00,2023-11-02 09:00:00,0,300,123
"TULARE_2_TFCBM1",2024-04-10 17:00:00,2024-04-12 01:00:00,2.8,257250,2024-04-11,2024-04-30 09:00:00,0,25980,2
"TULLCK_7_UNITS",2023-03-20,2023-03-20 00:40:00,25.9,134646,2023-03-20 07:00:00,2023-03-20 08:00:00,0,20,25.9
"TULLCK_7_UNITS",2023-05-15 18:00:00,2023-05-15 19:00:00,25.9,134646,2023-05-16 01:00:00,2023-05-16 02:00:00,0,0,25.9
"TULLCK_7_UNITS",2023-05-16 18:00:00,2023-05-16 18:54:00,25.9,134646,2023-05-17 01:00:00,2023-05-17 02:00:00,0,6,25.9
"TULLCK_7_UNITS",2023-05-18 18:00:00,2023-05-18 18:57:00,25.9,134646,2023-05-19 01:00:00,2023-05-19 02:00:00,0,3,25.9
"TULLCK_7_UNITS",2023-05-19 18:00:00,2023-05-19 18:56:00,25.9,134646,2023-05-20 01:00:00,2023-05-20 02:00:00,0,4,25.9
"TULLCK_7_UNITS",2023-05-20 18:00:00,2023-05-20 19:00:00,25.9,134646,2023-05-21 01:00:00,2023-05-21 02:00:00,0,0,25.9
"TULLCK_7_UNITS",2023-05-21 18:00:00,2023-05-21 18:55:00,25.9,134646,2023-05-22 01:00:00,2023-05-22 02:00:00,0,5,25.9
"TULLCK_7_UNITS",2023-05-23 18:00:00,2023-05-23 18:39:00,25.9,134646,2023-05-24 01:00:00,2023-05-24 02:00:00,0,21,25.9
"TULLCK_7_UNITS",2023-05-24 18:00:00,2023-05-24 18:43:00,25.9,134646,2023-05-25 01:00:00,2023-05-25 02:00:00,0,17,25.9
"TULLCK_7_UNITS",2023-05-25 18:00:00,2023-05-26 04:38:00,25.9,134646,2023-05-26 01:00:00,2023-05-26 12:00:00,0,22,25.9
"TULLCK_7_UNITS",2023-05-26 18:00:00,2023-05-26 18:36:00,25.9,134646,2023-05-27 01:00:00,2023-05-27 02:00:00,0,24,25.9
"TULLCK_7_UNITS",2023-11-29 22:00:00,2023-11-29 23:00:00,25.9,134646,2023-11-30 06:00:00,2023-11-30 07:00:00,0,0,25.9
"TULLCK_7_UNITS",2024-05-27 23:00:00,2024-05-28,25.9,134646,2024-05-28 06:00:00,2024-05-28 07:00:00,0,0,25.9
"TULLCK_7_UNITS",2024-10-09 23:00:00,2024-10-10 10:22:00,25.9,134646,2024-10-10 06:00:00,2024-10-10 18:00:00,0,38,25.9
"TULLCK_7_UNITS",2024-10-22 23:02:00,2024-10-23,25.9,134646,2024-10-23 06:00:00,2024-10-23 07:00:00,-2,0,25.9
"TVYVLY_6_KRSHY1",2024-02-12 06:00:00,2024-02-14 08:15:00,1.3,177834,2024-02-12 14:00:00,2024-02-16 23:00:00,0,3285,486
"TWISSL_6_SOLAR1",2024-04-11 04:00:00,2024-04-11 11:00:00,20,555216,2024-04-11 11:00:00,2024-04-12 07:00:00,0,780,219.7
"TX-ELK_6_SOLAR1",2023-03-24 01:00:00,2023-03-24 05:00:00,1.5,978009,2023-03-24 08:00:00,2023-03-24 19:00:00,0,420,2
"UKIAH_7_LAKEMN",2024-11-26 16:01:00,2024-12-01 15:59:00,3.5,163157,2024-11-27,2024-12-02 20:00:00,-1,1201,3.5
"ULTPFR_1_UNIT 1",2023-03-05 08:00:00,2023-03-07 15:00:00,24.3,364961,2023-03-05 16:00:00,2023-03-10 11:00:00,0,3600,25
"ULTRCK_2_UNIT",2023-11-02 05:00:00,2023-11-04 08:45:00,24.4,206861,2023-11-02 12:00:00,2023-11-06 10:00:00,0,2535,25
"UNVRSY_1_UNIT 1",2023-02-01 16:00:00,2023-02-04 15:59:00,38,723238,2023-02-02,2023-02-05,0,1,38
"USWND2_1_WIND2",2024-09-26 04:01:00,2024-09-26 07:00:00,42.96,132195,2024-09-26 11:00:00,2024-09-26 15:00:00,-1,60,77
"USWND2_1_WIND3",2024-10-10 10:00:00,2024-10-10 11:30:00,46,167179,2024-10-10 17:00:00,2024-10-11,0,330,62
"USWNDR_2_SMUD2",2023-10-30 01:00:00,2023-11-02 10:00:00,127.8,970587,2023-10-30 08:00:00,2023-11-03 16:00:00,0,1380,127.8
"USWNDR_2_SMUD2",2023-11-21 23:00:00,2023-11-22 08:27:00,127.8,970587,2023-11-22 07:00:00,2023-11-22 21:00:00,0,273,127.8
"USWPFK_6_FRICK",2023-10-03,2023-10-03 09:01:00,10,166958,2023-10-03 07:00:00,2023-10-03 19:00:00,0,179,10
"USWPFK_6_FRICK",2024-02-06 22:00:00,2024-02-07 10:00:00,10,166958,2024-02-07 06:00:00,2024-02-07 18:00:00,0,0,10
"USWPFK_6_FRICK",2024-03-22,2024-03-25 12:00:00,10,166958,2024-03-22 07:00:00,2024-03-25 19:00:00,0,0,10
"USWPFK_6_FRICK",2024-04-03 03:00:00,2024-04-03 05:00:00,10,166958,2024-04-03 10:00:00,2024-04-03 12:00:00,0,0,10
"USWPFK_6_FRICK",2024-05-29 08:00:00,2024-05-29 11:00:00,10,166958,2024-05-29 15:00:00,2024-05-29 18:00:00,0,0,10
"USWPFK_6_FRICK",2024-10-01,2024-10-01 09:14:00,10,166958,2024-10-01 07:00:00,2024-10-01 19:00:00,0,166,10
"USWPFK_6_FRICK",2024-12-16 22:00:00,2024-12-20 09:00:00,10,166958,2024-12-17 06:00:00,2024-12-20 17:00:00,0,0,10
"USWPJR_2_UNITS",2023-03-29 09:56:00,2023-03-29 11:00:00,78.2,145433,2023-03-29 17:00:00,2023-03-31 10:00:00,4,2400,75
"VACADX_1_UNITA1",2023-03-06 16:00:00,2023-03-07 04:00:00,51.91,935836,2023-03-07,2023-03-15,0,10800,50
"VALTNE_2_AVASR1",2024-01-24 09:00:00,2024-01-24 13:30:00,100,118279,2024-01-24 17:00:00,2024-01-25 06:00:00,0,510,100
"VALTNE_2_AVASR1",2024-03-07 10:00:00,2024-03-07 12:06:00,100,118279,2024-03-07 18:00:00,2024-03-08 06:00:00,0,594,100
"VALTNE_2_TSBBT1",2024-11-21 16:00:00,NA,18,510425,2024-11-22,NA,0,NA,2
"VEGA_6_SOLAR1",2023-04-12 12:00:00,2023-04-12 16:59:00,20,181841,2023-04-12 19:00:00,2023-04-13 06:00:00,0,361,20
"VEGA_6_SOLAR1",2023-12-07 09:00:00,2023-12-07 21:00:00,20,181841,2023-12-07 17:00:00,2023-12-08 06:00:00,0,60,20
"VEGA_6_SOLAR1",2023-12-08 09:00:00,2023-12-08 09:52:00,20,181841,2023-12-08 17:00:00,2023-12-09 06:00:00,0,728,20
"VEGA_6_SOLAR1",2024-06-12 13:00:00,2024-06-12 22:30:00,20,181841,2024-06-12 20:00:00,2024-06-13 06:00:00,0,30,20
"VENWD_1_WIND3",2023-03-22 05:59:00,2023-03-24 01:49:00,44.53,171401,2023-03-22 13:00:00,2023-04-03 05:00:00,1,14171,25
"VERNON_6_GONZL1",2023-04-05 02:00:00,2023-04-05 05:00:00,5.75,256419,2023-04-05 09:00:00,2023-04-05 17:00:00,0,300,4
"VERNON_6_MALBRG",2023-11-30 16:00:00,2023-12-16 15:59:00,139,117281,2023-12-01,2024-01-01,0,21601,139
"VERNON_6_MALBRG",2024-11-30 16:00:00,2024-12-31 15:59:00,139,117281,2024-12-01,2025-01-01,0,1,139
"VESTAL_2_BTNBT1",2024-12-03 08:00:00,2024-12-03 08:30:00,80,255706,2024-12-03 16:00:00,2024-12-03 23:00:00,0,390,80
"VESTAL_2_SOLAR1",2023-11-27 06:00:00,2023-11-27 08:00:00,20,214685,2023-11-27 14:00:00,2023-11-27 17:00:00,0,60,20
"VICPAS_2_SOCBT2",2024-04-09 22:00:00,2024-04-09 23:00:00,71,213716,2024-04-10 05:00:00,2024-04-10 08:00:00,0,120,96
"VICPAS_2_SOCBT2",2024-04-10 22:00:00,2024-04-10 23:00:00,71,213716,2024-04-11 05:00:00,2024-04-11 08:00:00,0,120,96
"VICPAS_2_SOCBT2",2024-04-15 22:00:00,2024-04-15 23:00:00,71,213716,2024-04-16 05:00:00,2024-04-16 08:00:00,0,120,96
"VICPAS_2_SOCBT2",2024-05-01 22:00:00,2024-05-01 23:00:00,71,213716,2024-05-02 05:00:00,2024-05-02 08:00:00,0,120,96
"VICPAS_2_SOCBT2",2024-05-02 22:00:00,2024-05-02 23:00:00,71,213716,2024-05-03 05:00:00,2024-05-03 08:00:00,0,120,96
"VICPAS_2_SOCBT2",2024-05-27 22:00:00,2024-05-27 23:00:00,71,213716,2024-05-28 05:00:00,2024-05-28 08:00:00,0,120,96
"VICPAS_2_SOCBT2",2024-06-03 22:00:00,2024-06-03 23:00:00,71,213716,2024-06-04 05:00:00,2024-06-04 08:00:00,0,120,96
"VICPAS_2_SOCSR2",2023-11-06 09:00:00,2023-11-06 23:00:00,93.5,199925,2023-11-06 17:00:00,2023-11-07 07:00:00,0,0,100
"VICPAS_2_SOCSR2",2023-11-07 09:00:00,2023-11-07 23:00:00,93.5,199925,2023-11-07 17:00:00,2023-11-08 07:00:00,0,0,100
"VICPAS_2_SOCSR2",2023-11-08 09:00:00,2023-11-08 23:00:00,93.5,199925,2023-11-08 17:00:00,2023-11-09 07:00:00,0,0,100
"VICPAS_2_SOCSR2",2023-11-09 09:00:00,2023-11-09 23:00:00,93.5,199925,2023-11-09 17:00:00,2023-11-10 07:00:00,0,0,100
"VICPAS_2_SOCSR2",2023-11-15 09:00:00,2023-11-15 23:00:00,93.5,199925,2023-11-15 17:00:00,2023-11-16 07:00:00,0,0,100
"VICPAS_2_SOCSR2",2023-11-16 09:00:00,2023-11-16 23:00:00,93.5,199925,2023-11-16 17:00:00,2023-11-17 07:00:00,0,0,100
"VICPAS_2_SOCSR2",2023-11-17 09:00:00,2023-11-17 23:00:00,93.5,199925,2023-11-17 17:00:00,2023-11-18 08:00:00,0,60,100
"VICPAS_2_SOCSR2",2023-11-18 09:00:00,2023-11-18 23:00:00,93.5,199925,2023-11-18 17:00:00,2023-11-19 08:00:00,0,60,100
"VICPAS_2_SOCSR2",2023-11-21 09:00:00,2023-11-21 23:00:00,93.5,199925,2023-11-21 17:00:00,2023-11-22 08:00:00,0,60,100
"VICPAS_2_SOCSR2",2023-11-22 09:00:00,2023-11-22 23:00:00,93.5,199925,2023-11-22 17:00:00,2023-11-23 07:00:00,0,0,100
"VICPAS_2_SOCSR2",2023-11-23 09:00:00,2023-11-23 23:00:00,93.5,199925,2023-11-23 17:00:00,2023-11-24 08:00:00,0,60,100
"VICPAS_2_SOCSR2",2023-11-24 09:00:00,2023-11-24 23:00:00,93.5,199925,2023-11-24 17:00:00,2023-11-25 08:00:00,0,60,100
"VICPAS_2_SOCSR2",2023-11-25 09:00:00,2023-11-25 23:00:00,93.5,199925,2023-11-25 17:00:00,2023-11-26 08:00:00,0,60,100
"VICPAS_2_SOCSR2",2023-11-26 09:00:00,2023-11-26 23:00:00,93.5,199925,2023-11-26 17:00:00,2023-11-27 08:00:00,0,60,100
"VICPAS_2_SOCSR2",2023-11-27 09:00:00,2023-11-27 23:00:00,93.5,199925,2023-11-27 17:00:00,2023-11-28 07:00:00,0,0,100
"VICPAS_2_SOCSR2",2023-12-02 09:00:00,2023-12-02 23:00:00,93.5,199925,2023-12-02 17:00:00,2023-12-03 07:00:00,0,0,100
"VICPAS_2_SOCSR2",2023-12-15 09:00:00,2023-12-15 23:00:00,93.5,199925,2023-12-15 17:00:00,2023-12-16 08:00:00,0,60,100
"VICPAS_2_SOCSR2",2023-12-16 09:00:00,2023-12-16 23:00:00,93.5,199925,2023-12-16 17:00:00,2023-12-17 08:00:00,0,60,100
"VICPAS_2_SOCSR2",2023-12-17 09:00:00,2023-12-18,93.5,199925,2023-12-17 17:00:00,2023-12-18 08:00:00,0,0,100
"VICPAS_2_SOCSR2",2023-12-23 09:00:00,2023-12-23 23:00:00,93.5,199925,2023-12-23 17:00:00,2023-12-24 07:00:00,0,0,100
"VICPAS_2_SOCSR2",2023-12-24 09:00:00,2023-12-24 23:00:00,93.5,199925,2023-12-24 17:00:00,2023-12-25 07:00:00,0,0,100
"VICPAS_2_SOCSR2",2023-12-25 09:00:00,2023-12-25 23:00:00,93.5,199925,2023-12-25 17:00:00,2023-12-26 07:00:00,0,0,100
"VICPAS_2_SOCSR2",2023-12-26 09:00:00,2023-12-26 23:00:00,93.5,199925,2023-12-26 17:00:00,2023-12-27 07:00:00,0,0,100
"VICPAS_2_SOCSR2",2023-12-27 09:00:00,2023-12-27 23:00:00,93.5,199925,2023-12-27 17:00:00,2023-12-28 07:00:00,0,0,100
"VICPAS_2_SOCSR2",2023-12-31 09:00:00,2023-12-31 10:00:00,93.5,199925,2023-12-31 17:00:00,2024-01-01 07:00:00,0,780,100
"VICPAS_2_SOCSR2",2024-01-26 10:00:00,2024-01-26 23:00:00,93.5,199925,2024-01-26 18:00:00,2024-01-27 07:00:00,0,0,100
"VICPAS_2_SOCSR2",2024-02-22 10:00:00,2024-02-22 22:00:00,93.5,199925,2024-02-22 18:00:00,2024-02-23 06:00:00,0,0,100
"VICPAS_2_SOCSR2",2024-02-23 10:00:00,2024-02-23 22:00:00,93.5,199925,2024-02-23 18:00:00,2024-02-24 06:00:00,0,0,100
"VICPAS_2_SOCSR2",2024-03-02 10:00:00,2024-03-02 22:00:00,93.5,199925,2024-03-02 18:00:00,2024-03-03 06:00:00,0,0,100
"VICPAS_2_SOCSR2",2024-03-16 12:00:00,2024-03-16 22:00:00,93.5,199925,2024-03-16 19:00:00,2024-03-17 07:00:00,0,120,100
"VICPAS_2_SOCSR2",2024-03-17 12:00:00,2024-03-17 22:00:00,93.5,199925,2024-03-17 19:00:00,2024-03-18 07:00:00,0,120,100
"VICPAS_2_SOCSR2",2024-03-19 12:00:00,2024-03-19 23:00:00,93.5,199925,2024-03-19 19:00:00,2024-03-20 07:00:00,0,60,100
"VICPAS_2_SOCSR2",2024-03-20 12:00:00,2024-03-20 23:00:00,93.5,199925,2024-03-20 19:00:00,2024-03-21 07:00:00,0,60,100
"VICPAS_2_SOCSR2",2024-03-21 12:00:00,2024-03-21 23:00:00,93.5,199925,2024-03-21 19:00:00,2024-03-22 07:00:00,0,60,100
"VICPAS_2_SOCSR2",2024-03-22 12:00:00,2024-03-22 23:00:00,93.5,199925,2024-03-22 19:00:00,2024-03-23 07:00:00,0,60,100
"VICPAS_2_SOCSR2",2024-03-23 12:00:00,2024-03-23 23:00:00,93.5,199925,2024-03-23 19:00:00,2024-03-24 07:00:00,0,60,100
"VICPAS_2_SOCSR2",2024-03-24 12:00:00,2024-03-24 23:00:00,93.5,199925,2024-03-24 19:00:00,2024-03-25 07:00:00,0,60,100
"VICPAS_2_SOCSR2",2024-03-25 12:00:00,2024-03-25 16:59:00,93.5,199925,2024-03-25 19:00:00,2024-03-26 07:00:00,0,421,100
"VICPAS_2_VPSSR1",2024-04-07 22:00:00,2024-04-07 23:00:00,200,199791,2024-04-08 05:00:00,2024-04-08 08:00:00,0,120,102
"VICPAS_2_VPSSR1",2024-04-09 22:00:00,2024-04-09 23:00:00,200,199791,2024-04-10 05:00:00,2024-04-10 08:00:00,0,120,102
"VICPAS_2_VPSSR1",2024-05-09 22:00:00,2024-05-09 23:00:00,200,199791,2024-05-10 05:00:00,2024-05-10 08:00:00,0,120,102
"VICPAS_2_VPSSR1",2024-05-23 22:00:00,2024-05-23 23:00:00,200,199791,2024-05-24 05:00:00,2024-05-24 08:00:00,0,120,102
"VICPAS_2_VPSSR1",2024-06-03 22:00:00,2024-06-03 23:00:00,200,199791,2024-06-04 05:00:00,2024-06-04 08:00:00,0,120,102
"VICPAS_2_VPSSR1",2024-06-05 22:00:00,2024-06-05 22:58:00,200,199791,2024-06-06 05:00:00,2024-06-06 08:00:00,0,122,102
"VICTOR_1_LMISR2",2024-06-17 02:00:00,2024-06-18 02:00:00,1.5,652315,2024-06-17 09:00:00,2024-07-12 06:00:00,0,34380,225
"VICTOR_1_SOLAR1",2024-06-17 13:00:00,2024-06-17 22:00:00,17.5,482688,2024-06-17 20:00:00,2024-06-18 05:00:00,0,0,17
"VICTOR_1_SOLAR1",2024-06-18 13:00:00,2024-06-18 22:00:00,17.5,482688,2024-06-18 20:00:00,2024-06-19 05:00:00,0,0,17
"VICTOR_1_SOLAR2",2024-11-04 11:00:00,2024-11-04 20:00:00,20,159086,2024-11-04 19:00:00,2024-11-05 07:00:00,0,180,20
"VICTOR_1_SOLAR2",2024-11-05 11:00:00,2024-11-05 16:00:00,20,159086,2024-11-05 19:00:00,2024-11-06 07:00:00,0,420,20
"VICTOR_1_SOLAR2",2024-11-06 11:00:00,2024-11-06 20:00:00,20,159086,2024-11-06 19:00:00,2024-11-07 07:00:00,0,180,20
"VICTOR_1_SOLAR3",2023-05-07 06:57:00,2023-05-07 07:24:00,7,777449,2023-05-07 14:00:00,2023-05-07 16:00:00,3,96,408
"VIKING_2_VCBBT1",2024-11-21 12:00:00,2024-11-21 13:00:00,150,145233,2024-11-21 20:00:00,2024-11-22 05:00:00,0,480,125
"VISTRA_5_DALBT2",2024-06-11 04:01:00,2024-06-11 06:00:00,100,495559,2024-06-11 11:00:00,2024-06-11 14:00:00,-1,60,100
"VISTRA_5_DALBT4",2023-06-28 07:00:00,2023-06-28 08:00:00,100,147278,2023-06-28 14:00:00,2023-06-28 15:00:00,0,0,127.5
"VISTRA_5_DALBT4",2024-04-23 04:01:00,2024-04-23 04:18:00,100,147278,2024-04-23 11:00:00,2024-04-23 14:00:00,-1,162,127.5
"VISTRA_5_PLABT1",2023-04-10 05:00:00,2023-04-10 06:00:00,100.4,173967,2023-04-10 12:00:00,2023-04-12 12:00:00,0,2820,100
"VISTRA_5_PLABT1",2023-04-12 09:00:00,2023-04-12 10:00:00,100.4,173967,2023-04-12 16:00:00,2023-04-13 10:00:00,0,1020,100
"VISTRA_5_PLABT1",2023-04-13 09:00:00,2023-04-13 10:00:00,100.4,173967,2023-04-13 16:00:00,2023-04-14 09:00:00,0,960,100
"VISTRA_5_PLABT1",2023-04-15 09:00:00,2023-04-15 10:00:00,100.4,173967,2023-04-15 16:00:00,2023-04-16 10:00:00,0,1020,100
"VISTRA_5_PLABT1",2023-04-16 09:00:00,2023-04-16 10:00:00,100.4,173967,2023-04-16 16:00:00,2023-04-17 10:00:00,0,1020,100
"VISTRA_5_PLABT1",2023-04-20 07:00:00,2023-04-20 08:00:00,100.4,173967,2023-04-20 14:00:00,2023-04-20 15:00:00,0,0,100
"VISTRA_5_PLABT1",2023-04-20 09:00:00,2023-04-20 10:00:00,100.4,173967,2023-04-20 16:00:00,2023-04-21 15:00:00,0,1320,100
"VISTRA_5_PLABT1",2023-04-23 11:00:00,2023-04-24 02:00:00,100.4,173967,2023-04-23 18:00:00,2023-04-24 09:00:00,0,0,100
"VISTRA_5_PLABT1",2023-05-01 08:00:00,2023-05-02 05:00:00,100.4,173967,2023-05-01 15:00:00,2023-05-04 09:00:00,0,2700,100
"VOLTA_2_UNIT 1",2023-08-07 10:00:00,2023-08-17 02:49:00,9.1,711583,2023-08-07 17:00:00,2023-09-16 12:00:00,0,43331,29
"VOLTA_2_UNIT 2",2023-11-14 01:00:00,2023-11-14 01:47:00,1,197004,2023-11-14 09:00:00,2023-11-14 14:00:00,0,253,1
"VOLTA_6_BAILCK",2023-07-12 19:00:00,2023-07-13 05:00:00,0.63,338295,2023-07-13 02:00:00,2023-07-17,0,5040,0.49
"VOLTA_7_PONHY1",2024-04-12 16:01:00,2024-04-12 21:22:00,1.25,270946,2024-04-12 23:00:00,2024-08-14,-1,176858,2
"VOYAGR_2_VOYWD1",2024-06-06,2024-06-06 12:00:00,128.91,178982,2024-06-06 07:00:00,2024-06-06 23:00:00,0,240,83
"VOYAGR_2_VOYWD2",2024-06-04,2024-06-04 10:00:00,126.35,117001,2024-06-04 07:00:00,2024-06-05,0,420,112.5
"VOYAGR_2_VOYWD3",2024-06-05,2024-06-05 12:27:00,42.45,999824,2024-06-05 07:00:00,2024-06-06,0,273,84
"WADHAM_6_UNIT",2023-12-20 16:01:00,2023-12-21 23:00:00,29.07,839810,2023-12-21,2023-12-25,-1,3900,26.61
"WALCRK_2_CTG2",2023-05-06 18:00:00,2023-05-06 22:00:00,96.91,542415,2023-05-07 01:00:00,2023-05-07 07:00:00,0,120,42
"WALCRK_2_CTG2",2023-05-11 18:00:00,2023-05-11 22:00:00,96.91,542415,2023-05-12 01:00:00,2023-05-12 07:00:00,0,120,42
"WALCRK_2_CTG2",2023-05-14 18:00:00,2023-05-14 22:00:00,96.91,542415,2023-05-15 01:00:00,2023-05-15 07:00:00,0,120,42
"WALCRK_2_CTG2",2023-05-17 18:00:00,2023-05-17 22:00:00,96.91,542415,2023-05-18 01:00:00,2023-05-18 07:00:00,0,120,42
"WALCRK_2_CTG2",2023-06-21 18:00:00,2023-06-21 22:00:00,96.91,542415,2023-06-22 01:00:00,2023-06-22 07:00:00,0,120,42
"WALCRK_2_CTG2",2023-06-27 18:00:00,2023-06-27 22:00:00,96.91,542415,2023-06-28 01:00:00,2023-06-28 07:00:00,0,120,42
"WALCRK_2_CTG2",2023-07-03 18:00:00,2023-07-03 22:00:00,96.91,542415,2023-07-04 01:00:00,2023-07-04 07:00:00,0,120,42
"WALCRK_2_CTG2",2023-07-04 18:00:00,2023-07-04 22:00:00,96.91,542415,2023-07-05 01:00:00,2023-07-05 07:00:00,0,120,42
"WALCRK_2_CTG2",2023-07-05 18:00:00,2023-07-05 22:00:00,96.91,542415,2023-07-06 01:00:00,2023-07-06 07:00:00,0,120,42
"WALCRK_2_CTG2",2023-07-06 18:00:00,2023-07-06 22:00:00,96.91,542415,2023-07-07 01:00:00,2023-07-07 07:00:00,0,120,42
"WALCRK_2_CTG2",2023-07-08 18:00:00,2023-07-08 22:00:00,96.91,542415,2023-07-09 01:00:00,2023-07-09 07:00:00,0,120,42
"WALCRK_2_CTG2",2023-07-09 18:00:00,2023-07-09 22:00:00,96.91,542415,2023-07-10 01:00:00,2023-07-10 07:00:00,0,120,42
"WALCRK_2_CTG2",2023-07-11 18:00:00,2023-07-11 22:00:00,96.91,542415,2023-07-12 01:00:00,2023-07-12 07:00:00,0,120,42
"WALCRK_2_CTG2",2023-07-14 18:00:00,2023-07-14 22:00:00,96.91,542415,2023-07-15 01:00:00,2023-07-15 07:00:00,0,120,42
"WALCRK_2_CTG2",2023-08-03 18:00:00,2023-08-03 22:00:00,96.91,542415,2023-08-04 01:00:00,2023-08-04 07:00:00,0,120,42
"WALCRK_2_CTG2",2023-08-04 18:00:00,2023-08-04 22:00:00,96.91,542415,2023-08-05 01:00:00,2023-08-05 07:00:00,0,120,42
"WALCRK_2_CTG2",2023-08-08 18:00:00,2023-08-08 22:00:00,96.91,542415,2023-08-09 01:00:00,2023-08-09 07:00:00,0,120,42
"WALCRK_2_CTG2",2023-08-24 18:00:00,2023-08-24 22:00:00,96.91,542415,2023-08-25 01:00:00,2023-08-25 07:00:00,0,120,42
"WALCRK_2_CTG2",2023-08-30 18:00:00,2023-08-30 22:00:00,96.91,542415,2023-08-31 01:00:00,2023-08-31 07:00:00,0,120,42
"WALCRK_2_CTG2",2023-08-31 18:00:00,2023-08-31 22:00:00,96.91,542415,2023-09-01 01:00:00,2023-09-01 07:00:00,0,120,42
"WALCRK_2_CTG2",2023-09-01 18:00:00,2023-09-01 22:00:00,96.91,542415,2023-09-02 01:00:00,2023-09-02 07:00:00,0,120,42
"WALCRK_2_CTG2",2023-09-03 18:00:00,2023-09-03 22:00:00,96.91,542415,2023-09-04 01:00:00,2023-09-04 07:00:00,0,120,42
"WALCRK_2_CTG2",2023-09-04 18:00:00,2023-09-04 22:00:00,96.91,542415,2023-09-05 01:00:00,2023-09-05 07:00:00,0,120,42
"WALCRK_2_CTG2",2023-09-05 18:00:00,2023-09-05 22:00:00,96.91,542415,2023-09-06 01:00:00,2023-09-06 07:00:00,0,120,42
"WALCRK_2_CTG2",2023-09-07 18:00:00,2023-09-07 22:00:00,96.91,542415,2023-09-08 01:00:00,2023-09-08 07:00:00,0,120,42
"WALCRK_2_CTG2",2023-09-08 18:00:00,2023-09-08 22:00:00,96.91,542415,2023-09-09 01:00:00,2023-09-09 07:00:00,0,120,42
"WALCRK_2_CTG2",2023-09-09 18:00:00,2023-09-09 22:00:00,96.91,542415,2023-09-10 01:00:00,2023-09-10 07:00:00,0,120,42
"WALCRK_2_CTG2",2023-09-10 18:00:00,2023-09-10 22:00:00,96.91,542415,2023-09-11 01:00:00,2023-09-11 07:00:00,0,120,42
"WALCRK_2_CTG2",2023-09-11 18:00:00,2023-09-11 22:00:00,96.91,542415,2023-09-12 01:00:00,2023-09-12 07:00:00,0,120,42
"WALCRK_2_CTG2",2024-06-25 17:00:00,2024-06-26 09:00:00,100.1,542415,2024-06-26,2024-06-29,0,3360,42
"WARNE_2_UNIT",2023-02-06 07:59:00,2023-02-06 08:30:00,76,938239,2023-02-06 16:00:00,2023-03-17 10:00:00,1,55770,88
"WDLEAF_7_UNIT 1",2023-02-05 20:00:00,2023-02-17 07:50:00,60,236353,2023-02-06 04:00:00,2023-02-17 18:00:00,0,130,60
"WDLEAF_7_UNIT 1",2023-04-10 23:00:00,2023-04-15 12:24:00,60,236353,2023-04-11 06:00:00,2023-04-15 21:00:00,0,96,60
"WDLEAF_7_UNIT 1",2023-10-09,2023-10-13 09:12:00,60,236353,2023-10-09 07:00:00,2023-10-14 05:00:00,0,768,60
"WDLEAF_7_UNIT 1",2024-01-31 16:00:00,2024-02-23 09:49:00,60,236353,2024-02-01,2024-02-23 20:00:00,0,131,60
"WDLEAF_7_UNIT 1",2024-04-23 04:00:00,2024-04-23 08:22:00,60,236353,2024-04-23 11:00:00,2024-04-23 16:00:00,0,38,60
"WDLEAF_7_UNIT 1",2024-08-07 23:00:00,2024-08-24 09:25:00,60,236353,2024-08-08 06:00:00,2024-08-24 18:00:00,0,95,60
"WEBER_6_FORWRD",2023-01-14 12:00:00,2023-01-16 15:59:00,4.2,170852,2023-01-14 20:00:00,2023-01-18 17:00:00,0,2461,40
"WESCAN_2_BDSBT1",2023-07-10 13:00:00,2023-07-10 23:00:00,131,695464,2023-07-10 20:00:00,2023-07-12 10:00:00,0,1680,131
"WESCAN_2_BDSBT1",2023-07-14 12:00:00,2023-07-15 01:00:00,131,695464,2023-07-14 19:00:00,2023-07-15 09:00:00,0,60,131
"WESCAN_2_BDSBT1",2023-07-16 12:00:00,2023-07-17 01:00:00,131,695464,2023-07-16 19:00:00,2023-07-17 10:00:00,0,120,131
"WESCAN_2_BDSBT1",2023-07-17 12:00:00,2023-07-18 01:00:00,131,695464,2023-07-17 19:00:00,2023-07-18 10:00:00,0,120,131
"WESCAN_2_BDSBT1",2023-07-18 12:00:00,2023-07-19 00:45:00,131,695464,2023-07-18 19:00:00,2023-07-19 10:00:00,0,135,131
"WESCAN_2_BDSBT1",2023-07-19 12:00:00,2023-07-20 01:00:00,131,695464,2023-07-19 19:00:00,2023-07-20 11:00:00,0,180,131
"WESCAN_2_BDSBT1",2023-07-20 12:00:00,2023-07-21 00:34:00,131,695464,2023-07-20 19:00:00,2023-07-21 09:00:00,0,86,131
"WESCAN_2_BDSBT1",2023-07-21 12:00:00,2023-07-22 00:34:00,131,695464,2023-07-21 19:00:00,2023-07-24 10:00:00,0,3026,131
"WESCAN_2_BDSBT1",2023-07-24 12:00:00,2023-07-25,131,695464,2023-07-24 19:00:00,2023-07-25 10:00:00,0,180,131
"WESTPT_2_UNIT",2023-12-13 12:00:00,2023-12-13 23:00:00,14,160896,2023-12-13 20:00:00,2023-12-14 16:00:00,0,540,3
"WFRESN_1_SOLAR",2024-02-15 04:00:00,2024-03-08 03:30:00,1.5,371350,2024-02-15 12:00:00,NA,0,NA,1
"WILLMS_6_ARBBM1",2023-01-12 02:55:00,2023-01-12 04:27:00,3,368055,2023-01-12 11:00:00,2023-01-12 16:00:00,5,213,3.43
"WILLMS_6_ARBBM1",2023-02-06 13:00:00,2023-02-06 17:34:00,3,368055,2023-02-06 21:00:00,2023-02-07 07:00:00,0,326,3.43
"WILLMS_6_ARBBM1",2023-03-02 14:00:00,2023-03-02 19:00:00,3,368055,2023-03-02 22:00:00,2023-03-03 07:00:00,0,240,3.43
"WILLMS_6_ARBBM1",2023-05-16 03:55:00,2023-05-16 08:58:00,3,368055,2023-05-16 11:00:00,2023-05-16 16:00:00,5,2,3.43
"WILLMS_6_ARBBM1",2023-07-23 04:00:00,2023-07-23 07:00:00,3,368055,2023-07-23 11:00:00,2023-07-23 16:00:00,0,120,3.43
"WILLMS_6_ARBBM1",2023-09-25 04:00:00,2023-09-25 08:51:00,3,368055,2023-09-25 11:00:00,2023-09-25 16:00:00,0,9,3.43
"WISE_1_UNIT 2",2023-01-17 23:05:00,2023-01-18 08:06:00,3.2,543434,2023-01-18 07:00:00,2023-01-19,-5,474,12
"WISTER_2_WISSR1",2023-03-14 23:00:00,2023-03-15 08:22:00,20,370707,2023-03-15 06:00:00,2023-03-21,0,7718,40
"WSTWND_2_M89WD1",2023-01-01 16:00:00,2023-01-02,82.65,203060,2023-01-02,2023-01-02 16:00:00,0,480,100
"WSTWND_2_M90WD2",2024-11-03 22:00:00,2024-11-06 05:49:00,64.82,195664,2024-11-04 06:00:00,2024-11-08 08:00:00,0,2531,70
"WSTWND_2_SBSBT3",2024-09-30 23:00:00,2024-10-01 10:00:00,59,655049,2024-10-01 06:00:00,2024-10-01 22:00:00,0,300,73
"WSTWND_2_SBSBT3",2024-10-02 23:00:00,2024-10-03 07:58:00,59,655049,2024-10-03 06:00:00,2024-10-03 22:00:00,0,422,73
"WSTWND_2_SBSBT3",2024-10-07 23:00:00,2024-10-08 10:08:00,59,655049,2024-10-08 06:00:00,2024-10-08 22:00:00,0,292,73
"YELPIN_2_YP2BT2",2024-06-07 16:59:00,2024-06-08 00:23:00,53,174744,2024-06-08,2024-06-13 10:00:00,1,7357,55
"YELPIN_2_YP2BT3",2024-09-23 03:00:00,2024-09-23 04:10:00,32,583036,2024-09-23 10:00:00,2024-09-23 12:00:00,0,50,32
"YELPIN_2_YP2SR1",2023-09-01 09:00:00,2023-09-01 21:00:00,125,354420,2023-09-01 16:00:00,2023-09-04 10:00:00,0,3240,106
"YELPIN_2_YP2SR3",2024-03-18 01:00:00,2024-03-25 04:57:00,65,462729,2024-03-18 08:00:00,2024-03-29 16:00:00,0,6003,54.6
